ISO-10303-21;
HEADER;
/* Generated by software containing ST-Developer
 * from STEP Tools, Inc. (www.steptools.com) 
 */
/* OPTION: using custom schema-name function */

FILE_DESCRIPTION(
/* description */ (''),
/* implementation_level */ '2;1');

FILE_NAME(
/* name */ 'center_rack.stp',
/* time_stamp */ '2025-03-03T11:21:43+08:00',
/* author */ (''),
/* organization */ (''),
/* preprocessor_version */ 'ST-DEVELOPER v14',
/* originating_system */ 'SIEMENS PLM Software NX 8.0',
/* authorisation */ '');

FILE_SCHEMA (('AUTOMOTIVE_DESIGN { 1 0 10303 214 3 1 1 1 }'));
ENDSEC;

DATA;
#10=PROPERTY_DEFINITION_REPRESENTATION(#14,#12);
#11=PROPERTY_DEFINITION_REPRESENTATION(#15,#13);
#12=REPRESENTATION('',(#16),#12206);
#13=REPRESENTATION('',(#17),#12206);
#14=PROPERTY_DEFINITION('pmi validation property','',#21);
#15=PROPERTY_DEFINITION('pmi validation property','',#21);
#16=VALUE_REPRESENTATION_ITEM('number of annotations',COUNT_MEASURE(0.));
#17=VALUE_REPRESENTATION_ITEM('number of views',COUNT_MEASURE(0.));
#18=SHAPE_REPRESENTATION_RELATIONSHIP('None',
'relationship between AUSA08A8EE52j23j-None and AUSA08A8EE52j23j-None',#30,
#19);
#19=ADVANCED_BREP_SHAPE_REPRESENTATION('AUSA08A8EE52j23j-None',(#61,#62,
#63,#64),#12206);
#20=SHAPE_DEFINITION_REPRESENTATION(#21,#30);
#21=PRODUCT_DEFINITION_SHAPE('','',#22);
#22=PRODUCT_DEFINITION(' ','',#24,#23);
#23=PRODUCT_DEFINITION_CONTEXT('part definition',#29,'design');
#24=PRODUCT_DEFINITION_FORMATION_WITH_SPECIFIED_SOURCE(' ',' ',#26,
 .NOT_KNOWN.);
#25=PRODUCT_RELATED_PRODUCT_CATEGORY('part','',(#26));
#26=PRODUCT('AUSA08A8EE52j23j','AUSA08A8EE52j23j',' ',(#27));
#27=PRODUCT_CONTEXT(' ',#29,'mechanical');
#28=APPLICATION_PROTOCOL_DEFINITION('international standard',
'automotive_design',2010,#29);
#29=APPLICATION_CONTEXT(
'core data for automotive mechanical design processes');
#30=SHAPE_REPRESENTATION('AUSA08A8EE52j23j-None',(#7225),#12206);
#31=PRESENTATION_LAYER_ASSIGNMENT('1','Layer 1',(#61,#62,#63,#64));
#32=STYLED_ITEM('',(#36),#61);
#33=STYLED_ITEM('',(#37),#62);
#34=STYLED_ITEM('',(#38),#63);
#35=STYLED_ITEM('',(#39),#64);
#36=PRESENTATION_STYLE_ASSIGNMENT((#40));
#37=PRESENTATION_STYLE_ASSIGNMENT((#41));
#38=PRESENTATION_STYLE_ASSIGNMENT((#42));
#39=PRESENTATION_STYLE_ASSIGNMENT((#43));
#40=SURFACE_STYLE_USAGE(.BOTH.,#44);
#41=SURFACE_STYLE_USAGE(.BOTH.,#45);
#42=SURFACE_STYLE_USAGE(.BOTH.,#46);
#43=SURFACE_STYLE_USAGE(.BOTH.,#47);
#44=SURFACE_SIDE_STYLE('',(#48));
#45=SURFACE_SIDE_STYLE('',(#49));
#46=SURFACE_SIDE_STYLE('',(#50));
#47=SURFACE_SIDE_STYLE('',(#51));
#48=SURFACE_STYLE_FILL_AREA(#52);
#49=SURFACE_STYLE_FILL_AREA(#53);
#50=SURFACE_STYLE_FILL_AREA(#54);
#51=SURFACE_STYLE_FILL_AREA(#55);
#52=FILL_AREA_STYLE('',(#56));
#53=FILL_AREA_STYLE('',(#57));
#54=FILL_AREA_STYLE('',(#58));
#55=FILL_AREA_STYLE('',(#59));
#56=FILL_AREA_STYLE_COLOUR('',#60);
#57=FILL_AREA_STYLE_COLOUR('',#60);
#58=FILL_AREA_STYLE_COLOUR('',#60);
#59=FILL_AREA_STYLE_COLOUR('',#60);
#60=COLOUR_RGB('Granite Gray',0.4,0.4,0.4);
#61=MANIFOLD_SOLID_BREP('',#65);
#62=MANIFOLD_SOLID_BREP('',#66);
#63=MANIFOLD_SOLID_BREP('',#67);
#64=MANIFOLD_SOLID_BREP('',#68);
#65=CLOSED_SHELL('',(#663,#664,#665,#666,#667,#668,#669,#670,#671,#672,#673,
#674,#675,#676,#677,#678,#679,#680,#681,#682,#683,#684,#685,#686,#687,#688,
#689,#690,#691,#692,#693,#694,#695,#696,#697,#698,#699,#700,#701,#702,#703,
#704,#705,#706,#707,#708,#709,#710,#711,#712,#713,#714,#715,#716,#717,#718,
#719,#720,#721,#722,#723,#724,#725,#726,#727,#728,#729,#730,#731,#732,#733,
#734,#735,#736,#737,#738,#739,#740,#741,#742,#743,#744,#745,#746,#747,#748,
#749,#750,#751,#752,#753,#754,#755,#756,#757,#758,#759,#760,#761,#762,#763,
#764));
#66=CLOSED_SHELL('',(#765,#766,#767,#768,#769,#770,#771,#772,#773,#774,#775,
#776,#777,#778,#779,#780,#781,#782,#783,#784,#785,#786,#787,#788,#789,#790,
#791,#792,#793,#794,#795,#796,#797,#798,#799,#800,#801,#802,#803,#804,#805,
#806,#807,#808,#809,#810,#811,#812,#813,#814,#815,#816,#817,#818,#819,#820,
#821,#822,#823,#824,#825,#826,#827,#828,#829,#830,#831,#832,#833,#834,#835,
#836,#837,#838,#839,#840,#841,#842,#843,#844,#845,#846,#847,#848,#849,#850,
#851,#852,#853,#854,#855,#856,#857,#858,#859,#860));
#67=CLOSED_SHELL('',(#861,#862,#863,#864,#865,#866,#867,#868,#869,#870,#871,
#872,#873,#874,#875,#876,#877,#878,#879,#880,#881,#882,#883,#884,#885,#886,
#887,#888,#889,#890,#891,#892,#893,#894,#895,#896,#897,#898,#899,#900,#901,
#902,#903,#904,#905,#906,#907,#908,#909,#910,#911,#912,#913,#914,#915,#916,
#917,#918,#919,#920,#921,#922,#923,#924,#925,#926,#927,#928,#929,#930,#931,
#932,#933,#934,#935,#936,#937,#938,#939,#940,#941,#942,#943,#944,#945,#946,
#947,#948,#949,#950,#951,#952,#953,#954,#955,#956));
#68=CLOSED_SHELL('',(#957,#958,#959,#960,#961,#962,#963,#964,#965,#966,#967,
#968,#969,#970,#971,#972,#973,#974,#975,#976,#977,#978,#979,#980,#981,#982,
#983,#984,#985,#986,#987,#988,#989,#990,#991,#992,#993,#994,#995,#996,#997,
#998,#999,#1000,#1001,#1002,#1003,#1004,#1005,#1006,#1007,#1008,#1009,#1010,
#1011,#1012,#1013,#1014,#1015,#1016,#1017,#1018,#1019,#1020,#1021,#1022,
#1023,#1024,#1025,#1026,#1027,#1028,#1029,#1030,#1031,#1032,#1033,#1034,
#1035,#1036,#1037,#1038,#1039,#1040,#1041,#1042,#1043,#1044,#1045,#1046,
#1047,#1048,#1049,#1050,#1051,#1052,#1053,#1054,#1055,#1056,#1057,#1058));
#69=CONICAL_SURFACE('',#7382,21.,44.9999999999998);
#70=CONICAL_SURFACE('',#7383,4.5,45.0000000000001);
#71=CONICAL_SURFACE('',#7384,11.,45.0000000000003);
#72=CONICAL_SURFACE('',#7385,4.49999999999999,45.0000000000002);
#73=CONICAL_SURFACE('',#7387,2.80000000000001,44.9999999999997);
#74=CONICAL_SURFACE('',#7389,4.50000000000001,44.9999999999998);
#75=CONICAL_SURFACE('',#7390,11.,45.0000000000002);
#76=CONICAL_SURFACE('',#7391,4.5,45.);
#77=CONICAL_SURFACE('',#7392,21.,45.0000000000001);
#78=CONICAL_SURFACE('',#7394,41.,45.);
#79=CONICAL_SURFACE('',#7396,40.,45.);
#80=CONICAL_SURFACE('',#7398,21.,45.0000000000001);
#81=CONICAL_SURFACE('',#7401,41.,45.);
#82=CONICAL_SURFACE('',#7403,21.,45.0000000000001);
#83=CONICAL_SURFACE('',#7404,5.5,45.0000000000001);
#84=CONICAL_SURFACE('',#7405,10.,45.0000000000001);
#85=CONICAL_SURFACE('',#7406,5.5,45.0000000000003);
#86=CONICAL_SURFACE('',#7408,2.80000000000001,44.9999999999997);
#87=CONICAL_SURFACE('',#7410,5.5,45.0000000000004);
#88=CONICAL_SURFACE('',#7411,10.,45.);
#89=CONICAL_SURFACE('',#7412,5.5,45.0000000000001);
#90=CONICAL_SURFACE('',#7413,21.,44.9999999999998);
#91=CONICAL_SURFACE('',#7415,21.,45.0000000000001);
#92=CONICAL_SURFACE('',#7561,21.,44.9999999999998);
#93=CONICAL_SURFACE('',#7562,4.5,45.0000000000001);
#94=CONICAL_SURFACE('',#7563,11.,45.);
#95=CONICAL_SURFACE('',#7564,4.5,45.);
#96=CONICAL_SURFACE('',#7566,2.8,45.);
#97=CONICAL_SURFACE('',#7568,4.5,44.9999999999999);
#98=CONICAL_SURFACE('',#7569,11.,45.);
#99=CONICAL_SURFACE('',#7570,4.5,44.9999999999999);
#100=CONICAL_SURFACE('',#7571,21.,44.9999999999999);
#101=CONICAL_SURFACE('',#7573,41.,45.);
#102=CONICAL_SURFACE('',#7576,21.,45.);
#103=CONICAL_SURFACE('',#7579,21.,45.);
#104=CONICAL_SURFACE('',#7581,21.,44.9999999999998);
#105=CONICAL_SURFACE('',#7582,5.5,45.);
#106=CONICAL_SURFACE('',#7583,10.,45.0000000000001);
#107=CONICAL_SURFACE('',#7584,5.5,44.9999999999999);
#108=CONICAL_SURFACE('',#7586,2.8,45.);
#109=CONICAL_SURFACE('',#7588,5.5,45.0000000000002);
#110=CONICAL_SURFACE('',#7589,10.,45.0000000000001);
#111=CONICAL_SURFACE('',#7590,5.5,45.0000000000001);
#112=CONICAL_SURFACE('',#7591,21.,44.9999999999999);
#113=CONICAL_SURFACE('',#7593,41.,45.);
#114=CONICAL_SURFACE('',#7738,21.,45.);
#115=CONICAL_SURFACE('',#7739,4.5,45.);
#116=CONICAL_SURFACE('',#7740,11.,45.0000000000001);
#117=CONICAL_SURFACE('',#7741,4.5,44.9999999999999);
#118=CONICAL_SURFACE('',#7743,2.80000000000001,44.9999999999998);
#119=CONICAL_SURFACE('',#7745,4.49999999999999,45.0000000000002);
#120=CONICAL_SURFACE('',#7746,11.,45.0000000000001);
#121=CONICAL_SURFACE('',#7747,4.5,45.0000000000001);
#122=CONICAL_SURFACE('',#7748,21.,44.9999999999998);
#123=CONICAL_SURFACE('',#7750,41.,45.);
#124=CONICAL_SURFACE('',#7753,21.,45.);
#125=CONICAL_SURFACE('',#7755,21.,45.);
#126=CONICAL_SURFACE('',#7756,5.5,45.0000000000001);
#127=CONICAL_SURFACE('',#7757,10.,45.);
#128=CONICAL_SURFACE('',#7758,5.5,45.);
#129=CONICAL_SURFACE('',#7760,2.80000000000001,44.9999999999998);
#130=CONICAL_SURFACE('',#7762,5.5,44.9999999999999);
#131=CONICAL_SURFACE('',#7763,10.,45.);
#132=CONICAL_SURFACE('',#7764,5.5,44.9999999999999);
#133=CONICAL_SURFACE('',#7765,21.,44.9999999999998);
#134=CONICAL_SURFACE('',#7767,41.,45.);
#135=CONICAL_SURFACE('',#7769,21.,45.);
#136=CONICAL_SURFACE('',#7927,21.,45.);
#137=CONICAL_SURFACE('',#7930,21.,45.);
#138=CONICAL_SURFACE('',#7931,4.5,45.0000000000001);
#139=CONICAL_SURFACE('',#7932,11.,45.);
#140=CONICAL_SURFACE('',#7933,4.49999999999999,45.0000000000004);
#141=CONICAL_SURFACE('',#7935,2.79999999999999,45.0000000000002);
#142=CONICAL_SURFACE('',#7937,4.49999999999999,45.0000000000003);
#143=CONICAL_SURFACE('',#7938,11.,45.0000000000001);
#144=CONICAL_SURFACE('',#7939,4.5,45.0000000000001);
#145=CONICAL_SURFACE('',#7940,21.,45.0000000000002);
#146=CONICAL_SURFACE('',#7942,41.,45.0000000000002);
#147=CONICAL_SURFACE('',#7944,40.,45.);
#148=CONICAL_SURFACE('',#7946,41.,45.0000000000002);
#149=CONICAL_SURFACE('',#7948,21.,45.0000000000002);
#150=CONICAL_SURFACE('',#7949,5.5,45.);
#151=CONICAL_SURFACE('',#7950,10.,45.0000000000002);
#152=CONICAL_SURFACE('',#7951,5.5,44.9999999999998);
#153=CONICAL_SURFACE('',#7953,2.79999999999999,45.0000000000002);
#154=CONICAL_SURFACE('',#7955,5.5,45.0000000000002);
#155=CONICAL_SURFACE('',#7956,10.,45.0000000000003);
#156=CONICAL_SURFACE('',#7957,5.5,45.0000000000001);
#157=CONICAL_SURFACE('',#7958,21.,45.);
#158=CONICAL_SURFACE('',#7960,21.,45.);
#159=B_SPLINE_CURVE_WITH_KNOTS('',3,(#10541,#10542,#10543,#10544),
 .UNSPECIFIED.,.F.,.F.,(4,4),(0.,1.),.UNSPECIFIED.);
#160=B_SPLINE_CURVE_WITH_KNOTS('',3,(#10608,#10609,#10610,#10611),
 .UNSPECIFIED.,.F.,.F.,(4,4),(0.,1.),.UNSPECIFIED.);
#161=B_SPLINE_CURVE_WITH_KNOTS('',3,(#11045,#11046,#11047,#11048),
 .UNSPECIFIED.,.F.,.F.,(4,4),(0.,1.),.UNSPECIFIED.);
#162=B_SPLINE_CURVE_WITH_KNOTS('',3,(#11117,#11118,#11119,#11120),
 .UNSPECIFIED.,.F.,.F.,(4,4),(0.,1.),.UNSPECIFIED.);
#163=B_SPLINE_CURVE_WITH_KNOTS('',3,(#11552,#11553,#11554,#11555),
 .UNSPECIFIED.,.F.,.F.,(4,4),(0.,1.),.UNSPECIFIED.);
#164=B_SPLINE_CURVE_WITH_KNOTS('',3,(#11624,#11625,#11626,#11627),
 .UNSPECIFIED.,.F.,.F.,(4,4),(0.,1.),.UNSPECIFIED.);
#165=B_SPLINE_CURVE_WITH_KNOTS('',3,(#12094,#12095,#12096,#12097),
 .UNSPECIFIED.,.F.,.F.,(4,4),(0.,1.),.UNSPECIFIED.);
#166=B_SPLINE_CURVE_WITH_KNOTS('',3,(#12166,#12167,#12168,#12169),
 .UNSPECIFIED.,.F.,.F.,(4,4),(0.,1.),.UNSPECIFIED.);
#167=CYLINDRICAL_SURFACE('',#7291,1.6);
#168=CYLINDRICAL_SURFACE('',#7292,1.6);
#169=CYLINDRICAL_SURFACE('',#7293,1.6);
#170=CYLINDRICAL_SURFACE('',#7304,5.5);
#171=CYLINDRICAL_SURFACE('',#7307,10.);
#172=CYLINDRICAL_SURFACE('',#7310,5.5);
#173=CYLINDRICAL_SURFACE('',#7320,5.5);
#174=CYLINDRICAL_SURFACE('',#7323,10.);
#175=CYLINDRICAL_SURFACE('',#7326,5.5);
#176=CYLINDRICAL_SURFACE('',#7329,5.);
#177=CYLINDRICAL_SURFACE('',#7332,20.);
#178=CYLINDRICAL_SURFACE('',#7335,40.);
#179=CYLINDRICAL_SURFACE('',#7338,20.);
#180=CYLINDRICAL_SURFACE('',#7341,20.);
#181=CYLINDRICAL_SURFACE('',#7344,3.8);
#182=CYLINDRICAL_SURFACE('',#7345,1.5);
#183=CYLINDRICAL_SURFACE('',#7346,1.5);
#184=CYLINDRICAL_SURFACE('',#7347,1.5);
#185=CYLINDRICAL_SURFACE('',#7348,1.6);
#186=CYLINDRICAL_SURFACE('',#7349,4.5);
#187=CYLINDRICAL_SURFACE('',#7351,1.6);
#188=CYLINDRICAL_SURFACE('',#7357,40.);
#189=CYLINDRICAL_SURFACE('',#7359,1.6);
#190=CYLINDRICAL_SURFACE('',#7360,1.6);
#191=CYLINDRICAL_SURFACE('',#7364,1.61110753273);
#192=CYLINDRICAL_SURFACE('',#7368,1.61110753273);
#193=CYLINDRICAL_SURFACE('',#7369,1.6);
#194=CYLINDRICAL_SURFACE('',#7372,1.61110753273);
#195=CYLINDRICAL_SURFACE('',#7373,1.6);
#196=CYLINDRICAL_SURFACE('',#7375,1.61110753273);
#197=CYLINDRICAL_SURFACE('',#7377,1.6);
#198=CYLINDRICAL_SURFACE('',#7379,3.);
#199=CYLINDRICAL_SURFACE('',#7380,3.);
#200=CYLINDRICAL_SURFACE('',#7420,1.6);
#201=CYLINDRICAL_SURFACE('',#7426,40.);
#202=CYLINDRICAL_SURFACE('',#7438,5.5);
#203=CYLINDRICAL_SURFACE('',#7441,10.);
#204=CYLINDRICAL_SURFACE('',#7444,5.5);
#205=CYLINDRICAL_SURFACE('',#7449,5.5);
#206=CYLINDRICAL_SURFACE('',#7452,10.);
#207=CYLINDRICAL_SURFACE('',#7455,5.5);
#208=CYLINDRICAL_SURFACE('',#7514,5.);
#209=CYLINDRICAL_SURFACE('',#7517,20.);
#210=CYLINDRICAL_SURFACE('',#7520,20.);
#211=CYLINDRICAL_SURFACE('',#7523,20.);
#212=CYLINDRICAL_SURFACE('',#7526,3.8);
#213=CYLINDRICAL_SURFACE('',#7527,1.5);
#214=CYLINDRICAL_SURFACE('',#7528,1.5);
#215=CYLINDRICAL_SURFACE('',#7529,1.5);
#216=CYLINDRICAL_SURFACE('',#7530,1.6);
#217=CYLINDRICAL_SURFACE('',#7531,1.6);
#218=CYLINDRICAL_SURFACE('',#7532,1.6);
#219=CYLINDRICAL_SURFACE('',#7533,1.6);
#220=CYLINDRICAL_SURFACE('',#7534,4.5);
#221=CYLINDRICAL_SURFACE('',#7541,1.6);
#222=CYLINDRICAL_SURFACE('',#7542,1.6);
#223=CYLINDRICAL_SURFACE('',#7546,1.59999999999999);
#224=CYLINDRICAL_SURFACE('',#7549,1.59999999999999);
#225=CYLINDRICAL_SURFACE('',#7552,1.59999999999999);
#226=CYLINDRICAL_SURFACE('',#7555,1.59999999999999);
#227=CYLINDRICAL_SURFACE('',#7558,3.);
#228=CYLINDRICAL_SURFACE('',#7559,3.);
#229=CYLINDRICAL_SURFACE('',#7597,1.6);
#230=CYLINDRICAL_SURFACE('',#7603,40.);
#231=CYLINDRICAL_SURFACE('',#7615,5.5);
#232=CYLINDRICAL_SURFACE('',#7618,10.);
#233=CYLINDRICAL_SURFACE('',#7621,5.5);
#234=CYLINDRICAL_SURFACE('',#7626,5.5);
#235=CYLINDRICAL_SURFACE('',#7629,10.);
#236=CYLINDRICAL_SURFACE('',#7632,5.5);
#237=CYLINDRICAL_SURFACE('',#7691,5.);
#238=CYLINDRICAL_SURFACE('',#7694,20.);
#239=CYLINDRICAL_SURFACE('',#7697,20.);
#240=CYLINDRICAL_SURFACE('',#7700,20.);
#241=CYLINDRICAL_SURFACE('',#7703,3.8);
#242=CYLINDRICAL_SURFACE('',#7704,1.5);
#243=CYLINDRICAL_SURFACE('',#7705,1.5);
#244=CYLINDRICAL_SURFACE('',#7706,1.5);
#245=CYLINDRICAL_SURFACE('',#7707,1.6);
#246=CYLINDRICAL_SURFACE('',#7708,1.6);
#247=CYLINDRICAL_SURFACE('',#7709,1.6);
#248=CYLINDRICAL_SURFACE('',#7710,1.6);
#249=CYLINDRICAL_SURFACE('',#7711,4.5);
#250=CYLINDRICAL_SURFACE('',#7718,1.6);
#251=CYLINDRICAL_SURFACE('',#7719,1.6);
#252=CYLINDRICAL_SURFACE('',#7723,1.59999999999999);
#253=CYLINDRICAL_SURFACE('',#7726,1.59999999999999);
#254=CYLINDRICAL_SURFACE('',#7729,1.59999999999999);
#255=CYLINDRICAL_SURFACE('',#7732,1.59999999999999);
#256=CYLINDRICAL_SURFACE('',#7735,3.);
#257=CYLINDRICAL_SURFACE('',#7736,3.);
#258=CYLINDRICAL_SURFACE('',#7836,1.6);
#259=CYLINDRICAL_SURFACE('',#7837,1.6);
#260=CYLINDRICAL_SURFACE('',#7838,1.6);
#261=CYLINDRICAL_SURFACE('',#7849,5.5);
#262=CYLINDRICAL_SURFACE('',#7852,10.);
#263=CYLINDRICAL_SURFACE('',#7855,5.5);
#264=CYLINDRICAL_SURFACE('',#7865,5.5);
#265=CYLINDRICAL_SURFACE('',#7868,10.);
#266=CYLINDRICAL_SURFACE('',#7871,5.5);
#267=CYLINDRICAL_SURFACE('',#7874,5.);
#268=CYLINDRICAL_SURFACE('',#7877,20.);
#269=CYLINDRICAL_SURFACE('',#7880,40.);
#270=CYLINDRICAL_SURFACE('',#7883,20.);
#271=CYLINDRICAL_SURFACE('',#7886,20.);
#272=CYLINDRICAL_SURFACE('',#7889,3.8);
#273=CYLINDRICAL_SURFACE('',#7890,1.5);
#274=CYLINDRICAL_SURFACE('',#7891,1.5);
#275=CYLINDRICAL_SURFACE('',#7892,1.5);
#276=CYLINDRICAL_SURFACE('',#7893,1.6);
#277=CYLINDRICAL_SURFACE('',#7894,4.5);
#278=CYLINDRICAL_SURFACE('',#7896,1.6);
#279=CYLINDRICAL_SURFACE('',#7902,40.);
#280=CYLINDRICAL_SURFACE('',#7904,1.6);
#281=CYLINDRICAL_SURFACE('',#7905,1.6);
#282=CYLINDRICAL_SURFACE('',#7909,1.61110753273);
#283=CYLINDRICAL_SURFACE('',#7913,1.61110753273);
#284=CYLINDRICAL_SURFACE('',#7914,1.6);
#285=CYLINDRICAL_SURFACE('',#7917,1.61110753273);
#286=CYLINDRICAL_SURFACE('',#7918,1.6);
#287=CYLINDRICAL_SURFACE('',#7920,1.61110753273);
#288=CYLINDRICAL_SURFACE('',#7922,1.6);
#289=CYLINDRICAL_SURFACE('',#7924,3.);
#290=CYLINDRICAL_SURFACE('',#7925,3.);
#291=FACE_OUTER_BOUND('',#1358,.T.);
#292=FACE_OUTER_BOUND('',#1359,.T.);
#293=FACE_OUTER_BOUND('',#1360,.T.);
#294=FACE_OUTER_BOUND('',#1361,.T.);
#295=FACE_OUTER_BOUND('',#1362,.T.);
#296=FACE_OUTER_BOUND('',#1363,.T.);
#297=FACE_OUTER_BOUND('',#1364,.T.);
#298=FACE_OUTER_BOUND('',#1365,.T.);
#299=FACE_OUTER_BOUND('',#1366,.T.);
#300=FACE_OUTER_BOUND('',#1367,.T.);
#301=FACE_OUTER_BOUND('',#1368,.T.);
#302=FACE_OUTER_BOUND('',#1369,.T.);
#303=FACE_OUTER_BOUND('',#1370,.T.);
#304=FACE_OUTER_BOUND('',#1371,.T.);
#305=FACE_OUTER_BOUND('',#1372,.T.);
#306=FACE_OUTER_BOUND('',#1373,.T.);
#307=FACE_OUTER_BOUND('',#1374,.T.);
#308=FACE_OUTER_BOUND('',#1375,.T.);
#309=FACE_OUTER_BOUND('',#1376,.T.);
#310=FACE_OUTER_BOUND('',#1377,.T.);
#311=FACE_OUTER_BOUND('',#1378,.T.);
#312=FACE_OUTER_BOUND('',#1379,.T.);
#313=FACE_OUTER_BOUND('',#1380,.T.);
#314=FACE_OUTER_BOUND('',#1381,.T.);
#315=FACE_OUTER_BOUND('',#1382,.T.);
#316=FACE_OUTER_BOUND('',#1383,.T.);
#317=FACE_OUTER_BOUND('',#1384,.T.);
#318=FACE_OUTER_BOUND('',#1385,.T.);
#319=FACE_OUTER_BOUND('',#1386,.T.);
#320=FACE_OUTER_BOUND('',#1387,.T.);
#321=FACE_OUTER_BOUND('',#1388,.T.);
#322=FACE_OUTER_BOUND('',#1389,.T.);
#323=FACE_OUTER_BOUND('',#1390,.T.);
#324=FACE_OUTER_BOUND('',#1391,.T.);
#325=FACE_OUTER_BOUND('',#1392,.T.);
#326=FACE_OUTER_BOUND('',#1395,.T.);
#327=FACE_OUTER_BOUND('',#1396,.T.);
#328=FACE_OUTER_BOUND('',#1397,.T.);
#329=FACE_OUTER_BOUND('',#1400,.T.);
#330=FACE_OUTER_BOUND('',#1401,.T.);
#331=FACE_OUTER_BOUND('',#1406,.T.);
#332=FACE_OUTER_BOUND('',#1407,.T.);
#333=FACE_OUTER_BOUND('',#1408,.T.);
#334=FACE_OUTER_BOUND('',#1409,.T.);
#335=FACE_OUTER_BOUND('',#1410,.T.);
#336=FACE_OUTER_BOUND('',#1411,.T.);
#337=FACE_OUTER_BOUND('',#1412,.T.);
#338=FACE_OUTER_BOUND('',#1413,.T.);
#339=FACE_OUTER_BOUND('',#1414,.T.);
#340=FACE_OUTER_BOUND('',#1415,.T.);
#341=FACE_OUTER_BOUND('',#1416,.T.);
#342=FACE_OUTER_BOUND('',#1417,.T.);
#343=FACE_OUTER_BOUND('',#1418,.T.);
#344=FACE_OUTER_BOUND('',#1419,.T.);
#345=FACE_OUTER_BOUND('',#1420,.T.);
#346=FACE_OUTER_BOUND('',#1421,.T.);
#347=FACE_OUTER_BOUND('',#1422,.T.);
#348=FACE_OUTER_BOUND('',#1423,.T.);
#349=FACE_OUTER_BOUND('',#1424,.T.);
#350=FACE_OUTER_BOUND('',#1425,.T.);
#351=FACE_OUTER_BOUND('',#1426,.T.);
#352=FACE_OUTER_BOUND('',#1427,.T.);
#353=FACE_OUTER_BOUND('',#1428,.T.);
#354=FACE_OUTER_BOUND('',#1429,.T.);
#355=FACE_OUTER_BOUND('',#1430,.T.);
#356=FACE_OUTER_BOUND('',#1431,.T.);
#357=FACE_OUTER_BOUND('',#1432,.T.);
#358=FACE_OUTER_BOUND('',#1433,.T.);
#359=FACE_OUTER_BOUND('',#1434,.T.);
#360=FACE_OUTER_BOUND('',#1435,.T.);
#361=FACE_OUTER_BOUND('',#1436,.T.);
#362=FACE_OUTER_BOUND('',#1437,.T.);
#363=FACE_OUTER_BOUND('',#1438,.T.);
#364=FACE_OUTER_BOUND('',#1439,.T.);
#365=FACE_OUTER_BOUND('',#1440,.T.);
#366=FACE_OUTER_BOUND('',#1441,.T.);
#367=FACE_OUTER_BOUND('',#1442,.T.);
#368=FACE_OUTER_BOUND('',#1443,.T.);
#369=FACE_OUTER_BOUND('',#1444,.T.);
#370=FACE_OUTER_BOUND('',#1445,.T.);
#371=FACE_OUTER_BOUND('',#1446,.T.);
#372=FACE_OUTER_BOUND('',#1447,.T.);
#373=FACE_OUTER_BOUND('',#1448,.T.);
#374=FACE_OUTER_BOUND('',#1449,.T.);
#375=FACE_OUTER_BOUND('',#1450,.T.);
#376=FACE_OUTER_BOUND('',#1451,.T.);
#377=FACE_OUTER_BOUND('',#1452,.T.);
#378=FACE_OUTER_BOUND('',#1453,.T.);
#379=FACE_OUTER_BOUND('',#1454,.T.);
#380=FACE_OUTER_BOUND('',#1455,.T.);
#381=FACE_OUTER_BOUND('',#1456,.T.);
#382=FACE_OUTER_BOUND('',#1457,.T.);
#383=FACE_OUTER_BOUND('',#1458,.T.);
#384=FACE_OUTER_BOUND('',#1459,.T.);
#385=FACE_OUTER_BOUND('',#1460,.T.);
#386=FACE_OUTER_BOUND('',#1461,.T.);
#387=FACE_OUTER_BOUND('',#1462,.T.);
#388=FACE_OUTER_BOUND('',#1463,.T.);
#389=FACE_OUTER_BOUND('',#1464,.T.);
#390=FACE_OUTER_BOUND('',#1465,.T.);
#391=FACE_OUTER_BOUND('',#1466,.T.);
#392=FACE_OUTER_BOUND('',#1467,.T.);
#393=FACE_OUTER_BOUND('',#1468,.T.);
#394=FACE_OUTER_BOUND('',#1469,.T.);
#395=FACE_OUTER_BOUND('',#1470,.T.);
#396=FACE_OUTER_BOUND('',#1471,.T.);
#397=FACE_OUTER_BOUND('',#1472,.T.);
#398=FACE_OUTER_BOUND('',#1473,.T.);
#399=FACE_OUTER_BOUND('',#1474,.T.);
#400=FACE_OUTER_BOUND('',#1475,.T.);
#401=FACE_OUTER_BOUND('',#1476,.T.);
#402=FACE_OUTER_BOUND('',#1477,.T.);
#403=FACE_OUTER_BOUND('',#1478,.T.);
#404=FACE_OUTER_BOUND('',#1479,.T.);
#405=FACE_OUTER_BOUND('',#1480,.T.);
#406=FACE_OUTER_BOUND('',#1481,.T.);
#407=FACE_OUTER_BOUND('',#1482,.T.);
#408=FACE_OUTER_BOUND('',#1483,.T.);
#409=FACE_OUTER_BOUND('',#1484,.T.);
#410=FACE_OUTER_BOUND('',#1502,.T.);
#411=FACE_OUTER_BOUND('',#1503,.T.);
#412=FACE_OUTER_BOUND('',#1504,.T.);
#413=FACE_OUTER_BOUND('',#1505,.T.);
#414=FACE_OUTER_BOUND('',#1506,.T.);
#415=FACE_OUTER_BOUND('',#1507,.T.);
#416=FACE_OUTER_BOUND('',#1508,.T.);
#417=FACE_OUTER_BOUND('',#1509,.T.);
#418=FACE_OUTER_BOUND('',#1510,.T.);
#419=FACE_OUTER_BOUND('',#1511,.T.);
#420=FACE_OUTER_BOUND('',#1512,.T.);
#421=FACE_OUTER_BOUND('',#1513,.T.);
#422=FACE_OUTER_BOUND('',#1516,.T.);
#423=FACE_OUTER_BOUND('',#1517,.T.);
#424=FACE_OUTER_BOUND('',#1520,.T.);
#425=FACE_OUTER_BOUND('',#1521,.T.);
#426=FACE_OUTER_BOUND('',#1526,.T.);
#427=FACE_OUTER_BOUND('',#1527,.T.);
#428=FACE_OUTER_BOUND('',#1528,.T.);
#429=FACE_OUTER_BOUND('',#1529,.T.);
#430=FACE_OUTER_BOUND('',#1530,.T.);
#431=FACE_OUTER_BOUND('',#1531,.T.);
#432=FACE_OUTER_BOUND('',#1532,.T.);
#433=FACE_OUTER_BOUND('',#1533,.T.);
#434=FACE_OUTER_BOUND('',#1534,.T.);
#435=FACE_OUTER_BOUND('',#1535,.T.);
#436=FACE_OUTER_BOUND('',#1536,.T.);
#437=FACE_OUTER_BOUND('',#1537,.T.);
#438=FACE_OUTER_BOUND('',#1538,.T.);
#439=FACE_OUTER_BOUND('',#1539,.T.);
#440=FACE_OUTER_BOUND('',#1540,.T.);
#441=FACE_OUTER_BOUND('',#1541,.T.);
#442=FACE_OUTER_BOUND('',#1542,.T.);
#443=FACE_OUTER_BOUND('',#1543,.T.);
#444=FACE_OUTER_BOUND('',#1544,.T.);
#445=FACE_OUTER_BOUND('',#1545,.T.);
#446=FACE_OUTER_BOUND('',#1546,.T.);
#447=FACE_OUTER_BOUND('',#1547,.T.);
#448=FACE_OUTER_BOUND('',#1548,.T.);
#449=FACE_OUTER_BOUND('',#1549,.T.);
#450=FACE_OUTER_BOUND('',#1550,.T.);
#451=FACE_OUTER_BOUND('',#1551,.T.);
#452=FACE_OUTER_BOUND('',#1552,.T.);
#453=FACE_OUTER_BOUND('',#1553,.T.);
#454=FACE_OUTER_BOUND('',#1554,.T.);
#455=FACE_OUTER_BOUND('',#1555,.T.);
#456=FACE_OUTER_BOUND('',#1556,.T.);
#457=FACE_OUTER_BOUND('',#1557,.T.);
#458=FACE_OUTER_BOUND('',#1558,.T.);
#459=FACE_OUTER_BOUND('',#1559,.T.);
#460=FACE_OUTER_BOUND('',#1560,.T.);
#461=FACE_OUTER_BOUND('',#1561,.T.);
#462=FACE_OUTER_BOUND('',#1562,.T.);
#463=FACE_OUTER_BOUND('',#1563,.T.);
#464=FACE_OUTER_BOUND('',#1564,.T.);
#465=FACE_OUTER_BOUND('',#1565,.T.);
#466=FACE_OUTER_BOUND('',#1566,.T.);
#467=FACE_OUTER_BOUND('',#1567,.T.);
#468=FACE_OUTER_BOUND('',#1568,.T.);
#469=FACE_OUTER_BOUND('',#1569,.T.);
#470=FACE_OUTER_BOUND('',#1570,.T.);
#471=FACE_OUTER_BOUND('',#1571,.T.);
#472=FACE_OUTER_BOUND('',#1572,.T.);
#473=FACE_OUTER_BOUND('',#1573,.T.);
#474=FACE_OUTER_BOUND('',#1574,.T.);
#475=FACE_OUTER_BOUND('',#1575,.T.);
#476=FACE_OUTER_BOUND('',#1576,.T.);
#477=FACE_OUTER_BOUND('',#1577,.T.);
#478=FACE_OUTER_BOUND('',#1578,.T.);
#479=FACE_OUTER_BOUND('',#1579,.T.);
#480=FACE_OUTER_BOUND('',#1580,.T.);
#481=FACE_OUTER_BOUND('',#1581,.T.);
#482=FACE_OUTER_BOUND('',#1582,.T.);
#483=FACE_OUTER_BOUND('',#1583,.T.);
#484=FACE_OUTER_BOUND('',#1584,.T.);
#485=FACE_OUTER_BOUND('',#1585,.T.);
#486=FACE_OUTER_BOUND('',#1586,.T.);
#487=FACE_OUTER_BOUND('',#1587,.T.);
#488=FACE_OUTER_BOUND('',#1588,.T.);
#489=FACE_OUTER_BOUND('',#1589,.T.);
#490=FACE_OUTER_BOUND('',#1590,.T.);
#491=FACE_OUTER_BOUND('',#1591,.T.);
#492=FACE_OUTER_BOUND('',#1592,.T.);
#493=FACE_OUTER_BOUND('',#1593,.T.);
#494=FACE_OUTER_BOUND('',#1594,.T.);
#495=FACE_OUTER_BOUND('',#1595,.T.);
#496=FACE_OUTER_BOUND('',#1596,.T.);
#497=FACE_OUTER_BOUND('',#1597,.T.);
#498=FACE_OUTER_BOUND('',#1598,.T.);
#499=FACE_OUTER_BOUND('',#1599,.T.);
#500=FACE_OUTER_BOUND('',#1617,.T.);
#501=FACE_OUTER_BOUND('',#1618,.T.);
#502=FACE_OUTER_BOUND('',#1619,.T.);
#503=FACE_OUTER_BOUND('',#1620,.T.);
#504=FACE_OUTER_BOUND('',#1621,.T.);
#505=FACE_OUTER_BOUND('',#1622,.T.);
#506=FACE_OUTER_BOUND('',#1623,.T.);
#507=FACE_OUTER_BOUND('',#1624,.T.);
#508=FACE_OUTER_BOUND('',#1625,.T.);
#509=FACE_OUTER_BOUND('',#1626,.T.);
#510=FACE_OUTER_BOUND('',#1627,.T.);
#511=FACE_OUTER_BOUND('',#1628,.T.);
#512=FACE_OUTER_BOUND('',#1631,.T.);
#513=FACE_OUTER_BOUND('',#1632,.T.);
#514=FACE_OUTER_BOUND('',#1635,.T.);
#515=FACE_OUTER_BOUND('',#1636,.T.);
#516=FACE_OUTER_BOUND('',#1641,.T.);
#517=FACE_OUTER_BOUND('',#1642,.T.);
#518=FACE_OUTER_BOUND('',#1643,.T.);
#519=FACE_OUTER_BOUND('',#1644,.T.);
#520=FACE_OUTER_BOUND('',#1645,.T.);
#521=FACE_OUTER_BOUND('',#1646,.T.);
#522=FACE_OUTER_BOUND('',#1647,.T.);
#523=FACE_OUTER_BOUND('',#1648,.T.);
#524=FACE_OUTER_BOUND('',#1649,.T.);
#525=FACE_OUTER_BOUND('',#1650,.T.);
#526=FACE_OUTER_BOUND('',#1651,.T.);
#527=FACE_OUTER_BOUND('',#1652,.T.);
#528=FACE_OUTER_BOUND('',#1653,.T.);
#529=FACE_OUTER_BOUND('',#1654,.T.);
#530=FACE_OUTER_BOUND('',#1655,.T.);
#531=FACE_OUTER_BOUND('',#1656,.T.);
#532=FACE_OUTER_BOUND('',#1657,.T.);
#533=FACE_OUTER_BOUND('',#1658,.T.);
#534=FACE_OUTER_BOUND('',#1659,.T.);
#535=FACE_OUTER_BOUND('',#1660,.T.);
#536=FACE_OUTER_BOUND('',#1661,.T.);
#537=FACE_OUTER_BOUND('',#1662,.T.);
#538=FACE_OUTER_BOUND('',#1663,.T.);
#539=FACE_OUTER_BOUND('',#1664,.T.);
#540=FACE_OUTER_BOUND('',#1665,.T.);
#541=FACE_OUTER_BOUND('',#1666,.T.);
#542=FACE_OUTER_BOUND('',#1667,.T.);
#543=FACE_OUTER_BOUND('',#1668,.T.);
#544=FACE_OUTER_BOUND('',#1669,.T.);
#545=FACE_OUTER_BOUND('',#1670,.T.);
#546=FACE_OUTER_BOUND('',#1671,.T.);
#547=FACE_OUTER_BOUND('',#1672,.T.);
#548=FACE_OUTER_BOUND('',#1673,.T.);
#549=FACE_OUTER_BOUND('',#1674,.T.);
#550=FACE_OUTER_BOUND('',#1675,.T.);
#551=FACE_OUTER_BOUND('',#1676,.T.);
#552=FACE_OUTER_BOUND('',#1677,.T.);
#553=FACE_OUTER_BOUND('',#1678,.T.);
#554=FACE_OUTER_BOUND('',#1679,.T.);
#555=FACE_OUTER_BOUND('',#1680,.T.);
#556=FACE_OUTER_BOUND('',#1681,.T.);
#557=FACE_OUTER_BOUND('',#1682,.T.);
#558=FACE_OUTER_BOUND('',#1683,.T.);
#559=FACE_OUTER_BOUND('',#1684,.T.);
#560=FACE_OUTER_BOUND('',#1685,.T.);
#561=FACE_OUTER_BOUND('',#1686,.T.);
#562=FACE_OUTER_BOUND('',#1687,.T.);
#563=FACE_OUTER_BOUND('',#1688,.T.);
#564=FACE_OUTER_BOUND('',#1689,.T.);
#565=FACE_OUTER_BOUND('',#1690,.T.);
#566=FACE_OUTER_BOUND('',#1691,.T.);
#567=FACE_OUTER_BOUND('',#1709,.T.);
#568=FACE_OUTER_BOUND('',#1710,.T.);
#569=FACE_OUTER_BOUND('',#1711,.T.);
#570=FACE_OUTER_BOUND('',#1712,.T.);
#571=FACE_OUTER_BOUND('',#1713,.T.);
#572=FACE_OUTER_BOUND('',#1714,.T.);
#573=FACE_OUTER_BOUND('',#1715,.T.);
#574=FACE_OUTER_BOUND('',#1716,.T.);
#575=FACE_OUTER_BOUND('',#1717,.T.);
#576=FACE_OUTER_BOUND('',#1718,.T.);
#577=FACE_OUTER_BOUND('',#1719,.T.);
#578=FACE_OUTER_BOUND('',#1720,.T.);
#579=FACE_OUTER_BOUND('',#1721,.T.);
#580=FACE_OUTER_BOUND('',#1722,.T.);
#581=FACE_OUTER_BOUND('',#1723,.T.);
#582=FACE_OUTER_BOUND('',#1724,.T.);
#583=FACE_OUTER_BOUND('',#1725,.T.);
#584=FACE_OUTER_BOUND('',#1726,.T.);
#585=FACE_OUTER_BOUND('',#1727,.T.);
#586=FACE_OUTER_BOUND('',#1728,.T.);
#587=FACE_OUTER_BOUND('',#1729,.T.);
#588=FACE_OUTER_BOUND('',#1730,.T.);
#589=FACE_OUTER_BOUND('',#1731,.T.);
#590=FACE_OUTER_BOUND('',#1732,.T.);
#591=FACE_OUTER_BOUND('',#1733,.T.);
#592=FACE_OUTER_BOUND('',#1734,.T.);
#593=FACE_OUTER_BOUND('',#1735,.T.);
#594=FACE_OUTER_BOUND('',#1736,.T.);
#595=FACE_OUTER_BOUND('',#1737,.T.);
#596=FACE_OUTER_BOUND('',#1738,.T.);
#597=FACE_OUTER_BOUND('',#1739,.T.);
#598=FACE_OUTER_BOUND('',#1740,.T.);
#599=FACE_OUTER_BOUND('',#1741,.T.);
#600=FACE_OUTER_BOUND('',#1742,.T.);
#601=FACE_OUTER_BOUND('',#1743,.T.);
#602=FACE_OUTER_BOUND('',#1746,.T.);
#603=FACE_OUTER_BOUND('',#1747,.T.);
#604=FACE_OUTER_BOUND('',#1748,.T.);
#605=FACE_OUTER_BOUND('',#1751,.T.);
#606=FACE_OUTER_BOUND('',#1752,.T.);
#607=FACE_OUTER_BOUND('',#1757,.T.);
#608=FACE_OUTER_BOUND('',#1758,.T.);
#609=FACE_OUTER_BOUND('',#1759,.T.);
#610=FACE_OUTER_BOUND('',#1760,.T.);
#611=FACE_OUTER_BOUND('',#1761,.T.);
#612=FACE_OUTER_BOUND('',#1762,.T.);
#613=FACE_OUTER_BOUND('',#1763,.T.);
#614=FACE_OUTER_BOUND('',#1764,.T.);
#615=FACE_OUTER_BOUND('',#1765,.T.);
#616=FACE_OUTER_BOUND('',#1766,.T.);
#617=FACE_OUTER_BOUND('',#1767,.T.);
#618=FACE_OUTER_BOUND('',#1768,.T.);
#619=FACE_OUTER_BOUND('',#1769,.T.);
#620=FACE_OUTER_BOUND('',#1770,.T.);
#621=FACE_OUTER_BOUND('',#1771,.T.);
#622=FACE_OUTER_BOUND('',#1772,.T.);
#623=FACE_OUTER_BOUND('',#1773,.T.);
#624=FACE_OUTER_BOUND('',#1774,.T.);
#625=FACE_OUTER_BOUND('',#1775,.T.);
#626=FACE_OUTER_BOUND('',#1776,.T.);
#627=FACE_OUTER_BOUND('',#1777,.T.);
#628=FACE_OUTER_BOUND('',#1778,.T.);
#629=FACE_OUTER_BOUND('',#1779,.T.);
#630=FACE_OUTER_BOUND('',#1780,.T.);
#631=FACE_OUTER_BOUND('',#1781,.T.);
#632=FACE_OUTER_BOUND('',#1782,.T.);
#633=FACE_OUTER_BOUND('',#1783,.T.);
#634=FACE_OUTER_BOUND('',#1784,.T.);
#635=FACE_OUTER_BOUND('',#1785,.T.);
#636=FACE_OUTER_BOUND('',#1786,.T.);
#637=FACE_OUTER_BOUND('',#1787,.T.);
#638=FACE_OUTER_BOUND('',#1788,.T.);
#639=FACE_OUTER_BOUND('',#1789,.T.);
#640=FACE_OUTER_BOUND('',#1790,.T.);
#641=FACE_OUTER_BOUND('',#1791,.T.);
#642=FACE_OUTER_BOUND('',#1792,.T.);
#643=FACE_OUTER_BOUND('',#1793,.T.);
#644=FACE_OUTER_BOUND('',#1794,.T.);
#645=FACE_OUTER_BOUND('',#1795,.T.);
#646=FACE_OUTER_BOUND('',#1796,.T.);
#647=FACE_OUTER_BOUND('',#1797,.T.);
#648=FACE_OUTER_BOUND('',#1798,.T.);
#649=FACE_OUTER_BOUND('',#1799,.T.);
#650=FACE_OUTER_BOUND('',#1800,.T.);
#651=FACE_OUTER_BOUND('',#1801,.T.);
#652=FACE_OUTER_BOUND('',#1802,.T.);
#653=FACE_OUTER_BOUND('',#1803,.T.);
#654=FACE_OUTER_BOUND('',#1804,.T.);
#655=FACE_OUTER_BOUND('',#1805,.T.);
#656=FACE_OUTER_BOUND('',#1806,.T.);
#657=FACE_OUTER_BOUND('',#1807,.T.);
#658=FACE_OUTER_BOUND('',#1808,.T.);
#659=FACE_OUTER_BOUND('',#1809,.T.);
#660=FACE_OUTER_BOUND('',#1810,.T.);
#661=FACE_OUTER_BOUND('',#1811,.T.);
#662=FACE_OUTER_BOUND('',#1812,.T.);
#663=ADVANCED_FACE('',(#1241,#1242,#1243,#1244,#1245,#1246,#1247,#1248,#1249),
#1059,.T.);
#664=ADVANCED_FACE('',(#1250,#1251,#1252,#1253,#1254,#1255,#1256,#1257),
#1060,.F.);
#665=ADVANCED_FACE('',(#291),#167,.F.);
#666=ADVANCED_FACE('',(#292),#168,.F.);
#667=ADVANCED_FACE('',(#293),#169,.F.);
#668=ADVANCED_FACE('',(#294),#1061,.F.);
#669=ADVANCED_FACE('',(#295),#1062,.F.);
#670=ADVANCED_FACE('',(#296),#1063,.T.);
#671=ADVANCED_FACE('',(#297),#1064,.T.);
#672=ADVANCED_FACE('',(#298),#1065,.F.);
#673=ADVANCED_FACE('',(#299),#1066,.F.);
#674=ADVANCED_FACE('',(#300),#1067,.T.);
#675=ADVANCED_FACE('',(#301),#170,.T.);
#676=ADVANCED_FACE('',(#302),#171,.F.);
#677=ADVANCED_FACE('',(#303),#172,.T.);
#678=ADVANCED_FACE('',(#304),#1068,.T.);
#679=ADVANCED_FACE('',(#305),#1069,.T.);
#680=ADVANCED_FACE('',(#306),#1070,.T.);
#681=ADVANCED_FACE('',(#307),#1071,.T.);
#682=ADVANCED_FACE('',(#308),#1072,.T.);
#683=ADVANCED_FACE('',(#309),#1073,.T.);
#684=ADVANCED_FACE('',(#310),#1074,.T.);
#685=ADVANCED_FACE('',(#311),#173,.T.);
#686=ADVANCED_FACE('',(#312),#174,.F.);
#687=ADVANCED_FACE('',(#313),#175,.T.);
#688=ADVANCED_FACE('',(#314),#1075,.T.);
#689=ADVANCED_FACE('',(#315),#1076,.F.);
#690=ADVANCED_FACE('',(#316),#176,.F.);
#691=ADVANCED_FACE('',(#317),#177,.F.);
#692=ADVANCED_FACE('',(#318),#178,.F.);
#693=ADVANCED_FACE('',(#319),#179,.F.);
#694=ADVANCED_FACE('',(#320),#180,.F.);
#695=ADVANCED_FACE('',(#321),#181,.T.);
#696=ADVANCED_FACE('',(#322),#182,.F.);
#697=ADVANCED_FACE('',(#323),#183,.F.);
#698=ADVANCED_FACE('',(#324),#184,.F.);
#699=ADVANCED_FACE('',(#325),#185,.F.);
#700=ADVANCED_FACE('',(#1258,#1259),#186,.F.);
#701=ADVANCED_FACE('',(#326),#1077,.F.);
#702=ADVANCED_FACE('',(#327),#187,.F.);
#703=ADVANCED_FACE('',(#328),#1078,.T.);
#704=ADVANCED_FACE('',(#1260,#1261),#1079,.T.);
#705=ADVANCED_FACE('',(#329),#188,.F.);
#706=ADVANCED_FACE('',(#330),#1080,.T.);
#707=ADVANCED_FACE('',(#1262,#1263),#189,.F.);
#708=ADVANCED_FACE('',(#1264,#1265),#190,.F.);
#709=ADVANCED_FACE('',(#331),#1081,.F.);
#710=ADVANCED_FACE('',(#332),#1082,.F.);
#711=ADVANCED_FACE('',(#333),#1083,.T.);
#712=ADVANCED_FACE('',(#334),#191,.F.);
#713=ADVANCED_FACE('',(#335),#1084,.T.);
#714=ADVANCED_FACE('',(#336),#1085,.T.);
#715=ADVANCED_FACE('',(#337),#1086,.T.);
#716=ADVANCED_FACE('',(#338),#192,.F.);
#717=ADVANCED_FACE('',(#339),#193,.F.);
#718=ADVANCED_FACE('',(#340),#1087,.T.);
#719=ADVANCED_FACE('',(#341),#1088,.T.);
#720=ADVANCED_FACE('',(#342),#194,.F.);
#721=ADVANCED_FACE('',(#343),#195,.F.);
#722=ADVANCED_FACE('',(#344),#1089,.T.);
#723=ADVANCED_FACE('',(#345),#196,.F.);
#724=ADVANCED_FACE('',(#346),#1090,.T.);
#725=ADVANCED_FACE('',(#347),#197,.F.);
#726=ADVANCED_FACE('',(#348),#1091,.T.);
#727=ADVANCED_FACE('',(#349),#198,.T.);
#728=ADVANCED_FACE('',(#350),#199,.T.);
#729=ADVANCED_FACE('',(#351),#1092,.F.);
#730=ADVANCED_FACE('',(#352),#69,.F.);
#731=ADVANCED_FACE('',(#353),#70,.T.);
#732=ADVANCED_FACE('',(#354),#71,.F.);
#733=ADVANCED_FACE('',(#355),#72,.T.);
#734=ADVANCED_FACE('',(#356),#1093,.F.);
#735=ADVANCED_FACE('',(#357),#73,.T.);
#736=ADVANCED_FACE('',(#358),#1094,.F.);
#737=ADVANCED_FACE('',(#359),#74,.T.);
#738=ADVANCED_FACE('',(#360),#75,.F.);
#739=ADVANCED_FACE('',(#361),#76,.T.);
#740=ADVANCED_FACE('',(#362),#77,.F.);
#741=ADVANCED_FACE('',(#363),#1095,.F.);
#742=ADVANCED_FACE('',(#364),#78,.F.);
#743=ADVANCED_FACE('',(#365),#1096,.F.);
#744=ADVANCED_FACE('',(#366),#79,.F.);
#745=ADVANCED_FACE('',(#367),#1097,.F.);
#746=ADVANCED_FACE('',(#368),#80,.F.);
#747=ADVANCED_FACE('',(#369),#1098,.F.);
#748=ADVANCED_FACE('',(#370),#1099,.T.);
#749=ADVANCED_FACE('',(#371),#81,.F.);
#750=ADVANCED_FACE('',(#372),#1100,.T.);
#751=ADVANCED_FACE('',(#373),#82,.F.);
#752=ADVANCED_FACE('',(#374),#83,.T.);
#753=ADVANCED_FACE('',(#375),#84,.F.);
#754=ADVANCED_FACE('',(#376),#85,.T.);
#755=ADVANCED_FACE('',(#377),#1101,.T.);
#756=ADVANCED_FACE('',(#378),#86,.T.);
#757=ADVANCED_FACE('',(#379),#1102,.T.);
#758=ADVANCED_FACE('',(#380),#87,.T.);
#759=ADVANCED_FACE('',(#381),#88,.F.);
#760=ADVANCED_FACE('',(#382),#89,.T.);
#761=ADVANCED_FACE('',(#383),#90,.F.);
#762=ADVANCED_FACE('',(#384),#1103,.T.);
#763=ADVANCED_FACE('',(#385),#91,.F.);
#764=ADVANCED_FACE('',(#386),#1104,.T.);
#765=ADVANCED_FACE('',(#387),#1105,.T.);
#766=ADVANCED_FACE('',(#388),#200,.F.);
#767=ADVANCED_FACE('',(#389),#1106,.F.);
#768=ADVANCED_FACE('',(#390),#1107,.F.);
#769=ADVANCED_FACE('',(#391),#201,.F.);
#770=ADVANCED_FACE('',(#392),#1108,.F.);
#771=ADVANCED_FACE('',(#393),#1109,.T.);
#772=ADVANCED_FACE('',(#394),#1110,.T.);
#773=ADVANCED_FACE('',(#395),#1111,.F.);
#774=ADVANCED_FACE('',(#396),#1112,.F.);
#775=ADVANCED_FACE('',(#397),#1113,.F.);
#776=ADVANCED_FACE('',(#398),#1114,.F.);
#777=ADVANCED_FACE('',(#399),#1115,.F.);
#778=ADVANCED_FACE('',(#400),#1116,.F.);
#779=ADVANCED_FACE('',(#401),#202,.T.);
#780=ADVANCED_FACE('',(#402),#203,.F.);
#781=ADVANCED_FACE('',(#403),#204,.T.);
#782=ADVANCED_FACE('',(#404),#1117,.F.);
#783=ADVANCED_FACE('',(#405),#1118,.F.);
#784=ADVANCED_FACE('',(#406),#205,.T.);
#785=ADVANCED_FACE('',(#407),#206,.F.);
#786=ADVANCED_FACE('',(#408),#207,.T.);
#787=ADVANCED_FACE('',(#409),#1119,.T.);
#788=ADVANCED_FACE('',(#1266,#1267,#1268,#1269,#1270,#1271,#1272,#1273,#1274),
#1120,.T.);
#789=ADVANCED_FACE('',(#1275,#1276,#1277,#1278,#1279,#1280,#1281,#1282),
#1121,.F.);
#790=ADVANCED_FACE('',(#410),#208,.F.);
#791=ADVANCED_FACE('',(#411),#209,.F.);
#792=ADVANCED_FACE('',(#412),#210,.F.);
#793=ADVANCED_FACE('',(#413),#211,.F.);
#794=ADVANCED_FACE('',(#414),#212,.T.);
#795=ADVANCED_FACE('',(#415),#213,.F.);
#796=ADVANCED_FACE('',(#416),#214,.F.);
#797=ADVANCED_FACE('',(#417),#215,.F.);
#798=ADVANCED_FACE('',(#418),#216,.F.);
#799=ADVANCED_FACE('',(#419),#217,.F.);
#800=ADVANCED_FACE('',(#420),#218,.F.);
#801=ADVANCED_FACE('',(#421),#219,.F.);
#802=ADVANCED_FACE('',(#1283,#1284),#220,.F.);
#803=ADVANCED_FACE('',(#422),#1122,.T.);
#804=ADVANCED_FACE('',(#423),#1123,.T.);
#805=ADVANCED_FACE('',(#1285,#1286),#1124,.T.);
#806=ADVANCED_FACE('',(#424),#1125,.F.);
#807=ADVANCED_FACE('',(#425),#1126,.T.);
#808=ADVANCED_FACE('',(#1287,#1288),#221,.F.);
#809=ADVANCED_FACE('',(#1289,#1290),#222,.F.);
#810=ADVANCED_FACE('',(#426),#1127,.F.);
#811=ADVANCED_FACE('',(#427),#1128,.T.);
#812=ADVANCED_FACE('',(#428),#1129,.T.);
#813=ADVANCED_FACE('',(#429),#223,.F.);
#814=ADVANCED_FACE('',(#430),#1130,.F.);
#815=ADVANCED_FACE('',(#431),#1131,.F.);
#816=ADVANCED_FACE('',(#432),#224,.F.);
#817=ADVANCED_FACE('',(#433),#1132,.F.);
#818=ADVANCED_FACE('',(#434),#1133,.F.);
#819=ADVANCED_FACE('',(#435),#225,.F.);
#820=ADVANCED_FACE('',(#436),#1134,.F.);
#821=ADVANCED_FACE('',(#437),#1135,.F.);
#822=ADVANCED_FACE('',(#438),#226,.F.);
#823=ADVANCED_FACE('',(#439),#1136,.F.);
#824=ADVANCED_FACE('',(#440),#1137,.F.);
#825=ADVANCED_FACE('',(#441),#227,.T.);
#826=ADVANCED_FACE('',(#442),#228,.T.);
#827=ADVANCED_FACE('',(#443),#1138,.T.);
#828=ADVANCED_FACE('',(#444),#92,.F.);
#829=ADVANCED_FACE('',(#445),#93,.T.);
#830=ADVANCED_FACE('',(#446),#94,.F.);
#831=ADVANCED_FACE('',(#447),#95,.T.);
#832=ADVANCED_FACE('',(#448),#1139,.T.);
#833=ADVANCED_FACE('',(#449),#96,.T.);
#834=ADVANCED_FACE('',(#450),#1140,.T.);
#835=ADVANCED_FACE('',(#451),#97,.T.);
#836=ADVANCED_FACE('',(#452),#98,.F.);
#837=ADVANCED_FACE('',(#453),#99,.T.);
#838=ADVANCED_FACE('',(#454),#100,.F.);
#839=ADVANCED_FACE('',(#455),#1141,.T.);
#840=ADVANCED_FACE('',(#456),#101,.F.);
#841=ADVANCED_FACE('',(#457),#1142,.T.);
#842=ADVANCED_FACE('',(#458),#1143,.T.);
#843=ADVANCED_FACE('',(#459),#102,.F.);
#844=ADVANCED_FACE('',(#460),#1144,.T.);
#845=ADVANCED_FACE('',(#461),#1145,.F.);
#846=ADVANCED_FACE('',(#462),#103,.F.);
#847=ADVANCED_FACE('',(#463),#1146,.F.);
#848=ADVANCED_FACE('',(#464),#104,.F.);
#849=ADVANCED_FACE('',(#465),#105,.T.);
#850=ADVANCED_FACE('',(#466),#106,.F.);
#851=ADVANCED_FACE('',(#467),#107,.T.);
#852=ADVANCED_FACE('',(#468),#1147,.F.);
#853=ADVANCED_FACE('',(#469),#108,.T.);
#854=ADVANCED_FACE('',(#470),#1148,.F.);
#855=ADVANCED_FACE('',(#471),#109,.T.);
#856=ADVANCED_FACE('',(#472),#110,.F.);
#857=ADVANCED_FACE('',(#473),#111,.T.);
#858=ADVANCED_FACE('',(#474),#112,.F.);
#859=ADVANCED_FACE('',(#475),#1149,.F.);
#860=ADVANCED_FACE('',(#476),#113,.F.);
#861=ADVANCED_FACE('',(#477),#1150,.T.);
#862=ADVANCED_FACE('',(#478),#229,.F.);
#863=ADVANCED_FACE('',(#479),#1151,.F.);
#864=ADVANCED_FACE('',(#480),#1152,.F.);
#865=ADVANCED_FACE('',(#481),#230,.F.);
#866=ADVANCED_FACE('',(#482),#1153,.F.);
#867=ADVANCED_FACE('',(#483),#1154,.T.);
#868=ADVANCED_FACE('',(#484),#1155,.T.);
#869=ADVANCED_FACE('',(#485),#1156,.F.);
#870=ADVANCED_FACE('',(#486),#1157,.F.);
#871=ADVANCED_FACE('',(#487),#1158,.F.);
#872=ADVANCED_FACE('',(#488),#1159,.F.);
#873=ADVANCED_FACE('',(#489),#1160,.F.);
#874=ADVANCED_FACE('',(#490),#1161,.F.);
#875=ADVANCED_FACE('',(#491),#231,.T.);
#876=ADVANCED_FACE('',(#492),#232,.F.);
#877=ADVANCED_FACE('',(#493),#233,.T.);
#878=ADVANCED_FACE('',(#494),#1162,.F.);
#879=ADVANCED_FACE('',(#495),#1163,.F.);
#880=ADVANCED_FACE('',(#496),#234,.T.);
#881=ADVANCED_FACE('',(#497),#235,.F.);
#882=ADVANCED_FACE('',(#498),#236,.T.);
#883=ADVANCED_FACE('',(#499),#1164,.T.);
#884=ADVANCED_FACE('',(#1291,#1292,#1293,#1294,#1295,#1296,#1297,#1298,#1299),
#1165,.T.);
#885=ADVANCED_FACE('',(#1300,#1301,#1302,#1303,#1304,#1305,#1306,#1307),
#1166,.F.);
#886=ADVANCED_FACE('',(#500),#237,.F.);
#887=ADVANCED_FACE('',(#501),#238,.F.);
#888=ADVANCED_FACE('',(#502),#239,.F.);
#889=ADVANCED_FACE('',(#503),#240,.F.);
#890=ADVANCED_FACE('',(#504),#241,.T.);
#891=ADVANCED_FACE('',(#505),#242,.F.);
#892=ADVANCED_FACE('',(#506),#243,.F.);
#893=ADVANCED_FACE('',(#507),#244,.F.);
#894=ADVANCED_FACE('',(#508),#245,.F.);
#895=ADVANCED_FACE('',(#509),#246,.F.);
#896=ADVANCED_FACE('',(#510),#247,.F.);
#897=ADVANCED_FACE('',(#511),#248,.F.);
#898=ADVANCED_FACE('',(#1308,#1309),#249,.F.);
#899=ADVANCED_FACE('',(#512),#1167,.T.);
#900=ADVANCED_FACE('',(#513),#1168,.T.);
#901=ADVANCED_FACE('',(#1310,#1311),#1169,.T.);
#902=ADVANCED_FACE('',(#514),#1170,.F.);
#903=ADVANCED_FACE('',(#515),#1171,.T.);
#904=ADVANCED_FACE('',(#1312,#1313),#250,.F.);
#905=ADVANCED_FACE('',(#1314,#1315),#251,.F.);
#906=ADVANCED_FACE('',(#516),#1172,.F.);
#907=ADVANCED_FACE('',(#517),#1173,.T.);
#908=ADVANCED_FACE('',(#518),#1174,.T.);
#909=ADVANCED_FACE('',(#519),#252,.F.);
#910=ADVANCED_FACE('',(#520),#1175,.F.);
#911=ADVANCED_FACE('',(#521),#1176,.F.);
#912=ADVANCED_FACE('',(#522),#253,.F.);
#913=ADVANCED_FACE('',(#523),#1177,.F.);
#914=ADVANCED_FACE('',(#524),#1178,.F.);
#915=ADVANCED_FACE('',(#525),#254,.F.);
#916=ADVANCED_FACE('',(#526),#1179,.F.);
#917=ADVANCED_FACE('',(#527),#1180,.F.);
#918=ADVANCED_FACE('',(#528),#255,.F.);
#919=ADVANCED_FACE('',(#529),#1181,.F.);
#920=ADVANCED_FACE('',(#530),#1182,.F.);
#921=ADVANCED_FACE('',(#531),#256,.T.);
#922=ADVANCED_FACE('',(#532),#257,.T.);
#923=ADVANCED_FACE('',(#533),#1183,.T.);
#924=ADVANCED_FACE('',(#534),#114,.F.);
#925=ADVANCED_FACE('',(#535),#115,.T.);
#926=ADVANCED_FACE('',(#536),#116,.F.);
#927=ADVANCED_FACE('',(#537),#117,.T.);
#928=ADVANCED_FACE('',(#538),#1184,.T.);
#929=ADVANCED_FACE('',(#539),#118,.T.);
#930=ADVANCED_FACE('',(#540),#1185,.T.);
#931=ADVANCED_FACE('',(#541),#119,.T.);
#932=ADVANCED_FACE('',(#542),#120,.F.);
#933=ADVANCED_FACE('',(#543),#121,.T.);
#934=ADVANCED_FACE('',(#544),#122,.F.);
#935=ADVANCED_FACE('',(#545),#1186,.T.);
#936=ADVANCED_FACE('',(#546),#123,.F.);
#937=ADVANCED_FACE('',(#547),#1187,.T.);
#938=ADVANCED_FACE('',(#548),#1188,.F.);
#939=ADVANCED_FACE('',(#549),#124,.F.);
#940=ADVANCED_FACE('',(#550),#1189,.F.);
#941=ADVANCED_FACE('',(#551),#125,.F.);
#942=ADVANCED_FACE('',(#552),#126,.T.);
#943=ADVANCED_FACE('',(#553),#127,.F.);
#944=ADVANCED_FACE('',(#554),#128,.T.);
#945=ADVANCED_FACE('',(#555),#1190,.F.);
#946=ADVANCED_FACE('',(#556),#129,.T.);
#947=ADVANCED_FACE('',(#557),#1191,.F.);
#948=ADVANCED_FACE('',(#558),#130,.T.);
#949=ADVANCED_FACE('',(#559),#131,.F.);
#950=ADVANCED_FACE('',(#560),#132,.T.);
#951=ADVANCED_FACE('',(#561),#133,.F.);
#952=ADVANCED_FACE('',(#562),#1192,.F.);
#953=ADVANCED_FACE('',(#563),#134,.F.);
#954=ADVANCED_FACE('',(#564),#1193,.T.);
#955=ADVANCED_FACE('',(#565),#135,.F.);
#956=ADVANCED_FACE('',(#566),#1194,.T.);
#957=ADVANCED_FACE('',(#1316,#1317,#1318,#1319,#1320,#1321,#1322,#1323,#1324),
#1195,.T.);
#958=ADVANCED_FACE('',(#1325,#1326,#1327,#1328,#1329,#1330,#1331,#1332),
#1196,.F.);
#959=ADVANCED_FACE('',(#567),#258,.F.);
#960=ADVANCED_FACE('',(#568),#259,.F.);
#961=ADVANCED_FACE('',(#569),#260,.F.);
#962=ADVANCED_FACE('',(#570),#1197,.F.);
#963=ADVANCED_FACE('',(#571),#1198,.F.);
#964=ADVANCED_FACE('',(#572),#1199,.T.);
#965=ADVANCED_FACE('',(#573),#1200,.T.);
#966=ADVANCED_FACE('',(#574),#1201,.F.);
#967=ADVANCED_FACE('',(#575),#1202,.F.);
#968=ADVANCED_FACE('',(#576),#1203,.T.);
#969=ADVANCED_FACE('',(#577),#261,.T.);
#970=ADVANCED_FACE('',(#578),#262,.F.);
#971=ADVANCED_FACE('',(#579),#263,.T.);
#972=ADVANCED_FACE('',(#580),#1204,.T.);
#973=ADVANCED_FACE('',(#581),#1205,.T.);
#974=ADVANCED_FACE('',(#582),#1206,.T.);
#975=ADVANCED_FACE('',(#583),#1207,.T.);
#976=ADVANCED_FACE('',(#584),#1208,.T.);
#977=ADVANCED_FACE('',(#585),#1209,.T.);
#978=ADVANCED_FACE('',(#586),#1210,.T.);
#979=ADVANCED_FACE('',(#587),#264,.T.);
#980=ADVANCED_FACE('',(#588),#265,.F.);
#981=ADVANCED_FACE('',(#589),#266,.T.);
#982=ADVANCED_FACE('',(#590),#1211,.T.);
#983=ADVANCED_FACE('',(#591),#1212,.F.);
#984=ADVANCED_FACE('',(#592),#267,.F.);
#985=ADVANCED_FACE('',(#593),#268,.F.);
#986=ADVANCED_FACE('',(#594),#269,.F.);
#987=ADVANCED_FACE('',(#595),#270,.F.);
#988=ADVANCED_FACE('',(#596),#271,.F.);
#989=ADVANCED_FACE('',(#597),#272,.T.);
#990=ADVANCED_FACE('',(#598),#273,.F.);
#991=ADVANCED_FACE('',(#599),#274,.F.);
#992=ADVANCED_FACE('',(#600),#275,.F.);
#993=ADVANCED_FACE('',(#601),#276,.F.);
#994=ADVANCED_FACE('',(#1333,#1334),#277,.F.);
#995=ADVANCED_FACE('',(#602),#1213,.F.);
#996=ADVANCED_FACE('',(#603),#278,.F.);
#997=ADVANCED_FACE('',(#604),#1214,.T.);
#998=ADVANCED_FACE('',(#1335,#1336),#1215,.T.);
#999=ADVANCED_FACE('',(#605),#279,.F.);
#1000=ADVANCED_FACE('',(#606),#1216,.T.);
#1001=ADVANCED_FACE('',(#1337,#1338),#280,.F.);
#1002=ADVANCED_FACE('',(#1339,#1340),#281,.F.);
#1003=ADVANCED_FACE('',(#607),#1217,.F.);
#1004=ADVANCED_FACE('',(#608),#1218,.F.);
#1005=ADVANCED_FACE('',(#609),#1219,.T.);
#1006=ADVANCED_FACE('',(#610),#282,.F.);
#1007=ADVANCED_FACE('',(#611),#1220,.T.);
#1008=ADVANCED_FACE('',(#612),#1221,.T.);
#1009=ADVANCED_FACE('',(#613),#1222,.T.);
#1010=ADVANCED_FACE('',(#614),#283,.F.);
#1011=ADVANCED_FACE('',(#615),#284,.F.);
#1012=ADVANCED_FACE('',(#616),#1223,.T.);
#1013=ADVANCED_FACE('',(#617),#1224,.T.);
#1014=ADVANCED_FACE('',(#618),#285,.F.);
#1015=ADVANCED_FACE('',(#619),#286,.F.);
#1016=ADVANCED_FACE('',(#620),#1225,.T.);
#1017=ADVANCED_FACE('',(#621),#287,.F.);
#1018=ADVANCED_FACE('',(#622),#1226,.T.);
#1019=ADVANCED_FACE('',(#623),#288,.F.);
#1020=ADVANCED_FACE('',(#624),#1227,.T.);
#1021=ADVANCED_FACE('',(#625),#289,.T.);
#1022=ADVANCED_FACE('',(#626),#290,.T.);
#1023=ADVANCED_FACE('',(#627),#1228,.F.);
#1024=ADVANCED_FACE('',(#628),#136,.F.);
#1025=ADVANCED_FACE('',(#629),#1229,.F.);
#1026=ADVANCED_FACE('',(#630),#1230,.F.);
#1027=ADVANCED_FACE('',(#631),#137,.F.);
#1028=ADVANCED_FACE('',(#632),#138,.T.);
#1029=ADVANCED_FACE('',(#633),#139,.F.);
#1030=ADVANCED_FACE('',(#634),#140,.T.);
#1031=ADVANCED_FACE('',(#635),#1231,.F.);
#1032=ADVANCED_FACE('',(#636),#141,.T.);
#1033=ADVANCED_FACE('',(#637),#1232,.F.);
#1034=ADVANCED_FACE('',(#638),#142,.T.);
#1035=ADVANCED_FACE('',(#639),#143,.F.);
#1036=ADVANCED_FACE('',(#640),#144,.T.);
#1037=ADVANCED_FACE('',(#641),#145,.F.);
#1038=ADVANCED_FACE('',(#642),#1233,.F.);
#1039=ADVANCED_FACE('',(#643),#146,.F.);
#1040=ADVANCED_FACE('',(#644),#1234,.F.);
#1041=ADVANCED_FACE('',(#645),#147,.F.);
#1042=ADVANCED_FACE('',(#646),#1235,.T.);
#1043=ADVANCED_FACE('',(#647),#148,.F.);
#1044=ADVANCED_FACE('',(#648),#1236,.T.);
#1045=ADVANCED_FACE('',(#649),#149,.F.);
#1046=ADVANCED_FACE('',(#650),#150,.T.);
#1047=ADVANCED_FACE('',(#651),#151,.F.);
#1048=ADVANCED_FACE('',(#652),#152,.T.);
#1049=ADVANCED_FACE('',(#653),#1237,.T.);
#1050=ADVANCED_FACE('',(#654),#153,.T.);
#1051=ADVANCED_FACE('',(#655),#1238,.T.);
#1052=ADVANCED_FACE('',(#656),#154,.T.);
#1053=ADVANCED_FACE('',(#657),#155,.F.);
#1054=ADVANCED_FACE('',(#658),#156,.T.);
#1055=ADVANCED_FACE('',(#659),#157,.F.);
#1056=ADVANCED_FACE('',(#660),#1239,.T.);
#1057=ADVANCED_FACE('',(#661),#158,.F.);
#1058=ADVANCED_FACE('',(#662),#1240,.T.);
#1059=PLANE('',#7259);
#1060=PLANE('',#7290);
#1061=PLANE('',#7294);
#1062=PLANE('',#7296);
#1063=PLANE('',#7297);
#1064=PLANE('',#7298);
#1065=PLANE('',#7299);
#1066=PLANE('',#7300);
#1067=PLANE('',#7301);
#1068=PLANE('',#7311);
#1069=PLANE('',#7312);
#1070=PLANE('',#7313);
#1071=PLANE('',#7314);
#1072=PLANE('',#7315);
#1073=PLANE('',#7316);
#1074=PLANE('',#7317);
#1075=PLANE('',#7327);
#1076=PLANE('',#7328);
#1077=PLANE('',#7350);
#1078=PLANE('',#7352);
#1079=PLANE('',#7355);
#1080=PLANE('',#7358);
#1081=PLANE('',#7361);
#1082=PLANE('',#7362);
#1083=PLANE('',#7363);
#1084=PLANE('',#7365);
#1085=PLANE('',#7366);
#1086=PLANE('',#7367);
#1087=PLANE('',#7370);
#1088=PLANE('',#7371);
#1089=PLANE('',#7374);
#1090=PLANE('',#7376);
#1091=PLANE('',#7378);
#1092=PLANE('',#7381);
#1093=PLANE('',#7386);
#1094=PLANE('',#7388);
#1095=PLANE('',#7393);
#1096=PLANE('',#7395);
#1097=PLANE('',#7397);
#1098=PLANE('',#7399);
#1099=PLANE('',#7400);
#1100=PLANE('',#7402);
#1101=PLANE('',#7407);
#1102=PLANE('',#7409);
#1103=PLANE('',#7414);
#1104=PLANE('',#7416);
#1105=PLANE('',#7417);
#1106=PLANE('',#7421);
#1107=PLANE('',#7422);
#1108=PLANE('',#7427);
#1109=PLANE('',#7428);
#1110=PLANE('',#7429);
#1111=PLANE('',#7430);
#1112=PLANE('',#7431);
#1113=PLANE('',#7432);
#1114=PLANE('',#7433);
#1115=PLANE('',#7434);
#1116=PLANE('',#7435);
#1117=PLANE('',#7445);
#1118=PLANE('',#7446);
#1119=PLANE('',#7456);
#1120=PLANE('',#7485);
#1121=PLANE('',#7513);
#1122=PLANE('',#7535);
#1123=PLANE('',#7536);
#1124=PLANE('',#7538);
#1125=PLANE('',#7539);
#1126=PLANE('',#7540);
#1127=PLANE('',#7543);
#1128=PLANE('',#7544);
#1129=PLANE('',#7545);
#1130=PLANE('',#7547);
#1131=PLANE('',#7548);
#1132=PLANE('',#7550);
#1133=PLANE('',#7551);
#1134=PLANE('',#7553);
#1135=PLANE('',#7554);
#1136=PLANE('',#7556);
#1137=PLANE('',#7557);
#1138=PLANE('',#7560);
#1139=PLANE('',#7565);
#1140=PLANE('',#7567);
#1141=PLANE('',#7572);
#1142=PLANE('',#7574);
#1143=PLANE('',#7575);
#1144=PLANE('',#7577);
#1145=PLANE('',#7578);
#1146=PLANE('',#7580);
#1147=PLANE('',#7585);
#1148=PLANE('',#7587);
#1149=PLANE('',#7592);
#1150=PLANE('',#7594);
#1151=PLANE('',#7598);
#1152=PLANE('',#7599);
#1153=PLANE('',#7604);
#1154=PLANE('',#7605);
#1155=PLANE('',#7606);
#1156=PLANE('',#7607);
#1157=PLANE('',#7608);
#1158=PLANE('',#7609);
#1159=PLANE('',#7610);
#1160=PLANE('',#7611);
#1161=PLANE('',#7612);
#1162=PLANE('',#7622);
#1163=PLANE('',#7623);
#1164=PLANE('',#7633);
#1165=PLANE('',#7662);
#1166=PLANE('',#7690);
#1167=PLANE('',#7712);
#1168=PLANE('',#7713);
#1169=PLANE('',#7715);
#1170=PLANE('',#7716);
#1171=PLANE('',#7717);
#1172=PLANE('',#7720);
#1173=PLANE('',#7721);
#1174=PLANE('',#7722);
#1175=PLANE('',#7724);
#1176=PLANE('',#7725);
#1177=PLANE('',#7727);
#1178=PLANE('',#7728);
#1179=PLANE('',#7730);
#1180=PLANE('',#7731);
#1181=PLANE('',#7733);
#1182=PLANE('',#7734);
#1183=PLANE('',#7737);
#1184=PLANE('',#7742);
#1185=PLANE('',#7744);
#1186=PLANE('',#7749);
#1187=PLANE('',#7751);
#1188=PLANE('',#7752);
#1189=PLANE('',#7754);
#1190=PLANE('',#7759);
#1191=PLANE('',#7761);
#1192=PLANE('',#7766);
#1193=PLANE('',#7768);
#1194=PLANE('',#7770);
#1195=PLANE('',#7804);
#1196=PLANE('',#7835);
#1197=PLANE('',#7839);
#1198=PLANE('',#7841);
#1199=PLANE('',#7842);
#1200=PLANE('',#7843);
#1201=PLANE('',#7844);
#1202=PLANE('',#7845);
#1203=PLANE('',#7846);
#1204=PLANE('',#7856);
#1205=PLANE('',#7857);
#1206=PLANE('',#7858);
#1207=PLANE('',#7859);
#1208=PLANE('',#7860);
#1209=PLANE('',#7861);
#1210=PLANE('',#7862);
#1211=PLANE('',#7872);
#1212=PLANE('',#7873);
#1213=PLANE('',#7895);
#1214=PLANE('',#7897);
#1215=PLANE('',#7900);
#1216=PLANE('',#7903);
#1217=PLANE('',#7906);
#1218=PLANE('',#7907);
#1219=PLANE('',#7908);
#1220=PLANE('',#7910);
#1221=PLANE('',#7911);
#1222=PLANE('',#7912);
#1223=PLANE('',#7915);
#1224=PLANE('',#7916);
#1225=PLANE('',#7919);
#1226=PLANE('',#7921);
#1227=PLANE('',#7923);
#1228=PLANE('',#7926);
#1229=PLANE('',#7928);
#1230=PLANE('',#7929);
#1231=PLANE('',#7934);
#1232=PLANE('',#7936);
#1233=PLANE('',#7941);
#1234=PLANE('',#7943);
#1235=PLANE('',#7945);
#1236=PLANE('',#7947);
#1237=PLANE('',#7952);
#1238=PLANE('',#7954);
#1239=PLANE('',#7959);
#1240=PLANE('',#7961);
#1241=FACE_BOUND('',#1341,.T.);
#1242=FACE_BOUND('',#1342,.T.);
#1243=FACE_BOUND('',#1343,.T.);
#1244=FACE_BOUND('',#1344,.T.);
#1245=FACE_BOUND('',#1345,.T.);
#1246=FACE_BOUND('',#1346,.T.);
#1247=FACE_BOUND('',#1347,.T.);
#1248=FACE_BOUND('',#1348,.T.);
#1249=FACE_BOUND('',#1349,.T.);
#1250=FACE_BOUND('',#1350,.T.);
#1251=FACE_BOUND('',#1351,.T.);
#1252=FACE_BOUND('',#1352,.T.);
#1253=FACE_BOUND('',#1353,.T.);
#1254=FACE_BOUND('',#1354,.T.);
#1255=FACE_BOUND('',#1355,.T.);
#1256=FACE_BOUND('',#1356,.T.);
#1257=FACE_BOUND('',#1357,.T.);
#1258=FACE_BOUND('',#1393,.T.);
#1259=FACE_BOUND('',#1394,.T.);
#1260=FACE_BOUND('',#1398,.T.);
#1261=FACE_BOUND('',#1399,.T.);
#1262=FACE_BOUND('',#1402,.T.);
#1263=FACE_BOUND('',#1403,.T.);
#1264=FACE_BOUND('',#1404,.T.);
#1265=FACE_BOUND('',#1405,.T.);
#1266=FACE_BOUND('',#1485,.T.);
#1267=FACE_BOUND('',#1486,.T.);
#1268=FACE_BOUND('',#1487,.T.);
#1269=FACE_BOUND('',#1488,.T.);
#1270=FACE_BOUND('',#1489,.T.);
#1271=FACE_BOUND('',#1490,.T.);
#1272=FACE_BOUND('',#1491,.T.);
#1273=FACE_BOUND('',#1492,.T.);
#1274=FACE_BOUND('',#1493,.T.);
#1275=FACE_BOUND('',#1494,.T.);
#1276=FACE_BOUND('',#1495,.T.);
#1277=FACE_BOUND('',#1496,.T.);
#1278=FACE_BOUND('',#1497,.T.);
#1279=FACE_BOUND('',#1498,.T.);
#1280=FACE_BOUND('',#1499,.T.);
#1281=FACE_BOUND('',#1500,.T.);
#1282=FACE_BOUND('',#1501,.T.);
#1283=FACE_BOUND('',#1514,.T.);
#1284=FACE_BOUND('',#1515,.T.);
#1285=FACE_BOUND('',#1518,.T.);
#1286=FACE_BOUND('',#1519,.T.);
#1287=FACE_BOUND('',#1522,.T.);
#1288=FACE_BOUND('',#1523,.T.);
#1289=FACE_BOUND('',#1524,.T.);
#1290=FACE_BOUND('',#1525,.T.);
#1291=FACE_BOUND('',#1600,.T.);
#1292=FACE_BOUND('',#1601,.T.);
#1293=FACE_BOUND('',#1602,.T.);
#1294=FACE_BOUND('',#1603,.T.);
#1295=FACE_BOUND('',#1604,.T.);
#1296=FACE_BOUND('',#1605,.T.);
#1297=FACE_BOUND('',#1606,.T.);
#1298=FACE_BOUND('',#1607,.T.);
#1299=FACE_BOUND('',#1608,.T.);
#1300=FACE_BOUND('',#1609,.T.);
#1301=FACE_BOUND('',#1610,.T.);
#1302=FACE_BOUND('',#1611,.T.);
#1303=FACE_BOUND('',#1612,.T.);
#1304=FACE_BOUND('',#1613,.T.);
#1305=FACE_BOUND('',#1614,.T.);
#1306=FACE_BOUND('',#1615,.T.);
#1307=FACE_BOUND('',#1616,.T.);
#1308=FACE_BOUND('',#1629,.T.);
#1309=FACE_BOUND('',#1630,.T.);
#1310=FACE_BOUND('',#1633,.T.);
#1311=FACE_BOUND('',#1634,.T.);
#1312=FACE_BOUND('',#1637,.T.);
#1313=FACE_BOUND('',#1638,.T.);
#1314=FACE_BOUND('',#1639,.T.);
#1315=FACE_BOUND('',#1640,.T.);
#1316=FACE_BOUND('',#1692,.T.);
#1317=FACE_BOUND('',#1693,.T.);
#1318=FACE_BOUND('',#1694,.T.);
#1319=FACE_BOUND('',#1695,.T.);
#1320=FACE_BOUND('',#1696,.T.);
#1321=FACE_BOUND('',#1697,.T.);
#1322=FACE_BOUND('',#1698,.T.);
#1323=FACE_BOUND('',#1699,.T.);
#1324=FACE_BOUND('',#1700,.T.);
#1325=FACE_BOUND('',#1701,.T.);
#1326=FACE_BOUND('',#1702,.T.);
#1327=FACE_BOUND('',#1703,.T.);
#1328=FACE_BOUND('',#1704,.T.);
#1329=FACE_BOUND('',#1705,.T.);
#1330=FACE_BOUND('',#1706,.T.);
#1331=FACE_BOUND('',#1707,.T.);
#1332=FACE_BOUND('',#1708,.T.);
#1333=FACE_BOUND('',#1744,.T.);
#1334=FACE_BOUND('',#1745,.T.);
#1335=FACE_BOUND('',#1749,.T.);
#1336=FACE_BOUND('',#1750,.T.);
#1337=FACE_BOUND('',#1753,.T.);
#1338=FACE_BOUND('',#1754,.T.);
#1339=FACE_BOUND('',#1755,.T.);
#1340=FACE_BOUND('',#1756,.T.);
#1341=EDGE_LOOP('',(#3165,#3166,#3167,#3168,#3169));
#1342=EDGE_LOOP('',(#3170,#3171,#3172,#3173));
#1343=EDGE_LOOP('',(#3174,#3175,#3176,#3177,#3178,#3179));
#1344=EDGE_LOOP('',(#3180));
#1345=EDGE_LOOP('',(#3181));
#1346=EDGE_LOOP('',(#3182));
#1347=EDGE_LOOP('',(#3183,#3184,#3185,#3186,#3187,#3188,#3189,#3190,#3191,
#3192,#3193,#3194,#3195,#3196,#3197,#3198,#3199,#3200,#3201,#3202,#3203,
#3204,#3205,#3206,#3207,#3208,#3209,#3210,#3211,#3212,#3213,#3214,#3215,
#3216));
#1348=EDGE_LOOP('',(#3217,#3218,#3219,#3220,#3221));
#1349=EDGE_LOOP('',(#3222,#3223,#3224,#3225,#3226));
#1350=EDGE_LOOP('',(#3227,#3228,#3229,#3230,#3231));
#1351=EDGE_LOOP('',(#3232,#3233,#3234,#3235));
#1352=EDGE_LOOP('',(#3236));
#1353=EDGE_LOOP('',(#3237));
#1354=EDGE_LOOP('',(#3238,#3239,#3240,#3241,#3242,#3243,#3244,#3245,#3246,
#3247,#3248,#3249,#3250,#3251,#3252,#3253,#3254,#3255,#3256,#3257,#3258,
#3259,#3260,#3261,#3262,#3263));
#1355=EDGE_LOOP('',(#3264,#3265,#3266,#3267,#3268,#3269));
#1356=EDGE_LOOP('',(#3270,#3271,#3272,#3273,#3274));
#1357=EDGE_LOOP('',(#3275,#3276,#3277,#3278,#3279));
#1358=EDGE_LOOP('',(#3280,#3281,#3282,#3283));
#1359=EDGE_LOOP('',(#3284,#3285,#3286,#3287));
#1360=EDGE_LOOP('',(#3288,#3289,#3290,#3291));
#1361=EDGE_LOOP('',(#3292,#3293,#3294,#3295));
#1362=EDGE_LOOP('',(#3296,#3297,#3298,#3299,#3300,#3301,#3302));
#1363=EDGE_LOOP('',(#3303,#3304,#3305,#3306,#3307,#3308));
#1364=EDGE_LOOP('',(#3309,#3310,#3311,#3312,#3313,#3314));
#1365=EDGE_LOOP('',(#3315,#3316,#3317,#3318));
#1366=EDGE_LOOP('',(#3319,#3320,#3321,#3322));
#1367=EDGE_LOOP('',(#3323,#3324,#3325,#3326));
#1368=EDGE_LOOP('',(#3327,#3328,#3329,#3330));
#1369=EDGE_LOOP('',(#3331,#3332,#3333,#3334));
#1370=EDGE_LOOP('',(#3335,#3336,#3337,#3338));
#1371=EDGE_LOOP('',(#3339,#3340,#3341,#3342));
#1372=EDGE_LOOP('',(#3343,#3344,#3345,#3346));
#1373=EDGE_LOOP('',(#3347,#3348,#3349,#3350));
#1374=EDGE_LOOP('',(#3351,#3352,#3353,#3354));
#1375=EDGE_LOOP('',(#3355,#3356,#3357,#3358,#3359,#3360));
#1376=EDGE_LOOP('',(#3361,#3362,#3363,#3364));
#1377=EDGE_LOOP('',(#3365,#3366,#3367,#3368,#3369,#3370,#3371,#3372));
#1378=EDGE_LOOP('',(#3373,#3374,#3375,#3376));
#1379=EDGE_LOOP('',(#3377,#3378,#3379,#3380));
#1380=EDGE_LOOP('',(#3381,#3382,#3383,#3384));
#1381=EDGE_LOOP('',(#3385,#3386,#3387,#3388));
#1382=EDGE_LOOP('',(#3389,#3390,#3391,#3392));
#1383=EDGE_LOOP('',(#3393,#3394,#3395,#3396));
#1384=EDGE_LOOP('',(#3397,#3398,#3399,#3400));
#1385=EDGE_LOOP('',(#3401,#3402,#3403,#3404));
#1386=EDGE_LOOP('',(#3405,#3406,#3407,#3408));
#1387=EDGE_LOOP('',(#3409,#3410,#3411,#3412));
#1388=EDGE_LOOP('',(#3413,#3414,#3415,#3416));
#1389=EDGE_LOOP('',(#3417,#3418,#3419,#3420));
#1390=EDGE_LOOP('',(#3421,#3422,#3423,#3424));
#1391=EDGE_LOOP('',(#3425,#3426,#3427,#3428));
#1392=EDGE_LOOP('',(#3429,#3430,#3431,#3432));
#1393=EDGE_LOOP('',(#3433));
#1394=EDGE_LOOP('',(#3434));
#1395=EDGE_LOOP('',(#3435,#3436,#3437,#3438,#3439));
#1396=EDGE_LOOP('',(#3440,#3441,#3442,#3443));
#1397=EDGE_LOOP('',(#3444,#3445,#3446,#3447,#3448));
#1398=EDGE_LOOP('',(#3449));
#1399=EDGE_LOOP('',(#3450,#3451,#3452,#3453,#3454));
#1400=EDGE_LOOP('',(#3455,#3456,#3457,#3458));
#1401=EDGE_LOOP('',(#3459,#3460,#3461,#3462,#3463));
#1402=EDGE_LOOP('',(#3464));
#1403=EDGE_LOOP('',(#3465));
#1404=EDGE_LOOP('',(#3466));
#1405=EDGE_LOOP('',(#3467));
#1406=EDGE_LOOP('',(#3468,#3469,#3470,#3471));
#1407=EDGE_LOOP('',(#3472,#3473,#3474,#3475,#3476));
#1408=EDGE_LOOP('',(#3477,#3478,#3479,#3480));
#1409=EDGE_LOOP('',(#3481,#3482,#3483,#3484));
#1410=EDGE_LOOP('',(#3485,#3486,#3487,#3488));
#1411=EDGE_LOOP('',(#3489,#3490,#3491,#3492));
#1412=EDGE_LOOP('',(#3493,#3494,#3495,#3496));
#1413=EDGE_LOOP('',(#3497,#3498,#3499,#3500));
#1414=EDGE_LOOP('',(#3501,#3502,#3503,#3504));
#1415=EDGE_LOOP('',(#3505,#3506,#3507,#3508));
#1416=EDGE_LOOP('',(#3509,#3510,#3511,#3512));
#1417=EDGE_LOOP('',(#3513,#3514,#3515,#3516));
#1418=EDGE_LOOP('',(#3517,#3518,#3519,#3520));
#1419=EDGE_LOOP('',(#3521,#3522,#3523,#3524));
#1420=EDGE_LOOP('',(#3525,#3526,#3527,#3528));
#1421=EDGE_LOOP('',(#3529,#3530,#3531,#3532));
#1422=EDGE_LOOP('',(#3533,#3534,#3535,#3536));
#1423=EDGE_LOOP('',(#3537,#3538,#3539,#3540));
#1424=EDGE_LOOP('',(#3541,#3542,#3543,#3544));
#1425=EDGE_LOOP('',(#3545,#3546,#3547,#3548));
#1426=EDGE_LOOP('',(#3549,#3550,#3551,#3552));
#1427=EDGE_LOOP('',(#3553,#3554,#3555,#3556));
#1428=EDGE_LOOP('',(#3557,#3558,#3559,#3560));
#1429=EDGE_LOOP('',(#3561,#3562,#3563,#3564));
#1430=EDGE_LOOP('',(#3565,#3566,#3567,#3568));
#1431=EDGE_LOOP('',(#3569,#3570,#3571,#3572));
#1432=EDGE_LOOP('',(#3573,#3574,#3575,#3576));
#1433=EDGE_LOOP('',(#3577,#3578,#3579,#3580));
#1434=EDGE_LOOP('',(#3581,#3582,#3583,#3584));
#1435=EDGE_LOOP('',(#3585,#3586,#3587,#3588));
#1436=EDGE_LOOP('',(#3589,#3590,#3591,#3592));
#1437=EDGE_LOOP('',(#3593,#3594,#3595,#3596));
#1438=EDGE_LOOP('',(#3597,#3598,#3599,#3600));
#1439=EDGE_LOOP('',(#3601,#3602,#3603,#3604));
#1440=EDGE_LOOP('',(#3605,#3606,#3607,#3608));
#1441=EDGE_LOOP('',(#3609,#3610,#3611,#3612));
#1442=EDGE_LOOP('',(#3613,#3614,#3615,#3616));
#1443=EDGE_LOOP('',(#3617,#3618,#3619,#3620));
#1444=EDGE_LOOP('',(#3621,#3622,#3623,#3624));
#1445=EDGE_LOOP('',(#3625,#3626,#3627,#3628));
#1446=EDGE_LOOP('',(#3629,#3630,#3631,#3632));
#1447=EDGE_LOOP('',(#3633,#3634,#3635,#3636));
#1448=EDGE_LOOP('',(#3637,#3638,#3639,#3640));
#1449=EDGE_LOOP('',(#3641,#3642,#3643,#3644));
#1450=EDGE_LOOP('',(#3645,#3646,#3647,#3648));
#1451=EDGE_LOOP('',(#3649,#3650,#3651,#3652));
#1452=EDGE_LOOP('',(#3653,#3654,#3655,#3656));
#1453=EDGE_LOOP('',(#3657,#3658,#3659,#3660));
#1454=EDGE_LOOP('',(#3661,#3662,#3663,#3664));
#1455=EDGE_LOOP('',(#3665,#3666,#3667,#3668));
#1456=EDGE_LOOP('',(#3669,#3670,#3671,#3672));
#1457=EDGE_LOOP('',(#3673,#3674,#3675,#3676));
#1458=EDGE_LOOP('',(#3677,#3678,#3679,#3680));
#1459=EDGE_LOOP('',(#3681,#3682,#3683,#3684));
#1460=EDGE_LOOP('',(#3685,#3686,#3687,#3688));
#1461=EDGE_LOOP('',(#3689,#3690,#3691,#3692));
#1462=EDGE_LOOP('',(#3693,#3694,#3695,#3696));
#1463=EDGE_LOOP('',(#3697,#3698,#3699,#3700));
#1464=EDGE_LOOP('',(#3701,#3702,#3703,#3704,#3705,#3706,#3707));
#1465=EDGE_LOOP('',(#3708,#3709,#3710,#3711,#3712,#3713));
#1466=EDGE_LOOP('',(#3714,#3715,#3716,#3717,#3718,#3719));
#1467=EDGE_LOOP('',(#3720,#3721,#3722,#3723,#3724,#3725,#3726,#3727));
#1468=EDGE_LOOP('',(#3728,#3729,#3730,#3731));
#1469=EDGE_LOOP('',(#3732,#3733,#3734,#3735));
#1470=EDGE_LOOP('',(#3736,#3737,#3738,#3739));
#1471=EDGE_LOOP('',(#3740,#3741,#3742,#3743));
#1472=EDGE_LOOP('',(#3744,#3745,#3746,#3747));
#1473=EDGE_LOOP('',(#3748,#3749,#3750,#3751));
#1474=EDGE_LOOP('',(#3752,#3753,#3754,#3755,#3756,#3757));
#1475=EDGE_LOOP('',(#3758,#3759,#3760,#3761));
#1476=EDGE_LOOP('',(#3762,#3763,#3764,#3765));
#1477=EDGE_LOOP('',(#3766,#3767,#3768,#3769));
#1478=EDGE_LOOP('',(#3770,#3771,#3772,#3773));
#1479=EDGE_LOOP('',(#3774,#3775,#3776,#3777));
#1480=EDGE_LOOP('',(#3778,#3779,#3780,#3781));
#1481=EDGE_LOOP('',(#3782,#3783,#3784,#3785));
#1482=EDGE_LOOP('',(#3786,#3787,#3788,#3789));
#1483=EDGE_LOOP('',(#3790,#3791,#3792,#3793));
#1484=EDGE_LOOP('',(#3794,#3795,#3796,#3797));
#1485=EDGE_LOOP('',(#3798,#3799,#3800,#3801));
#1486=EDGE_LOOP('',(#3802,#3803,#3804,#3805));
#1487=EDGE_LOOP('',(#3806,#3807,#3808,#3809));
#1488=EDGE_LOOP('',(#3810,#3811,#3812,#3813));
#1489=EDGE_LOOP('',(#3814));
#1490=EDGE_LOOP('',(#3815));
#1491=EDGE_LOOP('',(#3816));
#1492=EDGE_LOOP('',(#3817,#3818,#3819,#3820,#3821,#3822,#3823,#3824,#3825,
#3826,#3827,#3828,#3829,#3830,#3831,#3832,#3833,#3834,#3835,#3836,#3837,
#3838,#3839,#3840,#3841,#3842,#3843,#3844,#3845,#3846,#3847,#3848,#3849));
#1493=EDGE_LOOP('',(#3850,#3851,#3852,#3853,#3854,#3855));
#1494=EDGE_LOOP('',(#3856));
#1495=EDGE_LOOP('',(#3857));
#1496=EDGE_LOOP('',(#3858,#3859,#3860,#3861));
#1497=EDGE_LOOP('',(#3862,#3863,#3864,#3865));
#1498=EDGE_LOOP('',(#3866,#3867,#3868,#3869));
#1499=EDGE_LOOP('',(#3870,#3871,#3872,#3873));
#1500=EDGE_LOOP('',(#3874,#3875,#3876,#3877,#3878,#3879,#3880,#3881,#3882,
#3883,#3884,#3885,#3886,#3887,#3888,#3889,#3890,#3891,#3892,#3893,#3894,
#3895,#3896,#3897,#3898));
#1501=EDGE_LOOP('',(#3899,#3900,#3901,#3902,#3903,#3904));
#1502=EDGE_LOOP('',(#3905,#3906,#3907,#3908));
#1503=EDGE_LOOP('',(#3909,#3910,#3911,#3912));
#1504=EDGE_LOOP('',(#3913,#3914,#3915,#3916));
#1505=EDGE_LOOP('',(#3917,#3918,#3919,#3920));
#1506=EDGE_LOOP('',(#3921,#3922,#3923,#3924));
#1507=EDGE_LOOP('',(#3925,#3926,#3927,#3928));
#1508=EDGE_LOOP('',(#3929,#3930,#3931,#3932));
#1509=EDGE_LOOP('',(#3933,#3934,#3935,#3936));
#1510=EDGE_LOOP('',(#3937,#3938,#3939,#3940));
#1511=EDGE_LOOP('',(#3941,#3942,#3943,#3944));
#1512=EDGE_LOOP('',(#3945,#3946,#3947,#3948));
#1513=EDGE_LOOP('',(#3949,#3950,#3951,#3952));
#1514=EDGE_LOOP('',(#3953));
#1515=EDGE_LOOP('',(#3954));
#1516=EDGE_LOOP('',(#3955,#3956,#3957,#3958,#3959));
#1517=EDGE_LOOP('',(#3960,#3961,#3962,#3963,#3964));
#1518=EDGE_LOOP('',(#3965));
#1519=EDGE_LOOP('',(#3966,#3967,#3968,#3969,#3970));
#1520=EDGE_LOOP('',(#3971,#3972,#3973,#3974));
#1521=EDGE_LOOP('',(#3975,#3976,#3977,#3978,#3979));
#1522=EDGE_LOOP('',(#3980));
#1523=EDGE_LOOP('',(#3981));
#1524=EDGE_LOOP('',(#3982));
#1525=EDGE_LOOP('',(#3983));
#1526=EDGE_LOOP('',(#3984,#3985,#3986,#3987,#3988));
#1527=EDGE_LOOP('',(#3989,#3990,#3991,#3992));
#1528=EDGE_LOOP('',(#3993,#3994,#3995,#3996));
#1529=EDGE_LOOP('',(#3997,#3998,#3999,#4000));
#1530=EDGE_LOOP('',(#4001,#4002,#4003,#4004));
#1531=EDGE_LOOP('',(#4005,#4006,#4007,#4008));
#1532=EDGE_LOOP('',(#4009,#4010,#4011,#4012));
#1533=EDGE_LOOP('',(#4013,#4014,#4015,#4016));
#1534=EDGE_LOOP('',(#4017,#4018,#4019,#4020));
#1535=EDGE_LOOP('',(#4021,#4022,#4023,#4024));
#1536=EDGE_LOOP('',(#4025,#4026,#4027,#4028));
#1537=EDGE_LOOP('',(#4029,#4030,#4031,#4032));
#1538=EDGE_LOOP('',(#4033,#4034,#4035,#4036));
#1539=EDGE_LOOP('',(#4037,#4038,#4039,#4040));
#1540=EDGE_LOOP('',(#4041,#4042,#4043,#4044));
#1541=EDGE_LOOP('',(#4045,#4046,#4047,#4048));
#1542=EDGE_LOOP('',(#4049,#4050,#4051,#4052));
#1543=EDGE_LOOP('',(#4053,#4054,#4055,#4056));
#1544=EDGE_LOOP('',(#4057,#4058,#4059,#4060));
#1545=EDGE_LOOP('',(#4061,#4062,#4063,#4064));
#1546=EDGE_LOOP('',(#4065,#4066,#4067,#4068));
#1547=EDGE_LOOP('',(#4069,#4070,#4071,#4072));
#1548=EDGE_LOOP('',(#4073,#4074,#4075,#4076));
#1549=EDGE_LOOP('',(#4077,#4078,#4079,#4080));
#1550=EDGE_LOOP('',(#4081,#4082,#4083,#4084));
#1551=EDGE_LOOP('',(#4085,#4086,#4087,#4088));
#1552=EDGE_LOOP('',(#4089,#4090,#4091,#4092));
#1553=EDGE_LOOP('',(#4093,#4094,#4095,#4096));
#1554=EDGE_LOOP('',(#4097,#4098,#4099,#4100));
#1555=EDGE_LOOP('',(#4101,#4102,#4103,#4104));
#1556=EDGE_LOOP('',(#4105,#4106,#4107,#4108));
#1557=EDGE_LOOP('',(#4109,#4110,#4111,#4112));
#1558=EDGE_LOOP('',(#4113,#4114,#4115,#4116));
#1559=EDGE_LOOP('',(#4117,#4118,#4119,#4120));
#1560=EDGE_LOOP('',(#4121,#4122,#4123,#4124));
#1561=EDGE_LOOP('',(#4125,#4126,#4127,#4128));
#1562=EDGE_LOOP('',(#4129,#4130,#4131,#4132));
#1563=EDGE_LOOP('',(#4133,#4134,#4135,#4136));
#1564=EDGE_LOOP('',(#4137,#4138,#4139,#4140));
#1565=EDGE_LOOP('',(#4141,#4142,#4143,#4144));
#1566=EDGE_LOOP('',(#4145,#4146,#4147,#4148));
#1567=EDGE_LOOP('',(#4149,#4150,#4151,#4152));
#1568=EDGE_LOOP('',(#4153,#4154,#4155,#4156));
#1569=EDGE_LOOP('',(#4157,#4158,#4159,#4160));
#1570=EDGE_LOOP('',(#4161,#4162,#4163,#4164));
#1571=EDGE_LOOP('',(#4165,#4166,#4167,#4168));
#1572=EDGE_LOOP('',(#4169,#4170,#4171,#4172));
#1573=EDGE_LOOP('',(#4173,#4174,#4175,#4176));
#1574=EDGE_LOOP('',(#4177,#4178,#4179,#4180));
#1575=EDGE_LOOP('',(#4181,#4182,#4183,#4184));
#1576=EDGE_LOOP('',(#4185,#4186,#4187,#4188));
#1577=EDGE_LOOP('',(#4189,#4190,#4191,#4192));
#1578=EDGE_LOOP('',(#4193,#4194,#4195,#4196));
#1579=EDGE_LOOP('',(#4197,#4198,#4199,#4200,#4201,#4202,#4203));
#1580=EDGE_LOOP('',(#4204,#4205,#4206,#4207,#4208,#4209));
#1581=EDGE_LOOP('',(#4210,#4211,#4212,#4213,#4214,#4215));
#1582=EDGE_LOOP('',(#4216,#4217,#4218,#4219,#4220,#4221,#4222,#4223));
#1583=EDGE_LOOP('',(#4224,#4225,#4226,#4227));
#1584=EDGE_LOOP('',(#4228,#4229,#4230,#4231));
#1585=EDGE_LOOP('',(#4232,#4233,#4234,#4235));
#1586=EDGE_LOOP('',(#4236,#4237,#4238,#4239));
#1587=EDGE_LOOP('',(#4240,#4241,#4242,#4243));
#1588=EDGE_LOOP('',(#4244,#4245,#4246,#4247));
#1589=EDGE_LOOP('',(#4248,#4249,#4250,#4251,#4252,#4253));
#1590=EDGE_LOOP('',(#4254,#4255,#4256,#4257));
#1591=EDGE_LOOP('',(#4258,#4259,#4260,#4261));
#1592=EDGE_LOOP('',(#4262,#4263,#4264,#4265));
#1593=EDGE_LOOP('',(#4266,#4267,#4268,#4269));
#1594=EDGE_LOOP('',(#4270,#4271,#4272,#4273));
#1595=EDGE_LOOP('',(#4274,#4275,#4276,#4277));
#1596=EDGE_LOOP('',(#4278,#4279,#4280,#4281));
#1597=EDGE_LOOP('',(#4282,#4283,#4284,#4285));
#1598=EDGE_LOOP('',(#4286,#4287,#4288,#4289));
#1599=EDGE_LOOP('',(#4290,#4291,#4292,#4293));
#1600=EDGE_LOOP('',(#4294,#4295,#4296,#4297));
#1601=EDGE_LOOP('',(#4298,#4299,#4300,#4301));
#1602=EDGE_LOOP('',(#4302,#4303,#4304,#4305));
#1603=EDGE_LOOP('',(#4306,#4307,#4308,#4309));
#1604=EDGE_LOOP('',(#4310));
#1605=EDGE_LOOP('',(#4311));
#1606=EDGE_LOOP('',(#4312));
#1607=EDGE_LOOP('',(#4313,#4314,#4315,#4316,#4317,#4318,#4319,#4320,#4321,
#4322,#4323,#4324,#4325,#4326,#4327,#4328,#4329,#4330,#4331,#4332,#4333,
#4334,#4335,#4336,#4337,#4338,#4339,#4340,#4341,#4342,#4343,#4344,#4345));
#1608=EDGE_LOOP('',(#4346,#4347,#4348,#4349,#4350,#4351));
#1609=EDGE_LOOP('',(#4352));
#1610=EDGE_LOOP('',(#4353));
#1611=EDGE_LOOP('',(#4354,#4355,#4356,#4357));
#1612=EDGE_LOOP('',(#4358,#4359,#4360,#4361));
#1613=EDGE_LOOP('',(#4362,#4363,#4364,#4365));
#1614=EDGE_LOOP('',(#4366,#4367,#4368,#4369));
#1615=EDGE_LOOP('',(#4370,#4371,#4372,#4373,#4374,#4375,#4376,#4377,#4378,
#4379,#4380,#4381,#4382,#4383,#4384,#4385,#4386,#4387,#4388,#4389,#4390,
#4391,#4392,#4393,#4394));
#1616=EDGE_LOOP('',(#4395,#4396,#4397,#4398,#4399,#4400));
#1617=EDGE_LOOP('',(#4401,#4402,#4403,#4404));
#1618=EDGE_LOOP('',(#4405,#4406,#4407,#4408));
#1619=EDGE_LOOP('',(#4409,#4410,#4411,#4412));
#1620=EDGE_LOOP('',(#4413,#4414,#4415,#4416));
#1621=EDGE_LOOP('',(#4417,#4418,#4419,#4420));
#1622=EDGE_LOOP('',(#4421,#4422,#4423,#4424));
#1623=EDGE_LOOP('',(#4425,#4426,#4427,#4428));
#1624=EDGE_LOOP('',(#4429,#4430,#4431,#4432));
#1625=EDGE_LOOP('',(#4433,#4434,#4435,#4436));
#1626=EDGE_LOOP('',(#4437,#4438,#4439,#4440));
#1627=EDGE_LOOP('',(#4441,#4442,#4443,#4444));
#1628=EDGE_LOOP('',(#4445,#4446,#4447,#4448));
#1629=EDGE_LOOP('',(#4449));
#1630=EDGE_LOOP('',(#4450));
#1631=EDGE_LOOP('',(#4451,#4452,#4453,#4454,#4455));
#1632=EDGE_LOOP('',(#4456,#4457,#4458,#4459,#4460));
#1633=EDGE_LOOP('',(#4461));
#1634=EDGE_LOOP('',(#4462,#4463,#4464,#4465,#4466));
#1635=EDGE_LOOP('',(#4467,#4468,#4469,#4470));
#1636=EDGE_LOOP('',(#4471,#4472,#4473,#4474,#4475));
#1637=EDGE_LOOP('',(#4476));
#1638=EDGE_LOOP('',(#4477));
#1639=EDGE_LOOP('',(#4478));
#1640=EDGE_LOOP('',(#4479));
#1641=EDGE_LOOP('',(#4480,#4481,#4482,#4483,#4484));
#1642=EDGE_LOOP('',(#4485,#4486,#4487,#4488));
#1643=EDGE_LOOP('',(#4489,#4490,#4491,#4492));
#1644=EDGE_LOOP('',(#4493,#4494,#4495,#4496));
#1645=EDGE_LOOP('',(#4497,#4498,#4499,#4500));
#1646=EDGE_LOOP('',(#4501,#4502,#4503,#4504));
#1647=EDGE_LOOP('',(#4505,#4506,#4507,#4508));
#1648=EDGE_LOOP('',(#4509,#4510,#4511,#4512));
#1649=EDGE_LOOP('',(#4513,#4514,#4515,#4516));
#1650=EDGE_LOOP('',(#4517,#4518,#4519,#4520));
#1651=EDGE_LOOP('',(#4521,#4522,#4523,#4524));
#1652=EDGE_LOOP('',(#4525,#4526,#4527,#4528));
#1653=EDGE_LOOP('',(#4529,#4530,#4531,#4532));
#1654=EDGE_LOOP('',(#4533,#4534,#4535,#4536));
#1655=EDGE_LOOP('',(#4537,#4538,#4539,#4540));
#1656=EDGE_LOOP('',(#4541,#4542,#4543,#4544));
#1657=EDGE_LOOP('',(#4545,#4546,#4547,#4548));
#1658=EDGE_LOOP('',(#4549,#4550,#4551,#4552));
#1659=EDGE_LOOP('',(#4553,#4554,#4555,#4556));
#1660=EDGE_LOOP('',(#4557,#4558,#4559,#4560));
#1661=EDGE_LOOP('',(#4561,#4562,#4563,#4564));
#1662=EDGE_LOOP('',(#4565,#4566,#4567,#4568));
#1663=EDGE_LOOP('',(#4569,#4570,#4571,#4572));
#1664=EDGE_LOOP('',(#4573,#4574,#4575,#4576));
#1665=EDGE_LOOP('',(#4577,#4578,#4579,#4580));
#1666=EDGE_LOOP('',(#4581,#4582,#4583,#4584));
#1667=EDGE_LOOP('',(#4585,#4586,#4587,#4588));
#1668=EDGE_LOOP('',(#4589,#4590,#4591,#4592));
#1669=EDGE_LOOP('',(#4593,#4594,#4595,#4596));
#1670=EDGE_LOOP('',(#4597,#4598,#4599,#4600));
#1671=EDGE_LOOP('',(#4601,#4602,#4603,#4604));
#1672=EDGE_LOOP('',(#4605,#4606,#4607,#4608));
#1673=EDGE_LOOP('',(#4609,#4610,#4611,#4612));
#1674=EDGE_LOOP('',(#4613,#4614,#4615,#4616));
#1675=EDGE_LOOP('',(#4617,#4618,#4619,#4620));
#1676=EDGE_LOOP('',(#4621,#4622,#4623,#4624));
#1677=EDGE_LOOP('',(#4625,#4626,#4627,#4628));
#1678=EDGE_LOOP('',(#4629,#4630,#4631,#4632));
#1679=EDGE_LOOP('',(#4633,#4634,#4635,#4636));
#1680=EDGE_LOOP('',(#4637,#4638,#4639,#4640));
#1681=EDGE_LOOP('',(#4641,#4642,#4643,#4644));
#1682=EDGE_LOOP('',(#4645,#4646,#4647,#4648));
#1683=EDGE_LOOP('',(#4649,#4650,#4651,#4652));
#1684=EDGE_LOOP('',(#4653,#4654,#4655,#4656));
#1685=EDGE_LOOP('',(#4657,#4658,#4659,#4660));
#1686=EDGE_LOOP('',(#4661,#4662,#4663,#4664));
#1687=EDGE_LOOP('',(#4665,#4666,#4667,#4668));
#1688=EDGE_LOOP('',(#4669,#4670,#4671,#4672));
#1689=EDGE_LOOP('',(#4673,#4674,#4675,#4676));
#1690=EDGE_LOOP('',(#4677,#4678,#4679,#4680));
#1691=EDGE_LOOP('',(#4681,#4682,#4683,#4684));
#1692=EDGE_LOOP('',(#4685,#4686,#4687,#4688,#4689,#4690,#4691,#4692,#4693,
#4694,#4695,#4696,#4697,#4698,#4699,#4700,#4701,#4702,#4703,#4704,#4705,
#4706,#4707,#4708,#4709,#4710,#4711,#4712,#4713,#4714,#4715,#4716,#4717,
#4718));
#1693=EDGE_LOOP('',(#4719,#4720,#4721,#4722,#4723));
#1694=EDGE_LOOP('',(#4724,#4725,#4726,#4727));
#1695=EDGE_LOOP('',(#4728,#4729,#4730,#4731,#4732,#4733));
#1696=EDGE_LOOP('',(#4734));
#1697=EDGE_LOOP('',(#4735));
#1698=EDGE_LOOP('',(#4736));
#1699=EDGE_LOOP('',(#4737,#4738,#4739,#4740,#4741));
#1700=EDGE_LOOP('',(#4742,#4743,#4744,#4745,#4746));
#1701=EDGE_LOOP('',(#4747,#4748,#4749,#4750,#4751,#4752,#4753,#4754,#4755,
#4756,#4757,#4758,#4759,#4760,#4761,#4762,#4763,#4764,#4765,#4766,#4767,
#4768,#4769,#4770,#4771,#4772));
#1702=EDGE_LOOP('',(#4773,#4774,#4775,#4776,#4777));
#1703=EDGE_LOOP('',(#4778,#4779,#4780,#4781));
#1704=EDGE_LOOP('',(#4782));
#1705=EDGE_LOOP('',(#4783));
#1706=EDGE_LOOP('',(#4784,#4785,#4786,#4787,#4788,#4789));
#1707=EDGE_LOOP('',(#4790,#4791,#4792,#4793,#4794));
#1708=EDGE_LOOP('',(#4795,#4796,#4797,#4798,#4799));
#1709=EDGE_LOOP('',(#4800,#4801,#4802,#4803));
#1710=EDGE_LOOP('',(#4804,#4805,#4806,#4807));
#1711=EDGE_LOOP('',(#4808,#4809,#4810,#4811));
#1712=EDGE_LOOP('',(#4812,#4813,#4814,#4815));
#1713=EDGE_LOOP('',(#4816,#4817,#4818,#4819,#4820,#4821,#4822));
#1714=EDGE_LOOP('',(#4823,#4824,#4825,#4826,#4827,#4828));
#1715=EDGE_LOOP('',(#4829,#4830,#4831,#4832,#4833,#4834));
#1716=EDGE_LOOP('',(#4835,#4836,#4837,#4838));
#1717=EDGE_LOOP('',(#4839,#4840,#4841,#4842));
#1718=EDGE_LOOP('',(#4843,#4844,#4845,#4846));
#1719=EDGE_LOOP('',(#4847,#4848,#4849,#4850));
#1720=EDGE_LOOP('',(#4851,#4852,#4853,#4854));
#1721=EDGE_LOOP('',(#4855,#4856,#4857,#4858));
#1722=EDGE_LOOP('',(#4859,#4860,#4861,#4862));
#1723=EDGE_LOOP('',(#4863,#4864,#4865,#4866));
#1724=EDGE_LOOP('',(#4867,#4868,#4869,#4870));
#1725=EDGE_LOOP('',(#4871,#4872,#4873,#4874));
#1726=EDGE_LOOP('',(#4875,#4876,#4877,#4878,#4879,#4880));
#1727=EDGE_LOOP('',(#4881,#4882,#4883,#4884));
#1728=EDGE_LOOP('',(#4885,#4886,#4887,#4888,#4889,#4890,#4891,#4892));
#1729=EDGE_LOOP('',(#4893,#4894,#4895,#4896));
#1730=EDGE_LOOP('',(#4897,#4898,#4899,#4900));
#1731=EDGE_LOOP('',(#4901,#4902,#4903,#4904));
#1732=EDGE_LOOP('',(#4905,#4906,#4907,#4908));
#1733=EDGE_LOOP('',(#4909,#4910,#4911,#4912));
#1734=EDGE_LOOP('',(#4913,#4914,#4915,#4916));
#1735=EDGE_LOOP('',(#4917,#4918,#4919,#4920));
#1736=EDGE_LOOP('',(#4921,#4922,#4923,#4924));
#1737=EDGE_LOOP('',(#4925,#4926,#4927,#4928));
#1738=EDGE_LOOP('',(#4929,#4930,#4931,#4932));
#1739=EDGE_LOOP('',(#4933,#4934,#4935,#4936));
#1740=EDGE_LOOP('',(#4937,#4938,#4939,#4940));
#1741=EDGE_LOOP('',(#4941,#4942,#4943,#4944));
#1742=EDGE_LOOP('',(#4945,#4946,#4947,#4948));
#1743=EDGE_LOOP('',(#4949,#4950,#4951,#4952));
#1744=EDGE_LOOP('',(#4953));
#1745=EDGE_LOOP('',(#4954));
#1746=EDGE_LOOP('',(#4955,#4956,#4957,#4958,#4959));
#1747=EDGE_LOOP('',(#4960,#4961,#4962,#4963));
#1748=EDGE_LOOP('',(#4964,#4965,#4966,#4967,#4968));
#1749=EDGE_LOOP('',(#4969));
#1750=EDGE_LOOP('',(#4970,#4971,#4972,#4973,#4974));
#1751=EDGE_LOOP('',(#4975,#4976,#4977,#4978));
#1752=EDGE_LOOP('',(#4979,#4980,#4981,#4982,#4983));
#1753=EDGE_LOOP('',(#4984));
#1754=EDGE_LOOP('',(#4985));
#1755=EDGE_LOOP('',(#4986));
#1756=EDGE_LOOP('',(#4987));
#1757=EDGE_LOOP('',(#4988,#4989,#4990,#4991));
#1758=EDGE_LOOP('',(#4992,#4993,#4994,#4995,#4996));
#1759=EDGE_LOOP('',(#4997,#4998,#4999,#5000));
#1760=EDGE_LOOP('',(#5001,#5002,#5003,#5004));
#1761=EDGE_LOOP('',(#5005,#5006,#5007,#5008));
#1762=EDGE_LOOP('',(#5009,#5010,#5011,#5012));
#1763=EDGE_LOOP('',(#5013,#5014,#5015,#5016));
#1764=EDGE_LOOP('',(#5017,#5018,#5019,#5020));
#1765=EDGE_LOOP('',(#5021,#5022,#5023,#5024));
#1766=EDGE_LOOP('',(#5025,#5026,#5027,#5028));
#1767=EDGE_LOOP('',(#5029,#5030,#5031,#5032));
#1768=EDGE_LOOP('',(#5033,#5034,#5035,#5036));
#1769=EDGE_LOOP('',(#5037,#5038,#5039,#5040));
#1770=EDGE_LOOP('',(#5041,#5042,#5043,#5044));
#1771=EDGE_LOOP('',(#5045,#5046,#5047,#5048));
#1772=EDGE_LOOP('',(#5049,#5050,#5051,#5052));
#1773=EDGE_LOOP('',(#5053,#5054,#5055,#5056));
#1774=EDGE_LOOP('',(#5057,#5058,#5059,#5060));
#1775=EDGE_LOOP('',(#5061,#5062,#5063,#5064));
#1776=EDGE_LOOP('',(#5065,#5066,#5067,#5068));
#1777=EDGE_LOOP('',(#5069,#5070,#5071,#5072));
#1778=EDGE_LOOP('',(#5073,#5074,#5075,#5076));
#1779=EDGE_LOOP('',(#5077,#5078,#5079,#5080));
#1780=EDGE_LOOP('',(#5081,#5082,#5083,#5084));
#1781=EDGE_LOOP('',(#5085,#5086,#5087,#5088));
#1782=EDGE_LOOP('',(#5089,#5090,#5091,#5092));
#1783=EDGE_LOOP('',(#5093,#5094,#5095,#5096));
#1784=EDGE_LOOP('',(#5097,#5098,#5099,#5100));
#1785=EDGE_LOOP('',(#5101,#5102,#5103,#5104));
#1786=EDGE_LOOP('',(#5105,#5106,#5107,#5108));
#1787=EDGE_LOOP('',(#5109,#5110,#5111,#5112));
#1788=EDGE_LOOP('',(#5113,#5114,#5115,#5116));
#1789=EDGE_LOOP('',(#5117,#5118,#5119,#5120));
#1790=EDGE_LOOP('',(#5121,#5122,#5123,#5124));
#1791=EDGE_LOOP('',(#5125,#5126,#5127,#5128));
#1792=EDGE_LOOP('',(#5129,#5130,#5131,#5132));
#1793=EDGE_LOOP('',(#5133,#5134,#5135,#5136));
#1794=EDGE_LOOP('',(#5137,#5138,#5139,#5140));
#1795=EDGE_LOOP('',(#5141,#5142,#5143,#5144));
#1796=EDGE_LOOP('',(#5145,#5146,#5147,#5148));
#1797=EDGE_LOOP('',(#5149,#5150,#5151,#5152));
#1798=EDGE_LOOP('',(#5153,#5154,#5155,#5156));
#1799=EDGE_LOOP('',(#5157,#5158,#5159,#5160));
#1800=EDGE_LOOP('',(#5161,#5162,#5163,#5164));
#1801=EDGE_LOOP('',(#5165,#5166,#5167,#5168));
#1802=EDGE_LOOP('',(#5169,#5170,#5171,#5172));
#1803=EDGE_LOOP('',(#5173,#5174,#5175,#5176));
#1804=EDGE_LOOP('',(#5177,#5178,#5179,#5180));
#1805=EDGE_LOOP('',(#5181,#5182,#5183,#5184));
#1806=EDGE_LOOP('',(#5185,#5186,#5187,#5188));
#1807=EDGE_LOOP('',(#5189,#5190,#5191,#5192));
#1808=EDGE_LOOP('',(#5193,#5194,#5195,#5196));
#1809=EDGE_LOOP('',(#5197,#5198,#5199,#5200));
#1810=EDGE_LOOP('',(#5201,#5202,#5203,#5204));
#1811=EDGE_LOOP('',(#5205,#5206,#5207,#5208));
#1812=EDGE_LOOP('',(#5209,#5210,#5211,#5212));
#1813=LINE('',#10118,#2489);
#1814=LINE('',#10122,#2490);
#1815=LINE('',#10126,#2491);
#1816=LINE('',#10130,#2492);
#1817=LINE('',#10131,#2493);
#1818=LINE('',#10136,#2494);
#1819=LINE('',#10140,#2495);
#1820=LINE('',#10149,#2496);
#1821=LINE('',#10154,#2497);
#1822=LINE('',#10156,#2498);
#1823=LINE('',#10160,#2499);
#1824=LINE('',#10164,#2500);
#1825=LINE('',#10168,#2501);
#1826=LINE('',#10170,#2502);
#1827=LINE('',#10172,#2503);
#1828=LINE('',#10176,#2504);
#1829=LINE('',#10178,#2505);
#1830=LINE('',#10180,#2506);
#1831=LINE('',#10184,#2507);
#1832=LINE('',#10186,#2508);
#1833=LINE('',#10188,#2509);
#1834=LINE('',#10190,#2510);
#1835=LINE('',#10200,#2511);
#1836=LINE('',#10204,#2512);
#1837=LINE('',#10214,#2513);
#1838=LINE('',#10222,#2514);
#1839=LINE('',#10226,#2515);
#1840=LINE('',#10227,#2516);
#1841=LINE('',#10234,#2517);
#1842=LINE('',#10243,#2518);
#1843=LINE('',#10247,#2519);
#1844=LINE('',#10248,#2520);
#1845=LINE('',#10253,#2521);
#1846=LINE('',#10263,#2522);
#1847=LINE('',#10265,#2523);
#1848=LINE('',#10267,#2524);
#1849=LINE('',#10271,#2525);
#1850=LINE('',#10275,#2526);
#1851=LINE('',#10279,#2527);
#1852=LINE('',#10281,#2528);
#1853=LINE('',#10283,#2529);
#1854=LINE('',#10287,#2530);
#1855=LINE('',#10297,#2531);
#1856=LINE('',#10301,#2532);
#1857=LINE('',#10311,#2533);
#1858=LINE('',#10312,#2534);
#1859=LINE('',#10317,#2535);
#1860=LINE('',#10321,#2536);
#1861=LINE('',#10329,#2537);
#1862=LINE('',#10333,#2538);
#1863=LINE('',#10337,#2539);
#1864=LINE('',#10341,#2540);
#1865=LINE('',#10345,#2541);
#1866=LINE('',#10346,#2542);
#1867=LINE('',#10348,#2543);
#1868=LINE('',#10349,#2544);
#1869=LINE('',#10351,#2545);
#1870=LINE('',#10352,#2546);
#1871=LINE('',#10354,#2547);
#1872=LINE('',#10356,#2548);
#1873=LINE('',#10358,#2549);
#1874=LINE('',#10360,#2550);
#1875=LINE('',#10364,#2551);
#1876=LINE('',#10366,#2552);
#1877=LINE('',#10368,#2553);
#1878=LINE('',#10370,#2554);
#1879=LINE('',#10372,#2555);
#1880=LINE('',#10375,#2556);
#1881=LINE('',#10377,#2557);
#1882=LINE('',#10379,#2558);
#1883=LINE('',#10381,#2559);
#1884=LINE('',#10383,#2560);
#1885=LINE('',#10385,#2561);
#1886=LINE('',#10386,#2562);
#1887=LINE('',#10388,#2563);
#1888=LINE('',#10390,#2564);
#1889=LINE('',#10392,#2565);
#1890=LINE('',#10393,#2566);
#1891=LINE('',#10395,#2567);
#1892=LINE('',#10396,#2568);
#1893=LINE('',#10398,#2569);
#1894=LINE('',#10401,#2570);
#1895=LINE('',#10403,#2571);
#1896=LINE('',#10405,#2572);
#1897=LINE('',#10407,#2573);
#1898=LINE('',#10413,#2574);
#1899=LINE('',#10419,#2575);
#1900=LINE('',#10425,#2576);
#1901=LINE('',#10428,#2577);
#1902=LINE('',#10430,#2578);
#1903=LINE('',#10432,#2579);
#1904=LINE('',#10434,#2580);
#1905=LINE('',#10435,#2581);
#1906=LINE('',#10437,#2582);
#1907=LINE('',#10438,#2583);
#1908=LINE('',#10440,#2584);
#1909=LINE('',#10441,#2585);
#1910=LINE('',#10443,#2586);
#1911=LINE('',#10446,#2587);
#1912=LINE('',#10447,#2588);
#1913=LINE('',#10449,#2589);
#1914=LINE('',#10452,#2590);
#1915=LINE('',#10453,#2591);
#1916=LINE('',#10455,#2592);
#1917=LINE('',#10458,#2593);
#1918=LINE('',#10460,#2594);
#1919=LINE('',#10461,#2595);
#1920=LINE('',#10463,#2596);
#1921=LINE('',#10465,#2597);
#1922=LINE('',#10467,#2598);
#1923=LINE('',#10469,#2599);
#1924=LINE('',#10474,#2600);
#1925=LINE('',#10478,#2601);
#1926=LINE('',#10484,#2602);
#1927=LINE('',#10490,#2603);
#1928=LINE('',#10493,#2604);
#1929=LINE('',#10494,#2605);
#1930=LINE('',#10496,#2606);
#1931=LINE('',#10497,#2607);
#1932=LINE('',#10518,#2608);
#1933=LINE('',#10519,#2609);
#1934=LINE('',#10522,#2610);
#1935=LINE('',#10523,#2611);
#1936=LINE('',#10525,#2612);
#1937=LINE('',#10526,#2613);
#1938=LINE('',#10528,#2614);
#1939=LINE('',#10529,#2615);
#1940=LINE('',#10533,#2616);
#1941=LINE('',#10537,#2617);
#1942=LINE('',#10549,#2618);
#1943=LINE('',#10552,#2619);
#1944=LINE('',#10553,#2620);
#1945=LINE('',#10557,#2621);
#1946=LINE('',#10558,#2622);
#1947=LINE('',#10560,#2623);
#1948=LINE('',#10564,#2624);
#1949=LINE('',#10565,#2625);
#1950=LINE('',#10567,#2626);
#1951=LINE('',#10571,#2627);
#1952=LINE('',#10572,#2628);
#1953=LINE('',#10574,#2629);
#1954=LINE('',#10580,#2630);
#1955=LINE('',#10582,#2631);
#1956=LINE('',#10584,#2632);
#1957=LINE('',#10586,#2633);
#1958=LINE('',#10588,#2634);
#1959=LINE('',#10590,#2635);
#1960=LINE('',#10592,#2636);
#1961=LINE('',#10594,#2637);
#1962=LINE('',#10596,#2638);
#1963=LINE('',#10598,#2639);
#1964=LINE('',#10600,#2640);
#1965=LINE('',#10602,#2641);
#1966=LINE('',#10604,#2642);
#1967=LINE('',#10606,#2643);
#1968=LINE('',#10614,#2644);
#1969=LINE('',#10616,#2645);
#1970=LINE('',#10619,#2646);
#1971=LINE('',#10621,#2647);
#1972=LINE('',#10623,#2648);
#1973=LINE('',#10625,#2649);
#1974=LINE('',#10627,#2650);
#1975=LINE('',#10629,#2651);
#1976=LINE('',#10631,#2652);
#1977=LINE('',#10633,#2653);
#1978=LINE('',#10635,#2654);
#1979=LINE('',#10637,#2655);
#1980=LINE('',#10639,#2656);
#1981=LINE('',#10641,#2657);
#1982=LINE('',#10643,#2658);
#1983=LINE('',#10645,#2659);
#1984=LINE('',#10647,#2660);
#1985=LINE('',#10649,#2661);
#1986=LINE('',#10652,#2662);
#1987=LINE('',#10655,#2663);
#1988=LINE('',#10657,#2664);
#1989=LINE('',#10659,#2665);
#1990=LINE('',#10664,#2666);
#1991=LINE('',#10668,#2667);
#1992=LINE('',#10670,#2668);
#1993=LINE('',#10672,#2669);
#1994=LINE('',#10674,#2670);
#1995=LINE('',#10676,#2671);
#1996=LINE('',#10677,#2672);
#1997=LINE('',#10679,#2673);
#1998=LINE('',#10682,#2674);
#1999=LINE('',#10684,#2675);
#2000=LINE('',#10686,#2676);
#2001=LINE('',#10688,#2677);
#2002=LINE('',#10690,#2678);
#2003=LINE('',#10692,#2679);
#2004=LINE('',#10697,#2680);
#2005=LINE('',#10701,#2681);
#2006=LINE('',#10705,#2682);
#2007=LINE('',#10708,#2683);
#2008=LINE('',#10710,#2684);
#2009=LINE('',#10711,#2685);
#2010=LINE('',#10713,#2686);
#2011=LINE('',#10715,#2687);
#2012=LINE('',#10717,#2688);
#2013=LINE('',#10719,#2689);
#2014=LINE('',#10722,#2690);
#2015=LINE('',#10724,#2691);
#2016=LINE('',#10726,#2692);
#2017=LINE('',#10728,#2693);
#2018=LINE('',#10731,#2694);
#2019=LINE('',#10733,#2695);
#2020=LINE('',#10735,#2696);
#2021=LINE('',#10737,#2697);
#2022=LINE('',#10739,#2698);
#2023=LINE('',#10741,#2699);
#2024=LINE('',#10743,#2700);
#2025=LINE('',#10746,#2701);
#2026=LINE('',#10748,#2702);
#2027=LINE('',#10750,#2703);
#2028=LINE('',#10752,#2704);
#2029=LINE('',#10755,#2705);
#2030=LINE('',#10757,#2706);
#2031=LINE('',#10759,#2707);
#2032=LINE('',#10761,#2708);
#2033=LINE('',#10764,#2709);
#2034=LINE('',#10766,#2710);
#2035=LINE('',#10768,#2711);
#2036=LINE('',#10770,#2712);
#2037=LINE('',#10773,#2713);
#2038=LINE('',#10775,#2714);
#2039=LINE('',#10776,#2715);
#2040=LINE('',#10778,#2716);
#2041=LINE('',#10780,#2717);
#2042=LINE('',#10783,#2718);
#2043=LINE('',#10784,#2719);
#2044=LINE('',#10786,#2720);
#2045=LINE('',#10791,#2721);
#2046=LINE('',#10795,#2722);
#2047=LINE('',#10801,#2723);
#2048=LINE('',#10807,#2724);
#2049=LINE('',#10810,#2725);
#2050=LINE('',#10811,#2726);
#2051=LINE('',#10813,#2727);
#2052=LINE('',#10816,#2728);
#2053=LINE('',#10818,#2729);
#2054=LINE('',#10820,#2730);
#2055=LINE('',#10822,#2731);
#2056=LINE('',#10828,#2732);
#2057=LINE('',#10834,#2733);
#2058=LINE('',#10840,#2734);
#2059=LINE('',#10843,#2735);
#2060=LINE('',#10845,#2736);
#2061=LINE('',#10847,#2737);
#2062=LINE('',#10849,#2738);
#2063=LINE('',#10854,#2739);
#2064=LINE('',#10857,#2740);
#2065=LINE('',#10862,#2741);
#2066=LINE('',#10865,#2742);
#2067=LINE('',#10870,#2743);
#2068=LINE('',#10873,#2744);
#2069=LINE('',#10878,#2745);
#2070=LINE('',#10890,#2746);
#2071=LINE('',#10892,#2747);
#2072=LINE('',#10896,#2748);
#2073=LINE('',#10900,#2749);
#2074=LINE('',#10902,#2750);
#2075=LINE('',#10904,#2751);
#2076=LINE('',#10905,#2752);
#2077=LINE('',#10906,#2753);
#2078=LINE('',#10908,#2754);
#2079=LINE('',#10918,#2755);
#2080=LINE('',#10922,#2756);
#2081=LINE('',#10932,#2757);
#2082=LINE('',#10944,#2758);
#2083=LINE('',#10948,#2759);
#2084=LINE('',#10952,#2760);
#2085=LINE('',#10956,#2761);
#2086=LINE('',#10960,#2762);
#2087=LINE('',#10964,#2763);
#2088=LINE('',#10968,#2764);
#2089=LINE('',#10972,#2765);
#2090=LINE('',#10973,#2766);
#2091=LINE('',#10977,#2767);
#2092=LINE('',#10987,#2768);
#2093=LINE('',#10991,#2769);
#2094=LINE('',#11001,#2770);
#2095=LINE('',#11005,#2771);
#2096=LINE('',#11029,#2772);
#2097=LINE('',#11030,#2773);
#2098=LINE('',#11032,#2774);
#2099=LINE('',#11033,#2775);
#2100=LINE('',#11035,#2776);
#2101=LINE('',#11036,#2777);
#2102=LINE('',#11038,#2778);
#2103=LINE('',#11039,#2779);
#2104=LINE('',#11042,#2780);
#2105=LINE('',#11043,#2781);
#2106=LINE('',#11049,#2782);
#2107=LINE('',#11053,#2783);
#2108=LINE('',#11055,#2784);
#2109=LINE('',#11057,#2785);
#2110=LINE('',#11059,#2786);
#2111=LINE('',#11061,#2787);
#2112=LINE('',#11065,#2788);
#2113=LINE('',#11069,#2789);
#2114=LINE('',#11070,#2790);
#2115=LINE('',#11074,#2791);
#2116=LINE('',#11075,#2792);
#2117=LINE('',#11079,#2793);
#2118=LINE('',#11080,#2794);
#2119=LINE('',#11084,#2795);
#2120=LINE('',#11085,#2796);
#2121=LINE('',#11091,#2797);
#2122=LINE('',#11093,#2798);
#2123=LINE('',#11095,#2799);
#2124=LINE('',#11097,#2800);
#2125=LINE('',#11099,#2801);
#2126=LINE('',#11101,#2802);
#2127=LINE('',#11103,#2803);
#2128=LINE('',#11105,#2804);
#2129=LINE('',#11107,#2805);
#2130=LINE('',#11109,#2806);
#2131=LINE('',#11111,#2807);
#2132=LINE('',#11113,#2808);
#2133=LINE('',#11115,#2809);
#2134=LINE('',#11123,#2810);
#2135=LINE('',#11125,#2811);
#2136=LINE('',#11128,#2812);
#2137=LINE('',#11130,#2813);
#2138=LINE('',#11132,#2814);
#2139=LINE('',#11134,#2815);
#2140=LINE('',#11136,#2816);
#2141=LINE('',#11138,#2817);
#2142=LINE('',#11140,#2818);
#2143=LINE('',#11142,#2819);
#2144=LINE('',#11144,#2820);
#2145=LINE('',#11146,#2821);
#2146=LINE('',#11148,#2822);
#2147=LINE('',#11150,#2823);
#2148=LINE('',#11152,#2824);
#2149=LINE('',#11154,#2825);
#2150=LINE('',#11156,#2826);
#2151=LINE('',#11159,#2827);
#2152=LINE('',#11162,#2828);
#2153=LINE('',#11164,#2829);
#2154=LINE('',#11166,#2830);
#2155=LINE('',#11171,#2831);
#2156=LINE('',#11175,#2832);
#2157=LINE('',#11177,#2833);
#2158=LINE('',#11179,#2834);
#2159=LINE('',#11180,#2835);
#2160=LINE('',#11182,#2836);
#2161=LINE('',#11184,#2837);
#2162=LINE('',#11186,#2838);
#2163=LINE('',#11189,#2839);
#2164=LINE('',#11191,#2840);
#2165=LINE('',#11193,#2841);
#2166=LINE('',#11195,#2842);
#2167=LINE('',#11197,#2843);
#2168=LINE('',#11199,#2844);
#2169=LINE('',#11204,#2845);
#2170=LINE('',#11208,#2846);
#2171=LINE('',#11212,#2847);
#2172=LINE('',#11215,#2848);
#2173=LINE('',#11217,#2849);
#2174=LINE('',#11219,#2850);
#2175=LINE('',#11221,#2851);
#2176=LINE('',#11222,#2852);
#2177=LINE('',#11224,#2853);
#2178=LINE('',#11226,#2854);
#2179=LINE('',#11229,#2855);
#2180=LINE('',#11231,#2856);
#2181=LINE('',#11233,#2857);
#2182=LINE('',#11235,#2858);
#2183=LINE('',#11238,#2859);
#2184=LINE('',#11240,#2860);
#2185=LINE('',#11242,#2861);
#2186=LINE('',#11244,#2862);
#2187=LINE('',#11246,#2863);
#2188=LINE('',#11248,#2864);
#2189=LINE('',#11250,#2865);
#2190=LINE('',#11253,#2866);
#2191=LINE('',#11255,#2867);
#2192=LINE('',#11257,#2868);
#2193=LINE('',#11259,#2869);
#2194=LINE('',#11262,#2870);
#2195=LINE('',#11264,#2871);
#2196=LINE('',#11266,#2872);
#2197=LINE('',#11268,#2873);
#2198=LINE('',#11271,#2874);
#2199=LINE('',#11273,#2875);
#2200=LINE('',#11275,#2876);
#2201=LINE('',#11277,#2877);
#2202=LINE('',#11280,#2878);
#2203=LINE('',#11282,#2879);
#2204=LINE('',#11283,#2880);
#2205=LINE('',#11285,#2881);
#2206=LINE('',#11287,#2882);
#2207=LINE('',#11290,#2883);
#2208=LINE('',#11291,#2884);
#2209=LINE('',#11293,#2885);
#2210=LINE('',#11298,#2886);
#2211=LINE('',#11302,#2887);
#2212=LINE('',#11308,#2888);
#2213=LINE('',#11314,#2889);
#2214=LINE('',#11317,#2890);
#2215=LINE('',#11318,#2891);
#2216=LINE('',#11320,#2892);
#2217=LINE('',#11323,#2893);
#2218=LINE('',#11325,#2894);
#2219=LINE('',#11327,#2895);
#2220=LINE('',#11329,#2896);
#2221=LINE('',#11335,#2897);
#2222=LINE('',#11341,#2898);
#2223=LINE('',#11347,#2899);
#2224=LINE('',#11350,#2900);
#2225=LINE('',#11352,#2901);
#2226=LINE('',#11354,#2902);
#2227=LINE('',#11356,#2903);
#2228=LINE('',#11361,#2904);
#2229=LINE('',#11364,#2905);
#2230=LINE('',#11369,#2906);
#2231=LINE('',#11372,#2907);
#2232=LINE('',#11377,#2908);
#2233=LINE('',#11380,#2909);
#2234=LINE('',#11385,#2910);
#2235=LINE('',#11397,#2911);
#2236=LINE('',#11401,#2912);
#2237=LINE('',#11403,#2913);
#2238=LINE('',#11407,#2914);
#2239=LINE('',#11417,#2915);
#2240=LINE('',#11421,#2916);
#2241=LINE('',#11431,#2917);
#2242=LINE('',#11433,#2918);
#2243=LINE('',#11434,#2919);
#2244=LINE('',#11435,#2920);
#2245=LINE('',#11437,#2921);
#2246=LINE('',#11439,#2922);
#2247=LINE('',#11451,#2923);
#2248=LINE('',#11455,#2924);
#2249=LINE('',#11459,#2925);
#2250=LINE('',#11463,#2926);
#2251=LINE('',#11467,#2927);
#2252=LINE('',#11471,#2928);
#2253=LINE('',#11475,#2929);
#2254=LINE('',#11479,#2930);
#2255=LINE('',#11480,#2931);
#2256=LINE('',#11485,#2932);
#2257=LINE('',#11489,#2933);
#2258=LINE('',#11493,#2934);
#2259=LINE('',#11503,#2935);
#2260=LINE('',#11507,#2936);
#2261=LINE('',#11536,#2937);
#2262=LINE('',#11537,#2938);
#2263=LINE('',#11539,#2939);
#2264=LINE('',#11540,#2940);
#2265=LINE('',#11542,#2941);
#2266=LINE('',#11543,#2942);
#2267=LINE('',#11545,#2943);
#2268=LINE('',#11546,#2944);
#2269=LINE('',#11549,#2945);
#2270=LINE('',#11550,#2946);
#2271=LINE('',#11556,#2947);
#2272=LINE('',#11560,#2948);
#2273=LINE('',#11562,#2949);
#2274=LINE('',#11564,#2950);
#2275=LINE('',#11566,#2951);
#2276=LINE('',#11568,#2952);
#2277=LINE('',#11572,#2953);
#2278=LINE('',#11576,#2954);
#2279=LINE('',#11577,#2955);
#2280=LINE('',#11581,#2956);
#2281=LINE('',#11582,#2957);
#2282=LINE('',#11586,#2958);
#2283=LINE('',#11587,#2959);
#2284=LINE('',#11591,#2960);
#2285=LINE('',#11592,#2961);
#2286=LINE('',#11598,#2962);
#2287=LINE('',#11600,#2963);
#2288=LINE('',#11602,#2964);
#2289=LINE('',#11604,#2965);
#2290=LINE('',#11606,#2966);
#2291=LINE('',#11608,#2967);
#2292=LINE('',#11610,#2968);
#2293=LINE('',#11612,#2969);
#2294=LINE('',#11614,#2970);
#2295=LINE('',#11616,#2971);
#2296=LINE('',#11618,#2972);
#2297=LINE('',#11620,#2973);
#2298=LINE('',#11622,#2974);
#2299=LINE('',#11630,#2975);
#2300=LINE('',#11632,#2976);
#2301=LINE('',#11634,#2977);
#2302=LINE('',#11636,#2978);
#2303=LINE('',#11638,#2979);
#2304=LINE('',#11640,#2980);
#2305=LINE('',#11642,#2981);
#2306=LINE('',#11644,#2982);
#2307=LINE('',#11646,#2983);
#2308=LINE('',#11648,#2984);
#2309=LINE('',#11650,#2985);
#2310=LINE('',#11652,#2986);
#2311=LINE('',#11654,#2987);
#2312=LINE('',#11656,#2988);
#2313=LINE('',#11658,#2989);
#2314=LINE('',#11661,#2990);
#2315=LINE('',#11663,#2991);
#2316=LINE('',#11666,#2992);
#2317=LINE('',#11669,#2993);
#2318=LINE('',#11673,#2994);
#2319=LINE('',#11675,#2995);
#2320=LINE('',#11677,#2996);
#2321=LINE('',#11681,#2997);
#2322=LINE('',#11685,#2998);
#2323=LINE('',#11689,#2999);
#2324=LINE('',#11691,#3000);
#2325=LINE('',#11695,#3001);
#2326=LINE('',#11699,#3002);
#2327=LINE('',#11709,#3003);
#2328=LINE('',#11713,#3004);
#2329=LINE('',#11723,#3005);
#2330=LINE('',#11725,#3006);
#2331=LINE('',#11727,#3007);
#2332=LINE('',#11729,#3008);
#2333=LINE('',#11733,#3009);
#2334=LINE('',#11737,#3010);
#2335=LINE('',#11741,#3011);
#2336=LINE('',#11747,#3012);
#2337=LINE('',#11751,#3013);
#2338=LINE('',#11752,#3014);
#2339=LINE('',#11757,#3015);
#2340=LINE('',#11761,#3016);
#2341=LINE('',#11773,#3017);
#2342=LINE('',#11777,#3018);
#2343=LINE('',#11780,#3019);
#2344=LINE('',#11785,#3020);
#2345=LINE('',#11791,#3021);
#2346=LINE('',#11794,#3022);
#2347=LINE('',#11798,#3023);
#2348=LINE('',#11808,#3024);
#2349=LINE('',#11812,#3025);
#2350=LINE('',#11822,#3026);
#2351=LINE('',#11826,#3027);
#2352=LINE('',#11828,#3028);
#2353=LINE('',#11830,#3029);
#2354=LINE('',#11834,#3030);
#2355=LINE('',#11838,#3031);
#2356=LINE('',#11842,#3032);
#2357=LINE('',#11846,#3033);
#2358=LINE('',#11850,#3034);
#2359=LINE('',#11853,#3035);
#2360=LINE('',#11858,#3036);
#2361=LINE('',#11865,#3037);
#2362=LINE('',#11870,#3038);
#2363=LINE('',#11874,#3039);
#2364=LINE('',#11880,#3040);
#2365=LINE('',#11884,#3041);
#2366=LINE('',#11892,#3042);
#2367=LINE('',#11896,#3043);
#2368=LINE('',#11898,#3044);
#2369=LINE('',#11899,#3045);
#2370=LINE('',#11901,#3046);
#2371=LINE('',#11902,#3047);
#2372=LINE('',#11904,#3048);
#2373=LINE('',#11905,#3049);
#2374=LINE('',#11907,#3050);
#2375=LINE('',#11909,#3051);
#2376=LINE('',#11911,#3052);
#2377=LINE('',#11913,#3053);
#2378=LINE('',#11915,#3054);
#2379=LINE('',#11917,#3055);
#2380=LINE('',#11919,#3056);
#2381=LINE('',#11923,#3057);
#2382=LINE('',#11925,#3058);
#2383=LINE('',#11928,#3059);
#2384=LINE('',#11930,#3060);
#2385=LINE('',#11932,#3061);
#2386=LINE('',#11934,#3062);
#2387=LINE('',#11936,#3063);
#2388=LINE('',#11938,#3064);
#2389=LINE('',#11939,#3065);
#2390=LINE('',#11941,#3066);
#2391=LINE('',#11943,#3067);
#2392=LINE('',#11945,#3068);
#2393=LINE('',#11946,#3069);
#2394=LINE('',#11948,#3070);
#2395=LINE('',#11949,#3071);
#2396=LINE('',#11951,#3072);
#2397=LINE('',#11954,#3073);
#2398=LINE('',#11956,#3074);
#2399=LINE('',#11958,#3075);
#2400=LINE('',#11962,#3076);
#2401=LINE('',#11968,#3077);
#2402=LINE('',#11974,#3078);
#2403=LINE('',#11978,#3079);
#2404=LINE('',#11981,#3080);
#2405=LINE('',#11983,#3081);
#2406=LINE('',#11985,#3082);
#2407=LINE('',#11987,#3083);
#2408=LINE('',#11988,#3084);
#2409=LINE('',#11990,#3085);
#2410=LINE('',#11991,#3086);
#2411=LINE('',#11993,#3087);
#2412=LINE('',#11994,#3088);
#2413=LINE('',#11996,#3089);
#2414=LINE('',#11998,#3090);
#2415=LINE('',#12000,#3091);
#2416=LINE('',#12002,#3092);
#2417=LINE('',#12004,#3093);
#2418=LINE('',#12006,#3094);
#2419=LINE('',#12008,#3095);
#2420=LINE('',#12011,#3096);
#2421=LINE('',#12013,#3097);
#2422=LINE('',#12014,#3098);
#2423=LINE('',#12016,#3099);
#2424=LINE('',#12018,#3100);
#2425=LINE('',#12020,#3101);
#2426=LINE('',#12022,#3102);
#2427=LINE('',#12027,#3103);
#2428=LINE('',#12033,#3104);
#2429=LINE('',#12039,#3105);
#2430=LINE('',#12043,#3106);
#2431=LINE('',#12045,#3107);
#2432=LINE('',#12047,#3108);
#2433=LINE('',#12049,#3109);
#2434=LINE('',#12050,#3110);
#2435=LINE('',#12071,#3111);
#2436=LINE('',#12072,#3112);
#2437=LINE('',#12075,#3113);
#2438=LINE('',#12076,#3114);
#2439=LINE('',#12078,#3115);
#2440=LINE('',#12079,#3116);
#2441=LINE('',#12081,#3117);
#2442=LINE('',#12082,#3118);
#2443=LINE('',#12088,#3119);
#2444=LINE('',#12092,#3120);
#2445=LINE('',#12102,#3121);
#2446=LINE('',#12105,#3122);
#2447=LINE('',#12106,#3123);
#2448=LINE('',#12110,#3124);
#2449=LINE('',#12111,#3125);
#2450=LINE('',#12113,#3126);
#2451=LINE('',#12117,#3127);
#2452=LINE('',#12118,#3128);
#2453=LINE('',#12120,#3129);
#2454=LINE('',#12124,#3130);
#2455=LINE('',#12125,#3131);
#2456=LINE('',#12127,#3132);
#2457=LINE('',#12133,#3133);
#2458=LINE('',#12135,#3134);
#2459=LINE('',#12138,#3135);
#2460=LINE('',#12140,#3136);
#2461=LINE('',#12142,#3137);
#2462=LINE('',#12144,#3138);
#2463=LINE('',#12146,#3139);
#2464=LINE('',#12148,#3140);
#2465=LINE('',#12150,#3141);
#2466=LINE('',#12152,#3142);
#2467=LINE('',#12154,#3143);
#2468=LINE('',#12156,#3144);
#2469=LINE('',#12158,#3145);
#2470=LINE('',#12160,#3146);
#2471=LINE('',#12162,#3147);
#2472=LINE('',#12164,#3148);
#2473=LINE('',#12172,#3149);
#2474=LINE('',#12174,#3150);
#2475=LINE('',#12176,#3151);
#2476=LINE('',#12178,#3152);
#2477=LINE('',#12180,#3153);
#2478=LINE('',#12182,#3154);
#2479=LINE('',#12184,#3155);
#2480=LINE('',#12186,#3156);
#2481=LINE('',#12188,#3157);
#2482=LINE('',#12190,#3158);
#2483=LINE('',#12192,#3159);
#2484=LINE('',#12194,#3160);
#2485=LINE('',#12196,#3161);
#2486=LINE('',#12198,#3162);
#2487=LINE('',#12200,#3163);
#2488=LINE('',#12202,#3164);
#2489=VECTOR('',#7968,1.);
#2490=VECTOR('',#7971,1.);
#2491=VECTOR('',#7974,1.);
#2492=VECTOR('',#7977,1.);
#2493=VECTOR('',#7978,1.);
#2494=VECTOR('',#7981,1.);
#2495=VECTOR('',#7984,1.);
#2496=VECTOR('',#7993,1.);
#2497=VECTOR('',#7996,1.);
#2498=VECTOR('',#7997,1.);
#2499=VECTOR('',#8000,1.);
#2500=VECTOR('',#8003,1.);
#2501=VECTOR('',#8006,1.);
#2502=VECTOR('',#8007,1.);
#2503=VECTOR('',#8008,1.);
#2504=VECTOR('',#8011,1.);
#2505=VECTOR('',#8012,1.);
#2506=VECTOR('',#8013,1.);
#2507=VECTOR('',#8016,1.);
#2508=VECTOR('',#8017,1.);
#2509=VECTOR('',#8018,1.);
#2510=VECTOR('',#8019,1.);
#2511=VECTOR('',#8028,1.);
#2512=VECTOR('',#8031,1.);
#2513=VECTOR('',#8040,1.);
#2514=VECTOR('',#8047,1.);
#2515=VECTOR('',#8050,1.);
#2516=VECTOR('',#8051,1.);
#2517=VECTOR('',#8056,1.);
#2518=VECTOR('',#8065,1.);
#2519=VECTOR('',#8068,1.);
#2520=VECTOR('',#8069,1.);
#2521=VECTOR('',#8072,1.);
#2522=VECTOR('',#8081,1.);
#2523=VECTOR('',#8082,1.);
#2524=VECTOR('',#8083,1.);
#2525=VECTOR('',#8086,1.);
#2526=VECTOR('',#8089,1.);
#2527=VECTOR('',#8092,1.);
#2528=VECTOR('',#8093,1.);
#2529=VECTOR('',#8094,1.);
#2530=VECTOR('',#8097,1.);
#2531=VECTOR('',#8106,1.);
#2532=VECTOR('',#8109,1.);
#2533=VECTOR('',#8118,1.);
#2534=VECTOR('',#8119,1.);
#2535=VECTOR('',#8122,1.);
#2536=VECTOR('',#8125,1.);
#2537=VECTOR('',#8132,1.);
#2538=VECTOR('',#8135,1.);
#2539=VECTOR('',#8138,1.);
#2540=VECTOR('',#8141,1.);
#2541=VECTOR('',#8146,1.);
#2542=VECTOR('',#8147,1.);
#2543=VECTOR('',#8150,1.);
#2544=VECTOR('',#8151,1.);
#2545=VECTOR('',#8154,1.);
#2546=VECTOR('',#8155,1.);
#2547=VECTOR('',#8158,1.);
#2548=VECTOR('',#8159,1.);
#2549=VECTOR('',#8160,1.);
#2550=VECTOR('',#8163,1.);
#2551=VECTOR('',#8166,1.);
#2552=VECTOR('',#8167,1.);
#2553=VECTOR('',#8168,1.);
#2554=VECTOR('',#8169,1.);
#2555=VECTOR('',#8172,1.);
#2556=VECTOR('',#8173,1.);
#2557=VECTOR('',#8174,1.);
#2558=VECTOR('',#8175,1.);
#2559=VECTOR('',#8176,1.);
#2560=VECTOR('',#8177,1.);
#2561=VECTOR('',#8180,1.);
#2562=VECTOR('',#8181,1.);
#2563=VECTOR('',#8182,1.);
#2564=VECTOR('',#8183,1.);
#2565=VECTOR('',#8186,1.);
#2566=VECTOR('',#8187,1.);
#2567=VECTOR('',#8190,1.);
#2568=VECTOR('',#8191,1.);
#2569=VECTOR('',#8194,1.);
#2570=VECTOR('',#8195,1.);
#2571=VECTOR('',#8196,1.);
#2572=VECTOR('',#8197,1.);
#2573=VECTOR('',#8200,1.);
#2574=VECTOR('',#8207,1.);
#2575=VECTOR('',#8214,1.);
#2576=VECTOR('',#8221,1.);
#2577=VECTOR('',#8222,1.);
#2578=VECTOR('',#8223,1.);
#2579=VECTOR('',#8224,1.);
#2580=VECTOR('',#8227,1.);
#2581=VECTOR('',#8228,1.);
#2582=VECTOR('',#8231,1.);
#2583=VECTOR('',#8232,1.);
#2584=VECTOR('',#8235,1.);
#2585=VECTOR('',#8236,1.);
#2586=VECTOR('',#8239,1.);
#2587=VECTOR('',#8240,1.);
#2588=VECTOR('',#8241,1.);
#2589=VECTOR('',#8244,1.);
#2590=VECTOR('',#8245,1.);
#2591=VECTOR('',#8246,1.);
#2592=VECTOR('',#8249,1.);
#2593=VECTOR('',#8250,1.);
#2594=VECTOR('',#8251,1.);
#2595=VECTOR('',#8252,1.);
#2596=VECTOR('',#8253,1.);
#2597=VECTOR('',#8254,1.);
#2598=VECTOR('',#8255,1.);
#2599=VECTOR('',#8258,1.);
#2600=VECTOR('',#8261,1.);
#2601=VECTOR('',#8266,1.);
#2602=VECTOR('',#8273,1.);
#2603=VECTOR('',#8280,1.);
#2604=VECTOR('',#8281,1.);
#2605=VECTOR('',#8282,1.);
#2606=VECTOR('',#8285,1.);
#2607=VECTOR('',#8286,1.);
#2608=VECTOR('',#8327,1.);
#2609=VECTOR('',#8328,1.);
#2610=VECTOR('',#8333,1.);
#2611=VECTOR('',#8334,1.);
#2612=VECTOR('',#8337,1.);
#2613=VECTOR('',#8338,1.);
#2614=VECTOR('',#8341,1.);
#2615=VECTOR('',#8342,1.);
#2616=VECTOR('',#8347,1.);
#2617=VECTOR('',#8352,1.);
#2618=VECTOR('',#8365,1.);
#2619=VECTOR('',#8370,1.);
#2620=VECTOR('',#8371,1.);
#2621=VECTOR('',#8378,1.);
#2622=VECTOR('',#8379,1.);
#2623=VECTOR('',#8382,1.);
#2624=VECTOR('',#8389,1.);
#2625=VECTOR('',#8390,1.);
#2626=VECTOR('',#8393,1.);
#2627=VECTOR('',#8400,1.);
#2628=VECTOR('',#8401,1.);
#2629=VECTOR('',#8404,1.);
#2630=VECTOR('',#8415,1.);
#2631=VECTOR('',#8418,1.);
#2632=VECTOR('',#8421,1.);
#2633=VECTOR('',#8424,1.);
#2634=VECTOR('',#8427,1.);
#2635=VECTOR('',#8430,1.);
#2636=VECTOR('',#8433,1.);
#2637=VECTOR('',#8436,1.);
#2638=VECTOR('',#8439,1.);
#2639=VECTOR('',#8442,1.);
#2640=VECTOR('',#8445,1.);
#2641=VECTOR('',#8448,1.);
#2642=VECTOR('',#8451,1.);
#2643=VECTOR('',#8454,1.);
#2644=VECTOR('',#8461,1.);
#2645=VECTOR('',#8464,1.);
#2646=VECTOR('',#8469,1.);
#2647=VECTOR('',#8472,1.);
#2648=VECTOR('',#8475,1.);
#2649=VECTOR('',#8478,1.);
#2650=VECTOR('',#8481,1.);
#2651=VECTOR('',#8484,1.);
#2652=VECTOR('',#8487,1.);
#2653=VECTOR('',#8490,1.);
#2654=VECTOR('',#8493,1.);
#2655=VECTOR('',#8496,1.);
#2656=VECTOR('',#8499,1.);
#2657=VECTOR('',#8502,1.);
#2658=VECTOR('',#8505,1.);
#2659=VECTOR('',#8508,1.);
#2660=VECTOR('',#8511,1.);
#2661=VECTOR('',#8514,1.);
#2662=VECTOR('',#8519,1.);
#2663=VECTOR('',#8520,1.);
#2664=VECTOR('',#8521,1.);
#2665=VECTOR('',#8522,1.);
#2666=VECTOR('',#8527,1.);
#2667=VECTOR('',#8530,1.);
#2668=VECTOR('',#8533,1.);
#2669=VECTOR('',#8534,1.);
#2670=VECTOR('',#8535,1.);
#2671=VECTOR('',#8536,1.);
#2672=VECTOR('',#8537,1.);
#2673=VECTOR('',#8540,1.);
#2674=VECTOR('',#8541,1.);
#2675=VECTOR('',#8542,1.);
#2676=VECTOR('',#8543,1.);
#2677=VECTOR('',#8544,1.);
#2678=VECTOR('',#8545,1.);
#2679=VECTOR('',#8548,1.);
#2680=VECTOR('',#8551,1.);
#2681=VECTOR('',#8554,1.);
#2682=VECTOR('',#8559,1.);
#2683=VECTOR('',#8560,1.);
#2684=VECTOR('',#8561,1.);
#2685=VECTOR('',#8562,1.);
#2686=VECTOR('',#8563,1.);
#2687=VECTOR('',#8564,1.);
#2688=VECTOR('',#8565,1.);
#2689=VECTOR('',#8568,1.);
#2690=VECTOR('',#8569,1.);
#2691=VECTOR('',#8570,1.);
#2692=VECTOR('',#8571,1.);
#2693=VECTOR('',#8574,1.);
#2694=VECTOR('',#8575,1.);
#2695=VECTOR('',#8576,1.);
#2696=VECTOR('',#8577,1.);
#2697=VECTOR('',#8580,1.);
#2698=VECTOR('',#8581,1.);
#2699=VECTOR('',#8582,1.);
#2700=VECTOR('',#8585,1.);
#2701=VECTOR('',#8586,1.);
#2702=VECTOR('',#8587,1.);
#2703=VECTOR('',#8588,1.);
#2704=VECTOR('',#8591,1.);
#2705=VECTOR('',#8592,1.);
#2706=VECTOR('',#8593,1.);
#2707=VECTOR('',#8594,1.);
#2708=VECTOR('',#8597,1.);
#2709=VECTOR('',#8598,1.);
#2710=VECTOR('',#8599,1.);
#2711=VECTOR('',#8600,1.);
#2712=VECTOR('',#8603,1.);
#2713=VECTOR('',#8604,1.);
#2714=VECTOR('',#8605,1.);
#2715=VECTOR('',#8606,1.);
#2716=VECTOR('',#8607,1.);
#2717=VECTOR('',#8610,1.);
#2718=VECTOR('',#8611,1.);
#2719=VECTOR('',#8612,1.);
#2720=VECTOR('',#8615,1.);
#2721=VECTOR('',#8618,1.);
#2722=VECTOR('',#8623,1.);
#2723=VECTOR('',#8630,1.);
#2724=VECTOR('',#8637,1.);
#2725=VECTOR('',#8638,1.);
#2726=VECTOR('',#8639,1.);
#2727=VECTOR('',#8642,1.);
#2728=VECTOR('',#8643,1.);
#2729=VECTOR('',#8644,1.);
#2730=VECTOR('',#8645,1.);
#2731=VECTOR('',#8648,1.);
#2732=VECTOR('',#8655,1.);
#2733=VECTOR('',#8662,1.);
#2734=VECTOR('',#8669,1.);
#2735=VECTOR('',#8670,1.);
#2736=VECTOR('',#8671,1.);
#2737=VECTOR('',#8672,1.);
#2738=VECTOR('',#8675,1.);
#2739=VECTOR('',#8678,1.);
#2740=VECTOR('',#8681,1.);
#2741=VECTOR('',#8684,1.);
#2742=VECTOR('',#8687,1.);
#2743=VECTOR('',#8690,1.);
#2744=VECTOR('',#8693,1.);
#2745=VECTOR('',#8696,1.);
#2746=VECTOR('',#8707,1.);
#2747=VECTOR('',#8708,1.);
#2748=VECTOR('',#8715,1.);
#2749=VECTOR('',#8718,1.);
#2750=VECTOR('',#8719,1.);
#2751=VECTOR('',#8720,1.);
#2752=VECTOR('',#8721,1.);
#2753=VECTOR('',#8722,1.);
#2754=VECTOR('',#8723,1.);
#2755=VECTOR('',#8732,1.);
#2756=VECTOR('',#8735,1.);
#2757=VECTOR('',#8744,1.);
#2758=VECTOR('',#8759,1.);
#2759=VECTOR('',#8762,1.);
#2760=VECTOR('',#8765,1.);
#2761=VECTOR('',#8768,1.);
#2762=VECTOR('',#8771,1.);
#2763=VECTOR('',#8774,1.);
#2764=VECTOR('',#8777,1.);
#2765=VECTOR('',#8780,1.);
#2766=VECTOR('',#8781,1.);
#2767=VECTOR('',#8784,1.);
#2768=VECTOR('',#8793,1.);
#2769=VECTOR('',#8796,1.);
#2770=VECTOR('',#8805,1.);
#2771=VECTOR('',#8808,1.);
#2772=VECTOR('',#8855,1.);
#2773=VECTOR('',#8856,1.);
#2774=VECTOR('',#8859,1.);
#2775=VECTOR('',#8860,1.);
#2776=VECTOR('',#8863,1.);
#2777=VECTOR('',#8864,1.);
#2778=VECTOR('',#8867,1.);
#2779=VECTOR('',#8868,1.);
#2780=VECTOR('',#8873,1.);
#2781=VECTOR('',#8874,1.);
#2782=VECTOR('',#8877,1.);
#2783=VECTOR('',#8882,1.);
#2784=VECTOR('',#8883,1.);
#2785=VECTOR('',#8886,1.);
#2786=VECTOR('',#8887,1.);
#2787=VECTOR('',#8890,1.);
#2788=VECTOR('',#8897,1.);
#2789=VECTOR('',#8904,1.);
#2790=VECTOR('',#8905,1.);
#2791=VECTOR('',#8912,1.);
#2792=VECTOR('',#8913,1.);
#2793=VECTOR('',#8920,1.);
#2794=VECTOR('',#8921,1.);
#2795=VECTOR('',#8928,1.);
#2796=VECTOR('',#8929,1.);
#2797=VECTOR('',#8940,1.);
#2798=VECTOR('',#8943,1.);
#2799=VECTOR('',#8946,1.);
#2800=VECTOR('',#8949,1.);
#2801=VECTOR('',#8952,1.);
#2802=VECTOR('',#8955,1.);
#2803=VECTOR('',#8958,1.);
#2804=VECTOR('',#8961,1.);
#2805=VECTOR('',#8964,1.);
#2806=VECTOR('',#8967,1.);
#2807=VECTOR('',#8970,1.);
#2808=VECTOR('',#8973,1.);
#2809=VECTOR('',#8976,1.);
#2810=VECTOR('',#8983,1.);
#2811=VECTOR('',#8986,1.);
#2812=VECTOR('',#8991,1.);
#2813=VECTOR('',#8994,1.);
#2814=VECTOR('',#8997,1.);
#2815=VECTOR('',#9000,1.);
#2816=VECTOR('',#9003,1.);
#2817=VECTOR('',#9006,1.);
#2818=VECTOR('',#9009,1.);
#2819=VECTOR('',#9012,1.);
#2820=VECTOR('',#9015,1.);
#2821=VECTOR('',#9018,1.);
#2822=VECTOR('',#9021,1.);
#2823=VECTOR('',#9024,1.);
#2824=VECTOR('',#9027,1.);
#2825=VECTOR('',#9030,1.);
#2826=VECTOR('',#9033,1.);
#2827=VECTOR('',#9038,1.);
#2828=VECTOR('',#9039,1.);
#2829=VECTOR('',#9040,1.);
#2830=VECTOR('',#9041,1.);
#2831=VECTOR('',#9046,1.);
#2832=VECTOR('',#9049,1.);
#2833=VECTOR('',#9052,1.);
#2834=VECTOR('',#9053,1.);
#2835=VECTOR('',#9054,1.);
#2836=VECTOR('',#9055,1.);
#2837=VECTOR('',#9056,1.);
#2838=VECTOR('',#9059,1.);
#2839=VECTOR('',#9060,1.);
#2840=VECTOR('',#9061,1.);
#2841=VECTOR('',#9062,1.);
#2842=VECTOR('',#9063,1.);
#2843=VECTOR('',#9064,1.);
#2844=VECTOR('',#9067,1.);
#2845=VECTOR('',#9070,1.);
#2846=VECTOR('',#9073,1.);
#2847=VECTOR('',#9078,1.);
#2848=VECTOR('',#9079,1.);
#2849=VECTOR('',#9080,1.);
#2850=VECTOR('',#9081,1.);
#2851=VECTOR('',#9082,1.);
#2852=VECTOR('',#9083,1.);
#2853=VECTOR('',#9084,1.);
#2854=VECTOR('',#9087,1.);
#2855=VECTOR('',#9088,1.);
#2856=VECTOR('',#9089,1.);
#2857=VECTOR('',#9090,1.);
#2858=VECTOR('',#9093,1.);
#2859=VECTOR('',#9094,1.);
#2860=VECTOR('',#9095,1.);
#2861=VECTOR('',#9096,1.);
#2862=VECTOR('',#9099,1.);
#2863=VECTOR('',#9100,1.);
#2864=VECTOR('',#9101,1.);
#2865=VECTOR('',#9104,1.);
#2866=VECTOR('',#9105,1.);
#2867=VECTOR('',#9106,1.);
#2868=VECTOR('',#9107,1.);
#2869=VECTOR('',#9110,1.);
#2870=VECTOR('',#9111,1.);
#2871=VECTOR('',#9112,1.);
#2872=VECTOR('',#9113,1.);
#2873=VECTOR('',#9116,1.);
#2874=VECTOR('',#9117,1.);
#2875=VECTOR('',#9118,1.);
#2876=VECTOR('',#9119,1.);
#2877=VECTOR('',#9122,1.);
#2878=VECTOR('',#9123,1.);
#2879=VECTOR('',#9124,1.);
#2880=VECTOR('',#9125,1.);
#2881=VECTOR('',#9126,1.);
#2882=VECTOR('',#9129,1.);
#2883=VECTOR('',#9130,1.);
#2884=VECTOR('',#9131,1.);
#2885=VECTOR('',#9134,1.);
#2886=VECTOR('',#9137,1.);
#2887=VECTOR('',#9142,1.);
#2888=VECTOR('',#9149,1.);
#2889=VECTOR('',#9156,1.);
#2890=VECTOR('',#9157,1.);
#2891=VECTOR('',#9158,1.);
#2892=VECTOR('',#9161,1.);
#2893=VECTOR('',#9162,1.);
#2894=VECTOR('',#9163,1.);
#2895=VECTOR('',#9164,1.);
#2896=VECTOR('',#9167,1.);
#2897=VECTOR('',#9174,1.);
#2898=VECTOR('',#9181,1.);
#2899=VECTOR('',#9188,1.);
#2900=VECTOR('',#9189,1.);
#2901=VECTOR('',#9190,1.);
#2902=VECTOR('',#9191,1.);
#2903=VECTOR('',#9194,1.);
#2904=VECTOR('',#9197,1.);
#2905=VECTOR('',#9200,1.);
#2906=VECTOR('',#9203,1.);
#2907=VECTOR('',#9206,1.);
#2908=VECTOR('',#9209,1.);
#2909=VECTOR('',#9212,1.);
#2910=VECTOR('',#9215,1.);
#2911=VECTOR('',#9226,1.);
#2912=VECTOR('',#9233,1.);
#2913=VECTOR('',#9234,1.);
#2914=VECTOR('',#9237,1.);
#2915=VECTOR('',#9246,1.);
#2916=VECTOR('',#9249,1.);
#2917=VECTOR('',#9258,1.);
#2918=VECTOR('',#9259,1.);
#2919=VECTOR('',#9260,1.);
#2920=VECTOR('',#9261,1.);
#2921=VECTOR('',#9262,1.);
#2922=VECTOR('',#9263,1.);
#2923=VECTOR('',#9278,1.);
#2924=VECTOR('',#9281,1.);
#2925=VECTOR('',#9284,1.);
#2926=VECTOR('',#9287,1.);
#2927=VECTOR('',#9290,1.);
#2928=VECTOR('',#9293,1.);
#2929=VECTOR('',#9296,1.);
#2930=VECTOR('',#9299,1.);
#2931=VECTOR('',#9300,1.);
#2932=VECTOR('',#9303,1.);
#2933=VECTOR('',#9310,1.);
#2934=VECTOR('',#9313,1.);
#2935=VECTOR('',#9322,1.);
#2936=VECTOR('',#9325,1.);
#2937=VECTOR('',#9374,1.);
#2938=VECTOR('',#9375,1.);
#2939=VECTOR('',#9378,1.);
#2940=VECTOR('',#9379,1.);
#2941=VECTOR('',#9382,1.);
#2942=VECTOR('',#9383,1.);
#2943=VECTOR('',#9386,1.);
#2944=VECTOR('',#9387,1.);
#2945=VECTOR('',#9392,1.);
#2946=VECTOR('',#9393,1.);
#2947=VECTOR('',#9396,1.);
#2948=VECTOR('',#9401,1.);
#2949=VECTOR('',#9402,1.);
#2950=VECTOR('',#9405,1.);
#2951=VECTOR('',#9406,1.);
#2952=VECTOR('',#9409,1.);
#2953=VECTOR('',#9416,1.);
#2954=VECTOR('',#9423,1.);
#2955=VECTOR('',#9424,1.);
#2956=VECTOR('',#9431,1.);
#2957=VECTOR('',#9432,1.);
#2958=VECTOR('',#9439,1.);
#2959=VECTOR('',#9440,1.);
#2960=VECTOR('',#9447,1.);
#2961=VECTOR('',#9448,1.);
#2962=VECTOR('',#9459,1.);
#2963=VECTOR('',#9462,1.);
#2964=VECTOR('',#9465,1.);
#2965=VECTOR('',#9468,1.);
#2966=VECTOR('',#9471,1.);
#2967=VECTOR('',#9474,1.);
#2968=VECTOR('',#9477,1.);
#2969=VECTOR('',#9480,1.);
#2970=VECTOR('',#9483,1.);
#2971=VECTOR('',#9486,1.);
#2972=VECTOR('',#9489,1.);
#2973=VECTOR('',#9492,1.);
#2974=VECTOR('',#9495,1.);
#2975=VECTOR('',#9502,1.);
#2976=VECTOR('',#9505,1.);
#2977=VECTOR('',#9508,1.);
#2978=VECTOR('',#9511,1.);
#2979=VECTOR('',#9514,1.);
#2980=VECTOR('',#9517,1.);
#2981=VECTOR('',#9520,1.);
#2982=VECTOR('',#9523,1.);
#2983=VECTOR('',#9526,1.);
#2984=VECTOR('',#9529,1.);
#2985=VECTOR('',#9532,1.);
#2986=VECTOR('',#9535,1.);
#2987=VECTOR('',#9538,1.);
#2988=VECTOR('',#9541,1.);
#2989=VECTOR('',#9544,1.);
#2990=VECTOR('',#9549,1.);
#2991=VECTOR('',#9552,1.);
#2992=VECTOR('',#9557,1.);
#2993=VECTOR('',#9558,1.);
#2994=VECTOR('',#9561,1.);
#2995=VECTOR('',#9562,1.);
#2996=VECTOR('',#9563,1.);
#2997=VECTOR('',#9566,1.);
#2998=VECTOR('',#9569,1.);
#2999=VECTOR('',#9572,1.);
#3000=VECTOR('',#9573,1.);
#3001=VECTOR('',#9576,1.);
#3002=VECTOR('',#9579,1.);
#3003=VECTOR('',#9588,1.);
#3004=VECTOR('',#9591,1.);
#3005=VECTOR('',#9600,1.);
#3006=VECTOR('',#9601,1.);
#3007=VECTOR('',#9602,1.);
#3008=VECTOR('',#9603,1.);
#3009=VECTOR('',#9606,1.);
#3010=VECTOR('',#9609,1.);
#3011=VECTOR('',#9612,1.);
#3012=VECTOR('',#9617,1.);
#3013=VECTOR('',#9620,1.);
#3014=VECTOR('',#9621,1.);
#3015=VECTOR('',#9624,1.);
#3016=VECTOR('',#9627,1.);
#3017=VECTOR('',#9638,1.);
#3018=VECTOR('',#9641,1.);
#3019=VECTOR('',#9644,1.);
#3020=VECTOR('',#9647,1.);
#3021=VECTOR('',#9654,1.);
#3022=VECTOR('',#9655,1.);
#3023=VECTOR('',#9658,1.);
#3024=VECTOR('',#9667,1.);
#3025=VECTOR('',#9670,1.);
#3026=VECTOR('',#9679,1.);
#3027=VECTOR('',#9682,1.);
#3028=VECTOR('',#9683,1.);
#3029=VECTOR('',#9684,1.);
#3030=VECTOR('',#9687,1.);
#3031=VECTOR('',#9690,1.);
#3032=VECTOR('',#9693,1.);
#3033=VECTOR('',#9696,1.);
#3034=VECTOR('',#9699,1.);
#3035=VECTOR('',#9702,1.);
#3036=VECTOR('',#9705,1.);
#3037=VECTOR('',#9712,1.);
#3038=VECTOR('',#9715,1.);
#3039=VECTOR('',#9718,1.);
#3040=VECTOR('',#9723,1.);
#3041=VECTOR('',#9726,1.);
#3042=VECTOR('',#9733,1.);
#3043=VECTOR('',#9736,1.);
#3044=VECTOR('',#9739,1.);
#3045=VECTOR('',#9740,1.);
#3046=VECTOR('',#9743,1.);
#3047=VECTOR('',#9744,1.);
#3048=VECTOR('',#9747,1.);
#3049=VECTOR('',#9748,1.);
#3050=VECTOR('',#9751,1.);
#3051=VECTOR('',#9752,1.);
#3052=VECTOR('',#9753,1.);
#3053=VECTOR('',#9756,1.);
#3054=VECTOR('',#9757,1.);
#3055=VECTOR('',#9758,1.);
#3056=VECTOR('',#9759,1.);
#3057=VECTOR('',#9762,1.);
#3058=VECTOR('',#9765,1.);
#3059=VECTOR('',#9766,1.);
#3060=VECTOR('',#9767,1.);
#3061=VECTOR('',#9768,1.);
#3062=VECTOR('',#9769,1.);
#3063=VECTOR('',#9770,1.);
#3064=VECTOR('',#9773,1.);
#3065=VECTOR('',#9774,1.);
#3066=VECTOR('',#9775,1.);
#3067=VECTOR('',#9776,1.);
#3068=VECTOR('',#9779,1.);
#3069=VECTOR('',#9780,1.);
#3070=VECTOR('',#9783,1.);
#3071=VECTOR('',#9784,1.);
#3072=VECTOR('',#9787,1.);
#3073=VECTOR('',#9788,1.);
#3074=VECTOR('',#9789,1.);
#3075=VECTOR('',#9790,1.);
#3076=VECTOR('',#9795,1.);
#3077=VECTOR('',#9802,1.);
#3078=VECTOR('',#9809,1.);
#3079=VECTOR('',#9814,1.);
#3080=VECTOR('',#9815,1.);
#3081=VECTOR('',#9816,1.);
#3082=VECTOR('',#9817,1.);
#3083=VECTOR('',#9820,1.);
#3084=VECTOR('',#9821,1.);
#3085=VECTOR('',#9824,1.);
#3086=VECTOR('',#9825,1.);
#3087=VECTOR('',#9828,1.);
#3088=VECTOR('',#9829,1.);
#3089=VECTOR('',#9832,1.);
#3090=VECTOR('',#9833,1.);
#3091=VECTOR('',#9834,1.);
#3092=VECTOR('',#9837,1.);
#3093=VECTOR('',#9838,1.);
#3094=VECTOR('',#9839,1.);
#3095=VECTOR('',#9842,1.);
#3096=VECTOR('',#9843,1.);
#3097=VECTOR('',#9844,1.);
#3098=VECTOR('',#9845,1.);
#3099=VECTOR('',#9846,1.);
#3100=VECTOR('',#9847,1.);
#3101=VECTOR('',#9848,1.);
#3102=VECTOR('',#9851,1.);
#3103=VECTOR('',#9854,1.);
#3104=VECTOR('',#9861,1.);
#3105=VECTOR('',#9868,1.);
#3106=VECTOR('',#9873,1.);
#3107=VECTOR('',#9874,1.);
#3108=VECTOR('',#9875,1.);
#3109=VECTOR('',#9878,1.);
#3110=VECTOR('',#9879,1.);
#3111=VECTOR('',#9920,1.);
#3112=VECTOR('',#9921,1.);
#3113=VECTOR('',#9926,1.);
#3114=VECTOR('',#9927,1.);
#3115=VECTOR('',#9930,1.);
#3116=VECTOR('',#9931,1.);
#3117=VECTOR('',#9934,1.);
#3118=VECTOR('',#9935,1.);
#3119=VECTOR('',#9942,1.);
#3120=VECTOR('',#9947,1.);
#3121=VECTOR('',#9958,1.);
#3122=VECTOR('',#9963,1.);
#3123=VECTOR('',#9964,1.);
#3124=VECTOR('',#9971,1.);
#3125=VECTOR('',#9972,1.);
#3126=VECTOR('',#9975,1.);
#3127=VECTOR('',#9982,1.);
#3128=VECTOR('',#9983,1.);
#3129=VECTOR('',#9986,1.);
#3130=VECTOR('',#9993,1.);
#3131=VECTOR('',#9994,1.);
#3132=VECTOR('',#9997,1.);
#3133=VECTOR('',#10008,1.);
#3134=VECTOR('',#10011,1.);
#3135=VECTOR('',#10016,1.);
#3136=VECTOR('',#10019,1.);
#3137=VECTOR('',#10022,1.);
#3138=VECTOR('',#10025,1.);
#3139=VECTOR('',#10028,1.);
#3140=VECTOR('',#10031,1.);
#3141=VECTOR('',#10034,1.);
#3142=VECTOR('',#10037,1.);
#3143=VECTOR('',#10040,1.);
#3144=VECTOR('',#10043,1.);
#3145=VECTOR('',#10046,1.);
#3146=VECTOR('',#10049,1.);
#3147=VECTOR('',#10052,1.);
#3148=VECTOR('',#10055,1.);
#3149=VECTOR('',#10062,1.);
#3150=VECTOR('',#10065,1.);
#3151=VECTOR('',#10068,1.);
#3152=VECTOR('',#10071,1.);
#3153=VECTOR('',#10074,1.);
#3154=VECTOR('',#10077,1.);
#3155=VECTOR('',#10080,1.);
#3156=VECTOR('',#10083,1.);
#3157=VECTOR('',#10086,1.);
#3158=VECTOR('',#10089,1.);
#3159=VECTOR('',#10092,1.);
#3160=VECTOR('',#10095,1.);
#3161=VECTOR('',#10098,1.);
#3162=VECTOR('',#10101,1.);
#3163=VECTOR('',#10104,1.);
#3164=VECTOR('',#10107,1.);
#3165=ORIENTED_EDGE('',*,*,#5861,.T.);
#3166=ORIENTED_EDGE('',*,*,#5862,.T.);
#3167=ORIENTED_EDGE('',*,*,#5863,.T.);
#3168=ORIENTED_EDGE('',*,*,#5864,.T.);
#3169=ORIENTED_EDGE('',*,*,#5865,.T.);
#3170=ORIENTED_EDGE('',*,*,#5866,.T.);
#3171=ORIENTED_EDGE('',*,*,#5867,.T.);
#3172=ORIENTED_EDGE('',*,*,#5868,.T.);
#3173=ORIENTED_EDGE('',*,*,#5869,.T.);
#3174=ORIENTED_EDGE('',*,*,#5870,.F.);
#3175=ORIENTED_EDGE('',*,*,#5871,.T.);
#3176=ORIENTED_EDGE('',*,*,#5872,.F.);
#3177=ORIENTED_EDGE('',*,*,#5873,.T.);
#3178=ORIENTED_EDGE('',*,*,#5874,.F.);
#3179=ORIENTED_EDGE('',*,*,#5875,.T.);
#3180=ORIENTED_EDGE('',*,*,#5876,.T.);
#3181=ORIENTED_EDGE('',*,*,#5877,.T.);
#3182=ORIENTED_EDGE('',*,*,#5878,.T.);
#3183=ORIENTED_EDGE('',*,*,#5879,.T.);
#3184=ORIENTED_EDGE('',*,*,#5880,.T.);
#3185=ORIENTED_EDGE('',*,*,#5881,.F.);
#3186=ORIENTED_EDGE('',*,*,#5882,.T.);
#3187=ORIENTED_EDGE('',*,*,#5883,.T.);
#3188=ORIENTED_EDGE('',*,*,#5884,.T.);
#3189=ORIENTED_EDGE('',*,*,#5885,.T.);
#3190=ORIENTED_EDGE('',*,*,#5886,.T.);
#3191=ORIENTED_EDGE('',*,*,#5887,.T.);
#3192=ORIENTED_EDGE('',*,*,#5888,.T.);
#3193=ORIENTED_EDGE('',*,*,#5889,.T.);
#3194=ORIENTED_EDGE('',*,*,#5890,.T.);
#3195=ORIENTED_EDGE('',*,*,#5891,.T.);
#3196=ORIENTED_EDGE('',*,*,#5892,.T.);
#3197=ORIENTED_EDGE('',*,*,#5893,.F.);
#3198=ORIENTED_EDGE('',*,*,#5894,.T.);
#3199=ORIENTED_EDGE('',*,*,#5895,.F.);
#3200=ORIENTED_EDGE('',*,*,#5896,.F.);
#3201=ORIENTED_EDGE('',*,*,#5897,.F.);
#3202=ORIENTED_EDGE('',*,*,#5898,.F.);
#3203=ORIENTED_EDGE('',*,*,#5899,.T.);
#3204=ORIENTED_EDGE('',*,*,#5900,.T.);
#3205=ORIENTED_EDGE('',*,*,#5901,.T.);
#3206=ORIENTED_EDGE('',*,*,#5902,.T.);
#3207=ORIENTED_EDGE('',*,*,#5903,.T.);
#3208=ORIENTED_EDGE('',*,*,#5904,.T.);
#3209=ORIENTED_EDGE('',*,*,#5905,.T.);
#3210=ORIENTED_EDGE('',*,*,#5906,.T.);
#3211=ORIENTED_EDGE('',*,*,#5907,.T.);
#3212=ORIENTED_EDGE('',*,*,#5908,.T.);
#3213=ORIENTED_EDGE('',*,*,#5909,.T.);
#3214=ORIENTED_EDGE('',*,*,#5910,.T.);
#3215=ORIENTED_EDGE('',*,*,#5911,.T.);
#3216=ORIENTED_EDGE('',*,*,#5912,.T.);
#3217=ORIENTED_EDGE('',*,*,#5913,.T.);
#3218=ORIENTED_EDGE('',*,*,#5914,.T.);
#3219=ORIENTED_EDGE('',*,*,#5915,.T.);
#3220=ORIENTED_EDGE('',*,*,#5916,.T.);
#3221=ORIENTED_EDGE('',*,*,#5917,.T.);
#3222=ORIENTED_EDGE('',*,*,#5918,.T.);
#3223=ORIENTED_EDGE('',*,*,#5919,.T.);
#3224=ORIENTED_EDGE('',*,*,#5920,.T.);
#3225=ORIENTED_EDGE('',*,*,#5921,.T.);
#3226=ORIENTED_EDGE('',*,*,#5922,.T.);
#3227=ORIENTED_EDGE('',*,*,#5923,.F.);
#3228=ORIENTED_EDGE('',*,*,#5924,.T.);
#3229=ORIENTED_EDGE('',*,*,#5925,.F.);
#3230=ORIENTED_EDGE('',*,*,#5926,.F.);
#3231=ORIENTED_EDGE('',*,*,#5927,.F.);
#3232=ORIENTED_EDGE('',*,*,#5928,.F.);
#3233=ORIENTED_EDGE('',*,*,#5929,.T.);
#3234=ORIENTED_EDGE('',*,*,#5930,.F.);
#3235=ORIENTED_EDGE('',*,*,#5931,.F.);
#3236=ORIENTED_EDGE('',*,*,#5932,.T.);
#3237=ORIENTED_EDGE('',*,*,#5933,.T.);
#3238=ORIENTED_EDGE('',*,*,#5934,.T.);
#3239=ORIENTED_EDGE('',*,*,#5935,.T.);
#3240=ORIENTED_EDGE('',*,*,#5936,.F.);
#3241=ORIENTED_EDGE('',*,*,#5937,.F.);
#3242=ORIENTED_EDGE('',*,*,#5938,.T.);
#3243=ORIENTED_EDGE('',*,*,#5939,.F.);
#3244=ORIENTED_EDGE('',*,*,#5940,.T.);
#3245=ORIENTED_EDGE('',*,*,#5941,.F.);
#3246=ORIENTED_EDGE('',*,*,#5942,.T.);
#3247=ORIENTED_EDGE('',*,*,#5943,.F.);
#3248=ORIENTED_EDGE('',*,*,#5944,.T.);
#3249=ORIENTED_EDGE('',*,*,#5945,.T.);
#3250=ORIENTED_EDGE('',*,*,#5946,.T.);
#3251=ORIENTED_EDGE('',*,*,#5947,.T.);
#3252=ORIENTED_EDGE('',*,*,#5948,.T.);
#3253=ORIENTED_EDGE('',*,*,#5949,.T.);
#3254=ORIENTED_EDGE('',*,*,#5950,.T.);
#3255=ORIENTED_EDGE('',*,*,#5951,.T.);
#3256=ORIENTED_EDGE('',*,*,#5952,.T.);
#3257=ORIENTED_EDGE('',*,*,#5953,.T.);
#3258=ORIENTED_EDGE('',*,*,#5954,.T.);
#3259=ORIENTED_EDGE('',*,*,#5955,.T.);
#3260=ORIENTED_EDGE('',*,*,#5956,.T.);
#3261=ORIENTED_EDGE('',*,*,#5957,.T.);
#3262=ORIENTED_EDGE('',*,*,#5958,.T.);
#3263=ORIENTED_EDGE('',*,*,#5959,.T.);
#3264=ORIENTED_EDGE('',*,*,#5960,.T.);
#3265=ORIENTED_EDGE('',*,*,#5961,.T.);
#3266=ORIENTED_EDGE('',*,*,#5962,.T.);
#3267=ORIENTED_EDGE('',*,*,#5963,.T.);
#3268=ORIENTED_EDGE('',*,*,#5964,.T.);
#3269=ORIENTED_EDGE('',*,*,#5965,.T.);
#3270=ORIENTED_EDGE('',*,*,#5966,.F.);
#3271=ORIENTED_EDGE('',*,*,#5967,.T.);
#3272=ORIENTED_EDGE('',*,*,#5968,.F.);
#3273=ORIENTED_EDGE('',*,*,#5969,.F.);
#3274=ORIENTED_EDGE('',*,*,#5970,.F.);
#3275=ORIENTED_EDGE('',*,*,#5971,.F.);
#3276=ORIENTED_EDGE('',*,*,#5972,.F.);
#3277=ORIENTED_EDGE('',*,*,#5973,.F.);
#3278=ORIENTED_EDGE('',*,*,#5974,.F.);
#3279=ORIENTED_EDGE('',*,*,#5975,.T.);
#3280=ORIENTED_EDGE('',*,*,#5976,.F.);
#3281=ORIENTED_EDGE('',*,*,#5975,.F.);
#3282=ORIENTED_EDGE('',*,*,#5977,.F.);
#3283=ORIENTED_EDGE('',*,*,#5920,.F.);
#3284=ORIENTED_EDGE('',*,*,#5978,.F.);
#3285=ORIENTED_EDGE('',*,*,#5861,.F.);
#3286=ORIENTED_EDGE('',*,*,#5979,.F.);
#3287=ORIENTED_EDGE('',*,*,#5924,.F.);
#3288=ORIENTED_EDGE('',*,*,#5980,.F.);
#3289=ORIENTED_EDGE('',*,*,#5913,.F.);
#3290=ORIENTED_EDGE('',*,*,#5981,.F.);
#3291=ORIENTED_EDGE('',*,*,#5967,.F.);
#3292=ORIENTED_EDGE('',*,*,#5982,.F.);
#3293=ORIENTED_EDGE('',*,*,#5983,.F.);
#3294=ORIENTED_EDGE('',*,*,#5984,.T.);
#3295=ORIENTED_EDGE('',*,*,#5897,.T.);
#3296=ORIENTED_EDGE('',*,*,#5983,.T.);
#3297=ORIENTED_EDGE('',*,*,#5985,.T.);
#3298=ORIENTED_EDGE('',*,*,#5986,.T.);
#3299=ORIENTED_EDGE('',*,*,#5987,.F.);
#3300=ORIENTED_EDGE('',*,*,#5988,.T.);
#3301=ORIENTED_EDGE('',*,*,#5989,.T.);
#3302=ORIENTED_EDGE('',*,*,#5990,.T.);
#3303=ORIENTED_EDGE('',*,*,#5991,.T.);
#3304=ORIENTED_EDGE('',*,*,#5992,.T.);
#3305=ORIENTED_EDGE('',*,*,#5993,.T.);
#3306=ORIENTED_EDGE('',*,*,#5994,.T.);
#3307=ORIENTED_EDGE('',*,*,#5995,.T.);
#3308=ORIENTED_EDGE('',*,*,#5996,.T.);
#3309=ORIENTED_EDGE('',*,*,#5943,.T.);
#3310=ORIENTED_EDGE('',*,*,#5997,.T.);
#3311=ORIENTED_EDGE('',*,*,#5882,.F.);
#3312=ORIENTED_EDGE('',*,*,#5998,.F.);
#3313=ORIENTED_EDGE('',*,*,#5999,.T.);
#3314=ORIENTED_EDGE('',*,*,#6000,.T.);
#3315=ORIENTED_EDGE('',*,*,#5870,.T.);
#3316=ORIENTED_EDGE('',*,*,#6001,.T.);
#3317=ORIENTED_EDGE('',*,*,#5962,.F.);
#3318=ORIENTED_EDGE('',*,*,#6002,.T.);
#3319=ORIENTED_EDGE('',*,*,#5960,.F.);
#3320=ORIENTED_EDGE('',*,*,#6003,.T.);
#3321=ORIENTED_EDGE('',*,*,#5872,.T.);
#3322=ORIENTED_EDGE('',*,*,#6004,.T.);
#3323=ORIENTED_EDGE('',*,*,#6005,.T.);
#3324=ORIENTED_EDGE('',*,*,#6006,.T.);
#3325=ORIENTED_EDGE('',*,*,#6007,.T.);
#3326=ORIENTED_EDGE('',*,*,#6008,.T.);
#3327=ORIENTED_EDGE('',*,*,#6009,.T.);
#3328=ORIENTED_EDGE('',*,*,#6010,.T.);
#3329=ORIENTED_EDGE('',*,*,#6005,.F.);
#3330=ORIENTED_EDGE('',*,*,#6011,.T.);
#3331=ORIENTED_EDGE('',*,*,#6012,.T.);
#3332=ORIENTED_EDGE('',*,*,#6013,.T.);
#3333=ORIENTED_EDGE('',*,*,#6009,.F.);
#3334=ORIENTED_EDGE('',*,*,#6014,.T.);
#3335=ORIENTED_EDGE('',*,*,#6015,.T.);
#3336=ORIENTED_EDGE('',*,*,#6016,.T.);
#3337=ORIENTED_EDGE('',*,*,#6012,.F.);
#3338=ORIENTED_EDGE('',*,*,#6017,.T.);
#3339=ORIENTED_EDGE('',*,*,#6018,.T.);
#3340=ORIENTED_EDGE('',*,*,#6019,.T.);
#3341=ORIENTED_EDGE('',*,*,#6020,.T.);
#3342=ORIENTED_EDGE('',*,*,#6021,.T.);
#3343=ORIENTED_EDGE('',*,*,#5884,.F.);
#3344=ORIENTED_EDGE('',*,*,#6022,.T.);
#3345=ORIENTED_EDGE('',*,*,#5941,.T.);
#3346=ORIENTED_EDGE('',*,*,#6023,.T.);
#3347=ORIENTED_EDGE('',*,*,#5939,.T.);
#3348=ORIENTED_EDGE('',*,*,#6024,.T.);
#3349=ORIENTED_EDGE('',*,*,#5886,.F.);
#3350=ORIENTED_EDGE('',*,*,#6025,.T.);
#3351=ORIENTED_EDGE('',*,*,#5888,.F.);
#3352=ORIENTED_EDGE('',*,*,#6026,.T.);
#3353=ORIENTED_EDGE('',*,*,#5937,.T.);
#3354=ORIENTED_EDGE('',*,*,#6027,.T.);
#3355=ORIENTED_EDGE('',*,*,#6028,.T.);
#3356=ORIENTED_EDGE('',*,*,#6029,.T.);
#3357=ORIENTED_EDGE('',*,*,#5889,.F.);
#3358=ORIENTED_EDGE('',*,*,#6027,.F.);
#3359=ORIENTED_EDGE('',*,*,#5936,.T.);
#3360=ORIENTED_EDGE('',*,*,#6030,.T.);
#3361=ORIENTED_EDGE('',*,*,#6031,.T.);
#3362=ORIENTED_EDGE('',*,*,#6032,.T.);
#3363=ORIENTED_EDGE('',*,*,#6028,.F.);
#3364=ORIENTED_EDGE('',*,*,#6033,.T.);
#3365=ORIENTED_EDGE('',*,*,#6034,.T.);
#3366=ORIENTED_EDGE('',*,*,#6035,.T.);
#3367=ORIENTED_EDGE('',*,*,#6036,.F.);
#3368=ORIENTED_EDGE('',*,*,#5989,.F.);
#3369=ORIENTED_EDGE('',*,*,#6037,.T.);
#3370=ORIENTED_EDGE('',*,*,#6038,.T.);
#3371=ORIENTED_EDGE('',*,*,#6039,.T.);
#3372=ORIENTED_EDGE('',*,*,#6040,.T.);
#3373=ORIENTED_EDGE('',*,*,#6041,.T.);
#3374=ORIENTED_EDGE('',*,*,#6042,.T.);
#3375=ORIENTED_EDGE('',*,*,#6043,.T.);
#3376=ORIENTED_EDGE('',*,*,#6044,.T.);
#3377=ORIENTED_EDGE('',*,*,#6045,.T.);
#3378=ORIENTED_EDGE('',*,*,#6046,.T.);
#3379=ORIENTED_EDGE('',*,*,#6041,.F.);
#3380=ORIENTED_EDGE('',*,*,#6047,.T.);
#3381=ORIENTED_EDGE('',*,*,#6048,.T.);
#3382=ORIENTED_EDGE('',*,*,#6049,.T.);
#3383=ORIENTED_EDGE('',*,*,#6045,.F.);
#3384=ORIENTED_EDGE('',*,*,#6050,.T.);
#3385=ORIENTED_EDGE('',*,*,#6051,.T.);
#3386=ORIENTED_EDGE('',*,*,#6052,.T.);
#3387=ORIENTED_EDGE('',*,*,#6048,.F.);
#3388=ORIENTED_EDGE('',*,*,#6053,.T.);
#3389=ORIENTED_EDGE('',*,*,#5964,.F.);
#3390=ORIENTED_EDGE('',*,*,#6054,.T.);
#3391=ORIENTED_EDGE('',*,*,#5874,.T.);
#3392=ORIENTED_EDGE('',*,*,#6055,.T.);
#3393=ORIENTED_EDGE('',*,*,#5940,.F.);
#3394=ORIENTED_EDGE('',*,*,#6025,.F.);
#3395=ORIENTED_EDGE('',*,*,#5885,.F.);
#3396=ORIENTED_EDGE('',*,*,#6023,.F.);
#3397=ORIENTED_EDGE('',*,*,#6039,.F.);
#3398=ORIENTED_EDGE('',*,*,#6056,.T.);
#3399=ORIENTED_EDGE('',*,*,#6031,.F.);
#3400=ORIENTED_EDGE('',*,*,#6057,.T.);
#3401=ORIENTED_EDGE('',*,*,#5993,.F.);
#3402=ORIENTED_EDGE('',*,*,#6058,.T.);
#3403=ORIENTED_EDGE('',*,*,#6018,.F.);
#3404=ORIENTED_EDGE('',*,*,#6059,.T.);
#3405=ORIENTED_EDGE('',*,*,#6020,.F.);
#3406=ORIENTED_EDGE('',*,*,#6060,.T.);
#3407=ORIENTED_EDGE('',*,*,#6015,.F.);
#3408=ORIENTED_EDGE('',*,*,#6061,.T.);
#3409=ORIENTED_EDGE('',*,*,#6043,.F.);
#3410=ORIENTED_EDGE('',*,*,#6062,.T.);
#3411=ORIENTED_EDGE('',*,*,#6034,.F.);
#3412=ORIENTED_EDGE('',*,*,#6063,.T.);
#3413=ORIENTED_EDGE('',*,*,#6007,.F.);
#3414=ORIENTED_EDGE('',*,*,#6064,.T.);
#3415=ORIENTED_EDGE('',*,*,#6051,.F.);
#3416=ORIENTED_EDGE('',*,*,#6065,.T.);
#3417=ORIENTED_EDGE('',*,*,#5963,.F.);
#3418=ORIENTED_EDGE('',*,*,#6001,.F.);
#3419=ORIENTED_EDGE('',*,*,#5875,.F.);
#3420=ORIENTED_EDGE('',*,*,#6054,.F.);
#3421=ORIENTED_EDGE('',*,*,#5965,.F.);
#3422=ORIENTED_EDGE('',*,*,#6055,.F.);
#3423=ORIENTED_EDGE('',*,*,#5873,.F.);
#3424=ORIENTED_EDGE('',*,*,#6003,.F.);
#3425=ORIENTED_EDGE('',*,*,#5961,.F.);
#3426=ORIENTED_EDGE('',*,*,#6004,.F.);
#3427=ORIENTED_EDGE('',*,*,#5871,.F.);
#3428=ORIENTED_EDGE('',*,*,#6002,.F.);
#3429=ORIENTED_EDGE('',*,*,#5929,.F.);
#3430=ORIENTED_EDGE('',*,*,#6066,.T.);
#3431=ORIENTED_EDGE('',*,*,#5866,.F.);
#3432=ORIENTED_EDGE('',*,*,#6067,.F.);
#3433=ORIENTED_EDGE('',*,*,#5876,.F.);
#3434=ORIENTED_EDGE('',*,*,#5933,.F.);
#3435=ORIENTED_EDGE('',*,*,#5988,.F.);
#3436=ORIENTED_EDGE('',*,*,#6068,.T.);
#3437=ORIENTED_EDGE('',*,*,#5893,.T.);
#3438=ORIENTED_EDGE('',*,*,#6069,.T.);
#3439=ORIENTED_EDGE('',*,*,#6037,.F.);
#3440=ORIENTED_EDGE('',*,*,#5895,.T.);
#3441=ORIENTED_EDGE('',*,*,#6070,.F.);
#3442=ORIENTED_EDGE('',*,*,#5986,.F.);
#3443=ORIENTED_EDGE('',*,*,#6071,.T.);
#3444=ORIENTED_EDGE('',*,*,#5995,.F.);
#3445=ORIENTED_EDGE('',*,*,#6072,.T.);
#3446=ORIENTED_EDGE('',*,*,#5944,.F.);
#3447=ORIENTED_EDGE('',*,*,#6000,.F.);
#3448=ORIENTED_EDGE('',*,*,#6073,.F.);
#3449=ORIENTED_EDGE('',*,*,#6074,.F.);
#3450=ORIENTED_EDGE('',*,*,#6073,.T.);
#3451=ORIENTED_EDGE('',*,*,#5999,.F.);
#3452=ORIENTED_EDGE('',*,*,#6075,.F.);
#3453=ORIENTED_EDGE('',*,*,#6076,.T.);
#3454=ORIENTED_EDGE('',*,*,#5996,.F.);
#3455=ORIENTED_EDGE('',*,*,#6077,.F.);
#3456=ORIENTED_EDGE('',*,*,#6078,.T.);
#3457=ORIENTED_EDGE('',*,*,#5991,.F.);
#3458=ORIENTED_EDGE('',*,*,#6076,.F.);
#3459=ORIENTED_EDGE('',*,*,#5881,.T.);
#3460=ORIENTED_EDGE('',*,*,#6079,.T.);
#3461=ORIENTED_EDGE('',*,*,#6077,.T.);
#3462=ORIENTED_EDGE('',*,*,#6075,.T.);
#3463=ORIENTED_EDGE('',*,*,#5998,.T.);
#3464=ORIENTED_EDGE('',*,*,#6074,.T.);
#3465=ORIENTED_EDGE('',*,*,#5877,.F.);
#3466=ORIENTED_EDGE('',*,*,#5878,.F.);
#3467=ORIENTED_EDGE('',*,*,#5932,.F.);
#3468=ORIENTED_EDGE('',*,*,#5985,.F.);
#3469=ORIENTED_EDGE('',*,*,#5982,.T.);
#3470=ORIENTED_EDGE('',*,*,#5896,.T.);
#3471=ORIENTED_EDGE('',*,*,#6071,.F.);
#3472=ORIENTED_EDGE('',*,*,#5898,.T.);
#3473=ORIENTED_EDGE('',*,*,#5984,.F.);
#3474=ORIENTED_EDGE('',*,*,#5990,.F.);
#3475=ORIENTED_EDGE('',*,*,#6036,.T.);
#3476=ORIENTED_EDGE('',*,*,#6080,.T.);
#3477=ORIENTED_EDGE('',*,*,#5987,.T.);
#3478=ORIENTED_EDGE('',*,*,#6070,.T.);
#3479=ORIENTED_EDGE('',*,*,#5894,.F.);
#3480=ORIENTED_EDGE('',*,*,#6068,.F.);
#3481=ORIENTED_EDGE('',*,*,#6081,.T.);
#3482=ORIENTED_EDGE('',*,*,#5931,.T.);
#3483=ORIENTED_EDGE('',*,*,#6082,.F.);
#3484=ORIENTED_EDGE('',*,*,#5868,.F.);
#3485=ORIENTED_EDGE('',*,*,#6066,.F.);
#3486=ORIENTED_EDGE('',*,*,#5928,.T.);
#3487=ORIENTED_EDGE('',*,*,#6081,.F.);
#3488=ORIENTED_EDGE('',*,*,#5867,.F.);
#3489=ORIENTED_EDGE('',*,*,#6082,.T.);
#3490=ORIENTED_EDGE('',*,*,#5930,.T.);
#3491=ORIENTED_EDGE('',*,*,#6067,.T.);
#3492=ORIENTED_EDGE('',*,*,#5869,.F.);
#3493=ORIENTED_EDGE('',*,*,#6083,.T.);
#3494=ORIENTED_EDGE('',*,*,#5970,.T.);
#3495=ORIENTED_EDGE('',*,*,#6084,.F.);
#3496=ORIENTED_EDGE('',*,*,#5915,.F.);
#3497=ORIENTED_EDGE('',*,*,#6084,.T.);
#3498=ORIENTED_EDGE('',*,*,#5969,.T.);
#3499=ORIENTED_EDGE('',*,*,#6085,.F.);
#3500=ORIENTED_EDGE('',*,*,#5916,.F.);
#3501=ORIENTED_EDGE('',*,*,#5980,.T.);
#3502=ORIENTED_EDGE('',*,*,#5966,.T.);
#3503=ORIENTED_EDGE('',*,*,#6083,.F.);
#3504=ORIENTED_EDGE('',*,*,#5914,.F.);
#3505=ORIENTED_EDGE('',*,*,#6085,.T.);
#3506=ORIENTED_EDGE('',*,*,#5968,.T.);
#3507=ORIENTED_EDGE('',*,*,#5981,.T.);
#3508=ORIENTED_EDGE('',*,*,#5917,.F.);
#3509=ORIENTED_EDGE('',*,*,#6086,.T.);
#3510=ORIENTED_EDGE('',*,*,#5927,.T.);
#3511=ORIENTED_EDGE('',*,*,#6087,.F.);
#3512=ORIENTED_EDGE('',*,*,#5863,.F.);
#3513=ORIENTED_EDGE('',*,*,#6087,.T.);
#3514=ORIENTED_EDGE('',*,*,#5926,.T.);
#3515=ORIENTED_EDGE('',*,*,#6088,.F.);
#3516=ORIENTED_EDGE('',*,*,#5864,.F.);
#3517=ORIENTED_EDGE('',*,*,#5978,.T.);
#3518=ORIENTED_EDGE('',*,*,#5923,.T.);
#3519=ORIENTED_EDGE('',*,*,#6086,.F.);
#3520=ORIENTED_EDGE('',*,*,#5862,.F.);
#3521=ORIENTED_EDGE('',*,*,#6088,.T.);
#3522=ORIENTED_EDGE('',*,*,#5925,.T.);
#3523=ORIENTED_EDGE('',*,*,#5979,.T.);
#3524=ORIENTED_EDGE('',*,*,#5865,.F.);
#3525=ORIENTED_EDGE('',*,*,#6089,.T.);
#3526=ORIENTED_EDGE('',*,*,#5973,.T.);
#3527=ORIENTED_EDGE('',*,*,#6090,.F.);
#3528=ORIENTED_EDGE('',*,*,#5922,.F.);
#3529=ORIENTED_EDGE('',*,*,#6090,.T.);
#3530=ORIENTED_EDGE('',*,*,#5972,.T.);
#3531=ORIENTED_EDGE('',*,*,#6091,.F.);
#3532=ORIENTED_EDGE('',*,*,#5918,.F.);
#3533=ORIENTED_EDGE('',*,*,#6091,.T.);
#3534=ORIENTED_EDGE('',*,*,#5971,.T.);
#3535=ORIENTED_EDGE('',*,*,#5976,.T.);
#3536=ORIENTED_EDGE('',*,*,#5919,.F.);
#3537=ORIENTED_EDGE('',*,*,#5977,.T.);
#3538=ORIENTED_EDGE('',*,*,#5974,.T.);
#3539=ORIENTED_EDGE('',*,*,#6089,.F.);
#3540=ORIENTED_EDGE('',*,*,#5921,.F.);
#3541=ORIENTED_EDGE('',*,*,#5938,.F.);
#3542=ORIENTED_EDGE('',*,*,#6026,.F.);
#3543=ORIENTED_EDGE('',*,*,#5887,.F.);
#3544=ORIENTED_EDGE('',*,*,#6024,.F.);
#3545=ORIENTED_EDGE('',*,*,#5942,.F.);
#3546=ORIENTED_EDGE('',*,*,#6022,.F.);
#3547=ORIENTED_EDGE('',*,*,#5883,.F.);
#3548=ORIENTED_EDGE('',*,*,#5997,.F.);
#3549=ORIENTED_EDGE('',*,*,#6080,.F.);
#3550=ORIENTED_EDGE('',*,*,#6035,.F.);
#3551=ORIENTED_EDGE('',*,*,#6092,.F.);
#3552=ORIENTED_EDGE('',*,*,#5899,.F.);
#3553=ORIENTED_EDGE('',*,*,#6092,.T.);
#3554=ORIENTED_EDGE('',*,*,#6062,.F.);
#3555=ORIENTED_EDGE('',*,*,#6093,.F.);
#3556=ORIENTED_EDGE('',*,*,#5900,.F.);
#3557=ORIENTED_EDGE('',*,*,#6093,.T.);
#3558=ORIENTED_EDGE('',*,*,#6042,.F.);
#3559=ORIENTED_EDGE('',*,*,#6094,.F.);
#3560=ORIENTED_EDGE('',*,*,#5901,.F.);
#3561=ORIENTED_EDGE('',*,*,#6094,.T.);
#3562=ORIENTED_EDGE('',*,*,#6046,.F.);
#3563=ORIENTED_EDGE('',*,*,#6095,.F.);
#3564=ORIENTED_EDGE('',*,*,#5902,.F.);
#3565=ORIENTED_EDGE('',*,*,#6095,.T.);
#3566=ORIENTED_EDGE('',*,*,#6049,.F.);
#3567=ORIENTED_EDGE('',*,*,#6096,.F.);
#3568=ORIENTED_EDGE('',*,*,#5903,.F.);
#3569=ORIENTED_EDGE('',*,*,#6096,.T.);
#3570=ORIENTED_EDGE('',*,*,#6052,.F.);
#3571=ORIENTED_EDGE('',*,*,#6097,.F.);
#3572=ORIENTED_EDGE('',*,*,#5904,.F.);
#3573=ORIENTED_EDGE('',*,*,#6097,.T.);
#3574=ORIENTED_EDGE('',*,*,#6064,.F.);
#3575=ORIENTED_EDGE('',*,*,#6098,.F.);
#3576=ORIENTED_EDGE('',*,*,#5905,.F.);
#3577=ORIENTED_EDGE('',*,*,#6098,.T.);
#3578=ORIENTED_EDGE('',*,*,#6006,.F.);
#3579=ORIENTED_EDGE('',*,*,#6099,.F.);
#3580=ORIENTED_EDGE('',*,*,#5906,.F.);
#3581=ORIENTED_EDGE('',*,*,#6099,.T.);
#3582=ORIENTED_EDGE('',*,*,#6010,.F.);
#3583=ORIENTED_EDGE('',*,*,#6100,.F.);
#3584=ORIENTED_EDGE('',*,*,#5907,.F.);
#3585=ORIENTED_EDGE('',*,*,#6100,.T.);
#3586=ORIENTED_EDGE('',*,*,#6013,.F.);
#3587=ORIENTED_EDGE('',*,*,#6101,.F.);
#3588=ORIENTED_EDGE('',*,*,#5908,.F.);
#3589=ORIENTED_EDGE('',*,*,#6101,.T.);
#3590=ORIENTED_EDGE('',*,*,#6016,.F.);
#3591=ORIENTED_EDGE('',*,*,#6102,.F.);
#3592=ORIENTED_EDGE('',*,*,#5909,.F.);
#3593=ORIENTED_EDGE('',*,*,#6102,.T.);
#3594=ORIENTED_EDGE('',*,*,#6060,.F.);
#3595=ORIENTED_EDGE('',*,*,#6103,.F.);
#3596=ORIENTED_EDGE('',*,*,#5910,.F.);
#3597=ORIENTED_EDGE('',*,*,#6103,.T.);
#3598=ORIENTED_EDGE('',*,*,#6019,.F.);
#3599=ORIENTED_EDGE('',*,*,#6104,.F.);
#3600=ORIENTED_EDGE('',*,*,#5911,.F.);
#3601=ORIENTED_EDGE('',*,*,#6104,.T.);
#3602=ORIENTED_EDGE('',*,*,#6058,.F.);
#3603=ORIENTED_EDGE('',*,*,#6105,.F.);
#3604=ORIENTED_EDGE('',*,*,#5912,.F.);
#3605=ORIENTED_EDGE('',*,*,#6105,.T.);
#3606=ORIENTED_EDGE('',*,*,#5992,.F.);
#3607=ORIENTED_EDGE('',*,*,#6106,.F.);
#3608=ORIENTED_EDGE('',*,*,#5879,.F.);
#3609=ORIENTED_EDGE('',*,*,#6079,.F.);
#3610=ORIENTED_EDGE('',*,*,#5880,.F.);
#3611=ORIENTED_EDGE('',*,*,#6106,.T.);
#3612=ORIENTED_EDGE('',*,*,#6078,.F.);
#3613=ORIENTED_EDGE('',*,*,#6069,.F.);
#3614=ORIENTED_EDGE('',*,*,#5892,.F.);
#3615=ORIENTED_EDGE('',*,*,#6107,.F.);
#3616=ORIENTED_EDGE('',*,*,#6038,.F.);
#3617=ORIENTED_EDGE('',*,*,#6107,.T.);
#3618=ORIENTED_EDGE('',*,*,#5891,.F.);
#3619=ORIENTED_EDGE('',*,*,#6108,.F.);
#3620=ORIENTED_EDGE('',*,*,#6056,.F.);
#3621=ORIENTED_EDGE('',*,*,#6029,.F.);
#3622=ORIENTED_EDGE('',*,*,#6032,.F.);
#3623=ORIENTED_EDGE('',*,*,#6108,.T.);
#3624=ORIENTED_EDGE('',*,*,#5890,.F.);
#3625=ORIENTED_EDGE('',*,*,#6072,.F.);
#3626=ORIENTED_EDGE('',*,*,#5994,.F.);
#3627=ORIENTED_EDGE('',*,*,#6109,.F.);
#3628=ORIENTED_EDGE('',*,*,#5945,.F.);
#3629=ORIENTED_EDGE('',*,*,#6109,.T.);
#3630=ORIENTED_EDGE('',*,*,#6059,.F.);
#3631=ORIENTED_EDGE('',*,*,#6110,.F.);
#3632=ORIENTED_EDGE('',*,*,#5946,.F.);
#3633=ORIENTED_EDGE('',*,*,#6110,.T.);
#3634=ORIENTED_EDGE('',*,*,#6021,.F.);
#3635=ORIENTED_EDGE('',*,*,#6111,.F.);
#3636=ORIENTED_EDGE('',*,*,#5947,.F.);
#3637=ORIENTED_EDGE('',*,*,#6111,.T.);
#3638=ORIENTED_EDGE('',*,*,#6061,.F.);
#3639=ORIENTED_EDGE('',*,*,#6112,.F.);
#3640=ORIENTED_EDGE('',*,*,#5948,.F.);
#3641=ORIENTED_EDGE('',*,*,#6112,.T.);
#3642=ORIENTED_EDGE('',*,*,#6017,.F.);
#3643=ORIENTED_EDGE('',*,*,#6113,.F.);
#3644=ORIENTED_EDGE('',*,*,#5949,.F.);
#3645=ORIENTED_EDGE('',*,*,#6113,.T.);
#3646=ORIENTED_EDGE('',*,*,#6014,.F.);
#3647=ORIENTED_EDGE('',*,*,#6114,.F.);
#3648=ORIENTED_EDGE('',*,*,#5950,.F.);
#3649=ORIENTED_EDGE('',*,*,#6114,.T.);
#3650=ORIENTED_EDGE('',*,*,#6011,.F.);
#3651=ORIENTED_EDGE('',*,*,#6115,.F.);
#3652=ORIENTED_EDGE('',*,*,#5951,.F.);
#3653=ORIENTED_EDGE('',*,*,#6115,.T.);
#3654=ORIENTED_EDGE('',*,*,#6008,.F.);
#3655=ORIENTED_EDGE('',*,*,#6116,.F.);
#3656=ORIENTED_EDGE('',*,*,#5952,.F.);
#3657=ORIENTED_EDGE('',*,*,#6116,.T.);
#3658=ORIENTED_EDGE('',*,*,#6065,.F.);
#3659=ORIENTED_EDGE('',*,*,#6117,.F.);
#3660=ORIENTED_EDGE('',*,*,#5953,.F.);
#3661=ORIENTED_EDGE('',*,*,#6117,.T.);
#3662=ORIENTED_EDGE('',*,*,#6053,.F.);
#3663=ORIENTED_EDGE('',*,*,#6118,.F.);
#3664=ORIENTED_EDGE('',*,*,#5954,.F.);
#3665=ORIENTED_EDGE('',*,*,#6118,.T.);
#3666=ORIENTED_EDGE('',*,*,#6050,.F.);
#3667=ORIENTED_EDGE('',*,*,#6119,.F.);
#3668=ORIENTED_EDGE('',*,*,#5955,.F.);
#3669=ORIENTED_EDGE('',*,*,#6119,.T.);
#3670=ORIENTED_EDGE('',*,*,#6047,.F.);
#3671=ORIENTED_EDGE('',*,*,#6120,.F.);
#3672=ORIENTED_EDGE('',*,*,#5956,.F.);
#3673=ORIENTED_EDGE('',*,*,#6120,.T.);
#3674=ORIENTED_EDGE('',*,*,#6044,.F.);
#3675=ORIENTED_EDGE('',*,*,#6121,.F.);
#3676=ORIENTED_EDGE('',*,*,#5957,.F.);
#3677=ORIENTED_EDGE('',*,*,#6121,.T.);
#3678=ORIENTED_EDGE('',*,*,#6063,.F.);
#3679=ORIENTED_EDGE('',*,*,#6122,.F.);
#3680=ORIENTED_EDGE('',*,*,#5958,.F.);
#3681=ORIENTED_EDGE('',*,*,#6122,.T.);
#3682=ORIENTED_EDGE('',*,*,#6040,.F.);
#3683=ORIENTED_EDGE('',*,*,#6123,.F.);
#3684=ORIENTED_EDGE('',*,*,#5959,.F.);
#3685=ORIENTED_EDGE('',*,*,#6123,.T.);
#3686=ORIENTED_EDGE('',*,*,#6057,.F.);
#3687=ORIENTED_EDGE('',*,*,#6124,.F.);
#3688=ORIENTED_EDGE('',*,*,#5934,.F.);
#3689=ORIENTED_EDGE('',*,*,#6030,.F.);
#3690=ORIENTED_EDGE('',*,*,#5935,.F.);
#3691=ORIENTED_EDGE('',*,*,#6124,.T.);
#3692=ORIENTED_EDGE('',*,*,#6033,.F.);
#3693=ORIENTED_EDGE('',*,*,#6125,.F.);
#3694=ORIENTED_EDGE('',*,*,#6126,.T.);
#3695=ORIENTED_EDGE('',*,*,#6127,.F.);
#3696=ORIENTED_EDGE('',*,*,#6128,.F.);
#3697=ORIENTED_EDGE('',*,*,#6129,.F.);
#3698=ORIENTED_EDGE('',*,*,#6130,.T.);
#3699=ORIENTED_EDGE('',*,*,#6131,.F.);
#3700=ORIENTED_EDGE('',*,*,#6132,.F.);
#3701=ORIENTED_EDGE('',*,*,#6133,.F.);
#3702=ORIENTED_EDGE('',*,*,#6134,.T.);
#3703=ORIENTED_EDGE('',*,*,#6135,.T.);
#3704=ORIENTED_EDGE('',*,*,#6136,.F.);
#3705=ORIENTED_EDGE('',*,*,#6127,.T.);
#3706=ORIENTED_EDGE('',*,*,#6137,.F.);
#3707=ORIENTED_EDGE('',*,*,#6131,.T.);
#3708=ORIENTED_EDGE('',*,*,#6138,.T.);
#3709=ORIENTED_EDGE('',*,*,#6139,.T.);
#3710=ORIENTED_EDGE('',*,*,#6140,.F.);
#3711=ORIENTED_EDGE('',*,*,#6141,.F.);
#3712=ORIENTED_EDGE('',*,*,#6142,.F.);
#3713=ORIENTED_EDGE('',*,*,#6143,.F.);
#3714=ORIENTED_EDGE('',*,*,#6144,.F.);
#3715=ORIENTED_EDGE('',*,*,#6145,.T.);
#3716=ORIENTED_EDGE('',*,*,#6146,.F.);
#3717=ORIENTED_EDGE('',*,*,#6147,.T.);
#3718=ORIENTED_EDGE('',*,*,#6148,.F.);
#3719=ORIENTED_EDGE('',*,*,#6149,.F.);
#3720=ORIENTED_EDGE('',*,*,#6150,.T.);
#3721=ORIENTED_EDGE('',*,*,#6151,.T.);
#3722=ORIENTED_EDGE('',*,*,#6152,.T.);
#3723=ORIENTED_EDGE('',*,*,#6135,.F.);
#3724=ORIENTED_EDGE('',*,*,#6153,.F.);
#3725=ORIENTED_EDGE('',*,*,#6154,.T.);
#3726=ORIENTED_EDGE('',*,*,#6155,.T.);
#3727=ORIENTED_EDGE('',*,*,#6156,.T.);
#3728=ORIENTED_EDGE('',*,*,#6157,.T.);
#3729=ORIENTED_EDGE('',*,*,#6158,.T.);
#3730=ORIENTED_EDGE('',*,*,#6159,.F.);
#3731=ORIENTED_EDGE('',*,*,#6160,.T.);
#3732=ORIENTED_EDGE('',*,*,#6161,.F.);
#3733=ORIENTED_EDGE('',*,*,#6162,.T.);
#3734=ORIENTED_EDGE('',*,*,#6163,.T.);
#3735=ORIENTED_EDGE('',*,*,#6164,.T.);
#3736=ORIENTED_EDGE('',*,*,#6146,.T.);
#3737=ORIENTED_EDGE('',*,*,#6165,.T.);
#3738=ORIENTED_EDGE('',*,*,#6166,.T.);
#3739=ORIENTED_EDGE('',*,*,#6167,.T.);
#3740=ORIENTED_EDGE('',*,*,#6168,.F.);
#3741=ORIENTED_EDGE('',*,*,#6169,.T.);
#3742=ORIENTED_EDGE('',*,*,#6170,.T.);
#3743=ORIENTED_EDGE('',*,*,#6171,.T.);
#3744=ORIENTED_EDGE('',*,*,#6172,.T.);
#3745=ORIENTED_EDGE('',*,*,#6173,.T.);
#3746=ORIENTED_EDGE('',*,*,#6174,.F.);
#3747=ORIENTED_EDGE('',*,*,#6175,.T.);
#3748=ORIENTED_EDGE('',*,*,#6176,.F.);
#3749=ORIENTED_EDGE('',*,*,#6177,.T.);
#3750=ORIENTED_EDGE('',*,*,#6178,.T.);
#3751=ORIENTED_EDGE('',*,*,#6179,.F.);
#3752=ORIENTED_EDGE('',*,*,#6180,.F.);
#3753=ORIENTED_EDGE('',*,*,#6181,.T.);
#3754=ORIENTED_EDGE('',*,*,#6182,.F.);
#3755=ORIENTED_EDGE('',*,*,#6179,.T.);
#3756=ORIENTED_EDGE('',*,*,#6183,.T.);
#3757=ORIENTED_EDGE('',*,*,#6184,.T.);
#3758=ORIENTED_EDGE('',*,*,#6185,.T.);
#3759=ORIENTED_EDGE('',*,*,#6186,.T.);
#3760=ORIENTED_EDGE('',*,*,#6180,.T.);
#3761=ORIENTED_EDGE('',*,*,#6187,.T.);
#3762=ORIENTED_EDGE('',*,*,#6188,.F.);
#3763=ORIENTED_EDGE('',*,*,#6189,.T.);
#3764=ORIENTED_EDGE('',*,*,#6190,.T.);
#3765=ORIENTED_EDGE('',*,*,#6191,.T.);
#3766=ORIENTED_EDGE('',*,*,#6192,.F.);
#3767=ORIENTED_EDGE('',*,*,#6193,.T.);
#3768=ORIENTED_EDGE('',*,*,#6188,.T.);
#3769=ORIENTED_EDGE('',*,*,#6194,.T.);
#3770=ORIENTED_EDGE('',*,*,#6195,.F.);
#3771=ORIENTED_EDGE('',*,*,#6196,.T.);
#3772=ORIENTED_EDGE('',*,*,#6192,.T.);
#3773=ORIENTED_EDGE('',*,*,#6197,.T.);
#3774=ORIENTED_EDGE('',*,*,#6198,.T.);
#3775=ORIENTED_EDGE('',*,*,#6199,.T.);
#3776=ORIENTED_EDGE('',*,*,#6195,.T.);
#3777=ORIENTED_EDGE('',*,*,#6200,.T.);
#3778=ORIENTED_EDGE('',*,*,#6201,.F.);
#3779=ORIENTED_EDGE('',*,*,#6202,.T.);
#3780=ORIENTED_EDGE('',*,*,#6203,.T.);
#3781=ORIENTED_EDGE('',*,*,#6204,.T.);
#3782=ORIENTED_EDGE('',*,*,#6205,.F.);
#3783=ORIENTED_EDGE('',*,*,#6206,.T.);
#3784=ORIENTED_EDGE('',*,*,#6201,.T.);
#3785=ORIENTED_EDGE('',*,*,#6207,.T.);
#3786=ORIENTED_EDGE('',*,*,#6208,.F.);
#3787=ORIENTED_EDGE('',*,*,#6209,.T.);
#3788=ORIENTED_EDGE('',*,*,#6205,.T.);
#3789=ORIENTED_EDGE('',*,*,#6210,.T.);
#3790=ORIENTED_EDGE('',*,*,#6211,.T.);
#3791=ORIENTED_EDGE('',*,*,#6212,.T.);
#3792=ORIENTED_EDGE('',*,*,#6208,.T.);
#3793=ORIENTED_EDGE('',*,*,#6213,.T.);
#3794=ORIENTED_EDGE('',*,*,#6214,.T.);
#3795=ORIENTED_EDGE('',*,*,#6215,.T.);
#3796=ORIENTED_EDGE('',*,*,#6216,.F.);
#3797=ORIENTED_EDGE('',*,*,#6217,.T.);
#3798=ORIENTED_EDGE('',*,*,#6218,.F.);
#3799=ORIENTED_EDGE('',*,*,#6219,.F.);
#3800=ORIENTED_EDGE('',*,*,#6220,.F.);
#3801=ORIENTED_EDGE('',*,*,#6221,.F.);
#3802=ORIENTED_EDGE('',*,*,#6222,.F.);
#3803=ORIENTED_EDGE('',*,*,#6223,.F.);
#3804=ORIENTED_EDGE('',*,*,#6224,.F.);
#3805=ORIENTED_EDGE('',*,*,#6225,.F.);
#3806=ORIENTED_EDGE('',*,*,#6226,.F.);
#3807=ORIENTED_EDGE('',*,*,#6227,.F.);
#3808=ORIENTED_EDGE('',*,*,#6228,.F.);
#3809=ORIENTED_EDGE('',*,*,#6229,.F.);
#3810=ORIENTED_EDGE('',*,*,#6230,.F.);
#3811=ORIENTED_EDGE('',*,*,#6231,.F.);
#3812=ORIENTED_EDGE('',*,*,#6232,.F.);
#3813=ORIENTED_EDGE('',*,*,#6233,.F.);
#3814=ORIENTED_EDGE('',*,*,#6234,.F.);
#3815=ORIENTED_EDGE('',*,*,#6235,.F.);
#3816=ORIENTED_EDGE('',*,*,#6236,.F.);
#3817=ORIENTED_EDGE('',*,*,#6237,.T.);
#3818=ORIENTED_EDGE('',*,*,#6238,.T.);
#3819=ORIENTED_EDGE('',*,*,#6239,.F.);
#3820=ORIENTED_EDGE('',*,*,#6140,.T.);
#3821=ORIENTED_EDGE('',*,*,#6240,.T.);
#3822=ORIENTED_EDGE('',*,*,#6168,.T.);
#3823=ORIENTED_EDGE('',*,*,#6241,.T.);
#3824=ORIENTED_EDGE('',*,*,#6174,.T.);
#3825=ORIENTED_EDGE('',*,*,#6242,.T.);
#3826=ORIENTED_EDGE('',*,*,#6176,.T.);
#3827=ORIENTED_EDGE('',*,*,#6182,.T.);
#3828=ORIENTED_EDGE('',*,*,#6243,.T.);
#3829=ORIENTED_EDGE('',*,*,#6244,.T.);
#3830=ORIENTED_EDGE('',*,*,#6245,.T.);
#3831=ORIENTED_EDGE('',*,*,#6246,.T.);
#3832=ORIENTED_EDGE('',*,*,#6247,.T.);
#3833=ORIENTED_EDGE('',*,*,#6129,.T.);
#3834=ORIENTED_EDGE('',*,*,#6248,.T.);
#3835=ORIENTED_EDGE('',*,*,#6125,.T.);
#3836=ORIENTED_EDGE('',*,*,#6249,.T.);
#3837=ORIENTED_EDGE('',*,*,#6250,.T.);
#3838=ORIENTED_EDGE('',*,*,#6251,.T.);
#3839=ORIENTED_EDGE('',*,*,#6252,.T.);
#3840=ORIENTED_EDGE('',*,*,#6253,.T.);
#3841=ORIENTED_EDGE('',*,*,#6254,.T.);
#3842=ORIENTED_EDGE('',*,*,#6255,.T.);
#3843=ORIENTED_EDGE('',*,*,#6256,.T.);
#3844=ORIENTED_EDGE('',*,*,#6257,.T.);
#3845=ORIENTED_EDGE('',*,*,#6258,.T.);
#3846=ORIENTED_EDGE('',*,*,#6259,.T.);
#3847=ORIENTED_EDGE('',*,*,#6260,.T.);
#3848=ORIENTED_EDGE('',*,*,#6261,.T.);
#3849=ORIENTED_EDGE('',*,*,#6262,.T.);
#3850=ORIENTED_EDGE('',*,*,#6157,.F.);
#3851=ORIENTED_EDGE('',*,*,#6263,.T.);
#3852=ORIENTED_EDGE('',*,*,#6163,.F.);
#3853=ORIENTED_EDGE('',*,*,#6264,.T.);
#3854=ORIENTED_EDGE('',*,*,#6214,.F.);
#3855=ORIENTED_EDGE('',*,*,#6265,.T.);
#3856=ORIENTED_EDGE('',*,*,#6266,.T.);
#3857=ORIENTED_EDGE('',*,*,#6267,.T.);
#3858=ORIENTED_EDGE('',*,*,#6268,.T.);
#3859=ORIENTED_EDGE('',*,*,#6269,.T.);
#3860=ORIENTED_EDGE('',*,*,#6270,.T.);
#3861=ORIENTED_EDGE('',*,*,#6271,.T.);
#3862=ORIENTED_EDGE('',*,*,#6272,.T.);
#3863=ORIENTED_EDGE('',*,*,#6273,.T.);
#3864=ORIENTED_EDGE('',*,*,#6274,.T.);
#3865=ORIENTED_EDGE('',*,*,#6275,.T.);
#3866=ORIENTED_EDGE('',*,*,#6276,.T.);
#3867=ORIENTED_EDGE('',*,*,#6277,.T.);
#3868=ORIENTED_EDGE('',*,*,#6278,.T.);
#3869=ORIENTED_EDGE('',*,*,#6279,.T.);
#3870=ORIENTED_EDGE('',*,*,#6280,.T.);
#3871=ORIENTED_EDGE('',*,*,#6281,.T.);
#3872=ORIENTED_EDGE('',*,*,#6282,.T.);
#3873=ORIENTED_EDGE('',*,*,#6283,.T.);
#3874=ORIENTED_EDGE('',*,*,#6284,.T.);
#3875=ORIENTED_EDGE('',*,*,#6285,.T.);
#3876=ORIENTED_EDGE('',*,*,#6286,.T.);
#3877=ORIENTED_EDGE('',*,*,#6287,.T.);
#3878=ORIENTED_EDGE('',*,*,#6288,.T.);
#3879=ORIENTED_EDGE('',*,*,#6289,.T.);
#3880=ORIENTED_EDGE('',*,*,#6290,.T.);
#3881=ORIENTED_EDGE('',*,*,#6291,.T.);
#3882=ORIENTED_EDGE('',*,*,#6292,.T.);
#3883=ORIENTED_EDGE('',*,*,#6293,.T.);
#3884=ORIENTED_EDGE('',*,*,#6294,.T.);
#3885=ORIENTED_EDGE('',*,*,#6295,.T.);
#3886=ORIENTED_EDGE('',*,*,#6296,.T.);
#3887=ORIENTED_EDGE('',*,*,#6297,.T.);
#3888=ORIENTED_EDGE('',*,*,#6298,.T.);
#3889=ORIENTED_EDGE('',*,*,#6299,.T.);
#3890=ORIENTED_EDGE('',*,*,#6300,.T.);
#3891=ORIENTED_EDGE('',*,*,#6183,.F.);
#3892=ORIENTED_EDGE('',*,*,#6178,.F.);
#3893=ORIENTED_EDGE('',*,*,#6301,.T.);
#3894=ORIENTED_EDGE('',*,*,#6172,.F.);
#3895=ORIENTED_EDGE('',*,*,#6302,.T.);
#3896=ORIENTED_EDGE('',*,*,#6170,.F.);
#3897=ORIENTED_EDGE('',*,*,#6303,.T.);
#3898=ORIENTED_EDGE('',*,*,#6138,.F.);
#3899=ORIENTED_EDGE('',*,*,#6161,.T.);
#3900=ORIENTED_EDGE('',*,*,#6304,.T.);
#3901=ORIENTED_EDGE('',*,*,#6159,.T.);
#3902=ORIENTED_EDGE('',*,*,#6305,.T.);
#3903=ORIENTED_EDGE('',*,*,#6216,.T.);
#3904=ORIENTED_EDGE('',*,*,#6306,.T.);
#3905=ORIENTED_EDGE('',*,*,#6241,.F.);
#3906=ORIENTED_EDGE('',*,*,#6171,.F.);
#3907=ORIENTED_EDGE('',*,*,#6302,.F.);
#3908=ORIENTED_EDGE('',*,*,#6175,.F.);
#3909=ORIENTED_EDGE('',*,*,#6155,.F.);
#3910=ORIENTED_EDGE('',*,*,#6307,.T.);
#3911=ORIENTED_EDGE('',*,*,#6185,.F.);
#3912=ORIENTED_EDGE('',*,*,#6308,.T.);
#3913=ORIENTED_EDGE('',*,*,#6166,.F.);
#3914=ORIENTED_EDGE('',*,*,#6309,.T.);
#3915=ORIENTED_EDGE('',*,*,#6211,.F.);
#3916=ORIENTED_EDGE('',*,*,#6310,.T.);
#3917=ORIENTED_EDGE('',*,*,#6190,.F.);
#3918=ORIENTED_EDGE('',*,*,#6311,.T.);
#3919=ORIENTED_EDGE('',*,*,#6150,.F.);
#3920=ORIENTED_EDGE('',*,*,#6312,.T.);
#3921=ORIENTED_EDGE('',*,*,#6203,.F.);
#3922=ORIENTED_EDGE('',*,*,#6313,.T.);
#3923=ORIENTED_EDGE('',*,*,#6198,.F.);
#3924=ORIENTED_EDGE('',*,*,#6314,.T.);
#3925=ORIENTED_EDGE('',*,*,#6264,.F.);
#3926=ORIENTED_EDGE('',*,*,#6162,.F.);
#3927=ORIENTED_EDGE('',*,*,#6306,.F.);
#3928=ORIENTED_EDGE('',*,*,#6215,.F.);
#3929=ORIENTED_EDGE('',*,*,#6265,.F.);
#3930=ORIENTED_EDGE('',*,*,#6217,.F.);
#3931=ORIENTED_EDGE('',*,*,#6305,.F.);
#3932=ORIENTED_EDGE('',*,*,#6158,.F.);
#3933=ORIENTED_EDGE('',*,*,#6263,.F.);
#3934=ORIENTED_EDGE('',*,*,#6160,.F.);
#3935=ORIENTED_EDGE('',*,*,#6304,.F.);
#3936=ORIENTED_EDGE('',*,*,#6164,.F.);
#3937=ORIENTED_EDGE('',*,*,#6219,.T.);
#3938=ORIENTED_EDGE('',*,*,#6315,.T.);
#3939=ORIENTED_EDGE('',*,*,#6280,.F.);
#3940=ORIENTED_EDGE('',*,*,#6316,.F.);
#3941=ORIENTED_EDGE('',*,*,#6223,.T.);
#3942=ORIENTED_EDGE('',*,*,#6317,.T.);
#3943=ORIENTED_EDGE('',*,*,#6276,.F.);
#3944=ORIENTED_EDGE('',*,*,#6318,.F.);
#3945=ORIENTED_EDGE('',*,*,#6227,.T.);
#3946=ORIENTED_EDGE('',*,*,#6319,.T.);
#3947=ORIENTED_EDGE('',*,*,#6272,.F.);
#3948=ORIENTED_EDGE('',*,*,#6320,.F.);
#3949=ORIENTED_EDGE('',*,*,#6231,.T.);
#3950=ORIENTED_EDGE('',*,*,#6321,.T.);
#3951=ORIENTED_EDGE('',*,*,#6268,.F.);
#3952=ORIENTED_EDGE('',*,*,#6322,.F.);
#3953=ORIENTED_EDGE('',*,*,#6236,.T.);
#3954=ORIENTED_EDGE('',*,*,#6267,.F.);
#3955=ORIENTED_EDGE('',*,*,#6323,.F.);
#3956=ORIENTED_EDGE('',*,*,#6246,.F.);
#3957=ORIENTED_EDGE('',*,*,#6324,.T.);
#3958=ORIENTED_EDGE('',*,*,#6153,.T.);
#3959=ORIENTED_EDGE('',*,*,#6134,.F.);
#3960=ORIENTED_EDGE('',*,*,#6148,.T.);
#3961=ORIENTED_EDGE('',*,*,#6325,.T.);
#3962=ORIENTED_EDGE('',*,*,#6284,.F.);
#3963=ORIENTED_EDGE('',*,*,#6143,.T.);
#3964=ORIENTED_EDGE('',*,*,#6326,.F.);
#3965=ORIENTED_EDGE('',*,*,#6327,.T.);
#3966=ORIENTED_EDGE('',*,*,#6142,.T.);
#3967=ORIENTED_EDGE('',*,*,#6328,.F.);
#3968=ORIENTED_EDGE('',*,*,#6329,.T.);
#3969=ORIENTED_EDGE('',*,*,#6149,.T.);
#3970=ORIENTED_EDGE('',*,*,#6326,.T.);
#3971=ORIENTED_EDGE('',*,*,#6330,.F.);
#3972=ORIENTED_EDGE('',*,*,#6331,.T.);
#3973=ORIENTED_EDGE('',*,*,#6144,.T.);
#3974=ORIENTED_EDGE('',*,*,#6329,.F.);
#3975=ORIENTED_EDGE('',*,*,#6239,.T.);
#3976=ORIENTED_EDGE('',*,*,#6332,.T.);
#3977=ORIENTED_EDGE('',*,*,#6330,.T.);
#3978=ORIENTED_EDGE('',*,*,#6328,.T.);
#3979=ORIENTED_EDGE('',*,*,#6141,.T.);
#3980=ORIENTED_EDGE('',*,*,#6235,.T.);
#3981=ORIENTED_EDGE('',*,*,#6327,.F.);
#3982=ORIENTED_EDGE('',*,*,#6234,.T.);
#3983=ORIENTED_EDGE('',*,*,#6266,.F.);
#3984=ORIENTED_EDGE('',*,*,#6136,.T.);
#3985=ORIENTED_EDGE('',*,*,#6152,.F.);
#3986=ORIENTED_EDGE('',*,*,#6333,.T.);
#3987=ORIENTED_EDGE('',*,*,#6249,.F.);
#3988=ORIENTED_EDGE('',*,*,#6128,.T.);
#3989=ORIENTED_EDGE('',*,*,#6132,.T.);
#3990=ORIENTED_EDGE('',*,*,#6137,.T.);
#3991=ORIENTED_EDGE('',*,*,#6126,.F.);
#3992=ORIENTED_EDGE('',*,*,#6248,.F.);
#3993=ORIENTED_EDGE('',*,*,#6323,.T.);
#3994=ORIENTED_EDGE('',*,*,#6133,.T.);
#3995=ORIENTED_EDGE('',*,*,#6130,.F.);
#3996=ORIENTED_EDGE('',*,*,#6247,.F.);
#3997=ORIENTED_EDGE('',*,*,#6233,.T.);
#3998=ORIENTED_EDGE('',*,*,#6334,.F.);
#3999=ORIENTED_EDGE('',*,*,#6270,.F.);
#4000=ORIENTED_EDGE('',*,*,#6335,.T.);
#4001=ORIENTED_EDGE('',*,*,#6230,.T.);
#4002=ORIENTED_EDGE('',*,*,#6335,.F.);
#4003=ORIENTED_EDGE('',*,*,#6269,.F.);
#4004=ORIENTED_EDGE('',*,*,#6321,.F.);
#4005=ORIENTED_EDGE('',*,*,#6232,.T.);
#4006=ORIENTED_EDGE('',*,*,#6322,.T.);
#4007=ORIENTED_EDGE('',*,*,#6271,.F.);
#4008=ORIENTED_EDGE('',*,*,#6334,.T.);
#4009=ORIENTED_EDGE('',*,*,#6229,.T.);
#4010=ORIENTED_EDGE('',*,*,#6336,.F.);
#4011=ORIENTED_EDGE('',*,*,#6274,.F.);
#4012=ORIENTED_EDGE('',*,*,#6337,.T.);
#4013=ORIENTED_EDGE('',*,*,#6226,.T.);
#4014=ORIENTED_EDGE('',*,*,#6337,.F.);
#4015=ORIENTED_EDGE('',*,*,#6273,.F.);
#4016=ORIENTED_EDGE('',*,*,#6319,.F.);
#4017=ORIENTED_EDGE('',*,*,#6228,.T.);
#4018=ORIENTED_EDGE('',*,*,#6320,.T.);
#4019=ORIENTED_EDGE('',*,*,#6275,.F.);
#4020=ORIENTED_EDGE('',*,*,#6336,.T.);
#4021=ORIENTED_EDGE('',*,*,#6225,.T.);
#4022=ORIENTED_EDGE('',*,*,#6338,.F.);
#4023=ORIENTED_EDGE('',*,*,#6278,.F.);
#4024=ORIENTED_EDGE('',*,*,#6339,.T.);
#4025=ORIENTED_EDGE('',*,*,#6222,.T.);
#4026=ORIENTED_EDGE('',*,*,#6339,.F.);
#4027=ORIENTED_EDGE('',*,*,#6277,.F.);
#4028=ORIENTED_EDGE('',*,*,#6317,.F.);
#4029=ORIENTED_EDGE('',*,*,#6224,.T.);
#4030=ORIENTED_EDGE('',*,*,#6318,.T.);
#4031=ORIENTED_EDGE('',*,*,#6279,.F.);
#4032=ORIENTED_EDGE('',*,*,#6338,.T.);
#4033=ORIENTED_EDGE('',*,*,#6221,.T.);
#4034=ORIENTED_EDGE('',*,*,#6340,.F.);
#4035=ORIENTED_EDGE('',*,*,#6282,.F.);
#4036=ORIENTED_EDGE('',*,*,#6341,.T.);
#4037=ORIENTED_EDGE('',*,*,#6218,.T.);
#4038=ORIENTED_EDGE('',*,*,#6341,.F.);
#4039=ORIENTED_EDGE('',*,*,#6281,.F.);
#4040=ORIENTED_EDGE('',*,*,#6315,.F.);
#4041=ORIENTED_EDGE('',*,*,#6220,.T.);
#4042=ORIENTED_EDGE('',*,*,#6316,.T.);
#4043=ORIENTED_EDGE('',*,*,#6283,.F.);
#4044=ORIENTED_EDGE('',*,*,#6340,.T.);
#4045=ORIENTED_EDGE('',*,*,#6242,.F.);
#4046=ORIENTED_EDGE('',*,*,#6173,.F.);
#4047=ORIENTED_EDGE('',*,*,#6301,.F.);
#4048=ORIENTED_EDGE('',*,*,#6177,.F.);
#4049=ORIENTED_EDGE('',*,*,#6240,.F.);
#4050=ORIENTED_EDGE('',*,*,#6139,.F.);
#4051=ORIENTED_EDGE('',*,*,#6303,.F.);
#4052=ORIENTED_EDGE('',*,*,#6169,.F.);
#4053=ORIENTED_EDGE('',*,*,#6333,.F.);
#4054=ORIENTED_EDGE('',*,*,#6151,.F.);
#4055=ORIENTED_EDGE('',*,*,#6342,.F.);
#4056=ORIENTED_EDGE('',*,*,#6250,.F.);
#4057=ORIENTED_EDGE('',*,*,#6342,.T.);
#4058=ORIENTED_EDGE('',*,*,#6311,.F.);
#4059=ORIENTED_EDGE('',*,*,#6343,.F.);
#4060=ORIENTED_EDGE('',*,*,#6251,.F.);
#4061=ORIENTED_EDGE('',*,*,#6343,.T.);
#4062=ORIENTED_EDGE('',*,*,#6189,.F.);
#4063=ORIENTED_EDGE('',*,*,#6344,.F.);
#4064=ORIENTED_EDGE('',*,*,#6252,.F.);
#4065=ORIENTED_EDGE('',*,*,#6344,.T.);
#4066=ORIENTED_EDGE('',*,*,#6193,.F.);
#4067=ORIENTED_EDGE('',*,*,#6345,.F.);
#4068=ORIENTED_EDGE('',*,*,#6253,.F.);
#4069=ORIENTED_EDGE('',*,*,#6345,.T.);
#4070=ORIENTED_EDGE('',*,*,#6196,.F.);
#4071=ORIENTED_EDGE('',*,*,#6346,.F.);
#4072=ORIENTED_EDGE('',*,*,#6254,.F.);
#4073=ORIENTED_EDGE('',*,*,#6346,.T.);
#4074=ORIENTED_EDGE('',*,*,#6199,.F.);
#4075=ORIENTED_EDGE('',*,*,#6347,.F.);
#4076=ORIENTED_EDGE('',*,*,#6255,.F.);
#4077=ORIENTED_EDGE('',*,*,#6347,.T.);
#4078=ORIENTED_EDGE('',*,*,#6313,.F.);
#4079=ORIENTED_EDGE('',*,*,#6348,.F.);
#4080=ORIENTED_EDGE('',*,*,#6256,.F.);
#4081=ORIENTED_EDGE('',*,*,#6348,.T.);
#4082=ORIENTED_EDGE('',*,*,#6202,.F.);
#4083=ORIENTED_EDGE('',*,*,#6349,.F.);
#4084=ORIENTED_EDGE('',*,*,#6257,.F.);
#4085=ORIENTED_EDGE('',*,*,#6349,.T.);
#4086=ORIENTED_EDGE('',*,*,#6206,.F.);
#4087=ORIENTED_EDGE('',*,*,#6350,.F.);
#4088=ORIENTED_EDGE('',*,*,#6258,.F.);
#4089=ORIENTED_EDGE('',*,*,#6350,.T.);
#4090=ORIENTED_EDGE('',*,*,#6209,.F.);
#4091=ORIENTED_EDGE('',*,*,#6351,.F.);
#4092=ORIENTED_EDGE('',*,*,#6259,.F.);
#4093=ORIENTED_EDGE('',*,*,#6351,.T.);
#4094=ORIENTED_EDGE('',*,*,#6212,.F.);
#4095=ORIENTED_EDGE('',*,*,#6352,.F.);
#4096=ORIENTED_EDGE('',*,*,#6260,.F.);
#4097=ORIENTED_EDGE('',*,*,#6352,.T.);
#4098=ORIENTED_EDGE('',*,*,#6309,.F.);
#4099=ORIENTED_EDGE('',*,*,#6353,.F.);
#4100=ORIENTED_EDGE('',*,*,#6261,.F.);
#4101=ORIENTED_EDGE('',*,*,#6353,.T.);
#4102=ORIENTED_EDGE('',*,*,#6165,.F.);
#4103=ORIENTED_EDGE('',*,*,#6354,.F.);
#4104=ORIENTED_EDGE('',*,*,#6262,.F.);
#4105=ORIENTED_EDGE('',*,*,#6354,.T.);
#4106=ORIENTED_EDGE('',*,*,#6145,.F.);
#4107=ORIENTED_EDGE('',*,*,#6355,.F.);
#4108=ORIENTED_EDGE('',*,*,#6237,.F.);
#4109=ORIENTED_EDGE('',*,*,#6332,.F.);
#4110=ORIENTED_EDGE('',*,*,#6238,.F.);
#4111=ORIENTED_EDGE('',*,*,#6355,.T.);
#4112=ORIENTED_EDGE('',*,*,#6331,.F.);
#4113=ORIENTED_EDGE('',*,*,#6324,.F.);
#4114=ORIENTED_EDGE('',*,*,#6245,.F.);
#4115=ORIENTED_EDGE('',*,*,#6356,.F.);
#4116=ORIENTED_EDGE('',*,*,#6154,.F.);
#4117=ORIENTED_EDGE('',*,*,#6356,.T.);
#4118=ORIENTED_EDGE('',*,*,#6244,.F.);
#4119=ORIENTED_EDGE('',*,*,#6357,.F.);
#4120=ORIENTED_EDGE('',*,*,#6307,.F.);
#4121=ORIENTED_EDGE('',*,*,#6181,.F.);
#4122=ORIENTED_EDGE('',*,*,#6186,.F.);
#4123=ORIENTED_EDGE('',*,*,#6357,.T.);
#4124=ORIENTED_EDGE('',*,*,#6243,.F.);
#4125=ORIENTED_EDGE('',*,*,#6184,.F.);
#4126=ORIENTED_EDGE('',*,*,#6300,.F.);
#4127=ORIENTED_EDGE('',*,*,#6358,.F.);
#4128=ORIENTED_EDGE('',*,*,#6187,.F.);
#4129=ORIENTED_EDGE('',*,*,#6358,.T.);
#4130=ORIENTED_EDGE('',*,*,#6299,.F.);
#4131=ORIENTED_EDGE('',*,*,#6359,.F.);
#4132=ORIENTED_EDGE('',*,*,#6308,.F.);
#4133=ORIENTED_EDGE('',*,*,#6359,.T.);
#4134=ORIENTED_EDGE('',*,*,#6298,.F.);
#4135=ORIENTED_EDGE('',*,*,#6360,.F.);
#4136=ORIENTED_EDGE('',*,*,#6156,.F.);
#4137=ORIENTED_EDGE('',*,*,#6360,.T.);
#4138=ORIENTED_EDGE('',*,*,#6297,.F.);
#4139=ORIENTED_EDGE('',*,*,#6361,.F.);
#4140=ORIENTED_EDGE('',*,*,#6312,.F.);
#4141=ORIENTED_EDGE('',*,*,#6361,.T.);
#4142=ORIENTED_EDGE('',*,*,#6296,.F.);
#4143=ORIENTED_EDGE('',*,*,#6362,.F.);
#4144=ORIENTED_EDGE('',*,*,#6191,.F.);
#4145=ORIENTED_EDGE('',*,*,#6362,.T.);
#4146=ORIENTED_EDGE('',*,*,#6295,.F.);
#4147=ORIENTED_EDGE('',*,*,#6363,.F.);
#4148=ORIENTED_EDGE('',*,*,#6194,.F.);
#4149=ORIENTED_EDGE('',*,*,#6363,.T.);
#4150=ORIENTED_EDGE('',*,*,#6294,.F.);
#4151=ORIENTED_EDGE('',*,*,#6364,.F.);
#4152=ORIENTED_EDGE('',*,*,#6197,.F.);
#4153=ORIENTED_EDGE('',*,*,#6364,.T.);
#4154=ORIENTED_EDGE('',*,*,#6293,.F.);
#4155=ORIENTED_EDGE('',*,*,#6365,.F.);
#4156=ORIENTED_EDGE('',*,*,#6200,.F.);
#4157=ORIENTED_EDGE('',*,*,#6365,.T.);
#4158=ORIENTED_EDGE('',*,*,#6292,.F.);
#4159=ORIENTED_EDGE('',*,*,#6366,.F.);
#4160=ORIENTED_EDGE('',*,*,#6314,.F.);
#4161=ORIENTED_EDGE('',*,*,#6366,.T.);
#4162=ORIENTED_EDGE('',*,*,#6291,.F.);
#4163=ORIENTED_EDGE('',*,*,#6367,.F.);
#4164=ORIENTED_EDGE('',*,*,#6204,.F.);
#4165=ORIENTED_EDGE('',*,*,#6367,.T.);
#4166=ORIENTED_EDGE('',*,*,#6290,.F.);
#4167=ORIENTED_EDGE('',*,*,#6368,.F.);
#4168=ORIENTED_EDGE('',*,*,#6207,.F.);
#4169=ORIENTED_EDGE('',*,*,#6368,.T.);
#4170=ORIENTED_EDGE('',*,*,#6289,.F.);
#4171=ORIENTED_EDGE('',*,*,#6369,.F.);
#4172=ORIENTED_EDGE('',*,*,#6210,.F.);
#4173=ORIENTED_EDGE('',*,*,#6369,.T.);
#4174=ORIENTED_EDGE('',*,*,#6288,.F.);
#4175=ORIENTED_EDGE('',*,*,#6370,.F.);
#4176=ORIENTED_EDGE('',*,*,#6213,.F.);
#4177=ORIENTED_EDGE('',*,*,#6370,.T.);
#4178=ORIENTED_EDGE('',*,*,#6287,.F.);
#4179=ORIENTED_EDGE('',*,*,#6371,.F.);
#4180=ORIENTED_EDGE('',*,*,#6310,.F.);
#4181=ORIENTED_EDGE('',*,*,#6371,.T.);
#4182=ORIENTED_EDGE('',*,*,#6286,.F.);
#4183=ORIENTED_EDGE('',*,*,#6372,.F.);
#4184=ORIENTED_EDGE('',*,*,#6167,.F.);
#4185=ORIENTED_EDGE('',*,*,#6325,.F.);
#4186=ORIENTED_EDGE('',*,*,#6147,.F.);
#4187=ORIENTED_EDGE('',*,*,#6372,.T.);
#4188=ORIENTED_EDGE('',*,*,#6285,.F.);
#4189=ORIENTED_EDGE('',*,*,#6373,.F.);
#4190=ORIENTED_EDGE('',*,*,#6374,.F.);
#4191=ORIENTED_EDGE('',*,*,#6375,.F.);
#4192=ORIENTED_EDGE('',*,*,#6376,.T.);
#4193=ORIENTED_EDGE('',*,*,#6377,.F.);
#4194=ORIENTED_EDGE('',*,*,#6378,.F.);
#4195=ORIENTED_EDGE('',*,*,#6379,.F.);
#4196=ORIENTED_EDGE('',*,*,#6380,.T.);
#4197=ORIENTED_EDGE('',*,*,#6381,.F.);
#4198=ORIENTED_EDGE('',*,*,#6379,.T.);
#4199=ORIENTED_EDGE('',*,*,#6382,.F.);
#4200=ORIENTED_EDGE('',*,*,#6375,.T.);
#4201=ORIENTED_EDGE('',*,*,#6383,.F.);
#4202=ORIENTED_EDGE('',*,*,#6384,.T.);
#4203=ORIENTED_EDGE('',*,*,#6385,.T.);
#4204=ORIENTED_EDGE('',*,*,#6386,.F.);
#4205=ORIENTED_EDGE('',*,*,#6387,.T.);
#4206=ORIENTED_EDGE('',*,*,#6388,.T.);
#4207=ORIENTED_EDGE('',*,*,#6389,.F.);
#4208=ORIENTED_EDGE('',*,*,#6390,.F.);
#4209=ORIENTED_EDGE('',*,*,#6391,.F.);
#4210=ORIENTED_EDGE('',*,*,#6392,.F.);
#4211=ORIENTED_EDGE('',*,*,#6393,.T.);
#4212=ORIENTED_EDGE('',*,*,#6394,.F.);
#4213=ORIENTED_EDGE('',*,*,#6395,.T.);
#4214=ORIENTED_EDGE('',*,*,#6396,.F.);
#4215=ORIENTED_EDGE('',*,*,#6397,.F.);
#4216=ORIENTED_EDGE('',*,*,#6398,.T.);
#4217=ORIENTED_EDGE('',*,*,#6399,.T.);
#4218=ORIENTED_EDGE('',*,*,#6400,.T.);
#4219=ORIENTED_EDGE('',*,*,#6401,.T.);
#4220=ORIENTED_EDGE('',*,*,#6402,.F.);
#4221=ORIENTED_EDGE('',*,*,#6384,.F.);
#4222=ORIENTED_EDGE('',*,*,#6403,.T.);
#4223=ORIENTED_EDGE('',*,*,#6404,.T.);
#4224=ORIENTED_EDGE('',*,*,#6405,.T.);
#4225=ORIENTED_EDGE('',*,*,#6406,.T.);
#4226=ORIENTED_EDGE('',*,*,#6407,.F.);
#4227=ORIENTED_EDGE('',*,*,#6408,.T.);
#4228=ORIENTED_EDGE('',*,*,#6409,.F.);
#4229=ORIENTED_EDGE('',*,*,#6410,.T.);
#4230=ORIENTED_EDGE('',*,*,#6411,.T.);
#4231=ORIENTED_EDGE('',*,*,#6412,.T.);
#4232=ORIENTED_EDGE('',*,*,#6394,.T.);
#4233=ORIENTED_EDGE('',*,*,#6413,.T.);
#4234=ORIENTED_EDGE('',*,*,#6414,.T.);
#4235=ORIENTED_EDGE('',*,*,#6415,.T.);
#4236=ORIENTED_EDGE('',*,*,#6416,.T.);
#4237=ORIENTED_EDGE('',*,*,#6417,.T.);
#4238=ORIENTED_EDGE('',*,*,#6418,.F.);
#4239=ORIENTED_EDGE('',*,*,#6419,.T.);
#4240=ORIENTED_EDGE('',*,*,#6420,.F.);
#4241=ORIENTED_EDGE('',*,*,#6421,.T.);
#4242=ORIENTED_EDGE('',*,*,#6422,.T.);
#4243=ORIENTED_EDGE('',*,*,#6423,.T.);
#4244=ORIENTED_EDGE('',*,*,#6424,.T.);
#4245=ORIENTED_EDGE('',*,*,#6425,.T.);
#4246=ORIENTED_EDGE('',*,*,#6426,.F.);
#4247=ORIENTED_EDGE('',*,*,#6427,.F.);
#4248=ORIENTED_EDGE('',*,*,#6428,.F.);
#4249=ORIENTED_EDGE('',*,*,#6429,.T.);
#4250=ORIENTED_EDGE('',*,*,#6430,.T.);
#4251=ORIENTED_EDGE('',*,*,#6427,.T.);
#4252=ORIENTED_EDGE('',*,*,#6431,.F.);
#4253=ORIENTED_EDGE('',*,*,#6432,.T.);
#4254=ORIENTED_EDGE('',*,*,#6433,.T.);
#4255=ORIENTED_EDGE('',*,*,#6434,.T.);
#4256=ORIENTED_EDGE('',*,*,#6428,.T.);
#4257=ORIENTED_EDGE('',*,*,#6435,.T.);
#4258=ORIENTED_EDGE('',*,*,#6436,.F.);
#4259=ORIENTED_EDGE('',*,*,#6437,.T.);
#4260=ORIENTED_EDGE('',*,*,#6438,.T.);
#4261=ORIENTED_EDGE('',*,*,#6439,.T.);
#4262=ORIENTED_EDGE('',*,*,#6440,.F.);
#4263=ORIENTED_EDGE('',*,*,#6441,.T.);
#4264=ORIENTED_EDGE('',*,*,#6436,.T.);
#4265=ORIENTED_EDGE('',*,*,#6442,.T.);
#4266=ORIENTED_EDGE('',*,*,#6443,.F.);
#4267=ORIENTED_EDGE('',*,*,#6444,.T.);
#4268=ORIENTED_EDGE('',*,*,#6440,.T.);
#4269=ORIENTED_EDGE('',*,*,#6445,.T.);
#4270=ORIENTED_EDGE('',*,*,#6446,.T.);
#4271=ORIENTED_EDGE('',*,*,#6447,.T.);
#4272=ORIENTED_EDGE('',*,*,#6443,.T.);
#4273=ORIENTED_EDGE('',*,*,#6448,.T.);
#4274=ORIENTED_EDGE('',*,*,#6449,.F.);
#4275=ORIENTED_EDGE('',*,*,#6450,.T.);
#4276=ORIENTED_EDGE('',*,*,#6451,.T.);
#4277=ORIENTED_EDGE('',*,*,#6452,.T.);
#4278=ORIENTED_EDGE('',*,*,#6453,.F.);
#4279=ORIENTED_EDGE('',*,*,#6454,.T.);
#4280=ORIENTED_EDGE('',*,*,#6449,.T.);
#4281=ORIENTED_EDGE('',*,*,#6455,.T.);
#4282=ORIENTED_EDGE('',*,*,#6456,.F.);
#4283=ORIENTED_EDGE('',*,*,#6457,.T.);
#4284=ORIENTED_EDGE('',*,*,#6453,.T.);
#4285=ORIENTED_EDGE('',*,*,#6458,.T.);
#4286=ORIENTED_EDGE('',*,*,#6459,.T.);
#4287=ORIENTED_EDGE('',*,*,#6460,.T.);
#4288=ORIENTED_EDGE('',*,*,#6456,.T.);
#4289=ORIENTED_EDGE('',*,*,#6461,.T.);
#4290=ORIENTED_EDGE('',*,*,#6462,.T.);
#4291=ORIENTED_EDGE('',*,*,#6463,.T.);
#4292=ORIENTED_EDGE('',*,*,#6464,.F.);
#4293=ORIENTED_EDGE('',*,*,#6465,.T.);
#4294=ORIENTED_EDGE('',*,*,#6466,.F.);
#4295=ORIENTED_EDGE('',*,*,#6467,.F.);
#4296=ORIENTED_EDGE('',*,*,#6468,.F.);
#4297=ORIENTED_EDGE('',*,*,#6469,.F.);
#4298=ORIENTED_EDGE('',*,*,#6470,.F.);
#4299=ORIENTED_EDGE('',*,*,#6471,.F.);
#4300=ORIENTED_EDGE('',*,*,#6472,.F.);
#4301=ORIENTED_EDGE('',*,*,#6473,.F.);
#4302=ORIENTED_EDGE('',*,*,#6474,.F.);
#4303=ORIENTED_EDGE('',*,*,#6475,.F.);
#4304=ORIENTED_EDGE('',*,*,#6476,.F.);
#4305=ORIENTED_EDGE('',*,*,#6477,.F.);
#4306=ORIENTED_EDGE('',*,*,#6478,.F.);
#4307=ORIENTED_EDGE('',*,*,#6479,.F.);
#4308=ORIENTED_EDGE('',*,*,#6480,.F.);
#4309=ORIENTED_EDGE('',*,*,#6481,.F.);
#4310=ORIENTED_EDGE('',*,*,#6482,.F.);
#4311=ORIENTED_EDGE('',*,*,#6483,.F.);
#4312=ORIENTED_EDGE('',*,*,#6484,.F.);
#4313=ORIENTED_EDGE('',*,*,#6485,.T.);
#4314=ORIENTED_EDGE('',*,*,#6486,.T.);
#4315=ORIENTED_EDGE('',*,*,#6431,.T.);
#4316=ORIENTED_EDGE('',*,*,#6426,.T.);
#4317=ORIENTED_EDGE('',*,*,#6487,.T.);
#4318=ORIENTED_EDGE('',*,*,#6420,.T.);
#4319=ORIENTED_EDGE('',*,*,#6488,.T.);
#4320=ORIENTED_EDGE('',*,*,#6418,.T.);
#4321=ORIENTED_EDGE('',*,*,#6489,.T.);
#4322=ORIENTED_EDGE('',*,*,#6386,.T.);
#4323=ORIENTED_EDGE('',*,*,#6490,.F.);
#4324=ORIENTED_EDGE('',*,*,#6491,.T.);
#4325=ORIENTED_EDGE('',*,*,#6492,.T.);
#4326=ORIENTED_EDGE('',*,*,#6493,.T.);
#4327=ORIENTED_EDGE('',*,*,#6494,.T.);
#4328=ORIENTED_EDGE('',*,*,#6495,.T.);
#4329=ORIENTED_EDGE('',*,*,#6496,.T.);
#4330=ORIENTED_EDGE('',*,*,#6497,.T.);
#4331=ORIENTED_EDGE('',*,*,#6498,.T.);
#4332=ORIENTED_EDGE('',*,*,#6499,.T.);
#4333=ORIENTED_EDGE('',*,*,#6500,.T.);
#4334=ORIENTED_EDGE('',*,*,#6501,.T.);
#4335=ORIENTED_EDGE('',*,*,#6502,.T.);
#4336=ORIENTED_EDGE('',*,*,#6503,.T.);
#4337=ORIENTED_EDGE('',*,*,#6504,.T.);
#4338=ORIENTED_EDGE('',*,*,#6505,.T.);
#4339=ORIENTED_EDGE('',*,*,#6506,.T.);
#4340=ORIENTED_EDGE('',*,*,#6373,.T.);
#4341=ORIENTED_EDGE('',*,*,#6507,.T.);
#4342=ORIENTED_EDGE('',*,*,#6377,.T.);
#4343=ORIENTED_EDGE('',*,*,#6508,.T.);
#4344=ORIENTED_EDGE('',*,*,#6509,.T.);
#4345=ORIENTED_EDGE('',*,*,#6510,.T.);
#4346=ORIENTED_EDGE('',*,*,#6405,.F.);
#4347=ORIENTED_EDGE('',*,*,#6511,.T.);
#4348=ORIENTED_EDGE('',*,*,#6462,.F.);
#4349=ORIENTED_EDGE('',*,*,#6512,.T.);
#4350=ORIENTED_EDGE('',*,*,#6411,.F.);
#4351=ORIENTED_EDGE('',*,*,#6513,.T.);
#4352=ORIENTED_EDGE('',*,*,#6514,.T.);
#4353=ORIENTED_EDGE('',*,*,#6515,.T.);
#4354=ORIENTED_EDGE('',*,*,#6516,.T.);
#4355=ORIENTED_EDGE('',*,*,#6517,.T.);
#4356=ORIENTED_EDGE('',*,*,#6518,.T.);
#4357=ORIENTED_EDGE('',*,*,#6519,.T.);
#4358=ORIENTED_EDGE('',*,*,#6520,.T.);
#4359=ORIENTED_EDGE('',*,*,#6521,.T.);
#4360=ORIENTED_EDGE('',*,*,#6522,.T.);
#4361=ORIENTED_EDGE('',*,*,#6523,.T.);
#4362=ORIENTED_EDGE('',*,*,#6524,.T.);
#4363=ORIENTED_EDGE('',*,*,#6525,.T.);
#4364=ORIENTED_EDGE('',*,*,#6526,.T.);
#4365=ORIENTED_EDGE('',*,*,#6527,.T.);
#4366=ORIENTED_EDGE('',*,*,#6528,.T.);
#4367=ORIENTED_EDGE('',*,*,#6529,.T.);
#4368=ORIENTED_EDGE('',*,*,#6530,.T.);
#4369=ORIENTED_EDGE('',*,*,#6531,.T.);
#4370=ORIENTED_EDGE('',*,*,#6532,.T.);
#4371=ORIENTED_EDGE('',*,*,#6533,.T.);
#4372=ORIENTED_EDGE('',*,*,#6534,.T.);
#4373=ORIENTED_EDGE('',*,*,#6388,.F.);
#4374=ORIENTED_EDGE('',*,*,#6535,.T.);
#4375=ORIENTED_EDGE('',*,*,#6416,.F.);
#4376=ORIENTED_EDGE('',*,*,#6536,.T.);
#4377=ORIENTED_EDGE('',*,*,#6422,.F.);
#4378=ORIENTED_EDGE('',*,*,#6537,.T.);
#4379=ORIENTED_EDGE('',*,*,#6424,.F.);
#4380=ORIENTED_EDGE('',*,*,#6430,.F.);
#4381=ORIENTED_EDGE('',*,*,#6538,.T.);
#4382=ORIENTED_EDGE('',*,*,#6539,.T.);
#4383=ORIENTED_EDGE('',*,*,#6540,.T.);
#4384=ORIENTED_EDGE('',*,*,#6541,.T.);
#4385=ORIENTED_EDGE('',*,*,#6542,.T.);
#4386=ORIENTED_EDGE('',*,*,#6543,.T.);
#4387=ORIENTED_EDGE('',*,*,#6544,.T.);
#4388=ORIENTED_EDGE('',*,*,#6545,.T.);
#4389=ORIENTED_EDGE('',*,*,#6546,.T.);
#4390=ORIENTED_EDGE('',*,*,#6547,.T.);
#4391=ORIENTED_EDGE('',*,*,#6548,.T.);
#4392=ORIENTED_EDGE('',*,*,#6549,.T.);
#4393=ORIENTED_EDGE('',*,*,#6550,.T.);
#4394=ORIENTED_EDGE('',*,*,#6551,.T.);
#4395=ORIENTED_EDGE('',*,*,#6409,.T.);
#4396=ORIENTED_EDGE('',*,*,#6552,.T.);
#4397=ORIENTED_EDGE('',*,*,#6464,.T.);
#4398=ORIENTED_EDGE('',*,*,#6553,.T.);
#4399=ORIENTED_EDGE('',*,*,#6407,.T.);
#4400=ORIENTED_EDGE('',*,*,#6554,.T.);
#4401=ORIENTED_EDGE('',*,*,#6488,.F.);
#4402=ORIENTED_EDGE('',*,*,#6423,.F.);
#4403=ORIENTED_EDGE('',*,*,#6536,.F.);
#4404=ORIENTED_EDGE('',*,*,#6419,.F.);
#4405=ORIENTED_EDGE('',*,*,#6400,.F.);
#4406=ORIENTED_EDGE('',*,*,#6555,.T.);
#4407=ORIENTED_EDGE('',*,*,#6433,.F.);
#4408=ORIENTED_EDGE('',*,*,#6556,.T.);
#4409=ORIENTED_EDGE('',*,*,#6414,.F.);
#4410=ORIENTED_EDGE('',*,*,#6557,.T.);
#4411=ORIENTED_EDGE('',*,*,#6459,.F.);
#4412=ORIENTED_EDGE('',*,*,#6558,.T.);
#4413=ORIENTED_EDGE('',*,*,#6438,.F.);
#4414=ORIENTED_EDGE('',*,*,#6559,.T.);
#4415=ORIENTED_EDGE('',*,*,#6398,.F.);
#4416=ORIENTED_EDGE('',*,*,#6560,.T.);
#4417=ORIENTED_EDGE('',*,*,#6451,.F.);
#4418=ORIENTED_EDGE('',*,*,#6561,.T.);
#4419=ORIENTED_EDGE('',*,*,#6446,.F.);
#4420=ORIENTED_EDGE('',*,*,#6562,.T.);
#4421=ORIENTED_EDGE('',*,*,#6512,.F.);
#4422=ORIENTED_EDGE('',*,*,#6465,.F.);
#4423=ORIENTED_EDGE('',*,*,#6552,.F.);
#4424=ORIENTED_EDGE('',*,*,#6412,.F.);
#4425=ORIENTED_EDGE('',*,*,#6511,.F.);
#4426=ORIENTED_EDGE('',*,*,#6408,.F.);
#4427=ORIENTED_EDGE('',*,*,#6553,.F.);
#4428=ORIENTED_EDGE('',*,*,#6463,.F.);
#4429=ORIENTED_EDGE('',*,*,#6513,.F.);
#4430=ORIENTED_EDGE('',*,*,#6410,.F.);
#4431=ORIENTED_EDGE('',*,*,#6554,.F.);
#4432=ORIENTED_EDGE('',*,*,#6406,.F.);
#4433=ORIENTED_EDGE('',*,*,#6469,.T.);
#4434=ORIENTED_EDGE('',*,*,#6563,.F.);
#4435=ORIENTED_EDGE('',*,*,#6528,.F.);
#4436=ORIENTED_EDGE('',*,*,#6564,.T.);
#4437=ORIENTED_EDGE('',*,*,#6473,.T.);
#4438=ORIENTED_EDGE('',*,*,#6565,.F.);
#4439=ORIENTED_EDGE('',*,*,#6524,.F.);
#4440=ORIENTED_EDGE('',*,*,#6566,.T.);
#4441=ORIENTED_EDGE('',*,*,#6477,.T.);
#4442=ORIENTED_EDGE('',*,*,#6567,.F.);
#4443=ORIENTED_EDGE('',*,*,#6520,.F.);
#4444=ORIENTED_EDGE('',*,*,#6568,.T.);
#4445=ORIENTED_EDGE('',*,*,#6481,.T.);
#4446=ORIENTED_EDGE('',*,*,#6569,.F.);
#4447=ORIENTED_EDGE('',*,*,#6516,.F.);
#4448=ORIENTED_EDGE('',*,*,#6570,.T.);
#4449=ORIENTED_EDGE('',*,*,#6484,.T.);
#4450=ORIENTED_EDGE('',*,*,#6515,.F.);
#4451=ORIENTED_EDGE('',*,*,#6571,.F.);
#4452=ORIENTED_EDGE('',*,*,#6385,.F.);
#4453=ORIENTED_EDGE('',*,*,#6402,.T.);
#4454=ORIENTED_EDGE('',*,*,#6572,.T.);
#4455=ORIENTED_EDGE('',*,*,#6509,.F.);
#4456=ORIENTED_EDGE('',*,*,#6534,.F.);
#4457=ORIENTED_EDGE('',*,*,#6573,.T.);
#4458=ORIENTED_EDGE('',*,*,#6392,.T.);
#4459=ORIENTED_EDGE('',*,*,#6574,.F.);
#4460=ORIENTED_EDGE('',*,*,#6389,.T.);
#4461=ORIENTED_EDGE('',*,*,#6575,.T.);
#4462=ORIENTED_EDGE('',*,*,#6390,.T.);
#4463=ORIENTED_EDGE('',*,*,#6574,.T.);
#4464=ORIENTED_EDGE('',*,*,#6397,.T.);
#4465=ORIENTED_EDGE('',*,*,#6576,.T.);
#4466=ORIENTED_EDGE('',*,*,#6577,.F.);
#4467=ORIENTED_EDGE('',*,*,#6396,.T.);
#4468=ORIENTED_EDGE('',*,*,#6578,.T.);
#4469=ORIENTED_EDGE('',*,*,#6579,.F.);
#4470=ORIENTED_EDGE('',*,*,#6576,.F.);
#4471=ORIENTED_EDGE('',*,*,#6579,.T.);
#4472=ORIENTED_EDGE('',*,*,#6580,.T.);
#4473=ORIENTED_EDGE('',*,*,#6490,.T.);
#4474=ORIENTED_EDGE('',*,*,#6391,.T.);
#4475=ORIENTED_EDGE('',*,*,#6577,.T.);
#4476=ORIENTED_EDGE('',*,*,#6483,.T.);
#4477=ORIENTED_EDGE('',*,*,#6575,.F.);
#4478=ORIENTED_EDGE('',*,*,#6482,.T.);
#4479=ORIENTED_EDGE('',*,*,#6514,.F.);
#4480=ORIENTED_EDGE('',*,*,#6383,.T.);
#4481=ORIENTED_EDGE('',*,*,#6374,.T.);
#4482=ORIENTED_EDGE('',*,*,#6506,.F.);
#4483=ORIENTED_EDGE('',*,*,#6581,.T.);
#4484=ORIENTED_EDGE('',*,*,#6403,.F.);
#4485=ORIENTED_EDGE('',*,*,#6378,.T.);
#4486=ORIENTED_EDGE('',*,*,#6507,.F.);
#4487=ORIENTED_EDGE('',*,*,#6376,.F.);
#4488=ORIENTED_EDGE('',*,*,#6382,.T.);
#4489=ORIENTED_EDGE('',*,*,#6571,.T.);
#4490=ORIENTED_EDGE('',*,*,#6508,.F.);
#4491=ORIENTED_EDGE('',*,*,#6380,.F.);
#4492=ORIENTED_EDGE('',*,*,#6381,.T.);
#4493=ORIENTED_EDGE('',*,*,#6479,.T.);
#4494=ORIENTED_EDGE('',*,*,#6582,.T.);
#4495=ORIENTED_EDGE('',*,*,#6518,.F.);
#4496=ORIENTED_EDGE('',*,*,#6583,.F.);
#4497=ORIENTED_EDGE('',*,*,#6478,.T.);
#4498=ORIENTED_EDGE('',*,*,#6570,.F.);
#4499=ORIENTED_EDGE('',*,*,#6519,.F.);
#4500=ORIENTED_EDGE('',*,*,#6582,.F.);
#4501=ORIENTED_EDGE('',*,*,#6480,.T.);
#4502=ORIENTED_EDGE('',*,*,#6583,.T.);
#4503=ORIENTED_EDGE('',*,*,#6517,.F.);
#4504=ORIENTED_EDGE('',*,*,#6569,.T.);
#4505=ORIENTED_EDGE('',*,*,#6475,.T.);
#4506=ORIENTED_EDGE('',*,*,#6584,.T.);
#4507=ORIENTED_EDGE('',*,*,#6522,.F.);
#4508=ORIENTED_EDGE('',*,*,#6585,.F.);
#4509=ORIENTED_EDGE('',*,*,#6474,.T.);
#4510=ORIENTED_EDGE('',*,*,#6568,.F.);
#4511=ORIENTED_EDGE('',*,*,#6523,.F.);
#4512=ORIENTED_EDGE('',*,*,#6584,.F.);
#4513=ORIENTED_EDGE('',*,*,#6476,.T.);
#4514=ORIENTED_EDGE('',*,*,#6585,.T.);
#4515=ORIENTED_EDGE('',*,*,#6521,.F.);
#4516=ORIENTED_EDGE('',*,*,#6567,.T.);
#4517=ORIENTED_EDGE('',*,*,#6471,.T.);
#4518=ORIENTED_EDGE('',*,*,#6586,.T.);
#4519=ORIENTED_EDGE('',*,*,#6526,.F.);
#4520=ORIENTED_EDGE('',*,*,#6587,.F.);
#4521=ORIENTED_EDGE('',*,*,#6470,.T.);
#4522=ORIENTED_EDGE('',*,*,#6566,.F.);
#4523=ORIENTED_EDGE('',*,*,#6527,.F.);
#4524=ORIENTED_EDGE('',*,*,#6586,.F.);
#4525=ORIENTED_EDGE('',*,*,#6472,.T.);
#4526=ORIENTED_EDGE('',*,*,#6587,.T.);
#4527=ORIENTED_EDGE('',*,*,#6525,.F.);
#4528=ORIENTED_EDGE('',*,*,#6565,.T.);
#4529=ORIENTED_EDGE('',*,*,#6467,.T.);
#4530=ORIENTED_EDGE('',*,*,#6588,.T.);
#4531=ORIENTED_EDGE('',*,*,#6530,.F.);
#4532=ORIENTED_EDGE('',*,*,#6589,.F.);
#4533=ORIENTED_EDGE('',*,*,#6466,.T.);
#4534=ORIENTED_EDGE('',*,*,#6564,.F.);
#4535=ORIENTED_EDGE('',*,*,#6531,.F.);
#4536=ORIENTED_EDGE('',*,*,#6588,.F.);
#4537=ORIENTED_EDGE('',*,*,#6468,.T.);
#4538=ORIENTED_EDGE('',*,*,#6589,.T.);
#4539=ORIENTED_EDGE('',*,*,#6529,.F.);
#4540=ORIENTED_EDGE('',*,*,#6563,.T.);
#4541=ORIENTED_EDGE('',*,*,#6537,.F.);
#4542=ORIENTED_EDGE('',*,*,#6421,.F.);
#4543=ORIENTED_EDGE('',*,*,#6487,.F.);
#4544=ORIENTED_EDGE('',*,*,#6425,.F.);
#4545=ORIENTED_EDGE('',*,*,#6535,.F.);
#4546=ORIENTED_EDGE('',*,*,#6387,.F.);
#4547=ORIENTED_EDGE('',*,*,#6489,.F.);
#4548=ORIENTED_EDGE('',*,*,#6417,.F.);
#4549=ORIENTED_EDGE('',*,*,#6581,.F.);
#4550=ORIENTED_EDGE('',*,*,#6505,.F.);
#4551=ORIENTED_EDGE('',*,*,#6590,.F.);
#4552=ORIENTED_EDGE('',*,*,#6404,.F.);
#4553=ORIENTED_EDGE('',*,*,#6590,.T.);
#4554=ORIENTED_EDGE('',*,*,#6504,.F.);
#4555=ORIENTED_EDGE('',*,*,#6591,.F.);
#4556=ORIENTED_EDGE('',*,*,#6560,.F.);
#4557=ORIENTED_EDGE('',*,*,#6591,.T.);
#4558=ORIENTED_EDGE('',*,*,#6503,.F.);
#4559=ORIENTED_EDGE('',*,*,#6592,.F.);
#4560=ORIENTED_EDGE('',*,*,#6439,.F.);
#4561=ORIENTED_EDGE('',*,*,#6592,.T.);
#4562=ORIENTED_EDGE('',*,*,#6502,.F.);
#4563=ORIENTED_EDGE('',*,*,#6593,.F.);
#4564=ORIENTED_EDGE('',*,*,#6442,.F.);
#4565=ORIENTED_EDGE('',*,*,#6593,.T.);
#4566=ORIENTED_EDGE('',*,*,#6501,.F.);
#4567=ORIENTED_EDGE('',*,*,#6594,.F.);
#4568=ORIENTED_EDGE('',*,*,#6445,.F.);
#4569=ORIENTED_EDGE('',*,*,#6594,.T.);
#4570=ORIENTED_EDGE('',*,*,#6500,.F.);
#4571=ORIENTED_EDGE('',*,*,#6595,.F.);
#4572=ORIENTED_EDGE('',*,*,#6448,.F.);
#4573=ORIENTED_EDGE('',*,*,#6595,.T.);
#4574=ORIENTED_EDGE('',*,*,#6499,.F.);
#4575=ORIENTED_EDGE('',*,*,#6596,.F.);
#4576=ORIENTED_EDGE('',*,*,#6562,.F.);
#4577=ORIENTED_EDGE('',*,*,#6596,.T.);
#4578=ORIENTED_EDGE('',*,*,#6498,.F.);
#4579=ORIENTED_EDGE('',*,*,#6597,.F.);
#4580=ORIENTED_EDGE('',*,*,#6452,.F.);
#4581=ORIENTED_EDGE('',*,*,#6597,.T.);
#4582=ORIENTED_EDGE('',*,*,#6497,.F.);
#4583=ORIENTED_EDGE('',*,*,#6598,.F.);
#4584=ORIENTED_EDGE('',*,*,#6455,.F.);
#4585=ORIENTED_EDGE('',*,*,#6598,.T.);
#4586=ORIENTED_EDGE('',*,*,#6496,.F.);
#4587=ORIENTED_EDGE('',*,*,#6599,.F.);
#4588=ORIENTED_EDGE('',*,*,#6458,.F.);
#4589=ORIENTED_EDGE('',*,*,#6599,.T.);
#4590=ORIENTED_EDGE('',*,*,#6495,.F.);
#4591=ORIENTED_EDGE('',*,*,#6600,.F.);
#4592=ORIENTED_EDGE('',*,*,#6461,.F.);
#4593=ORIENTED_EDGE('',*,*,#6600,.T.);
#4594=ORIENTED_EDGE('',*,*,#6494,.F.);
#4595=ORIENTED_EDGE('',*,*,#6601,.F.);
#4596=ORIENTED_EDGE('',*,*,#6558,.F.);
#4597=ORIENTED_EDGE('',*,*,#6601,.T.);
#4598=ORIENTED_EDGE('',*,*,#6493,.F.);
#4599=ORIENTED_EDGE('',*,*,#6602,.F.);
#4600=ORIENTED_EDGE('',*,*,#6415,.F.);
#4601=ORIENTED_EDGE('',*,*,#6602,.T.);
#4602=ORIENTED_EDGE('',*,*,#6492,.F.);
#4603=ORIENTED_EDGE('',*,*,#6603,.F.);
#4604=ORIENTED_EDGE('',*,*,#6395,.F.);
#4605=ORIENTED_EDGE('',*,*,#6603,.T.);
#4606=ORIENTED_EDGE('',*,*,#6491,.F.);
#4607=ORIENTED_EDGE('',*,*,#6580,.F.);
#4608=ORIENTED_EDGE('',*,*,#6578,.F.);
#4609=ORIENTED_EDGE('',*,*,#6429,.F.);
#4610=ORIENTED_EDGE('',*,*,#6434,.F.);
#4611=ORIENTED_EDGE('',*,*,#6604,.F.);
#4612=ORIENTED_EDGE('',*,*,#6538,.F.);
#4613=ORIENTED_EDGE('',*,*,#6604,.T.);
#4614=ORIENTED_EDGE('',*,*,#6555,.F.);
#4615=ORIENTED_EDGE('',*,*,#6605,.F.);
#4616=ORIENTED_EDGE('',*,*,#6539,.F.);
#4617=ORIENTED_EDGE('',*,*,#6605,.T.);
#4618=ORIENTED_EDGE('',*,*,#6399,.F.);
#4619=ORIENTED_EDGE('',*,*,#6606,.F.);
#4620=ORIENTED_EDGE('',*,*,#6540,.F.);
#4621=ORIENTED_EDGE('',*,*,#6606,.T.);
#4622=ORIENTED_EDGE('',*,*,#6559,.F.);
#4623=ORIENTED_EDGE('',*,*,#6607,.F.);
#4624=ORIENTED_EDGE('',*,*,#6541,.F.);
#4625=ORIENTED_EDGE('',*,*,#6607,.T.);
#4626=ORIENTED_EDGE('',*,*,#6437,.F.);
#4627=ORIENTED_EDGE('',*,*,#6608,.F.);
#4628=ORIENTED_EDGE('',*,*,#6542,.F.);
#4629=ORIENTED_EDGE('',*,*,#6608,.T.);
#4630=ORIENTED_EDGE('',*,*,#6441,.F.);
#4631=ORIENTED_EDGE('',*,*,#6609,.F.);
#4632=ORIENTED_EDGE('',*,*,#6543,.F.);
#4633=ORIENTED_EDGE('',*,*,#6609,.T.);
#4634=ORIENTED_EDGE('',*,*,#6444,.F.);
#4635=ORIENTED_EDGE('',*,*,#6610,.F.);
#4636=ORIENTED_EDGE('',*,*,#6544,.F.);
#4637=ORIENTED_EDGE('',*,*,#6610,.T.);
#4638=ORIENTED_EDGE('',*,*,#6447,.F.);
#4639=ORIENTED_EDGE('',*,*,#6611,.F.);
#4640=ORIENTED_EDGE('',*,*,#6545,.F.);
#4641=ORIENTED_EDGE('',*,*,#6611,.T.);
#4642=ORIENTED_EDGE('',*,*,#6561,.F.);
#4643=ORIENTED_EDGE('',*,*,#6612,.F.);
#4644=ORIENTED_EDGE('',*,*,#6546,.F.);
#4645=ORIENTED_EDGE('',*,*,#6612,.T.);
#4646=ORIENTED_EDGE('',*,*,#6450,.F.);
#4647=ORIENTED_EDGE('',*,*,#6613,.F.);
#4648=ORIENTED_EDGE('',*,*,#6547,.F.);
#4649=ORIENTED_EDGE('',*,*,#6613,.T.);
#4650=ORIENTED_EDGE('',*,*,#6454,.F.);
#4651=ORIENTED_EDGE('',*,*,#6614,.F.);
#4652=ORIENTED_EDGE('',*,*,#6548,.F.);
#4653=ORIENTED_EDGE('',*,*,#6614,.T.);
#4654=ORIENTED_EDGE('',*,*,#6457,.F.);
#4655=ORIENTED_EDGE('',*,*,#6615,.F.);
#4656=ORIENTED_EDGE('',*,*,#6549,.F.);
#4657=ORIENTED_EDGE('',*,*,#6615,.T.);
#4658=ORIENTED_EDGE('',*,*,#6460,.F.);
#4659=ORIENTED_EDGE('',*,*,#6616,.F.);
#4660=ORIENTED_EDGE('',*,*,#6550,.F.);
#4661=ORIENTED_EDGE('',*,*,#6616,.T.);
#4662=ORIENTED_EDGE('',*,*,#6557,.F.);
#4663=ORIENTED_EDGE('',*,*,#6617,.F.);
#4664=ORIENTED_EDGE('',*,*,#6551,.F.);
#4665=ORIENTED_EDGE('',*,*,#6617,.T.);
#4666=ORIENTED_EDGE('',*,*,#6413,.F.);
#4667=ORIENTED_EDGE('',*,*,#6618,.F.);
#4668=ORIENTED_EDGE('',*,*,#6532,.F.);
#4669=ORIENTED_EDGE('',*,*,#6618,.T.);
#4670=ORIENTED_EDGE('',*,*,#6393,.F.);
#4671=ORIENTED_EDGE('',*,*,#6573,.F.);
#4672=ORIENTED_EDGE('',*,*,#6533,.F.);
#4673=ORIENTED_EDGE('',*,*,#6572,.F.);
#4674=ORIENTED_EDGE('',*,*,#6401,.F.);
#4675=ORIENTED_EDGE('',*,*,#6619,.F.);
#4676=ORIENTED_EDGE('',*,*,#6510,.F.);
#4677=ORIENTED_EDGE('',*,*,#6619,.T.);
#4678=ORIENTED_EDGE('',*,*,#6556,.F.);
#4679=ORIENTED_EDGE('',*,*,#6620,.F.);
#4680=ORIENTED_EDGE('',*,*,#6485,.F.);
#4681=ORIENTED_EDGE('',*,*,#6620,.T.);
#4682=ORIENTED_EDGE('',*,*,#6435,.F.);
#4683=ORIENTED_EDGE('',*,*,#6432,.F.);
#4684=ORIENTED_EDGE('',*,*,#6486,.F.);
#4685=ORIENTED_EDGE('',*,*,#6621,.F.);
#4686=ORIENTED_EDGE('',*,*,#6622,.T.);
#4687=ORIENTED_EDGE('',*,*,#6623,.T.);
#4688=ORIENTED_EDGE('',*,*,#6624,.T.);
#4689=ORIENTED_EDGE('',*,*,#6625,.T.);
#4690=ORIENTED_EDGE('',*,*,#6626,.T.);
#4691=ORIENTED_EDGE('',*,*,#6627,.T.);
#4692=ORIENTED_EDGE('',*,*,#6628,.T.);
#4693=ORIENTED_EDGE('',*,*,#6629,.T.);
#4694=ORIENTED_EDGE('',*,*,#6630,.T.);
#4695=ORIENTED_EDGE('',*,*,#6631,.T.);
#4696=ORIENTED_EDGE('',*,*,#6632,.T.);
#4697=ORIENTED_EDGE('',*,*,#6633,.F.);
#4698=ORIENTED_EDGE('',*,*,#6634,.T.);
#4699=ORIENTED_EDGE('',*,*,#6635,.T.);
#4700=ORIENTED_EDGE('',*,*,#6636,.T.);
#4701=ORIENTED_EDGE('',*,*,#6637,.T.);
#4702=ORIENTED_EDGE('',*,*,#6638,.T.);
#4703=ORIENTED_EDGE('',*,*,#6639,.T.);
#4704=ORIENTED_EDGE('',*,*,#6640,.T.);
#4705=ORIENTED_EDGE('',*,*,#6641,.T.);
#4706=ORIENTED_EDGE('',*,*,#6642,.T.);
#4707=ORIENTED_EDGE('',*,*,#6643,.T.);
#4708=ORIENTED_EDGE('',*,*,#6644,.T.);
#4709=ORIENTED_EDGE('',*,*,#6645,.T.);
#4710=ORIENTED_EDGE('',*,*,#6646,.T.);
#4711=ORIENTED_EDGE('',*,*,#6647,.T.);
#4712=ORIENTED_EDGE('',*,*,#6648,.T.);
#4713=ORIENTED_EDGE('',*,*,#6649,.T.);
#4714=ORIENTED_EDGE('',*,*,#6650,.F.);
#4715=ORIENTED_EDGE('',*,*,#6651,.F.);
#4716=ORIENTED_EDGE('',*,*,#6652,.F.);
#4717=ORIENTED_EDGE('',*,*,#6653,.F.);
#4718=ORIENTED_EDGE('',*,*,#6654,.T.);
#4719=ORIENTED_EDGE('',*,*,#6655,.T.);
#4720=ORIENTED_EDGE('',*,*,#6656,.T.);
#4721=ORIENTED_EDGE('',*,*,#6657,.T.);
#4722=ORIENTED_EDGE('',*,*,#6658,.T.);
#4723=ORIENTED_EDGE('',*,*,#6659,.T.);
#4724=ORIENTED_EDGE('',*,*,#6660,.T.);
#4725=ORIENTED_EDGE('',*,*,#6661,.T.);
#4726=ORIENTED_EDGE('',*,*,#6662,.T.);
#4727=ORIENTED_EDGE('',*,*,#6663,.T.);
#4728=ORIENTED_EDGE('',*,*,#6664,.F.);
#4729=ORIENTED_EDGE('',*,*,#6665,.T.);
#4730=ORIENTED_EDGE('',*,*,#6666,.F.);
#4731=ORIENTED_EDGE('',*,*,#6667,.T.);
#4732=ORIENTED_EDGE('',*,*,#6668,.F.);
#4733=ORIENTED_EDGE('',*,*,#6669,.T.);
#4734=ORIENTED_EDGE('',*,*,#6670,.T.);
#4735=ORIENTED_EDGE('',*,*,#6671,.T.);
#4736=ORIENTED_EDGE('',*,*,#6672,.T.);
#4737=ORIENTED_EDGE('',*,*,#6673,.T.);
#4738=ORIENTED_EDGE('',*,*,#6674,.T.);
#4739=ORIENTED_EDGE('',*,*,#6675,.T.);
#4740=ORIENTED_EDGE('',*,*,#6676,.T.);
#4741=ORIENTED_EDGE('',*,*,#6677,.T.);
#4742=ORIENTED_EDGE('',*,*,#6678,.T.);
#4743=ORIENTED_EDGE('',*,*,#6679,.T.);
#4744=ORIENTED_EDGE('',*,*,#6680,.T.);
#4745=ORIENTED_EDGE('',*,*,#6681,.T.);
#4746=ORIENTED_EDGE('',*,*,#6682,.T.);
#4747=ORIENTED_EDGE('',*,*,#6683,.F.);
#4748=ORIENTED_EDGE('',*,*,#6684,.T.);
#4749=ORIENTED_EDGE('',*,*,#6685,.T.);
#4750=ORIENTED_EDGE('',*,*,#6686,.T.);
#4751=ORIENTED_EDGE('',*,*,#6687,.T.);
#4752=ORIENTED_EDGE('',*,*,#6688,.T.);
#4753=ORIENTED_EDGE('',*,*,#6689,.T.);
#4754=ORIENTED_EDGE('',*,*,#6690,.T.);
#4755=ORIENTED_EDGE('',*,*,#6691,.T.);
#4756=ORIENTED_EDGE('',*,*,#6692,.T.);
#4757=ORIENTED_EDGE('',*,*,#6693,.T.);
#4758=ORIENTED_EDGE('',*,*,#6694,.T.);
#4759=ORIENTED_EDGE('',*,*,#6695,.T.);
#4760=ORIENTED_EDGE('',*,*,#6696,.T.);
#4761=ORIENTED_EDGE('',*,*,#6697,.T.);
#4762=ORIENTED_EDGE('',*,*,#6698,.T.);
#4763=ORIENTED_EDGE('',*,*,#6699,.T.);
#4764=ORIENTED_EDGE('',*,*,#6700,.T.);
#4765=ORIENTED_EDGE('',*,*,#6701,.T.);
#4766=ORIENTED_EDGE('',*,*,#6702,.F.);
#4767=ORIENTED_EDGE('',*,*,#6703,.T.);
#4768=ORIENTED_EDGE('',*,*,#6704,.F.);
#4769=ORIENTED_EDGE('',*,*,#6705,.T.);
#4770=ORIENTED_EDGE('',*,*,#6706,.F.);
#4771=ORIENTED_EDGE('',*,*,#6707,.T.);
#4772=ORIENTED_EDGE('',*,*,#6708,.F.);
#4773=ORIENTED_EDGE('',*,*,#6709,.F.);
#4774=ORIENTED_EDGE('',*,*,#6710,.F.);
#4775=ORIENTED_EDGE('',*,*,#6711,.F.);
#4776=ORIENTED_EDGE('',*,*,#6712,.F.);
#4777=ORIENTED_EDGE('',*,*,#6713,.T.);
#4778=ORIENTED_EDGE('',*,*,#6714,.F.);
#4779=ORIENTED_EDGE('',*,*,#6715,.F.);
#4780=ORIENTED_EDGE('',*,*,#6716,.F.);
#4781=ORIENTED_EDGE('',*,*,#6717,.T.);
#4782=ORIENTED_EDGE('',*,*,#6718,.T.);
#4783=ORIENTED_EDGE('',*,*,#6719,.T.);
#4784=ORIENTED_EDGE('',*,*,#6720,.T.);
#4785=ORIENTED_EDGE('',*,*,#6721,.T.);
#4786=ORIENTED_EDGE('',*,*,#6722,.T.);
#4787=ORIENTED_EDGE('',*,*,#6723,.T.);
#4788=ORIENTED_EDGE('',*,*,#6724,.T.);
#4789=ORIENTED_EDGE('',*,*,#6725,.T.);
#4790=ORIENTED_EDGE('',*,*,#6726,.F.);
#4791=ORIENTED_EDGE('',*,*,#6727,.F.);
#4792=ORIENTED_EDGE('',*,*,#6728,.F.);
#4793=ORIENTED_EDGE('',*,*,#6729,.F.);
#4794=ORIENTED_EDGE('',*,*,#6730,.T.);
#4795=ORIENTED_EDGE('',*,*,#6731,.F.);
#4796=ORIENTED_EDGE('',*,*,#6732,.T.);
#4797=ORIENTED_EDGE('',*,*,#6733,.F.);
#4798=ORIENTED_EDGE('',*,*,#6734,.F.);
#4799=ORIENTED_EDGE('',*,*,#6735,.F.);
#4800=ORIENTED_EDGE('',*,*,#6736,.F.);
#4801=ORIENTED_EDGE('',*,*,#6681,.F.);
#4802=ORIENTED_EDGE('',*,*,#6737,.F.);
#4803=ORIENTED_EDGE('',*,*,#6732,.F.);
#4804=ORIENTED_EDGE('',*,*,#6738,.F.);
#4805=ORIENTED_EDGE('',*,*,#6713,.F.);
#4806=ORIENTED_EDGE('',*,*,#6739,.F.);
#4807=ORIENTED_EDGE('',*,*,#6655,.F.);
#4808=ORIENTED_EDGE('',*,*,#6740,.F.);
#4809=ORIENTED_EDGE('',*,*,#6730,.F.);
#4810=ORIENTED_EDGE('',*,*,#6741,.F.);
#4811=ORIENTED_EDGE('',*,*,#6673,.F.);
#4812=ORIENTED_EDGE('',*,*,#6742,.F.);
#4813=ORIENTED_EDGE('',*,*,#6651,.T.);
#4814=ORIENTED_EDGE('',*,*,#6743,.T.);
#4815=ORIENTED_EDGE('',*,*,#6744,.F.);
#4816=ORIENTED_EDGE('',*,*,#6744,.T.);
#4817=ORIENTED_EDGE('',*,*,#6745,.T.);
#4818=ORIENTED_EDGE('',*,*,#6746,.T.);
#4819=ORIENTED_EDGE('',*,*,#6747,.T.);
#4820=ORIENTED_EDGE('',*,*,#6748,.F.);
#4821=ORIENTED_EDGE('',*,*,#6749,.T.);
#4822=ORIENTED_EDGE('',*,*,#6750,.T.);
#4823=ORIENTED_EDGE('',*,*,#6751,.T.);
#4824=ORIENTED_EDGE('',*,*,#6752,.T.);
#4825=ORIENTED_EDGE('',*,*,#6753,.T.);
#4826=ORIENTED_EDGE('',*,*,#6754,.T.);
#4827=ORIENTED_EDGE('',*,*,#6755,.T.);
#4828=ORIENTED_EDGE('',*,*,#6756,.T.);
#4829=ORIENTED_EDGE('',*,*,#6632,.F.);
#4830=ORIENTED_EDGE('',*,*,#6757,.T.);
#4831=ORIENTED_EDGE('',*,*,#6702,.T.);
#4832=ORIENTED_EDGE('',*,*,#6758,.T.);
#4833=ORIENTED_EDGE('',*,*,#6759,.T.);
#4834=ORIENTED_EDGE('',*,*,#6760,.F.);
#4835=ORIENTED_EDGE('',*,*,#6664,.T.);
#4836=ORIENTED_EDGE('',*,*,#6761,.T.);
#4837=ORIENTED_EDGE('',*,*,#6724,.F.);
#4838=ORIENTED_EDGE('',*,*,#6762,.T.);
#4839=ORIENTED_EDGE('',*,*,#6720,.F.);
#4840=ORIENTED_EDGE('',*,*,#6763,.T.);
#4841=ORIENTED_EDGE('',*,*,#6668,.T.);
#4842=ORIENTED_EDGE('',*,*,#6764,.T.);
#4843=ORIENTED_EDGE('',*,*,#6765,.T.);
#4844=ORIENTED_EDGE('',*,*,#6766,.T.);
#4845=ORIENTED_EDGE('',*,*,#6767,.T.);
#4846=ORIENTED_EDGE('',*,*,#6768,.T.);
#4847=ORIENTED_EDGE('',*,*,#6767,.F.);
#4848=ORIENTED_EDGE('',*,*,#6769,.T.);
#4849=ORIENTED_EDGE('',*,*,#6770,.T.);
#4850=ORIENTED_EDGE('',*,*,#6771,.T.);
#4851=ORIENTED_EDGE('',*,*,#6770,.F.);
#4852=ORIENTED_EDGE('',*,*,#6772,.T.);
#4853=ORIENTED_EDGE('',*,*,#6773,.T.);
#4854=ORIENTED_EDGE('',*,*,#6774,.T.);
#4855=ORIENTED_EDGE('',*,*,#6773,.F.);
#4856=ORIENTED_EDGE('',*,*,#6775,.T.);
#4857=ORIENTED_EDGE('',*,*,#6776,.T.);
#4858=ORIENTED_EDGE('',*,*,#6777,.T.);
#4859=ORIENTED_EDGE('',*,*,#6778,.T.);
#4860=ORIENTED_EDGE('',*,*,#6779,.T.);
#4861=ORIENTED_EDGE('',*,*,#6780,.T.);
#4862=ORIENTED_EDGE('',*,*,#6781,.T.);
#4863=ORIENTED_EDGE('',*,*,#6704,.T.);
#4864=ORIENTED_EDGE('',*,*,#6782,.T.);
#4865=ORIENTED_EDGE('',*,*,#6630,.F.);
#4866=ORIENTED_EDGE('',*,*,#6783,.T.);
#4867=ORIENTED_EDGE('',*,*,#6628,.F.);
#4868=ORIENTED_EDGE('',*,*,#6784,.T.);
#4869=ORIENTED_EDGE('',*,*,#6706,.T.);
#4870=ORIENTED_EDGE('',*,*,#6785,.T.);
#4871=ORIENTED_EDGE('',*,*,#6708,.T.);
#4872=ORIENTED_EDGE('',*,*,#6786,.T.);
#4873=ORIENTED_EDGE('',*,*,#6626,.F.);
#4874=ORIENTED_EDGE('',*,*,#6787,.T.);
#4875=ORIENTED_EDGE('',*,*,#6625,.F.);
#4876=ORIENTED_EDGE('',*,*,#6788,.T.);
#4877=ORIENTED_EDGE('',*,*,#6789,.T.);
#4878=ORIENTED_EDGE('',*,*,#6790,.T.);
#4879=ORIENTED_EDGE('',*,*,#6683,.T.);
#4880=ORIENTED_EDGE('',*,*,#6787,.F.);
#4881=ORIENTED_EDGE('',*,*,#6789,.F.);
#4882=ORIENTED_EDGE('',*,*,#6791,.T.);
#4883=ORIENTED_EDGE('',*,*,#6792,.T.);
#4884=ORIENTED_EDGE('',*,*,#6793,.T.);
#4885=ORIENTED_EDGE('',*,*,#6794,.T.);
#4886=ORIENTED_EDGE('',*,*,#6795,.T.);
#4887=ORIENTED_EDGE('',*,*,#6796,.T.);
#4888=ORIENTED_EDGE('',*,*,#6746,.F.);
#4889=ORIENTED_EDGE('',*,*,#6797,.F.);
#4890=ORIENTED_EDGE('',*,*,#6798,.T.);
#4891=ORIENTED_EDGE('',*,*,#6799,.T.);
#4892=ORIENTED_EDGE('',*,*,#6800,.T.);
#4893=ORIENTED_EDGE('',*,*,#6801,.T.);
#4894=ORIENTED_EDGE('',*,*,#6802,.T.);
#4895=ORIENTED_EDGE('',*,*,#6803,.T.);
#4896=ORIENTED_EDGE('',*,*,#6804,.T.);
#4897=ORIENTED_EDGE('',*,*,#6803,.F.);
#4898=ORIENTED_EDGE('',*,*,#6805,.T.);
#4899=ORIENTED_EDGE('',*,*,#6806,.T.);
#4900=ORIENTED_EDGE('',*,*,#6807,.T.);
#4901=ORIENTED_EDGE('',*,*,#6806,.F.);
#4902=ORIENTED_EDGE('',*,*,#6808,.T.);
#4903=ORIENTED_EDGE('',*,*,#6809,.T.);
#4904=ORIENTED_EDGE('',*,*,#6810,.T.);
#4905=ORIENTED_EDGE('',*,*,#6809,.F.);
#4906=ORIENTED_EDGE('',*,*,#6811,.T.);
#4907=ORIENTED_EDGE('',*,*,#6812,.T.);
#4908=ORIENTED_EDGE('',*,*,#6813,.T.);
#4909=ORIENTED_EDGE('',*,*,#6722,.F.);
#4910=ORIENTED_EDGE('',*,*,#6814,.T.);
#4911=ORIENTED_EDGE('',*,*,#6666,.T.);
#4912=ORIENTED_EDGE('',*,*,#6815,.T.);
#4913=ORIENTED_EDGE('',*,*,#6705,.F.);
#4914=ORIENTED_EDGE('',*,*,#6783,.F.);
#4915=ORIENTED_EDGE('',*,*,#6629,.F.);
#4916=ORIENTED_EDGE('',*,*,#6785,.F.);
#4917=ORIENTED_EDGE('',*,*,#6792,.F.);
#4918=ORIENTED_EDGE('',*,*,#6816,.T.);
#4919=ORIENTED_EDGE('',*,*,#6794,.F.);
#4920=ORIENTED_EDGE('',*,*,#6817,.T.);
#4921=ORIENTED_EDGE('',*,*,#6780,.F.);
#4922=ORIENTED_EDGE('',*,*,#6818,.T.);
#4923=ORIENTED_EDGE('',*,*,#6751,.F.);
#4924=ORIENTED_EDGE('',*,*,#6819,.T.);
#4925=ORIENTED_EDGE('',*,*,#6776,.F.);
#4926=ORIENTED_EDGE('',*,*,#6820,.T.);
#4927=ORIENTED_EDGE('',*,*,#6778,.F.);
#4928=ORIENTED_EDGE('',*,*,#6821,.T.);
#4929=ORIENTED_EDGE('',*,*,#6799,.F.);
#4930=ORIENTED_EDGE('',*,*,#6822,.T.);
#4931=ORIENTED_EDGE('',*,*,#6801,.F.);
#4932=ORIENTED_EDGE('',*,*,#6823,.T.);
#4933=ORIENTED_EDGE('',*,*,#6812,.F.);
#4934=ORIENTED_EDGE('',*,*,#6824,.T.);
#4935=ORIENTED_EDGE('',*,*,#6765,.F.);
#4936=ORIENTED_EDGE('',*,*,#6825,.T.);
#4937=ORIENTED_EDGE('',*,*,#6723,.F.);
#4938=ORIENTED_EDGE('',*,*,#6815,.F.);
#4939=ORIENTED_EDGE('',*,*,#6665,.F.);
#4940=ORIENTED_EDGE('',*,*,#6762,.F.);
#4941=ORIENTED_EDGE('',*,*,#6721,.F.);
#4942=ORIENTED_EDGE('',*,*,#6764,.F.);
#4943=ORIENTED_EDGE('',*,*,#6667,.F.);
#4944=ORIENTED_EDGE('',*,*,#6814,.F.);
#4945=ORIENTED_EDGE('',*,*,#6725,.F.);
#4946=ORIENTED_EDGE('',*,*,#6761,.F.);
#4947=ORIENTED_EDGE('',*,*,#6669,.F.);
#4948=ORIENTED_EDGE('',*,*,#6763,.F.);
#4949=ORIENTED_EDGE('',*,*,#6717,.F.);
#4950=ORIENTED_EDGE('',*,*,#6826,.F.);
#4951=ORIENTED_EDGE('',*,*,#6660,.F.);
#4952=ORIENTED_EDGE('',*,*,#6827,.T.);
#4953=ORIENTED_EDGE('',*,*,#6670,.F.);
#4954=ORIENTED_EDGE('',*,*,#6719,.F.);
#4955=ORIENTED_EDGE('',*,*,#6747,.F.);
#4956=ORIENTED_EDGE('',*,*,#6796,.F.);
#4957=ORIENTED_EDGE('',*,*,#6828,.T.);
#4958=ORIENTED_EDGE('',*,*,#6621,.T.);
#4959=ORIENTED_EDGE('',*,*,#6829,.T.);
#4960=ORIENTED_EDGE('',*,*,#6653,.T.);
#4961=ORIENTED_EDGE('',*,*,#6830,.T.);
#4962=ORIENTED_EDGE('',*,*,#6749,.F.);
#4963=ORIENTED_EDGE('',*,*,#6831,.F.);
#4964=ORIENTED_EDGE('',*,*,#6701,.F.);
#4965=ORIENTED_EDGE('',*,*,#6832,.T.);
#4966=ORIENTED_EDGE('',*,*,#6755,.F.);
#4967=ORIENTED_EDGE('',*,*,#6833,.F.);
#4968=ORIENTED_EDGE('',*,*,#6758,.F.);
#4969=ORIENTED_EDGE('',*,*,#6834,.F.);
#4970=ORIENTED_EDGE('',*,*,#6833,.T.);
#4971=ORIENTED_EDGE('',*,*,#6754,.F.);
#4972=ORIENTED_EDGE('',*,*,#6835,.T.);
#4973=ORIENTED_EDGE('',*,*,#6836,.F.);
#4974=ORIENTED_EDGE('',*,*,#6759,.F.);
#4975=ORIENTED_EDGE('',*,*,#6753,.F.);
#4976=ORIENTED_EDGE('',*,*,#6837,.T.);
#4977=ORIENTED_EDGE('',*,*,#6838,.F.);
#4978=ORIENTED_EDGE('',*,*,#6835,.F.);
#4979=ORIENTED_EDGE('',*,*,#6838,.T.);
#4980=ORIENTED_EDGE('',*,*,#6839,.T.);
#4981=ORIENTED_EDGE('',*,*,#6633,.T.);
#4982=ORIENTED_EDGE('',*,*,#6760,.T.);
#4983=ORIENTED_EDGE('',*,*,#6836,.T.);
#4984=ORIENTED_EDGE('',*,*,#6834,.T.);
#4985=ORIENTED_EDGE('',*,*,#6671,.F.);
#4986=ORIENTED_EDGE('',*,*,#6672,.F.);
#4987=ORIENTED_EDGE('',*,*,#6718,.F.);
#4988=ORIENTED_EDGE('',*,*,#6750,.F.);
#4989=ORIENTED_EDGE('',*,*,#6830,.F.);
#4990=ORIENTED_EDGE('',*,*,#6652,.T.);
#4991=ORIENTED_EDGE('',*,*,#6742,.T.);
#4992=ORIENTED_EDGE('',*,*,#6650,.T.);
#4993=ORIENTED_EDGE('',*,*,#6840,.T.);
#4994=ORIENTED_EDGE('',*,*,#6797,.T.);
#4995=ORIENTED_EDGE('',*,*,#6745,.F.);
#4996=ORIENTED_EDGE('',*,*,#6743,.F.);
#4997=ORIENTED_EDGE('',*,*,#6748,.T.);
#4998=ORIENTED_EDGE('',*,*,#6829,.F.);
#4999=ORIENTED_EDGE('',*,*,#6654,.F.);
#5000=ORIENTED_EDGE('',*,*,#6831,.T.);
#5001=ORIENTED_EDGE('',*,*,#6841,.T.);
#5002=ORIENTED_EDGE('',*,*,#6662,.F.);
#5003=ORIENTED_EDGE('',*,*,#6842,.F.);
#5004=ORIENTED_EDGE('',*,*,#6715,.T.);
#5005=ORIENTED_EDGE('',*,*,#6827,.F.);
#5006=ORIENTED_EDGE('',*,*,#6663,.F.);
#5007=ORIENTED_EDGE('',*,*,#6841,.F.);
#5008=ORIENTED_EDGE('',*,*,#6714,.T.);
#5009=ORIENTED_EDGE('',*,*,#6842,.T.);
#5010=ORIENTED_EDGE('',*,*,#6661,.F.);
#5011=ORIENTED_EDGE('',*,*,#6826,.T.);
#5012=ORIENTED_EDGE('',*,*,#6716,.T.);
#5013=ORIENTED_EDGE('',*,*,#6843,.T.);
#5014=ORIENTED_EDGE('',*,*,#6676,.F.);
#5015=ORIENTED_EDGE('',*,*,#6844,.F.);
#5016=ORIENTED_EDGE('',*,*,#6727,.T.);
#5017=ORIENTED_EDGE('',*,*,#6844,.T.);
#5018=ORIENTED_EDGE('',*,*,#6675,.F.);
#5019=ORIENTED_EDGE('',*,*,#6845,.F.);
#5020=ORIENTED_EDGE('',*,*,#6728,.T.);
#5021=ORIENTED_EDGE('',*,*,#6740,.T.);
#5022=ORIENTED_EDGE('',*,*,#6677,.F.);
#5023=ORIENTED_EDGE('',*,*,#6843,.F.);
#5024=ORIENTED_EDGE('',*,*,#6726,.T.);
#5025=ORIENTED_EDGE('',*,*,#6845,.T.);
#5026=ORIENTED_EDGE('',*,*,#6674,.F.);
#5027=ORIENTED_EDGE('',*,*,#6741,.T.);
#5028=ORIENTED_EDGE('',*,*,#6729,.T.);
#5029=ORIENTED_EDGE('',*,*,#6846,.T.);
#5030=ORIENTED_EDGE('',*,*,#6658,.F.);
#5031=ORIENTED_EDGE('',*,*,#6847,.F.);
#5032=ORIENTED_EDGE('',*,*,#6710,.T.);
#5033=ORIENTED_EDGE('',*,*,#6847,.T.);
#5034=ORIENTED_EDGE('',*,*,#6657,.F.);
#5035=ORIENTED_EDGE('',*,*,#6848,.F.);
#5036=ORIENTED_EDGE('',*,*,#6711,.T.);
#5037=ORIENTED_EDGE('',*,*,#6738,.T.);
#5038=ORIENTED_EDGE('',*,*,#6659,.F.);
#5039=ORIENTED_EDGE('',*,*,#6846,.F.);
#5040=ORIENTED_EDGE('',*,*,#6709,.T.);
#5041=ORIENTED_EDGE('',*,*,#6848,.T.);
#5042=ORIENTED_EDGE('',*,*,#6656,.F.);
#5043=ORIENTED_EDGE('',*,*,#6739,.T.);
#5044=ORIENTED_EDGE('',*,*,#6712,.T.);
#5045=ORIENTED_EDGE('',*,*,#6849,.T.);
#5046=ORIENTED_EDGE('',*,*,#6679,.F.);
#5047=ORIENTED_EDGE('',*,*,#6850,.F.);
#5048=ORIENTED_EDGE('',*,*,#6734,.T.);
#5049=ORIENTED_EDGE('',*,*,#6850,.T.);
#5050=ORIENTED_EDGE('',*,*,#6678,.F.);
#5051=ORIENTED_EDGE('',*,*,#6851,.F.);
#5052=ORIENTED_EDGE('',*,*,#6735,.T.);
#5053=ORIENTED_EDGE('',*,*,#6851,.T.);
#5054=ORIENTED_EDGE('',*,*,#6682,.F.);
#5055=ORIENTED_EDGE('',*,*,#6736,.T.);
#5056=ORIENTED_EDGE('',*,*,#6731,.T.);
#5057=ORIENTED_EDGE('',*,*,#6737,.T.);
#5058=ORIENTED_EDGE('',*,*,#6680,.F.);
#5059=ORIENTED_EDGE('',*,*,#6849,.F.);
#5060=ORIENTED_EDGE('',*,*,#6733,.T.);
#5061=ORIENTED_EDGE('',*,*,#6631,.F.);
#5062=ORIENTED_EDGE('',*,*,#6782,.F.);
#5063=ORIENTED_EDGE('',*,*,#6703,.F.);
#5064=ORIENTED_EDGE('',*,*,#6757,.F.);
#5065=ORIENTED_EDGE('',*,*,#6627,.F.);
#5066=ORIENTED_EDGE('',*,*,#6786,.F.);
#5067=ORIENTED_EDGE('',*,*,#6707,.F.);
#5068=ORIENTED_EDGE('',*,*,#6784,.F.);
#5069=ORIENTED_EDGE('',*,*,#6788,.F.);
#5070=ORIENTED_EDGE('',*,*,#6624,.F.);
#5071=ORIENTED_EDGE('',*,*,#6852,.F.);
#5072=ORIENTED_EDGE('',*,*,#6791,.F.);
#5073=ORIENTED_EDGE('',*,*,#6852,.T.);
#5074=ORIENTED_EDGE('',*,*,#6623,.F.);
#5075=ORIENTED_EDGE('',*,*,#6853,.F.);
#5076=ORIENTED_EDGE('',*,*,#6816,.F.);
#5077=ORIENTED_EDGE('',*,*,#6828,.F.);
#5078=ORIENTED_EDGE('',*,*,#6795,.F.);
#5079=ORIENTED_EDGE('',*,*,#6853,.T.);
#5080=ORIENTED_EDGE('',*,*,#6622,.F.);
#5081=ORIENTED_EDGE('',*,*,#6840,.F.);
#5082=ORIENTED_EDGE('',*,*,#6649,.F.);
#5083=ORIENTED_EDGE('',*,*,#6854,.F.);
#5084=ORIENTED_EDGE('',*,*,#6798,.F.);
#5085=ORIENTED_EDGE('',*,*,#6854,.T.);
#5086=ORIENTED_EDGE('',*,*,#6648,.F.);
#5087=ORIENTED_EDGE('',*,*,#6855,.F.);
#5088=ORIENTED_EDGE('',*,*,#6822,.F.);
#5089=ORIENTED_EDGE('',*,*,#6855,.T.);
#5090=ORIENTED_EDGE('',*,*,#6647,.F.);
#5091=ORIENTED_EDGE('',*,*,#6856,.F.);
#5092=ORIENTED_EDGE('',*,*,#6802,.F.);
#5093=ORIENTED_EDGE('',*,*,#6856,.T.);
#5094=ORIENTED_EDGE('',*,*,#6646,.F.);
#5095=ORIENTED_EDGE('',*,*,#6857,.F.);
#5096=ORIENTED_EDGE('',*,*,#6805,.F.);
#5097=ORIENTED_EDGE('',*,*,#6857,.T.);
#5098=ORIENTED_EDGE('',*,*,#6645,.F.);
#5099=ORIENTED_EDGE('',*,*,#6858,.F.);
#5100=ORIENTED_EDGE('',*,*,#6808,.F.);
#5101=ORIENTED_EDGE('',*,*,#6858,.T.);
#5102=ORIENTED_EDGE('',*,*,#6644,.F.);
#5103=ORIENTED_EDGE('',*,*,#6859,.F.);
#5104=ORIENTED_EDGE('',*,*,#6811,.F.);
#5105=ORIENTED_EDGE('',*,*,#6859,.T.);
#5106=ORIENTED_EDGE('',*,*,#6643,.F.);
#5107=ORIENTED_EDGE('',*,*,#6860,.F.);
#5108=ORIENTED_EDGE('',*,*,#6824,.F.);
#5109=ORIENTED_EDGE('',*,*,#6860,.T.);
#5110=ORIENTED_EDGE('',*,*,#6642,.F.);
#5111=ORIENTED_EDGE('',*,*,#6861,.F.);
#5112=ORIENTED_EDGE('',*,*,#6766,.F.);
#5113=ORIENTED_EDGE('',*,*,#6861,.T.);
#5114=ORIENTED_EDGE('',*,*,#6641,.F.);
#5115=ORIENTED_EDGE('',*,*,#6862,.F.);
#5116=ORIENTED_EDGE('',*,*,#6769,.F.);
#5117=ORIENTED_EDGE('',*,*,#6862,.T.);
#5118=ORIENTED_EDGE('',*,*,#6640,.F.);
#5119=ORIENTED_EDGE('',*,*,#6863,.F.);
#5120=ORIENTED_EDGE('',*,*,#6772,.F.);
#5121=ORIENTED_EDGE('',*,*,#6863,.T.);
#5122=ORIENTED_EDGE('',*,*,#6639,.F.);
#5123=ORIENTED_EDGE('',*,*,#6864,.F.);
#5124=ORIENTED_EDGE('',*,*,#6775,.F.);
#5125=ORIENTED_EDGE('',*,*,#6864,.T.);
#5126=ORIENTED_EDGE('',*,*,#6638,.F.);
#5127=ORIENTED_EDGE('',*,*,#6865,.F.);
#5128=ORIENTED_EDGE('',*,*,#6820,.F.);
#5129=ORIENTED_EDGE('',*,*,#6865,.T.);
#5130=ORIENTED_EDGE('',*,*,#6637,.F.);
#5131=ORIENTED_EDGE('',*,*,#6866,.F.);
#5132=ORIENTED_EDGE('',*,*,#6779,.F.);
#5133=ORIENTED_EDGE('',*,*,#6866,.T.);
#5134=ORIENTED_EDGE('',*,*,#6636,.F.);
#5135=ORIENTED_EDGE('',*,*,#6867,.F.);
#5136=ORIENTED_EDGE('',*,*,#6818,.F.);
#5137=ORIENTED_EDGE('',*,*,#6867,.T.);
#5138=ORIENTED_EDGE('',*,*,#6635,.F.);
#5139=ORIENTED_EDGE('',*,*,#6868,.F.);
#5140=ORIENTED_EDGE('',*,*,#6752,.F.);
#5141=ORIENTED_EDGE('',*,*,#6868,.T.);
#5142=ORIENTED_EDGE('',*,*,#6634,.F.);
#5143=ORIENTED_EDGE('',*,*,#6839,.F.);
#5144=ORIENTED_EDGE('',*,*,#6837,.F.);
#5145=ORIENTED_EDGE('',*,*,#6832,.F.);
#5146=ORIENTED_EDGE('',*,*,#6700,.F.);
#5147=ORIENTED_EDGE('',*,*,#6869,.F.);
#5148=ORIENTED_EDGE('',*,*,#6756,.F.);
#5149=ORIENTED_EDGE('',*,*,#6869,.T.);
#5150=ORIENTED_EDGE('',*,*,#6699,.F.);
#5151=ORIENTED_EDGE('',*,*,#6870,.F.);
#5152=ORIENTED_EDGE('',*,*,#6819,.F.);
#5153=ORIENTED_EDGE('',*,*,#6870,.T.);
#5154=ORIENTED_EDGE('',*,*,#6698,.F.);
#5155=ORIENTED_EDGE('',*,*,#6871,.F.);
#5156=ORIENTED_EDGE('',*,*,#6781,.F.);
#5157=ORIENTED_EDGE('',*,*,#6871,.T.);
#5158=ORIENTED_EDGE('',*,*,#6697,.F.);
#5159=ORIENTED_EDGE('',*,*,#6872,.F.);
#5160=ORIENTED_EDGE('',*,*,#6821,.F.);
#5161=ORIENTED_EDGE('',*,*,#6872,.T.);
#5162=ORIENTED_EDGE('',*,*,#6696,.F.);
#5163=ORIENTED_EDGE('',*,*,#6873,.F.);
#5164=ORIENTED_EDGE('',*,*,#6777,.F.);
#5165=ORIENTED_EDGE('',*,*,#6873,.T.);
#5166=ORIENTED_EDGE('',*,*,#6695,.F.);
#5167=ORIENTED_EDGE('',*,*,#6874,.F.);
#5168=ORIENTED_EDGE('',*,*,#6774,.F.);
#5169=ORIENTED_EDGE('',*,*,#6874,.T.);
#5170=ORIENTED_EDGE('',*,*,#6694,.F.);
#5171=ORIENTED_EDGE('',*,*,#6875,.F.);
#5172=ORIENTED_EDGE('',*,*,#6771,.F.);
#5173=ORIENTED_EDGE('',*,*,#6875,.T.);
#5174=ORIENTED_EDGE('',*,*,#6693,.F.);
#5175=ORIENTED_EDGE('',*,*,#6876,.F.);
#5176=ORIENTED_EDGE('',*,*,#6768,.F.);
#5177=ORIENTED_EDGE('',*,*,#6876,.T.);
#5178=ORIENTED_EDGE('',*,*,#6692,.F.);
#5179=ORIENTED_EDGE('',*,*,#6877,.F.);
#5180=ORIENTED_EDGE('',*,*,#6825,.F.);
#5181=ORIENTED_EDGE('',*,*,#6877,.T.);
#5182=ORIENTED_EDGE('',*,*,#6691,.F.);
#5183=ORIENTED_EDGE('',*,*,#6878,.F.);
#5184=ORIENTED_EDGE('',*,*,#6813,.F.);
#5185=ORIENTED_EDGE('',*,*,#6878,.T.);
#5186=ORIENTED_EDGE('',*,*,#6690,.F.);
#5187=ORIENTED_EDGE('',*,*,#6879,.F.);
#5188=ORIENTED_EDGE('',*,*,#6810,.F.);
#5189=ORIENTED_EDGE('',*,*,#6879,.T.);
#5190=ORIENTED_EDGE('',*,*,#6689,.F.);
#5191=ORIENTED_EDGE('',*,*,#6880,.F.);
#5192=ORIENTED_EDGE('',*,*,#6807,.F.);
#5193=ORIENTED_EDGE('',*,*,#6880,.T.);
#5194=ORIENTED_EDGE('',*,*,#6688,.F.);
#5195=ORIENTED_EDGE('',*,*,#6881,.F.);
#5196=ORIENTED_EDGE('',*,*,#6804,.F.);
#5197=ORIENTED_EDGE('',*,*,#6881,.T.);
#5198=ORIENTED_EDGE('',*,*,#6687,.F.);
#5199=ORIENTED_EDGE('',*,*,#6882,.F.);
#5200=ORIENTED_EDGE('',*,*,#6823,.F.);
#5201=ORIENTED_EDGE('',*,*,#6882,.T.);
#5202=ORIENTED_EDGE('',*,*,#6686,.F.);
#5203=ORIENTED_EDGE('',*,*,#6883,.F.);
#5204=ORIENTED_EDGE('',*,*,#6800,.F.);
#5205=ORIENTED_EDGE('',*,*,#6883,.T.);
#5206=ORIENTED_EDGE('',*,*,#6685,.F.);
#5207=ORIENTED_EDGE('',*,*,#6884,.F.);
#5208=ORIENTED_EDGE('',*,*,#6817,.F.);
#5209=ORIENTED_EDGE('',*,*,#6884,.T.);
#5210=ORIENTED_EDGE('',*,*,#6684,.F.);
#5211=ORIENTED_EDGE('',*,*,#6790,.F.);
#5212=ORIENTED_EDGE('',*,*,#6793,.F.);
#5213=VERTEX_POINT('',#10114);
#5214=VERTEX_POINT('',#10115);
#5215=VERTEX_POINT('',#10117);
#5216=VERTEX_POINT('',#10119);
#5217=VERTEX_POINT('',#10121);
#5218=VERTEX_POINT('',#10124);
#5219=VERTEX_POINT('',#10125);
#5220=VERTEX_POINT('',#10127);
#5221=VERTEX_POINT('',#10129);
#5222=VERTEX_POINT('',#10132);
#5223=VERTEX_POINT('',#10133);
#5224=VERTEX_POINT('',#10135);
#5225=VERTEX_POINT('',#10137);
#5226=VERTEX_POINT('',#10139);
#5227=VERTEX_POINT('',#10141);
#5228=VERTEX_POINT('',#10144);
#5229=VERTEX_POINT('',#10146);
#5230=VERTEX_POINT('',#10148);
#5231=VERTEX_POINT('',#10150);
#5232=VERTEX_POINT('',#10151);
#5233=VERTEX_POINT('',#10153);
#5234=VERTEX_POINT('',#10155);
#5235=VERTEX_POINT('',#10157);
#5236=VERTEX_POINT('',#10159);
#5237=VERTEX_POINT('',#10161);
#5238=VERTEX_POINT('',#10163);
#5239=VERTEX_POINT('',#10165);
#5240=VERTEX_POINT('',#10167);
#5241=VERTEX_POINT('',#10169);
#5242=VERTEX_POINT('',#10171);
#5243=VERTEX_POINT('',#10173);
#5244=VERTEX_POINT('',#10175);
#5245=VERTEX_POINT('',#10177);
#5246=VERTEX_POINT('',#10179);
#5247=VERTEX_POINT('',#10181);
#5248=VERTEX_POINT('',#10183);
#5249=VERTEX_POINT('',#10185);
#5250=VERTEX_POINT('',#10187);
#5251=VERTEX_POINT('',#10189);
#5252=VERTEX_POINT('',#10191);
#5253=VERTEX_POINT('',#10193);
#5254=VERTEX_POINT('',#10195);
#5255=VERTEX_POINT('',#10197);
#5256=VERTEX_POINT('',#10199);
#5257=VERTEX_POINT('',#10201);
#5258=VERTEX_POINT('',#10203);
#5259=VERTEX_POINT('',#10205);
#5260=VERTEX_POINT('',#10207);
#5261=VERTEX_POINT('',#10209);
#5262=VERTEX_POINT('',#10211);
#5263=VERTEX_POINT('',#10213);
#5264=VERTEX_POINT('',#10215);
#5265=VERTEX_POINT('',#10218);
#5266=VERTEX_POINT('',#10219);
#5267=VERTEX_POINT('',#10221);
#5268=VERTEX_POINT('',#10223);
#5269=VERTEX_POINT('',#10225);
#5270=VERTEX_POINT('',#10228);
#5271=VERTEX_POINT('',#10229);
#5272=VERTEX_POINT('',#10231);
#5273=VERTEX_POINT('',#10233);
#5274=VERTEX_POINT('',#10235);
#5275=VERTEX_POINT('',#10239);
#5276=VERTEX_POINT('',#10240);
#5277=VERTEX_POINT('',#10242);
#5278=VERTEX_POINT('',#10244);
#5279=VERTEX_POINT('',#10246);
#5280=VERTEX_POINT('',#10249);
#5281=VERTEX_POINT('',#10250);
#5282=VERTEX_POINT('',#10252);
#5283=VERTEX_POINT('',#10254);
#5284=VERTEX_POINT('',#10257);
#5285=VERTEX_POINT('',#10259);
#5286=VERTEX_POINT('',#10261);
#5287=VERTEX_POINT('',#10262);
#5288=VERTEX_POINT('',#10264);
#5289=VERTEX_POINT('',#10266);
#5290=VERTEX_POINT('',#10268);
#5291=VERTEX_POINT('',#10270);
#5292=VERTEX_POINT('',#10272);
#5293=VERTEX_POINT('',#10274);
#5294=VERTEX_POINT('',#10276);
#5295=VERTEX_POINT('',#10278);
#5296=VERTEX_POINT('',#10280);
#5297=VERTEX_POINT('',#10282);
#5298=VERTEX_POINT('',#10284);
#5299=VERTEX_POINT('',#10286);
#5300=VERTEX_POINT('',#10288);
#5301=VERTEX_POINT('',#10290);
#5302=VERTEX_POINT('',#10292);
#5303=VERTEX_POINT('',#10294);
#5304=VERTEX_POINT('',#10296);
#5305=VERTEX_POINT('',#10298);
#5306=VERTEX_POINT('',#10300);
#5307=VERTEX_POINT('',#10302);
#5308=VERTEX_POINT('',#10304);
#5309=VERTEX_POINT('',#10306);
#5310=VERTEX_POINT('',#10308);
#5311=VERTEX_POINT('',#10310);
#5312=VERTEX_POINT('',#10313);
#5313=VERTEX_POINT('',#10314);
#5314=VERTEX_POINT('',#10316);
#5315=VERTEX_POINT('',#10318);
#5316=VERTEX_POINT('',#10320);
#5317=VERTEX_POINT('',#10322);
#5318=VERTEX_POINT('',#10325);
#5319=VERTEX_POINT('',#10326);
#5320=VERTEX_POINT('',#10328);
#5321=VERTEX_POINT('',#10330);
#5322=VERTEX_POINT('',#10332);
#5323=VERTEX_POINT('',#10335);
#5324=VERTEX_POINT('',#10336);
#5325=VERTEX_POINT('',#10338);
#5326=VERTEX_POINT('',#10340);
#5327=VERTEX_POINT('',#10342);
#5328=VERTEX_POINT('',#10355);
#5329=VERTEX_POINT('',#10357);
#5330=VERTEX_POINT('',#10361);
#5331=VERTEX_POINT('',#10363);
#5332=VERTEX_POINT('',#10365);
#5333=VERTEX_POINT('',#10367);
#5334=VERTEX_POINT('',#10369);
#5335=VERTEX_POINT('',#10373);
#5336=VERTEX_POINT('',#10374);
#5337=VERTEX_POINT('',#10376);
#5338=VERTEX_POINT('',#10378);
#5339=VERTEX_POINT('',#10380);
#5340=VERTEX_POINT('',#10382);
#5341=VERTEX_POINT('',#10387);
#5342=VERTEX_POINT('',#10389);
#5343=VERTEX_POINT('',#10399);
#5344=VERTEX_POINT('',#10400);
#5345=VERTEX_POINT('',#10402);
#5346=VERTEX_POINT('',#10404);
#5347=VERTEX_POINT('',#10408);
#5348=VERTEX_POINT('',#10409);
#5349=VERTEX_POINT('',#10414);
#5350=VERTEX_POINT('',#10415);
#5351=VERTEX_POINT('',#10420);
#5352=VERTEX_POINT('',#10421);
#5353=VERTEX_POINT('',#10426);
#5354=VERTEX_POINT('',#10427);
#5355=VERTEX_POINT('',#10429);
#5356=VERTEX_POINT('',#10431);
#5357=VERTEX_POINT('',#10444);
#5358=VERTEX_POINT('',#10445);
#5359=VERTEX_POINT('',#10450);
#5360=VERTEX_POINT('',#10451);
#5361=VERTEX_POINT('',#10456);
#5362=VERTEX_POINT('',#10457);
#5363=VERTEX_POINT('',#10459);
#5364=VERTEX_POINT('',#10462);
#5365=VERTEX_POINT('',#10464);
#5366=VERTEX_POINT('',#10466);
#5367=VERTEX_POINT('',#10470);
#5368=VERTEX_POINT('',#10471);
#5369=VERTEX_POINT('',#10473);
#5370=VERTEX_POINT('',#10475);
#5371=VERTEX_POINT('',#10479);
#5372=VERTEX_POINT('',#10480);
#5373=VERTEX_POINT('',#10485);
#5374=VERTEX_POINT('',#10486);
#5375=VERTEX_POINT('',#10491);
#5376=VERTEX_POINT('',#10492);
#5377=VERTEX_POINT('',#10532);
#5378=VERTEX_POINT('',#10534);
#5379=VERTEX_POINT('',#10538);
#5380=VERTEX_POINT('',#10653);
#5381=VERTEX_POINT('',#10654);
#5382=VERTEX_POINT('',#10656);
#5383=VERTEX_POINT('',#10658);
#5384=VERTEX_POINT('',#10662);
#5385=VERTEX_POINT('',#10663);
#5386=VERTEX_POINT('',#10665);
#5387=VERTEX_POINT('',#10667);
#5388=VERTEX_POINT('',#10671);
#5389=VERTEX_POINT('',#10673);
#5390=VERTEX_POINT('',#10675);
#5391=VERTEX_POINT('',#10680);
#5392=VERTEX_POINT('',#10681);
#5393=VERTEX_POINT('',#10683);
#5394=VERTEX_POINT('',#10685);
#5395=VERTEX_POINT('',#10687);
#5396=VERTEX_POINT('',#10689);
#5397=VERTEX_POINT('',#10693);
#5398=VERTEX_POINT('',#10694);
#5399=VERTEX_POINT('',#10696);
#5400=VERTEX_POINT('',#10698);
#5401=VERTEX_POINT('',#10700);
#5402=VERTEX_POINT('',#10702);
#5403=VERTEX_POINT('',#10706);
#5404=VERTEX_POINT('',#10707);
#5405=VERTEX_POINT('',#10709);
#5406=VERTEX_POINT('',#10712);
#5407=VERTEX_POINT('',#10714);
#5408=VERTEX_POINT('',#10716);
#5409=VERTEX_POINT('',#10720);
#5410=VERTEX_POINT('',#10721);
#5411=VERTEX_POINT('',#10723);
#5412=VERTEX_POINT('',#10725);
#5413=VERTEX_POINT('',#10729);
#5414=VERTEX_POINT('',#10730);
#5415=VERTEX_POINT('',#10732);
#5416=VERTEX_POINT('',#10734);
#5417=VERTEX_POINT('',#10738);
#5418=VERTEX_POINT('',#10740);
#5419=VERTEX_POINT('',#10744);
#5420=VERTEX_POINT('',#10745);
#5421=VERTEX_POINT('',#10747);
#5422=VERTEX_POINT('',#10749);
#5423=VERTEX_POINT('',#10753);
#5424=VERTEX_POINT('',#10754);
#5425=VERTEX_POINT('',#10756);
#5426=VERTEX_POINT('',#10758);
#5427=VERTEX_POINT('',#10762);
#5428=VERTEX_POINT('',#10763);
#5429=VERTEX_POINT('',#10765);
#5430=VERTEX_POINT('',#10767);
#5431=VERTEX_POINT('',#10771);
#5432=VERTEX_POINT('',#10772);
#5433=VERTEX_POINT('',#10774);
#5434=VERTEX_POINT('',#10777);
#5435=VERTEX_POINT('',#10781);
#5436=VERTEX_POINT('',#10782);
#5437=VERTEX_POINT('',#10787);
#5438=VERTEX_POINT('',#10788);
#5439=VERTEX_POINT('',#10790);
#5440=VERTEX_POINT('',#10792);
#5441=VERTEX_POINT('',#10796);
#5442=VERTEX_POINT('',#10797);
#5443=VERTEX_POINT('',#10802);
#5444=VERTEX_POINT('',#10803);
#5445=VERTEX_POINT('',#10808);
#5446=VERTEX_POINT('',#10809);
#5447=VERTEX_POINT('',#10814);
#5448=VERTEX_POINT('',#10815);
#5449=VERTEX_POINT('',#10817);
#5450=VERTEX_POINT('',#10819);
#5451=VERTEX_POINT('',#10823);
#5452=VERTEX_POINT('',#10824);
#5453=VERTEX_POINT('',#10829);
#5454=VERTEX_POINT('',#10830);
#5455=VERTEX_POINT('',#10835);
#5456=VERTEX_POINT('',#10836);
#5457=VERTEX_POINT('',#10841);
#5458=VERTEX_POINT('',#10842);
#5459=VERTEX_POINT('',#10844);
#5460=VERTEX_POINT('',#10846);
#5461=VERTEX_POINT('',#10850);
#5462=VERTEX_POINT('',#10851);
#5463=VERTEX_POINT('',#10853);
#5464=VERTEX_POINT('',#10855);
#5465=VERTEX_POINT('',#10858);
#5466=VERTEX_POINT('',#10859);
#5467=VERTEX_POINT('',#10861);
#5468=VERTEX_POINT('',#10863);
#5469=VERTEX_POINT('',#10866);
#5470=VERTEX_POINT('',#10867);
#5471=VERTEX_POINT('',#10869);
#5472=VERTEX_POINT('',#10871);
#5473=VERTEX_POINT('',#10874);
#5474=VERTEX_POINT('',#10875);
#5475=VERTEX_POINT('',#10877);
#5476=VERTEX_POINT('',#10879);
#5477=VERTEX_POINT('',#10882);
#5478=VERTEX_POINT('',#10884);
#5479=VERTEX_POINT('',#10886);
#5480=VERTEX_POINT('',#10888);
#5481=VERTEX_POINT('',#10889);
#5482=VERTEX_POINT('',#10891);
#5483=VERTEX_POINT('',#10897);
#5484=VERTEX_POINT('',#10899);
#5485=VERTEX_POINT('',#10901);
#5486=VERTEX_POINT('',#10903);
#5487=VERTEX_POINT('',#10907);
#5488=VERTEX_POINT('',#10909);
#5489=VERTEX_POINT('',#10911);
#5490=VERTEX_POINT('',#10913);
#5491=VERTEX_POINT('',#10915);
#5492=VERTEX_POINT('',#10917);
#5493=VERTEX_POINT('',#10919);
#5494=VERTEX_POINT('',#10921);
#5495=VERTEX_POINT('',#10923);
#5496=VERTEX_POINT('',#10925);
#5497=VERTEX_POINT('',#10927);
#5498=VERTEX_POINT('',#10929);
#5499=VERTEX_POINT('',#10931);
#5500=VERTEX_POINT('',#10938);
#5501=VERTEX_POINT('',#10940);
#5502=VERTEX_POINT('',#10942);
#5503=VERTEX_POINT('',#10943);
#5504=VERTEX_POINT('',#10945);
#5505=VERTEX_POINT('',#10947);
#5506=VERTEX_POINT('',#10950);
#5507=VERTEX_POINT('',#10951);
#5508=VERTEX_POINT('',#10953);
#5509=VERTEX_POINT('',#10955);
#5510=VERTEX_POINT('',#10958);
#5511=VERTEX_POINT('',#10959);
#5512=VERTEX_POINT('',#10961);
#5513=VERTEX_POINT('',#10963);
#5514=VERTEX_POINT('',#10966);
#5515=VERTEX_POINT('',#10967);
#5516=VERTEX_POINT('',#10969);
#5517=VERTEX_POINT('',#10971);
#5518=VERTEX_POINT('',#10974);
#5519=VERTEX_POINT('',#10976);
#5520=VERTEX_POINT('',#10978);
#5521=VERTEX_POINT('',#10980);
#5522=VERTEX_POINT('',#10982);
#5523=VERTEX_POINT('',#10984);
#5524=VERTEX_POINT('',#10986);
#5525=VERTEX_POINT('',#10988);
#5526=VERTEX_POINT('',#10990);
#5527=VERTEX_POINT('',#10992);
#5528=VERTEX_POINT('',#10994);
#5529=VERTEX_POINT('',#10996);
#5530=VERTEX_POINT('',#10998);
#5531=VERTEX_POINT('',#11000);
#5532=VERTEX_POINT('',#11002);
#5533=VERTEX_POINT('',#11004);
#5534=VERTEX_POINT('',#11052);
#5535=VERTEX_POINT('',#11054);
#5536=VERTEX_POINT('',#11058);
#5537=VERTEX_POINT('',#11160);
#5538=VERTEX_POINT('',#11161);
#5539=VERTEX_POINT('',#11163);
#5540=VERTEX_POINT('',#11165);
#5541=VERTEX_POINT('',#11169);
#5542=VERTEX_POINT('',#11170);
#5543=VERTEX_POINT('',#11172);
#5544=VERTEX_POINT('',#11174);
#5545=VERTEX_POINT('',#11178);
#5546=VERTEX_POINT('',#11181);
#5547=VERTEX_POINT('',#11183);
#5548=VERTEX_POINT('',#11187);
#5549=VERTEX_POINT('',#11188);
#5550=VERTEX_POINT('',#11190);
#5551=VERTEX_POINT('',#11192);
#5552=VERTEX_POINT('',#11194);
#5553=VERTEX_POINT('',#11196);
#5554=VERTEX_POINT('',#11200);
#5555=VERTEX_POINT('',#11201);
#5556=VERTEX_POINT('',#11203);
#5557=VERTEX_POINT('',#11205);
#5558=VERTEX_POINT('',#11207);
#5559=VERTEX_POINT('',#11209);
#5560=VERTEX_POINT('',#11213);
#5561=VERTEX_POINT('',#11214);
#5562=VERTEX_POINT('',#11216);
#5563=VERTEX_POINT('',#11218);
#5564=VERTEX_POINT('',#11220);
#5565=VERTEX_POINT('',#11223);
#5566=VERTEX_POINT('',#11227);
#5567=VERTEX_POINT('',#11228);
#5568=VERTEX_POINT('',#11230);
#5569=VERTEX_POINT('',#11232);
#5570=VERTEX_POINT('',#11236);
#5571=VERTEX_POINT('',#11237);
#5572=VERTEX_POINT('',#11239);
#5573=VERTEX_POINT('',#11241);
#5574=VERTEX_POINT('',#11245);
#5575=VERTEX_POINT('',#11247);
#5576=VERTEX_POINT('',#11251);
#5577=VERTEX_POINT('',#11252);
#5578=VERTEX_POINT('',#11254);
#5579=VERTEX_POINT('',#11256);
#5580=VERTEX_POINT('',#11260);
#5581=VERTEX_POINT('',#11261);
#5582=VERTEX_POINT('',#11263);
#5583=VERTEX_POINT('',#11265);
#5584=VERTEX_POINT('',#11269);
#5585=VERTEX_POINT('',#11270);
#5586=VERTEX_POINT('',#11272);
#5587=VERTEX_POINT('',#11274);
#5588=VERTEX_POINT('',#11278);
#5589=VERTEX_POINT('',#11279);
#5590=VERTEX_POINT('',#11281);
#5591=VERTEX_POINT('',#11284);
#5592=VERTEX_POINT('',#11288);
#5593=VERTEX_POINT('',#11289);
#5594=VERTEX_POINT('',#11294);
#5595=VERTEX_POINT('',#11295);
#5596=VERTEX_POINT('',#11297);
#5597=VERTEX_POINT('',#11299);
#5598=VERTEX_POINT('',#11303);
#5599=VERTEX_POINT('',#11304);
#5600=VERTEX_POINT('',#11309);
#5601=VERTEX_POINT('',#11310);
#5602=VERTEX_POINT('',#11315);
#5603=VERTEX_POINT('',#11316);
#5604=VERTEX_POINT('',#11321);
#5605=VERTEX_POINT('',#11322);
#5606=VERTEX_POINT('',#11324);
#5607=VERTEX_POINT('',#11326);
#5608=VERTEX_POINT('',#11330);
#5609=VERTEX_POINT('',#11331);
#5610=VERTEX_POINT('',#11336);
#5611=VERTEX_POINT('',#11337);
#5612=VERTEX_POINT('',#11342);
#5613=VERTEX_POINT('',#11343);
#5614=VERTEX_POINT('',#11348);
#5615=VERTEX_POINT('',#11349);
#5616=VERTEX_POINT('',#11351);
#5617=VERTEX_POINT('',#11353);
#5618=VERTEX_POINT('',#11357);
#5619=VERTEX_POINT('',#11358);
#5620=VERTEX_POINT('',#11360);
#5621=VERTEX_POINT('',#11362);
#5622=VERTEX_POINT('',#11365);
#5623=VERTEX_POINT('',#11366);
#5624=VERTEX_POINT('',#11368);
#5625=VERTEX_POINT('',#11370);
#5626=VERTEX_POINT('',#11373);
#5627=VERTEX_POINT('',#11374);
#5628=VERTEX_POINT('',#11376);
#5629=VERTEX_POINT('',#11378);
#5630=VERTEX_POINT('',#11381);
#5631=VERTEX_POINT('',#11382);
#5632=VERTEX_POINT('',#11384);
#5633=VERTEX_POINT('',#11386);
#5634=VERTEX_POINT('',#11389);
#5635=VERTEX_POINT('',#11391);
#5636=VERTEX_POINT('',#11393);
#5637=VERTEX_POINT('',#11395);
#5638=VERTEX_POINT('',#11396);
#5639=VERTEX_POINT('',#11402);
#5640=VERTEX_POINT('',#11404);
#5641=VERTEX_POINT('',#11406);
#5642=VERTEX_POINT('',#11408);
#5643=VERTEX_POINT('',#11410);
#5644=VERTEX_POINT('',#11412);
#5645=VERTEX_POINT('',#11414);
#5646=VERTEX_POINT('',#11416);
#5647=VERTEX_POINT('',#11418);
#5648=VERTEX_POINT('',#11420);
#5649=VERTEX_POINT('',#11422);
#5650=VERTEX_POINT('',#11424);
#5651=VERTEX_POINT('',#11426);
#5652=VERTEX_POINT('',#11428);
#5653=VERTEX_POINT('',#11430);
#5654=VERTEX_POINT('',#11432);
#5655=VERTEX_POINT('',#11436);
#5656=VERTEX_POINT('',#11438);
#5657=VERTEX_POINT('',#11445);
#5658=VERTEX_POINT('',#11447);
#5659=VERTEX_POINT('',#11449);
#5660=VERTEX_POINT('',#11450);
#5661=VERTEX_POINT('',#11452);
#5662=VERTEX_POINT('',#11454);
#5663=VERTEX_POINT('',#11457);
#5664=VERTEX_POINT('',#11458);
#5665=VERTEX_POINT('',#11460);
#5666=VERTEX_POINT('',#11462);
#5667=VERTEX_POINT('',#11465);
#5668=VERTEX_POINT('',#11466);
#5669=VERTEX_POINT('',#11468);
#5670=VERTEX_POINT('',#11470);
#5671=VERTEX_POINT('',#11473);
#5672=VERTEX_POINT('',#11474);
#5673=VERTEX_POINT('',#11476);
#5674=VERTEX_POINT('',#11478);
#5675=VERTEX_POINT('',#11481);
#5676=VERTEX_POINT('',#11482);
#5677=VERTEX_POINT('',#11484);
#5678=VERTEX_POINT('',#11490);
#5679=VERTEX_POINT('',#11492);
#5680=VERTEX_POINT('',#11494);
#5681=VERTEX_POINT('',#11496);
#5682=VERTEX_POINT('',#11498);
#5683=VERTEX_POINT('',#11500);
#5684=VERTEX_POINT('',#11502);
#5685=VERTEX_POINT('',#11504);
#5686=VERTEX_POINT('',#11506);
#5687=VERTEX_POINT('',#11508);
#5688=VERTEX_POINT('',#11510);
#5689=VERTEX_POINT('',#11512);
#5690=VERTEX_POINT('',#11514);
#5691=VERTEX_POINT('',#11559);
#5692=VERTEX_POINT('',#11561);
#5693=VERTEX_POINT('',#11565);
#5694=VERTEX_POINT('',#11667);
#5695=VERTEX_POINT('',#11668);
#5696=VERTEX_POINT('',#11670);
#5697=VERTEX_POINT('',#11672);
#5698=VERTEX_POINT('',#11674);
#5699=VERTEX_POINT('',#11676);
#5700=VERTEX_POINT('',#11678);
#5701=VERTEX_POINT('',#11680);
#5702=VERTEX_POINT('',#11682);
#5703=VERTEX_POINT('',#11684);
#5704=VERTEX_POINT('',#11686);
#5705=VERTEX_POINT('',#11688);
#5706=VERTEX_POINT('',#11690);
#5707=VERTEX_POINT('',#11692);
#5708=VERTEX_POINT('',#11694);
#5709=VERTEX_POINT('',#11696);
#5710=VERTEX_POINT('',#11698);
#5711=VERTEX_POINT('',#11700);
#5712=VERTEX_POINT('',#11702);
#5713=VERTEX_POINT('',#11704);
#5714=VERTEX_POINT('',#11706);
#5715=VERTEX_POINT('',#11708);
#5716=VERTEX_POINT('',#11710);
#5717=VERTEX_POINT('',#11712);
#5718=VERTEX_POINT('',#11714);
#5719=VERTEX_POINT('',#11716);
#5720=VERTEX_POINT('',#11718);
#5721=VERTEX_POINT('',#11720);
#5722=VERTEX_POINT('',#11722);
#5723=VERTEX_POINT('',#11724);
#5724=VERTEX_POINT('',#11726);
#5725=VERTEX_POINT('',#11728);
#5726=VERTEX_POINT('',#11730);
#5727=VERTEX_POINT('',#11732);
#5728=VERTEX_POINT('',#11735);
#5729=VERTEX_POINT('',#11736);
#5730=VERTEX_POINT('',#11738);
#5731=VERTEX_POINT('',#11740);
#5732=VERTEX_POINT('',#11742);
#5733=VERTEX_POINT('',#11745);
#5734=VERTEX_POINT('',#11746);
#5735=VERTEX_POINT('',#11748);
#5736=VERTEX_POINT('',#11750);
#5737=VERTEX_POINT('',#11753);
#5738=VERTEX_POINT('',#11754);
#5739=VERTEX_POINT('',#11756);
#5740=VERTEX_POINT('',#11758);
#5741=VERTEX_POINT('',#11760);
#5742=VERTEX_POINT('',#11762);
#5743=VERTEX_POINT('',#11765);
#5744=VERTEX_POINT('',#11767);
#5745=VERTEX_POINT('',#11769);
#5746=VERTEX_POINT('',#11771);
#5747=VERTEX_POINT('',#11772);
#5748=VERTEX_POINT('',#11774);
#5749=VERTEX_POINT('',#11776);
#5750=VERTEX_POINT('',#11778);
#5751=VERTEX_POINT('',#11781);
#5752=VERTEX_POINT('',#11782);
#5753=VERTEX_POINT('',#11784);
#5754=VERTEX_POINT('',#11786);
#5755=VERTEX_POINT('',#11788);
#5756=VERTEX_POINT('',#11792);
#5757=VERTEX_POINT('',#11793);
#5758=VERTEX_POINT('',#11795);
#5759=VERTEX_POINT('',#11797);
#5760=VERTEX_POINT('',#11799);
#5761=VERTEX_POINT('',#11801);
#5762=VERTEX_POINT('',#11803);
#5763=VERTEX_POINT('',#11805);
#5764=VERTEX_POINT('',#11807);
#5765=VERTEX_POINT('',#11809);
#5766=VERTEX_POINT('',#11811);
#5767=VERTEX_POINT('',#11813);
#5768=VERTEX_POINT('',#11815);
#5769=VERTEX_POINT('',#11817);
#5770=VERTEX_POINT('',#11819);
#5771=VERTEX_POINT('',#11821);
#5772=VERTEX_POINT('',#11823);
#5773=VERTEX_POINT('',#11825);
#5774=VERTEX_POINT('',#11827);
#5775=VERTEX_POINT('',#11829);
#5776=VERTEX_POINT('',#11831);
#5777=VERTEX_POINT('',#11833);
#5778=VERTEX_POINT('',#11835);
#5779=VERTEX_POINT('',#11837);
#5780=VERTEX_POINT('',#11839);
#5781=VERTEX_POINT('',#11841);
#5782=VERTEX_POINT('',#11844);
#5783=VERTEX_POINT('',#11845);
#5784=VERTEX_POINT('',#11847);
#5785=VERTEX_POINT('',#11849);
#5786=VERTEX_POINT('',#11851);
#5787=VERTEX_POINT('',#11854);
#5788=VERTEX_POINT('',#11855);
#5789=VERTEX_POINT('',#11857);
#5790=VERTEX_POINT('',#11859);
#5791=VERTEX_POINT('',#11862);
#5792=VERTEX_POINT('',#11864);
#5793=VERTEX_POINT('',#11866);
#5794=VERTEX_POINT('',#11867);
#5795=VERTEX_POINT('',#11869);
#5796=VERTEX_POINT('',#11871);
#5797=VERTEX_POINT('',#11873);
#5798=VERTEX_POINT('',#11875);
#5799=VERTEX_POINT('',#11878);
#5800=VERTEX_POINT('',#11879);
#5801=VERTEX_POINT('',#11881);
#5802=VERTEX_POINT('',#11883);
#5803=VERTEX_POINT('',#11885);
#5804=VERTEX_POINT('',#11888);
#5805=VERTEX_POINT('',#11889);
#5806=VERTEX_POINT('',#11891);
#5807=VERTEX_POINT('',#11893);
#5808=VERTEX_POINT('',#11895);
#5809=VERTEX_POINT('',#11908);
#5810=VERTEX_POINT('',#11910);
#5811=VERTEX_POINT('',#11914);
#5812=VERTEX_POINT('',#11916);
#5813=VERTEX_POINT('',#11918);
#5814=VERTEX_POINT('',#11920);
#5815=VERTEX_POINT('',#11922);
#5816=VERTEX_POINT('',#11926);
#5817=VERTEX_POINT('',#11927);
#5818=VERTEX_POINT('',#11929);
#5819=VERTEX_POINT('',#11931);
#5820=VERTEX_POINT('',#11933);
#5821=VERTEX_POINT('',#11935);
#5822=VERTEX_POINT('',#11940);
#5823=VERTEX_POINT('',#11942);
#5824=VERTEX_POINT('',#11952);
#5825=VERTEX_POINT('',#11953);
#5826=VERTEX_POINT('',#11955);
#5827=VERTEX_POINT('',#11957);
#5828=VERTEX_POINT('',#11961);
#5829=VERTEX_POINT('',#11963);
#5830=VERTEX_POINT('',#11967);
#5831=VERTEX_POINT('',#11969);
#5832=VERTEX_POINT('',#11973);
#5833=VERTEX_POINT('',#11975);
#5834=VERTEX_POINT('',#11979);
#5835=VERTEX_POINT('',#11980);
#5836=VERTEX_POINT('',#11982);
#5837=VERTEX_POINT('',#11984);
#5838=VERTEX_POINT('',#11997);
#5839=VERTEX_POINT('',#11999);
#5840=VERTEX_POINT('',#12003);
#5841=VERTEX_POINT('',#12005);
#5842=VERTEX_POINT('',#12009);
#5843=VERTEX_POINT('',#12010);
#5844=VERTEX_POINT('',#12012);
#5845=VERTEX_POINT('',#12015);
#5846=VERTEX_POINT('',#12017);
#5847=VERTEX_POINT('',#12019);
#5848=VERTEX_POINT('',#12023);
#5849=VERTEX_POINT('',#12024);
#5850=VERTEX_POINT('',#12026);
#5851=VERTEX_POINT('',#12028);
#5852=VERTEX_POINT('',#12032);
#5853=VERTEX_POINT('',#12034);
#5854=VERTEX_POINT('',#12038);
#5855=VERTEX_POINT('',#12040);
#5856=VERTEX_POINT('',#12044);
#5857=VERTEX_POINT('',#12046);
#5858=VERTEX_POINT('',#12085);
#5859=VERTEX_POINT('',#12087);
#5860=VERTEX_POINT('',#12091);
#5861=EDGE_CURVE('',#5213,#5214,#6885,.T.);
#5862=EDGE_CURVE('',#5214,#5215,#6886,.T.);
#5863=EDGE_CURVE('',#5215,#5216,#1813,.T.);
#5864=EDGE_CURVE('',#5216,#5217,#6887,.T.);
#5865=EDGE_CURVE('',#5217,#5213,#1814,.T.);
#5866=EDGE_CURVE('',#5218,#5219,#6888,.T.);
#5867=EDGE_CURVE('',#5219,#5220,#1815,.T.);
#5868=EDGE_CURVE('',#5220,#5221,#6889,.T.);
#5869=EDGE_CURVE('',#5221,#5218,#1816,.T.);
#5870=EDGE_CURVE('',#5222,#5223,#1817,.T.);
#5871=EDGE_CURVE('',#5222,#5224,#6890,.T.);
#5872=EDGE_CURVE('',#5225,#5224,#1818,.T.);
#5873=EDGE_CURVE('',#5225,#5226,#6891,.T.);
#5874=EDGE_CURVE('',#5227,#5226,#1819,.T.);
#5875=EDGE_CURVE('',#5227,#5223,#6892,.T.);
#5876=EDGE_CURVE('',#5228,#5228,#6893,.T.);
#5877=EDGE_CURVE('',#5229,#5229,#6894,.T.);
#5878=EDGE_CURVE('',#5230,#5230,#6895,.T.);
#5879=EDGE_CURVE('',#5231,#5232,#1820,.T.);
#5880=EDGE_CURVE('',#5232,#5233,#6896,.T.);
#5881=EDGE_CURVE('',#5234,#5233,#1821,.T.);
#5882=EDGE_CURVE('',#5234,#5235,#1822,.T.);
#5883=EDGE_CURVE('',#5235,#5236,#6897,.T.);
#5884=EDGE_CURVE('',#5236,#5237,#1823,.T.);
#5885=EDGE_CURVE('',#5237,#5238,#6898,.T.);
#5886=EDGE_CURVE('',#5238,#5239,#1824,.T.);
#5887=EDGE_CURVE('',#5239,#5240,#6899,.T.);
#5888=EDGE_CURVE('',#5240,#5241,#1825,.T.);
#5889=EDGE_CURVE('',#5241,#5242,#1826,.T.);
#5890=EDGE_CURVE('',#5242,#5243,#1827,.T.);
#5891=EDGE_CURVE('',#5243,#5244,#6900,.T.);
#5892=EDGE_CURVE('',#5244,#5245,#1828,.T.);
#5893=EDGE_CURVE('',#5246,#5245,#1829,.T.);
#5894=EDGE_CURVE('',#5246,#5247,#1830,.T.);
#5895=EDGE_CURVE('',#5248,#5247,#6901,.T.);
#5896=EDGE_CURVE('',#5249,#5248,#1831,.T.);
#5897=EDGE_CURVE('',#5250,#5249,#1832,.T.);
#5898=EDGE_CURVE('',#5251,#5250,#1833,.T.);
#5899=EDGE_CURVE('',#5251,#5252,#1834,.T.);
#5900=EDGE_CURVE('',#5252,#5253,#6902,.T.);
#5901=EDGE_CURVE('',#5253,#5254,#6903,.T.);
#5902=EDGE_CURVE('',#5254,#5255,#6904,.T.);
#5903=EDGE_CURVE('',#5255,#5256,#6905,.T.);
#5904=EDGE_CURVE('',#5256,#5257,#1835,.T.);
#5905=EDGE_CURVE('',#5257,#5258,#6906,.T.);
#5906=EDGE_CURVE('',#5258,#5259,#1836,.T.);
#5907=EDGE_CURVE('',#5259,#5260,#6907,.T.);
#5908=EDGE_CURVE('',#5260,#5261,#6908,.T.);
#5909=EDGE_CURVE('',#5261,#5262,#6909,.T.);
#5910=EDGE_CURVE('',#5262,#5263,#6910,.T.);
#5911=EDGE_CURVE('',#5263,#5264,#1837,.T.);
#5912=EDGE_CURVE('',#5264,#5231,#6911,.T.);
#5913=EDGE_CURVE('',#5265,#5266,#6912,.T.);
#5914=EDGE_CURVE('',#5266,#5267,#6913,.T.);
#5915=EDGE_CURVE('',#5267,#5268,#1838,.T.);
#5916=EDGE_CURVE('',#5268,#5269,#6914,.T.);
#5917=EDGE_CURVE('',#5269,#5265,#1839,.T.);
#5918=EDGE_CURVE('',#5270,#5271,#1840,.T.);
#5919=EDGE_CURVE('',#5271,#5272,#6915,.T.);
#5920=EDGE_CURVE('',#5272,#5273,#6916,.T.);
#5921=EDGE_CURVE('',#5273,#5274,#1841,.T.);
#5922=EDGE_CURVE('',#5274,#5270,#6917,.T.);
#5923=EDGE_CURVE('',#5275,#5276,#6918,.T.);
#5924=EDGE_CURVE('',#5275,#5277,#6919,.T.);
#5925=EDGE_CURVE('',#5278,#5277,#1842,.T.);
#5926=EDGE_CURVE('',#5279,#5278,#6920,.T.);
#5927=EDGE_CURVE('',#5276,#5279,#1843,.T.);
#5928=EDGE_CURVE('',#5280,#5281,#1844,.T.);
#5929=EDGE_CURVE('',#5280,#5282,#6921,.T.);
#5930=EDGE_CURVE('',#5283,#5282,#1845,.T.);
#5931=EDGE_CURVE('',#5281,#5283,#6922,.T.);
#5932=EDGE_CURVE('',#5284,#5284,#6923,.T.);
#5933=EDGE_CURVE('',#5285,#5285,#6924,.T.);
#5934=EDGE_CURVE('',#5286,#5287,#6925,.T.);
#5935=EDGE_CURVE('',#5287,#5288,#1846,.T.);
#5936=EDGE_CURVE('',#5289,#5288,#1847,.T.);
#5937=EDGE_CURVE('',#5290,#5289,#1848,.T.);
#5938=EDGE_CURVE('',#5290,#5291,#6926,.T.);
#5939=EDGE_CURVE('',#5292,#5291,#1849,.T.);
#5940=EDGE_CURVE('',#5292,#5293,#6927,.T.);
#5941=EDGE_CURVE('',#5294,#5293,#1850,.T.);
#5942=EDGE_CURVE('',#5294,#5295,#6928,.T.);
#5943=EDGE_CURVE('',#5296,#5295,#1851,.T.);
#5944=EDGE_CURVE('',#5296,#5297,#1852,.T.);
#5945=EDGE_CURVE('',#5297,#5298,#1853,.T.);
#5946=EDGE_CURVE('',#5298,#5299,#6929,.T.);
#5947=EDGE_CURVE('',#5299,#5300,#1854,.T.);
#5948=EDGE_CURVE('',#5300,#5301,#6930,.T.);
#5949=EDGE_CURVE('',#5301,#5302,#6931,.T.);
#5950=EDGE_CURVE('',#5302,#5303,#6932,.T.);
#5951=EDGE_CURVE('',#5303,#5304,#6933,.T.);
#5952=EDGE_CURVE('',#5304,#5305,#1855,.T.);
#5953=EDGE_CURVE('',#5305,#5306,#6934,.T.);
#5954=EDGE_CURVE('',#5306,#5307,#1856,.T.);
#5955=EDGE_CURVE('',#5307,#5308,#6935,.T.);
#5956=EDGE_CURVE('',#5308,#5309,#6936,.T.);
#5957=EDGE_CURVE('',#5309,#5310,#6937,.T.);
#5958=EDGE_CURVE('',#5310,#5311,#6938,.T.);
#5959=EDGE_CURVE('',#5311,#5286,#1857,.T.);
#5960=EDGE_CURVE('',#5312,#5313,#1858,.T.);
#5961=EDGE_CURVE('',#5313,#5314,#6939,.T.);
#5962=EDGE_CURVE('',#5314,#5315,#1859,.T.);
#5963=EDGE_CURVE('',#5315,#5316,#6940,.T.);
#5964=EDGE_CURVE('',#5316,#5317,#1860,.T.);
#5965=EDGE_CURVE('',#5317,#5312,#6941,.T.);
#5966=EDGE_CURVE('',#5318,#5319,#6942,.T.);
#5967=EDGE_CURVE('',#5318,#5320,#6943,.T.);
#5968=EDGE_CURVE('',#5321,#5320,#1861,.T.);
#5969=EDGE_CURVE('',#5322,#5321,#6944,.T.);
#5970=EDGE_CURVE('',#5319,#5322,#1862,.T.);
#5971=EDGE_CURVE('',#5323,#5324,#6945,.T.);
#5972=EDGE_CURVE('',#5325,#5323,#1863,.T.);
#5973=EDGE_CURVE('',#5326,#5325,#6946,.T.);
#5974=EDGE_CURVE('',#5327,#5326,#1864,.T.);
#5975=EDGE_CURVE('',#5327,#5324,#6947,.T.);
#5976=EDGE_CURVE('',#5324,#5272,#1865,.T.);
#5977=EDGE_CURVE('',#5273,#5327,#1866,.T.);
#5978=EDGE_CURVE('',#5214,#5275,#1867,.T.);
#5979=EDGE_CURVE('',#5277,#5213,#1868,.T.);
#5980=EDGE_CURVE('',#5266,#5318,#1869,.T.);
#5981=EDGE_CURVE('',#5320,#5265,#1870,.T.);
#5982=EDGE_CURVE('',#5328,#5249,#1871,.T.);
#5983=EDGE_CURVE('',#5329,#5328,#1872,.T.);
#5984=EDGE_CURVE('',#5329,#5250,#1873,.T.);
#5985=EDGE_CURVE('',#5328,#5330,#1874,.T.);
#5986=EDGE_CURVE('',#5330,#5331,#6948,.T.);
#5987=EDGE_CURVE('',#5332,#5331,#1875,.T.);
#5988=EDGE_CURVE('',#5332,#5333,#1876,.T.);
#5989=EDGE_CURVE('',#5333,#5334,#1877,.T.);
#5990=EDGE_CURVE('',#5334,#5329,#1878,.T.);
#5991=EDGE_CURVE('',#5335,#5336,#1879,.T.);
#5992=EDGE_CURVE('',#5336,#5337,#1880,.T.);
#5993=EDGE_CURVE('',#5337,#5338,#1881,.T.);
#5994=EDGE_CURVE('',#5338,#5339,#1882,.T.);
#5995=EDGE_CURVE('',#5339,#5340,#1883,.T.);
#5996=EDGE_CURVE('',#5340,#5335,#1884,.T.);
#5997=EDGE_CURVE('',#5295,#5235,#1885,.T.);
#5998=EDGE_CURVE('',#5341,#5234,#1886,.T.);
#5999=EDGE_CURVE('',#5341,#5342,#1887,.T.);
#6000=EDGE_CURVE('',#5342,#5296,#1888,.T.);
#6001=EDGE_CURVE('',#5223,#5315,#1889,.T.);
#6002=EDGE_CURVE('',#5314,#5222,#1890,.T.);
#6003=EDGE_CURVE('',#5312,#5225,#1891,.T.);
#6004=EDGE_CURVE('',#5224,#5313,#1892,.T.);
#6005=EDGE_CURVE('',#5343,#5344,#1893,.T.);
#6006=EDGE_CURVE('',#5344,#5345,#1894,.T.);
#6007=EDGE_CURVE('',#5345,#5346,#1895,.T.);
#6008=EDGE_CURVE('',#5346,#5343,#1896,.T.);
#6009=EDGE_CURVE('',#5347,#5348,#1897,.T.);
#6010=EDGE_CURVE('',#5348,#5344,#6949,.T.);
#6011=EDGE_CURVE('',#5343,#5347,#6950,.T.);
#6012=EDGE_CURVE('',#5349,#5350,#1898,.T.);
#6013=EDGE_CURVE('',#5350,#5348,#6951,.T.);
#6014=EDGE_CURVE('',#5347,#5349,#6952,.T.);
#6015=EDGE_CURVE('',#5351,#5352,#1899,.T.);
#6016=EDGE_CURVE('',#5352,#5350,#6953,.T.);
#6017=EDGE_CURVE('',#5349,#5351,#6954,.T.);
#6018=EDGE_CURVE('',#5353,#5354,#1900,.T.);
#6019=EDGE_CURVE('',#5354,#5355,#1901,.T.);
#6020=EDGE_CURVE('',#5355,#5356,#1902,.T.);
#6021=EDGE_CURVE('',#5356,#5353,#1903,.T.);
#6022=EDGE_CURVE('',#5236,#5294,#1904,.T.);
#6023=EDGE_CURVE('',#5293,#5237,#1905,.T.);
#6024=EDGE_CURVE('',#5291,#5239,#1906,.T.);
#6025=EDGE_CURVE('',#5238,#5292,#1907,.T.);
#6026=EDGE_CURVE('',#5240,#5290,#1908,.T.);
#6027=EDGE_CURVE('',#5289,#5241,#1909,.T.);
#6028=EDGE_CURVE('',#5357,#5358,#1910,.T.);
#6029=EDGE_CURVE('',#5358,#5242,#1911,.T.);
#6030=EDGE_CURVE('',#5288,#5357,#1912,.T.);
#6031=EDGE_CURVE('',#5359,#5360,#1913,.T.);
#6032=EDGE_CURVE('',#5360,#5358,#1914,.T.);
#6033=EDGE_CURVE('',#5357,#5359,#1915,.T.);
#6034=EDGE_CURVE('',#5361,#5362,#1916,.T.);
#6035=EDGE_CURVE('',#5362,#5363,#1917,.T.);
#6036=EDGE_CURVE('',#5334,#5363,#1918,.T.);
#6037=EDGE_CURVE('',#5333,#5364,#1919,.T.);
#6038=EDGE_CURVE('',#5364,#5365,#1920,.T.);
#6039=EDGE_CURVE('',#5365,#5366,#1921,.T.);
#6040=EDGE_CURVE('',#5366,#5361,#1922,.T.);
#6041=EDGE_CURVE('',#5367,#5368,#1923,.T.);
#6042=EDGE_CURVE('',#5368,#5369,#6955,.T.);
#6043=EDGE_CURVE('',#5369,#5370,#1924,.T.);
#6044=EDGE_CURVE('',#5370,#5367,#6956,.T.);
#6045=EDGE_CURVE('',#5371,#5372,#1925,.T.);
#6046=EDGE_CURVE('',#5372,#5368,#6957,.T.);
#6047=EDGE_CURVE('',#5367,#5371,#6958,.T.);
#6048=EDGE_CURVE('',#5373,#5374,#1926,.T.);
#6049=EDGE_CURVE('',#5374,#5372,#6959,.T.);
#6050=EDGE_CURVE('',#5371,#5373,#6960,.T.);
#6051=EDGE_CURVE('',#5375,#5376,#1927,.T.);
#6052=EDGE_CURVE('',#5376,#5374,#1928,.T.);
#6053=EDGE_CURVE('',#5373,#5375,#1929,.T.);
#6054=EDGE_CURVE('',#5316,#5227,#1930,.T.);
#6055=EDGE_CURVE('',#5226,#5317,#1931,.T.);
#6056=EDGE_CURVE('',#5365,#5360,#6961,.T.);
#6057=EDGE_CURVE('',#5359,#5366,#6962,.T.);
#6058=EDGE_CURVE('',#5337,#5354,#6963,.T.);
#6059=EDGE_CURVE('',#5353,#5338,#6964,.T.);
#6060=EDGE_CURVE('',#5355,#5352,#6965,.T.);
#6061=EDGE_CURVE('',#5351,#5356,#6966,.T.);
#6062=EDGE_CURVE('',#5369,#5362,#6967,.T.);
#6063=EDGE_CURVE('',#5361,#5370,#6968,.T.);
#6064=EDGE_CURVE('',#5345,#5376,#6969,.T.);
#6065=EDGE_CURVE('',#5375,#5346,#6970,.T.);
#6066=EDGE_CURVE('',#5280,#5219,#1932,.T.);
#6067=EDGE_CURVE('',#5282,#5218,#1933,.T.);
#6068=EDGE_CURVE('',#5332,#5246,#1934,.T.);
#6069=EDGE_CURVE('',#5245,#5364,#1935,.T.);
#6070=EDGE_CURVE('',#5331,#5247,#1936,.T.);
#6071=EDGE_CURVE('',#5330,#5248,#1937,.T.);
#6072=EDGE_CURVE('',#5339,#5297,#1938,.T.);
#6073=EDGE_CURVE('',#5340,#5342,#1939,.T.);
#6074=EDGE_CURVE('',#5377,#5377,#6971,.T.);
#6075=EDGE_CURVE('',#5378,#5341,#1940,.T.);
#6076=EDGE_CURVE('',#5378,#5335,#6972,.T.);
#6077=EDGE_CURVE('',#5379,#5378,#1941,.T.);
#6078=EDGE_CURVE('',#5379,#5336,#6973,.T.);
#6079=EDGE_CURVE('',#5233,#5379,#159,.T.);
#6080=EDGE_CURVE('',#5363,#5251,#1942,.T.);
#6081=EDGE_CURVE('',#5220,#5281,#1943,.T.);
#6082=EDGE_CURVE('',#5221,#5283,#1944,.T.);
#6083=EDGE_CURVE('',#5267,#5319,#1945,.T.);
#6084=EDGE_CURVE('',#5268,#5322,#1946,.T.);
#6085=EDGE_CURVE('',#5269,#5321,#1947,.T.);
#6086=EDGE_CURVE('',#5215,#5276,#1948,.T.);
#6087=EDGE_CURVE('',#5216,#5279,#1949,.T.);
#6088=EDGE_CURVE('',#5217,#5278,#1950,.T.);
#6089=EDGE_CURVE('',#5274,#5326,#1951,.T.);
#6090=EDGE_CURVE('',#5270,#5325,#1952,.T.);
#6091=EDGE_CURVE('',#5271,#5323,#1953,.T.);
#6092=EDGE_CURVE('',#5252,#5362,#1954,.T.);
#6093=EDGE_CURVE('',#5253,#5369,#1955,.T.);
#6094=EDGE_CURVE('',#5254,#5368,#1956,.T.);
#6095=EDGE_CURVE('',#5255,#5372,#1957,.T.);
#6096=EDGE_CURVE('',#5256,#5374,#1958,.T.);
#6097=EDGE_CURVE('',#5257,#5376,#1959,.T.);
#6098=EDGE_CURVE('',#5258,#5345,#1960,.T.);
#6099=EDGE_CURVE('',#5259,#5344,#1961,.T.);
#6100=EDGE_CURVE('',#5260,#5348,#1962,.T.);
#6101=EDGE_CURVE('',#5261,#5350,#1963,.T.);
#6102=EDGE_CURVE('',#5262,#5352,#1964,.T.);
#6103=EDGE_CURVE('',#5263,#5355,#1965,.T.);
#6104=EDGE_CURVE('',#5264,#5354,#1966,.T.);
#6105=EDGE_CURVE('',#5231,#5337,#1967,.T.);
#6106=EDGE_CURVE('',#5232,#5336,#160,.T.);
#6107=EDGE_CURVE('',#5365,#5244,#1968,.T.);
#6108=EDGE_CURVE('',#5360,#5243,#1969,.T.);
#6109=EDGE_CURVE('',#5298,#5338,#1970,.T.);
#6110=EDGE_CURVE('',#5299,#5353,#1971,.T.);
#6111=EDGE_CURVE('',#5300,#5356,#1972,.T.);
#6112=EDGE_CURVE('',#5301,#5351,#1973,.T.);
#6113=EDGE_CURVE('',#5302,#5349,#1974,.T.);
#6114=EDGE_CURVE('',#5303,#5347,#1975,.T.);
#6115=EDGE_CURVE('',#5304,#5343,#1976,.T.);
#6116=EDGE_CURVE('',#5305,#5346,#1977,.T.);
#6117=EDGE_CURVE('',#5306,#5375,#1978,.T.);
#6118=EDGE_CURVE('',#5307,#5373,#1979,.T.);
#6119=EDGE_CURVE('',#5308,#5371,#1980,.T.);
#6120=EDGE_CURVE('',#5309,#5367,#1981,.T.);
#6121=EDGE_CURVE('',#5310,#5370,#1982,.T.);
#6122=EDGE_CURVE('',#5311,#5361,#1983,.T.);
#6123=EDGE_CURVE('',#5286,#5366,#1984,.T.);
#6124=EDGE_CURVE('',#5287,#5359,#1985,.T.);
#6125=EDGE_CURVE('',#5380,#5381,#1986,.T.);
#6126=EDGE_CURVE('',#5380,#5382,#1987,.T.);
#6127=EDGE_CURVE('',#5383,#5382,#1988,.T.);
#6128=EDGE_CURVE('',#5381,#5383,#1989,.T.);
#6129=EDGE_CURVE('',#5384,#5385,#6974,.T.);
#6130=EDGE_CURVE('',#5384,#5386,#1990,.T.);
#6131=EDGE_CURVE('',#5387,#5386,#6975,.T.);
#6132=EDGE_CURVE('',#5385,#5387,#1991,.T.);
#6133=EDGE_CURVE('',#5388,#5386,#1992,.T.);
#6134=EDGE_CURVE('',#5388,#5389,#1993,.T.);
#6135=EDGE_CURVE('',#5389,#5390,#1994,.T.);
#6136=EDGE_CURVE('',#5383,#5390,#1995,.T.);
#6137=EDGE_CURVE('',#5387,#5382,#1996,.T.);
#6138=EDGE_CURVE('',#5391,#5392,#1997,.T.);
#6139=EDGE_CURVE('',#5392,#5393,#1998,.T.);
#6140=EDGE_CURVE('',#5394,#5393,#1999,.T.);
#6141=EDGE_CURVE('',#5395,#5394,#2000,.T.);
#6142=EDGE_CURVE('',#5396,#5395,#2001,.T.);
#6143=EDGE_CURVE('',#5391,#5396,#2002,.T.);
#6144=EDGE_CURVE('',#5397,#5398,#2003,.T.);
#6145=EDGE_CURVE('',#5397,#5399,#6976,.T.);
#6146=EDGE_CURVE('',#5400,#5399,#2004,.T.);
#6147=EDGE_CURVE('',#5400,#5401,#6977,.T.);
#6148=EDGE_CURVE('',#5402,#5401,#2005,.T.);
#6149=EDGE_CURVE('',#5398,#5402,#6978,.T.);
#6150=EDGE_CURVE('',#5403,#5404,#2006,.T.);
#6151=EDGE_CURVE('',#5404,#5405,#2007,.T.);
#6152=EDGE_CURVE('',#5405,#5390,#2008,.T.);
#6153=EDGE_CURVE('',#5406,#5389,#2009,.T.);
#6154=EDGE_CURVE('',#5406,#5407,#2010,.T.);
#6155=EDGE_CURVE('',#5407,#5408,#2011,.T.);
#6156=EDGE_CURVE('',#5408,#5403,#2012,.T.);
#6157=EDGE_CURVE('',#5409,#5410,#2013,.T.);
#6158=EDGE_CURVE('',#5410,#5411,#2014,.T.);
#6159=EDGE_CURVE('',#5412,#5411,#2015,.T.);
#6160=EDGE_CURVE('',#5412,#5409,#2016,.T.);
#6161=EDGE_CURVE('',#5413,#5414,#2017,.T.);
#6162=EDGE_CURVE('',#5413,#5415,#2018,.T.);
#6163=EDGE_CURVE('',#5415,#5416,#2019,.T.);
#6164=EDGE_CURVE('',#5416,#5414,#2020,.T.);
#6165=EDGE_CURVE('',#5399,#5417,#2021,.T.);
#6166=EDGE_CURVE('',#5417,#5418,#2022,.T.);
#6167=EDGE_CURVE('',#5418,#5400,#2023,.T.);
#6168=EDGE_CURVE('',#5419,#5420,#2024,.T.);
#6169=EDGE_CURVE('',#5419,#5421,#2025,.T.);
#6170=EDGE_CURVE('',#5421,#5422,#2026,.T.);
#6171=EDGE_CURVE('',#5422,#5420,#2027,.T.);
#6172=EDGE_CURVE('',#5423,#5424,#2028,.T.);
#6173=EDGE_CURVE('',#5424,#5425,#2029,.T.);
#6174=EDGE_CURVE('',#5426,#5425,#2030,.T.);
#6175=EDGE_CURVE('',#5426,#5423,#2031,.T.);
#6176=EDGE_CURVE('',#5427,#5428,#2032,.T.);
#6177=EDGE_CURVE('',#5427,#5429,#2033,.T.);
#6178=EDGE_CURVE('',#5429,#5430,#2034,.T.);
#6179=EDGE_CURVE('',#5428,#5430,#2035,.T.);
#6180=EDGE_CURVE('',#5431,#5432,#2036,.T.);
#6181=EDGE_CURVE('',#5431,#5433,#2037,.T.);
#6182=EDGE_CURVE('',#5428,#5433,#2038,.T.);
#6183=EDGE_CURVE('',#5430,#5434,#2039,.T.);
#6184=EDGE_CURVE('',#5434,#5432,#2040,.T.);
#6185=EDGE_CURVE('',#5435,#5436,#2041,.T.);
#6186=EDGE_CURVE('',#5436,#5431,#2042,.T.);
#6187=EDGE_CURVE('',#5432,#5435,#2043,.T.);
#6188=EDGE_CURVE('',#5437,#5438,#2044,.T.);
#6189=EDGE_CURVE('',#5437,#5439,#6979,.T.);
#6190=EDGE_CURVE('',#5439,#5440,#2045,.T.);
#6191=EDGE_CURVE('',#5440,#5438,#6980,.T.);
#6192=EDGE_CURVE('',#5441,#5442,#2046,.T.);
#6193=EDGE_CURVE('',#5441,#5437,#6981,.T.);
#6194=EDGE_CURVE('',#5438,#5442,#6982,.T.);
#6195=EDGE_CURVE('',#5443,#5444,#2047,.T.);
#6196=EDGE_CURVE('',#5443,#5441,#6983,.T.);
#6197=EDGE_CURVE('',#5442,#5444,#6984,.T.);
#6198=EDGE_CURVE('',#5445,#5446,#2048,.T.);
#6199=EDGE_CURVE('',#5446,#5443,#2049,.T.);
#6200=EDGE_CURVE('',#5444,#5445,#2050,.T.);
#6201=EDGE_CURVE('',#5447,#5448,#2051,.T.);
#6202=EDGE_CURVE('',#5447,#5449,#2052,.T.);
#6203=EDGE_CURVE('',#5449,#5450,#2053,.T.);
#6204=EDGE_CURVE('',#5450,#5448,#2054,.T.);
#6205=EDGE_CURVE('',#5451,#5452,#2055,.T.);
#6206=EDGE_CURVE('',#5451,#5447,#6985,.T.);
#6207=EDGE_CURVE('',#5448,#5452,#6986,.T.);
#6208=EDGE_CURVE('',#5453,#5454,#2056,.T.);
#6209=EDGE_CURVE('',#5453,#5451,#6987,.T.);
#6210=EDGE_CURVE('',#5452,#5454,#6988,.T.);
#6211=EDGE_CURVE('',#5455,#5456,#2057,.T.);
#6212=EDGE_CURVE('',#5456,#5453,#6989,.T.);
#6213=EDGE_CURVE('',#5454,#5455,#6990,.T.);
#6214=EDGE_CURVE('',#5457,#5458,#2058,.T.);
#6215=EDGE_CURVE('',#5458,#5459,#2059,.T.);
#6216=EDGE_CURVE('',#5460,#5459,#2060,.T.);
#6217=EDGE_CURVE('',#5460,#5457,#2061,.T.);
#6218=EDGE_CURVE('',#5461,#5462,#2062,.T.);
#6219=EDGE_CURVE('',#5463,#5461,#6991,.T.);
#6220=EDGE_CURVE('',#5464,#5463,#2063,.T.);
#6221=EDGE_CURVE('',#5462,#5464,#6992,.T.);
#6222=EDGE_CURVE('',#5465,#5466,#2064,.T.);
#6223=EDGE_CURVE('',#5467,#5465,#6993,.T.);
#6224=EDGE_CURVE('',#5468,#5467,#2065,.T.);
#6225=EDGE_CURVE('',#5466,#5468,#6994,.T.);
#6226=EDGE_CURVE('',#5469,#5470,#2066,.T.);
#6227=EDGE_CURVE('',#5471,#5469,#6995,.T.);
#6228=EDGE_CURVE('',#5472,#5471,#2067,.T.);
#6229=EDGE_CURVE('',#5470,#5472,#6996,.T.);
#6230=EDGE_CURVE('',#5473,#5474,#2068,.T.);
#6231=EDGE_CURVE('',#5475,#5473,#6997,.T.);
#6232=EDGE_CURVE('',#5476,#5475,#2069,.T.);
#6233=EDGE_CURVE('',#5474,#5476,#6998,.T.);
#6234=EDGE_CURVE('',#5477,#5477,#6999,.T.);
#6235=EDGE_CURVE('',#5478,#5478,#7000,.T.);
#6236=EDGE_CURVE('',#5479,#5479,#7001,.T.);
#6237=EDGE_CURVE('',#5480,#5481,#7002,.T.);
#6238=EDGE_CURVE('',#5481,#5482,#2070,.T.);
#6239=EDGE_CURVE('',#5394,#5482,#2071,.T.);
#6240=EDGE_CURVE('',#5393,#5419,#7003,.T.);
#6241=EDGE_CURVE('',#5420,#5426,#7004,.T.);
#6242=EDGE_CURVE('',#5425,#5427,#7005,.T.);
#6243=EDGE_CURVE('',#5433,#5483,#2072,.T.);
#6244=EDGE_CURVE('',#5483,#5484,#7006,.T.);
#6245=EDGE_CURVE('',#5484,#5485,#2073,.T.);
#6246=EDGE_CURVE('',#5485,#5486,#2074,.T.);
#6247=EDGE_CURVE('',#5486,#5384,#2075,.T.);
#6248=EDGE_CURVE('',#5385,#5380,#2076,.T.);
#6249=EDGE_CURVE('',#5381,#5487,#2077,.T.);
#6250=EDGE_CURVE('',#5487,#5488,#2078,.T.);
#6251=EDGE_CURVE('',#5488,#5489,#7007,.T.);
#6252=EDGE_CURVE('',#5489,#5490,#7008,.T.);
#6253=EDGE_CURVE('',#5490,#5491,#7009,.T.);
#6254=EDGE_CURVE('',#5491,#5492,#7010,.T.);
#6255=EDGE_CURVE('',#5492,#5493,#2079,.T.);
#6256=EDGE_CURVE('',#5493,#5494,#7011,.T.);
#6257=EDGE_CURVE('',#5494,#5495,#2080,.T.);
#6258=EDGE_CURVE('',#5495,#5496,#7012,.T.);
#6259=EDGE_CURVE('',#5496,#5497,#7013,.T.);
#6260=EDGE_CURVE('',#5497,#5498,#7014,.T.);
#6261=EDGE_CURVE('',#5498,#5499,#7015,.T.);
#6262=EDGE_CURVE('',#5499,#5480,#2081,.T.);
#6263=EDGE_CURVE('',#5409,#5416,#7016,.T.);
#6264=EDGE_CURVE('',#5415,#5458,#7017,.T.);
#6265=EDGE_CURVE('',#5457,#5410,#7018,.T.);
#6266=EDGE_CURVE('',#5500,#5500,#7019,.T.);
#6267=EDGE_CURVE('',#5501,#5501,#7020,.T.);
#6268=EDGE_CURVE('',#5502,#5503,#7021,.T.);
#6269=EDGE_CURVE('',#5503,#5504,#2082,.T.);
#6270=EDGE_CURVE('',#5504,#5505,#7022,.T.);
#6271=EDGE_CURVE('',#5505,#5502,#2083,.T.);
#6272=EDGE_CURVE('',#5506,#5507,#7023,.T.);
#6273=EDGE_CURVE('',#5507,#5508,#2084,.T.);
#6274=EDGE_CURVE('',#5508,#5509,#7024,.T.);
#6275=EDGE_CURVE('',#5509,#5506,#2085,.T.);
#6276=EDGE_CURVE('',#5510,#5511,#7025,.T.);
#6277=EDGE_CURVE('',#5511,#5512,#2086,.T.);
#6278=EDGE_CURVE('',#5512,#5513,#7026,.T.);
#6279=EDGE_CURVE('',#5513,#5510,#2087,.T.);
#6280=EDGE_CURVE('',#5514,#5515,#7027,.T.);
#6281=EDGE_CURVE('',#5515,#5516,#2088,.T.);
#6282=EDGE_CURVE('',#5516,#5517,#7028,.T.);
#6283=EDGE_CURVE('',#5517,#5514,#2089,.T.);
#6284=EDGE_CURVE('',#5391,#5518,#2090,.T.);
#6285=EDGE_CURVE('',#5518,#5519,#7029,.T.);
#6286=EDGE_CURVE('',#5519,#5520,#2091,.T.);
#6287=EDGE_CURVE('',#5520,#5521,#7030,.T.);
#6288=EDGE_CURVE('',#5521,#5522,#7031,.T.);
#6289=EDGE_CURVE('',#5522,#5523,#7032,.T.);
#6290=EDGE_CURVE('',#5523,#5524,#7033,.T.);
#6291=EDGE_CURVE('',#5524,#5525,#2092,.T.);
#6292=EDGE_CURVE('',#5525,#5526,#7034,.T.);
#6293=EDGE_CURVE('',#5526,#5527,#2093,.T.);
#6294=EDGE_CURVE('',#5527,#5528,#7035,.T.);
#6295=EDGE_CURVE('',#5528,#5529,#7036,.T.);
#6296=EDGE_CURVE('',#5529,#5530,#7037,.T.);
#6297=EDGE_CURVE('',#5530,#5531,#7038,.T.);
#6298=EDGE_CURVE('',#5531,#5532,#2094,.T.);
#6299=EDGE_CURVE('',#5532,#5533,#7039,.T.);
#6300=EDGE_CURVE('',#5533,#5434,#2095,.T.);
#6301=EDGE_CURVE('',#5429,#5424,#7040,.T.);
#6302=EDGE_CURVE('',#5423,#5422,#7041,.T.);
#6303=EDGE_CURVE('',#5421,#5392,#7042,.T.);
#6304=EDGE_CURVE('',#5414,#5412,#7043,.T.);
#6305=EDGE_CURVE('',#5411,#5460,#7044,.T.);
#6306=EDGE_CURVE('',#5459,#5413,#7045,.T.);
#6307=EDGE_CURVE('',#5407,#5436,#7046,.T.);
#6308=EDGE_CURVE('',#5435,#5408,#7047,.T.);
#6309=EDGE_CURVE('',#5417,#5456,#7048,.T.);
#6310=EDGE_CURVE('',#5455,#5418,#7049,.T.);
#6311=EDGE_CURVE('',#5439,#5404,#7050,.T.);
#6312=EDGE_CURVE('',#5403,#5440,#7051,.T.);
#6313=EDGE_CURVE('',#5449,#5446,#7052,.T.);
#6314=EDGE_CURVE('',#5445,#5450,#7053,.T.);
#6315=EDGE_CURVE('',#5461,#5515,#2096,.T.);
#6316=EDGE_CURVE('',#5463,#5514,#2097,.T.);
#6317=EDGE_CURVE('',#5465,#5511,#2098,.T.);
#6318=EDGE_CURVE('',#5467,#5510,#2099,.T.);
#6319=EDGE_CURVE('',#5469,#5507,#2100,.T.);
#6320=EDGE_CURVE('',#5471,#5506,#2101,.T.);
#6321=EDGE_CURVE('',#5473,#5503,#2102,.T.);
#6322=EDGE_CURVE('',#5475,#5502,#2103,.T.);
#6323=EDGE_CURVE('',#5486,#5388,#2104,.T.);
#6324=EDGE_CURVE('',#5485,#5406,#2105,.T.);
#6325=EDGE_CURVE('',#5401,#5518,#161,.T.);
#6326=EDGE_CURVE('',#5402,#5396,#2106,.T.);
#6327=EDGE_CURVE('',#5534,#5534,#7054,.T.);
#6328=EDGE_CURVE('',#5535,#5395,#2107,.T.);
#6329=EDGE_CURVE('',#5535,#5398,#2108,.T.);
#6330=EDGE_CURVE('',#5536,#5535,#2109,.T.);
#6331=EDGE_CURVE('',#5536,#5397,#2110,.T.);
#6332=EDGE_CURVE('',#5482,#5536,#2111,.T.);
#6333=EDGE_CURVE('',#5405,#5487,#2112,.T.);
#6334=EDGE_CURVE('',#5505,#5476,#2113,.T.);
#6335=EDGE_CURVE('',#5504,#5474,#2114,.T.);
#6336=EDGE_CURVE('',#5509,#5472,#2115,.T.);
#6337=EDGE_CURVE('',#5508,#5470,#2116,.T.);
#6338=EDGE_CURVE('',#5513,#5468,#2117,.T.);
#6339=EDGE_CURVE('',#5512,#5466,#2118,.T.);
#6340=EDGE_CURVE('',#5517,#5464,#2119,.T.);
#6341=EDGE_CURVE('',#5516,#5462,#2120,.T.);
#6342=EDGE_CURVE('',#5488,#5404,#2121,.T.);
#6343=EDGE_CURVE('',#5489,#5439,#2122,.T.);
#6344=EDGE_CURVE('',#5490,#5437,#2123,.T.);
#6345=EDGE_CURVE('',#5491,#5441,#2124,.T.);
#6346=EDGE_CURVE('',#5492,#5443,#2125,.T.);
#6347=EDGE_CURVE('',#5493,#5446,#2126,.T.);
#6348=EDGE_CURVE('',#5494,#5449,#2127,.T.);
#6349=EDGE_CURVE('',#5495,#5447,#2128,.T.);
#6350=EDGE_CURVE('',#5496,#5451,#2129,.T.);
#6351=EDGE_CURVE('',#5497,#5453,#2130,.T.);
#6352=EDGE_CURVE('',#5498,#5456,#2131,.T.);
#6353=EDGE_CURVE('',#5499,#5417,#2132,.T.);
#6354=EDGE_CURVE('',#5480,#5399,#2133,.T.);
#6355=EDGE_CURVE('',#5481,#5397,#162,.T.);
#6356=EDGE_CURVE('',#5407,#5484,#2134,.T.);
#6357=EDGE_CURVE('',#5436,#5483,#2135,.T.);
#6358=EDGE_CURVE('',#5435,#5533,#2136,.T.);
#6359=EDGE_CURVE('',#5408,#5532,#2137,.T.);
#6360=EDGE_CURVE('',#5403,#5531,#2138,.T.);
#6361=EDGE_CURVE('',#5440,#5530,#2139,.T.);
#6362=EDGE_CURVE('',#5438,#5529,#2140,.T.);
#6363=EDGE_CURVE('',#5442,#5528,#2141,.T.);
#6364=EDGE_CURVE('',#5444,#5527,#2142,.T.);
#6365=EDGE_CURVE('',#5445,#5526,#2143,.T.);
#6366=EDGE_CURVE('',#5450,#5525,#2144,.T.);
#6367=EDGE_CURVE('',#5448,#5524,#2145,.T.);
#6368=EDGE_CURVE('',#5452,#5523,#2146,.T.);
#6369=EDGE_CURVE('',#5454,#5522,#2147,.T.);
#6370=EDGE_CURVE('',#5455,#5521,#2148,.T.);
#6371=EDGE_CURVE('',#5418,#5520,#2149,.T.);
#6372=EDGE_CURVE('',#5400,#5519,#2150,.T.);
#6373=EDGE_CURVE('',#5537,#5538,#2151,.T.);
#6374=EDGE_CURVE('',#5539,#5537,#2152,.T.);
#6375=EDGE_CURVE('',#5540,#5539,#2153,.T.);
#6376=EDGE_CURVE('',#5540,#5538,#2154,.T.);
#6377=EDGE_CURVE('',#5541,#5542,#7055,.T.);
#6378=EDGE_CURVE('',#5543,#5541,#2155,.T.);
#6379=EDGE_CURVE('',#5544,#5543,#7056,.T.);
#6380=EDGE_CURVE('',#5544,#5542,#2156,.T.);
#6381=EDGE_CURVE('',#5544,#5545,#2157,.T.);
#6382=EDGE_CURVE('',#5540,#5543,#2158,.T.);
#6383=EDGE_CURVE('',#5546,#5539,#2159,.T.);
#6384=EDGE_CURVE('',#5546,#5547,#2160,.T.);
#6385=EDGE_CURVE('',#5547,#5545,#2161,.T.);
#6386=EDGE_CURVE('',#5548,#5549,#2162,.T.);
#6387=EDGE_CURVE('',#5548,#5550,#2163,.T.);
#6388=EDGE_CURVE('',#5550,#5551,#2164,.T.);
#6389=EDGE_CURVE('',#5552,#5551,#2165,.T.);
#6390=EDGE_CURVE('',#5553,#5552,#2166,.T.);
#6391=EDGE_CURVE('',#5549,#5553,#2167,.T.);
#6392=EDGE_CURVE('',#5554,#5555,#2168,.T.);
#6393=EDGE_CURVE('',#5554,#5556,#7057,.T.);
#6394=EDGE_CURVE('',#5557,#5556,#2169,.T.);
#6395=EDGE_CURVE('',#5557,#5558,#7058,.T.);
#6396=EDGE_CURVE('',#5559,#5558,#2170,.T.);
#6397=EDGE_CURVE('',#5555,#5559,#7059,.T.);
#6398=EDGE_CURVE('',#5560,#5561,#2171,.T.);
#6399=EDGE_CURVE('',#5561,#5562,#2172,.T.);
#6400=EDGE_CURVE('',#5562,#5563,#2173,.T.);
#6401=EDGE_CURVE('',#5563,#5564,#2174,.T.);
#6402=EDGE_CURVE('',#5547,#5564,#2175,.T.);
#6403=EDGE_CURVE('',#5546,#5565,#2176,.T.);
#6404=EDGE_CURVE('',#5565,#5560,#2177,.T.);
#6405=EDGE_CURVE('',#5566,#5567,#2178,.T.);
#6406=EDGE_CURVE('',#5567,#5568,#2179,.T.);
#6407=EDGE_CURVE('',#5569,#5568,#2180,.T.);
#6408=EDGE_CURVE('',#5569,#5566,#2181,.T.);
#6409=EDGE_CURVE('',#5570,#5571,#2182,.T.);
#6410=EDGE_CURVE('',#5570,#5572,#2183,.T.);
#6411=EDGE_CURVE('',#5572,#5573,#2184,.T.);
#6412=EDGE_CURVE('',#5573,#5571,#2185,.T.);
#6413=EDGE_CURVE('',#5556,#5574,#2186,.T.);
#6414=EDGE_CURVE('',#5574,#5575,#2187,.T.);
#6415=EDGE_CURVE('',#5575,#5557,#2188,.T.);
#6416=EDGE_CURVE('',#5576,#5577,#2189,.T.);
#6417=EDGE_CURVE('',#5577,#5578,#2190,.T.);
#6418=EDGE_CURVE('',#5579,#5578,#2191,.T.);
#6419=EDGE_CURVE('',#5579,#5576,#2192,.T.);
#6420=EDGE_CURVE('',#5580,#5581,#2193,.T.);
#6421=EDGE_CURVE('',#5580,#5582,#2194,.T.);
#6422=EDGE_CURVE('',#5582,#5583,#2195,.T.);
#6423=EDGE_CURVE('',#5583,#5581,#2196,.T.);
#6424=EDGE_CURVE('',#5584,#5585,#2197,.T.);
#6425=EDGE_CURVE('',#5585,#5586,#2198,.T.);
#6426=EDGE_CURVE('',#5587,#5586,#2199,.T.);
#6427=EDGE_CURVE('',#5584,#5587,#2200,.T.);
#6428=EDGE_CURVE('',#5588,#5589,#2201,.T.);
#6429=EDGE_CURVE('',#5588,#5590,#2202,.T.);
#6430=EDGE_CURVE('',#5590,#5584,#2203,.T.);
#6431=EDGE_CURVE('',#5591,#5587,#2204,.T.);
#6432=EDGE_CURVE('',#5591,#5589,#2205,.T.);
#6433=EDGE_CURVE('',#5592,#5593,#2206,.T.);
#6434=EDGE_CURVE('',#5593,#5588,#2207,.T.);
#6435=EDGE_CURVE('',#5589,#5592,#2208,.T.);
#6436=EDGE_CURVE('',#5594,#5595,#2209,.T.);
#6437=EDGE_CURVE('',#5594,#5596,#7060,.T.);
#6438=EDGE_CURVE('',#5596,#5597,#2210,.T.);
#6439=EDGE_CURVE('',#5597,#5595,#7061,.T.);
#6440=EDGE_CURVE('',#5598,#5599,#2211,.T.);
#6441=EDGE_CURVE('',#5598,#5594,#7062,.T.);
#6442=EDGE_CURVE('',#5595,#5599,#7063,.T.);
#6443=EDGE_CURVE('',#5600,#5601,#2212,.T.);
#6444=EDGE_CURVE('',#5600,#5598,#7064,.T.);
#6445=EDGE_CURVE('',#5599,#5601,#7065,.T.);
#6446=EDGE_CURVE('',#5602,#5603,#2213,.T.);
#6447=EDGE_CURVE('',#5603,#5600,#2214,.T.);
#6448=EDGE_CURVE('',#5601,#5602,#2215,.T.);
#6449=EDGE_CURVE('',#5604,#5605,#2216,.T.);
#6450=EDGE_CURVE('',#5604,#5606,#2217,.T.);
#6451=EDGE_CURVE('',#5606,#5607,#2218,.T.);
#6452=EDGE_CURVE('',#5607,#5605,#2219,.T.);
#6453=EDGE_CURVE('',#5608,#5609,#2220,.T.);
#6454=EDGE_CURVE('',#5608,#5604,#7066,.T.);
#6455=EDGE_CURVE('',#5605,#5609,#7067,.T.);
#6456=EDGE_CURVE('',#5610,#5611,#2221,.T.);
#6457=EDGE_CURVE('',#5610,#5608,#7068,.T.);
#6458=EDGE_CURVE('',#5609,#5611,#7069,.T.);
#6459=EDGE_CURVE('',#5612,#5613,#2222,.T.);
#6460=EDGE_CURVE('',#5613,#5610,#7070,.T.);
#6461=EDGE_CURVE('',#5611,#5612,#7071,.T.);
#6462=EDGE_CURVE('',#5614,#5615,#2223,.T.);
#6463=EDGE_CURVE('',#5615,#5616,#2224,.T.);
#6464=EDGE_CURVE('',#5617,#5616,#2225,.T.);
#6465=EDGE_CURVE('',#5617,#5614,#2226,.T.);
#6466=EDGE_CURVE('',#5618,#5619,#2227,.T.);
#6467=EDGE_CURVE('',#5620,#5618,#7072,.T.);
#6468=EDGE_CURVE('',#5621,#5620,#2228,.T.);
#6469=EDGE_CURVE('',#5619,#5621,#7073,.T.);
#6470=EDGE_CURVE('',#5622,#5623,#2229,.T.);
#6471=EDGE_CURVE('',#5624,#5622,#7074,.T.);
#6472=EDGE_CURVE('',#5625,#5624,#2230,.T.);
#6473=EDGE_CURVE('',#5623,#5625,#7075,.T.);
#6474=EDGE_CURVE('',#5626,#5627,#2231,.T.);
#6475=EDGE_CURVE('',#5628,#5626,#7076,.T.);
#6476=EDGE_CURVE('',#5629,#5628,#2232,.T.);
#6477=EDGE_CURVE('',#5627,#5629,#7077,.T.);
#6478=EDGE_CURVE('',#5630,#5631,#2233,.T.);
#6479=EDGE_CURVE('',#5632,#5630,#7078,.T.);
#6480=EDGE_CURVE('',#5633,#5632,#2234,.T.);
#6481=EDGE_CURVE('',#5631,#5633,#7079,.T.);
#6482=EDGE_CURVE('',#5634,#5634,#7080,.T.);
#6483=EDGE_CURVE('',#5635,#5635,#7081,.T.);
#6484=EDGE_CURVE('',#5636,#5636,#7082,.T.);
#6485=EDGE_CURVE('',#5637,#5638,#7083,.T.);
#6486=EDGE_CURVE('',#5638,#5591,#2235,.T.);
#6487=EDGE_CURVE('',#5586,#5580,#7084,.T.);
#6488=EDGE_CURVE('',#5581,#5579,#7085,.T.);
#6489=EDGE_CURVE('',#5578,#5548,#7086,.T.);
#6490=EDGE_CURVE('',#5639,#5549,#2236,.T.);
#6491=EDGE_CURVE('',#5639,#5640,#2237,.T.);
#6492=EDGE_CURVE('',#5640,#5641,#7087,.T.);
#6493=EDGE_CURVE('',#5641,#5642,#2238,.T.);
#6494=EDGE_CURVE('',#5642,#5643,#7088,.T.);
#6495=EDGE_CURVE('',#5643,#5644,#7089,.T.);
#6496=EDGE_CURVE('',#5644,#5645,#7090,.T.);
#6497=EDGE_CURVE('',#5645,#5646,#7091,.T.);
#6498=EDGE_CURVE('',#5646,#5647,#2239,.T.);
#6499=EDGE_CURVE('',#5647,#5648,#7092,.T.);
#6500=EDGE_CURVE('',#5648,#5649,#2240,.T.);
#6501=EDGE_CURVE('',#5649,#5650,#7093,.T.);
#6502=EDGE_CURVE('',#5650,#5651,#7094,.T.);
#6503=EDGE_CURVE('',#5651,#5652,#7095,.T.);
#6504=EDGE_CURVE('',#5652,#5653,#7096,.T.);
#6505=EDGE_CURVE('',#5653,#5654,#2241,.T.);
#6506=EDGE_CURVE('',#5654,#5537,#2242,.T.);
#6507=EDGE_CURVE('',#5538,#5541,#2243,.T.);
#6508=EDGE_CURVE('',#5542,#5655,#2244,.T.);
#6509=EDGE_CURVE('',#5655,#5656,#2245,.T.);
#6510=EDGE_CURVE('',#5656,#5637,#2246,.T.);
#6511=EDGE_CURVE('',#5566,#5615,#7097,.T.);
#6512=EDGE_CURVE('',#5614,#5573,#7098,.T.);
#6513=EDGE_CURVE('',#5572,#5567,#7099,.T.);
#6514=EDGE_CURVE('',#5657,#5657,#7100,.T.);
#6515=EDGE_CURVE('',#5658,#5658,#7101,.T.);
#6516=EDGE_CURVE('',#5659,#5660,#7102,.T.);
#6517=EDGE_CURVE('',#5660,#5661,#2247,.T.);
#6518=EDGE_CURVE('',#5661,#5662,#7103,.T.);
#6519=EDGE_CURVE('',#5662,#5659,#2248,.T.);
#6520=EDGE_CURVE('',#5663,#5664,#7104,.T.);
#6521=EDGE_CURVE('',#5664,#5665,#2249,.T.);
#6522=EDGE_CURVE('',#5665,#5666,#7105,.T.);
#6523=EDGE_CURVE('',#5666,#5663,#2250,.T.);
#6524=EDGE_CURVE('',#5667,#5668,#7106,.T.);
#6525=EDGE_CURVE('',#5668,#5669,#2251,.T.);
#6526=EDGE_CURVE('',#5669,#5670,#7107,.T.);
#6527=EDGE_CURVE('',#5670,#5667,#2252,.T.);
#6528=EDGE_CURVE('',#5671,#5672,#7108,.T.);
#6529=EDGE_CURVE('',#5672,#5673,#2253,.T.);
#6530=EDGE_CURVE('',#5673,#5674,#7109,.T.);
#6531=EDGE_CURVE('',#5674,#5671,#2254,.T.);
#6532=EDGE_CURVE('',#5675,#5676,#2255,.T.);
#6533=EDGE_CURVE('',#5676,#5677,#7110,.T.);
#6534=EDGE_CURVE('',#5677,#5551,#2256,.T.);
#6535=EDGE_CURVE('',#5550,#5577,#7111,.T.);
#6536=EDGE_CURVE('',#5576,#5583,#7112,.T.);
#6537=EDGE_CURVE('',#5582,#5585,#7113,.T.);
#6538=EDGE_CURVE('',#5590,#5678,#2257,.T.);
#6539=EDGE_CURVE('',#5678,#5679,#7114,.T.);
#6540=EDGE_CURVE('',#5679,#5680,#2258,.T.);
#6541=EDGE_CURVE('',#5680,#5681,#7115,.T.);
#6542=EDGE_CURVE('',#5681,#5682,#7116,.T.);
#6543=EDGE_CURVE('',#5682,#5683,#7117,.T.);
#6544=EDGE_CURVE('',#5683,#5684,#7118,.T.);
#6545=EDGE_CURVE('',#5684,#5685,#2259,.T.);
#6546=EDGE_CURVE('',#5685,#5686,#7119,.T.);
#6547=EDGE_CURVE('',#5686,#5687,#2260,.T.);
#6548=EDGE_CURVE('',#5687,#5688,#7120,.T.);
#6549=EDGE_CURVE('',#5688,#5689,#7121,.T.);
#6550=EDGE_CURVE('',#5689,#5690,#7122,.T.);
#6551=EDGE_CURVE('',#5690,#5675,#7123,.T.);
#6552=EDGE_CURVE('',#5571,#5617,#7124,.T.);
#6553=EDGE_CURVE('',#5616,#5569,#7125,.T.);
#6554=EDGE_CURVE('',#5568,#5570,#7126,.T.);
#6555=EDGE_CURVE('',#5562,#5593,#7127,.T.);
#6556=EDGE_CURVE('',#5592,#5563,#7128,.T.);
#6557=EDGE_CURVE('',#5574,#5613,#7129,.T.);
#6558=EDGE_CURVE('',#5612,#5575,#7130,.T.);
#6559=EDGE_CURVE('',#5596,#5561,#7131,.T.);
#6560=EDGE_CURVE('',#5560,#5597,#7132,.T.);
#6561=EDGE_CURVE('',#5606,#5603,#7133,.T.);
#6562=EDGE_CURVE('',#5602,#5607,#7134,.T.);
#6563=EDGE_CURVE('',#5672,#5621,#2261,.T.);
#6564=EDGE_CURVE('',#5671,#5619,#2262,.T.);
#6565=EDGE_CURVE('',#5668,#5625,#2263,.T.);
#6566=EDGE_CURVE('',#5667,#5623,#2264,.T.);
#6567=EDGE_CURVE('',#5664,#5629,#2265,.T.);
#6568=EDGE_CURVE('',#5663,#5627,#2266,.T.);
#6569=EDGE_CURVE('',#5660,#5633,#2267,.T.);
#6570=EDGE_CURVE('',#5659,#5631,#2268,.T.);
#6571=EDGE_CURVE('',#5545,#5655,#2269,.T.);
#6572=EDGE_CURVE('',#5564,#5656,#2270,.T.);
#6573=EDGE_CURVE('',#5677,#5554,#163,.T.);
#6574=EDGE_CURVE('',#5552,#5555,#2271,.T.);
#6575=EDGE_CURVE('',#5691,#5691,#7135,.T.);
#6576=EDGE_CURVE('',#5559,#5692,#2272,.T.);
#6577=EDGE_CURVE('',#5553,#5692,#2273,.T.);
#6578=EDGE_CURVE('',#5558,#5693,#2274,.T.);
#6579=EDGE_CURVE('',#5692,#5693,#2275,.T.);
#6580=EDGE_CURVE('',#5693,#5639,#2276,.T.);
#6581=EDGE_CURVE('',#5654,#5565,#2277,.T.);
#6582=EDGE_CURVE('',#5630,#5662,#2278,.T.);
#6583=EDGE_CURVE('',#5632,#5661,#2279,.T.);
#6584=EDGE_CURVE('',#5626,#5666,#2280,.T.);
#6585=EDGE_CURVE('',#5628,#5665,#2281,.T.);
#6586=EDGE_CURVE('',#5622,#5670,#2282,.T.);
#6587=EDGE_CURVE('',#5624,#5669,#2283,.T.);
#6588=EDGE_CURVE('',#5618,#5674,#2284,.T.);
#6589=EDGE_CURVE('',#5620,#5673,#2285,.T.);
#6590=EDGE_CURVE('',#5560,#5653,#2286,.T.);
#6591=EDGE_CURVE('',#5597,#5652,#2287,.T.);
#6592=EDGE_CURVE('',#5595,#5651,#2288,.T.);
#6593=EDGE_CURVE('',#5599,#5650,#2289,.T.);
#6594=EDGE_CURVE('',#5601,#5649,#2290,.T.);
#6595=EDGE_CURVE('',#5602,#5648,#2291,.T.);
#6596=EDGE_CURVE('',#5607,#5647,#2292,.T.);
#6597=EDGE_CURVE('',#5605,#5646,#2293,.T.);
#6598=EDGE_CURVE('',#5609,#5645,#2294,.T.);
#6599=EDGE_CURVE('',#5611,#5644,#2295,.T.);
#6600=EDGE_CURVE('',#5612,#5643,#2296,.T.);
#6601=EDGE_CURVE('',#5575,#5642,#2297,.T.);
#6602=EDGE_CURVE('',#5557,#5641,#2298,.T.);
#6603=EDGE_CURVE('',#5558,#5640,#164,.T.);
#6604=EDGE_CURVE('',#5678,#5593,#2299,.T.);
#6605=EDGE_CURVE('',#5679,#5562,#2300,.T.);
#6606=EDGE_CURVE('',#5680,#5561,#2301,.T.);
#6607=EDGE_CURVE('',#5681,#5596,#2302,.T.);
#6608=EDGE_CURVE('',#5682,#5594,#2303,.T.);
#6609=EDGE_CURVE('',#5683,#5598,#2304,.T.);
#6610=EDGE_CURVE('',#5684,#5600,#2305,.T.);
#6611=EDGE_CURVE('',#5685,#5603,#2306,.T.);
#6612=EDGE_CURVE('',#5686,#5606,#2307,.T.);
#6613=EDGE_CURVE('',#5687,#5604,#2308,.T.);
#6614=EDGE_CURVE('',#5688,#5608,#2309,.T.);
#6615=EDGE_CURVE('',#5689,#5610,#2310,.T.);
#6616=EDGE_CURVE('',#5690,#5613,#2311,.T.);
#6617=EDGE_CURVE('',#5675,#5574,#2312,.T.);
#6618=EDGE_CURVE('',#5676,#5556,#2313,.T.);
#6619=EDGE_CURVE('',#5637,#5563,#2314,.T.);
#6620=EDGE_CURVE('',#5638,#5592,#2315,.T.);
#6621=EDGE_CURVE('',#5694,#5695,#2316,.T.);
#6622=EDGE_CURVE('',#5694,#5696,#2317,.T.);
#6623=EDGE_CURVE('',#5696,#5697,#7136,.T.);
#6624=EDGE_CURVE('',#5697,#5698,#2318,.T.);
#6625=EDGE_CURVE('',#5698,#5699,#2319,.T.);
#6626=EDGE_CURVE('',#5699,#5700,#2320,.T.);
#6627=EDGE_CURVE('',#5700,#5701,#7137,.T.);
#6628=EDGE_CURVE('',#5701,#5702,#2321,.T.);
#6629=EDGE_CURVE('',#5702,#5703,#7138,.T.);
#6630=EDGE_CURVE('',#5703,#5704,#2322,.T.);
#6631=EDGE_CURVE('',#5704,#5705,#7139,.T.);
#6632=EDGE_CURVE('',#5705,#5706,#2323,.T.);
#6633=EDGE_CURVE('',#5707,#5706,#2324,.T.);
#6634=EDGE_CURVE('',#5707,#5708,#7140,.T.);
#6635=EDGE_CURVE('',#5708,#5709,#2325,.T.);
#6636=EDGE_CURVE('',#5709,#5710,#7141,.T.);
#6637=EDGE_CURVE('',#5710,#5711,#2326,.T.);
#6638=EDGE_CURVE('',#5711,#5712,#7142,.T.);
#6639=EDGE_CURVE('',#5712,#5713,#7143,.T.);
#6640=EDGE_CURVE('',#5713,#5714,#7144,.T.);
#6641=EDGE_CURVE('',#5714,#5715,#7145,.T.);
#6642=EDGE_CURVE('',#5715,#5716,#2327,.T.);
#6643=EDGE_CURVE('',#5716,#5717,#7146,.T.);
#6644=EDGE_CURVE('',#5717,#5718,#2328,.T.);
#6645=EDGE_CURVE('',#5718,#5719,#7147,.T.);
#6646=EDGE_CURVE('',#5719,#5720,#7148,.T.);
#6647=EDGE_CURVE('',#5720,#5721,#7149,.T.);
#6648=EDGE_CURVE('',#5721,#5722,#7150,.T.);
#6649=EDGE_CURVE('',#5722,#5723,#2329,.T.);
#6650=EDGE_CURVE('',#5724,#5723,#2330,.T.);
#6651=EDGE_CURVE('',#5725,#5724,#2331,.T.);
#6652=EDGE_CURVE('',#5726,#5725,#2332,.T.);
#6653=EDGE_CURVE('',#5727,#5726,#7151,.T.);
#6654=EDGE_CURVE('',#5727,#5695,#2333,.T.);
#6655=EDGE_CURVE('',#5728,#5729,#7152,.T.);
#6656=EDGE_CURVE('',#5729,#5730,#2334,.T.);
#6657=EDGE_CURVE('',#5730,#5731,#7153,.T.);
#6658=EDGE_CURVE('',#5731,#5732,#2335,.T.);
#6659=EDGE_CURVE('',#5732,#5728,#7154,.T.);
#6660=EDGE_CURVE('',#5733,#5734,#7155,.T.);
#6661=EDGE_CURVE('',#5734,#5735,#2336,.T.);
#6662=EDGE_CURVE('',#5735,#5736,#7156,.T.);
#6663=EDGE_CURVE('',#5736,#5733,#2337,.T.);
#6664=EDGE_CURVE('',#5737,#5738,#2338,.T.);
#6665=EDGE_CURVE('',#5737,#5739,#7157,.T.);
#6666=EDGE_CURVE('',#5740,#5739,#2339,.T.);
#6667=EDGE_CURVE('',#5740,#5741,#7158,.T.);
#6668=EDGE_CURVE('',#5742,#5741,#2340,.T.);
#6669=EDGE_CURVE('',#5742,#5738,#7159,.T.);
#6670=EDGE_CURVE('',#5743,#5743,#7160,.T.);
#6671=EDGE_CURVE('',#5744,#5744,#7161,.T.);
#6672=EDGE_CURVE('',#5745,#5745,#7162,.T.);
#6673=EDGE_CURVE('',#5746,#5747,#7163,.T.);
#6674=EDGE_CURVE('',#5747,#5748,#2341,.T.);
#6675=EDGE_CURVE('',#5748,#5749,#7164,.T.);
#6676=EDGE_CURVE('',#5749,#5750,#2342,.T.);
#6677=EDGE_CURVE('',#5750,#5746,#7165,.T.);
#6678=EDGE_CURVE('',#5751,#5752,#2343,.T.);
#6679=EDGE_CURVE('',#5752,#5753,#7166,.T.);
#6680=EDGE_CURVE('',#5753,#5754,#2344,.T.);
#6681=EDGE_CURVE('',#5754,#5755,#7167,.T.);
#6682=EDGE_CURVE('',#5755,#5751,#7168,.T.);
#6683=EDGE_CURVE('',#5756,#5757,#2345,.T.);
#6684=EDGE_CURVE('',#5756,#5758,#2346,.T.);
#6685=EDGE_CURVE('',#5758,#5759,#7169,.T.);
#6686=EDGE_CURVE('',#5759,#5760,#2347,.T.);
#6687=EDGE_CURVE('',#5760,#5761,#7170,.T.);
#6688=EDGE_CURVE('',#5761,#5762,#7171,.T.);
#6689=EDGE_CURVE('',#5762,#5763,#7172,.T.);
#6690=EDGE_CURVE('',#5763,#5764,#7173,.T.);
#6691=EDGE_CURVE('',#5764,#5765,#2348,.T.);
#6692=EDGE_CURVE('',#5765,#5766,#7174,.T.);
#6693=EDGE_CURVE('',#5766,#5767,#2349,.T.);
#6694=EDGE_CURVE('',#5767,#5768,#7175,.T.);
#6695=EDGE_CURVE('',#5768,#5769,#7176,.T.);
#6696=EDGE_CURVE('',#5769,#5770,#7177,.T.);
#6697=EDGE_CURVE('',#5770,#5771,#7178,.T.);
#6698=EDGE_CURVE('',#5771,#5772,#2350,.T.);
#6699=EDGE_CURVE('',#5772,#5773,#7179,.T.);
#6700=EDGE_CURVE('',#5773,#5774,#2351,.T.);
#6701=EDGE_CURVE('',#5774,#5775,#2352,.T.);
#6702=EDGE_CURVE('',#5776,#5775,#2353,.T.);
#6703=EDGE_CURVE('',#5776,#5777,#7180,.T.);
#6704=EDGE_CURVE('',#5778,#5777,#2354,.T.);
#6705=EDGE_CURVE('',#5778,#5779,#7181,.T.);
#6706=EDGE_CURVE('',#5780,#5779,#2355,.T.);
#6707=EDGE_CURVE('',#5780,#5781,#7182,.T.);
#6708=EDGE_CURVE('',#5757,#5781,#2356,.T.);
#6709=EDGE_CURVE('',#5782,#5783,#7183,.T.);
#6710=EDGE_CURVE('',#5784,#5782,#2357,.T.);
#6711=EDGE_CURVE('',#5785,#5784,#7184,.T.);
#6712=EDGE_CURVE('',#5786,#5785,#2358,.T.);
#6713=EDGE_CURVE('',#5786,#5783,#7185,.T.);
#6714=EDGE_CURVE('',#5787,#5788,#2359,.T.);
#6715=EDGE_CURVE('',#5789,#5787,#7186,.T.);
#6716=EDGE_CURVE('',#5790,#5789,#2360,.T.);
#6717=EDGE_CURVE('',#5790,#5788,#7187,.T.);
#6718=EDGE_CURVE('',#5791,#5791,#7188,.T.);
#6719=EDGE_CURVE('',#5792,#5792,#7189,.T.);
#6720=EDGE_CURVE('',#5793,#5794,#2361,.T.);
#6721=EDGE_CURVE('',#5794,#5795,#7190,.T.);
#6722=EDGE_CURVE('',#5795,#5796,#2362,.T.);
#6723=EDGE_CURVE('',#5796,#5797,#7191,.T.);
#6724=EDGE_CURVE('',#5797,#5798,#2363,.T.);
#6725=EDGE_CURVE('',#5798,#5793,#7192,.T.);
#6726=EDGE_CURVE('',#5799,#5800,#7193,.T.);
#6727=EDGE_CURVE('',#5801,#5799,#2364,.T.);
#6728=EDGE_CURVE('',#5802,#5801,#7194,.T.);
#6729=EDGE_CURVE('',#5803,#5802,#2365,.T.);
#6730=EDGE_CURVE('',#5803,#5800,#7195,.T.);
#6731=EDGE_CURVE('',#5804,#5805,#7196,.T.);
#6732=EDGE_CURVE('',#5804,#5806,#7197,.T.);
#6733=EDGE_CURVE('',#5807,#5806,#2366,.T.);
#6734=EDGE_CURVE('',#5808,#5807,#7198,.T.);
#6735=EDGE_CURVE('',#5805,#5808,#2367,.T.);
#6736=EDGE_CURVE('',#5755,#5804,#2368,.T.);
#6737=EDGE_CURVE('',#5806,#5754,#2369,.T.);
#6738=EDGE_CURVE('',#5783,#5728,#2370,.T.);
#6739=EDGE_CURVE('',#5729,#5786,#2371,.T.);
#6740=EDGE_CURVE('',#5800,#5746,#2372,.T.);
#6741=EDGE_CURVE('',#5747,#5803,#2373,.T.);
#6742=EDGE_CURVE('',#5725,#5809,#2374,.T.);
#6743=EDGE_CURVE('',#5724,#5810,#2375,.T.);
#6744=EDGE_CURVE('',#5809,#5810,#2376,.T.);
#6745=EDGE_CURVE('',#5810,#5811,#2377,.T.);
#6746=EDGE_CURVE('',#5811,#5812,#2378,.T.);
#6747=EDGE_CURVE('',#5812,#5813,#2379,.T.);
#6748=EDGE_CURVE('',#5814,#5813,#2380,.T.);
#6749=EDGE_CURVE('',#5814,#5815,#7199,.T.);
#6750=EDGE_CURVE('',#5815,#5809,#2381,.T.);
#6751=EDGE_CURVE('',#5816,#5817,#2382,.T.);
#6752=EDGE_CURVE('',#5817,#5818,#2383,.T.);
#6753=EDGE_CURVE('',#5818,#5819,#2384,.T.);
#6754=EDGE_CURVE('',#5819,#5820,#2385,.T.);
#6755=EDGE_CURVE('',#5820,#5821,#2386,.T.);
#6756=EDGE_CURVE('',#5821,#5816,#2387,.T.);
#6757=EDGE_CURVE('',#5705,#5776,#2388,.T.);
#6758=EDGE_CURVE('',#5775,#5822,#2389,.T.);
#6759=EDGE_CURVE('',#5822,#5823,#2390,.T.);
#6760=EDGE_CURVE('',#5706,#5823,#2391,.T.);
#6761=EDGE_CURVE('',#5738,#5798,#2392,.T.);
#6762=EDGE_CURVE('',#5797,#5737,#2393,.T.);
#6763=EDGE_CURVE('',#5793,#5742,#2394,.T.);
#6764=EDGE_CURVE('',#5741,#5794,#2395,.T.);
#6765=EDGE_CURVE('',#5824,#5825,#2396,.T.);
#6766=EDGE_CURVE('',#5825,#5826,#2397,.T.);
#6767=EDGE_CURVE('',#5826,#5827,#2398,.T.);
#6768=EDGE_CURVE('',#5827,#5824,#2399,.T.);
#6769=EDGE_CURVE('',#5826,#5828,#7200,.T.);
#6770=EDGE_CURVE('',#5828,#5829,#2400,.T.);
#6771=EDGE_CURVE('',#5829,#5827,#7201,.T.);
#6772=EDGE_CURVE('',#5828,#5830,#7202,.T.);
#6773=EDGE_CURVE('',#5830,#5831,#2401,.T.);
#6774=EDGE_CURVE('',#5831,#5829,#7203,.T.);
#6775=EDGE_CURVE('',#5830,#5832,#7204,.T.);
#6776=EDGE_CURVE('',#5832,#5833,#2402,.T.);
#6777=EDGE_CURVE('',#5833,#5831,#7205,.T.);
#6778=EDGE_CURVE('',#5834,#5835,#2403,.T.);
#6779=EDGE_CURVE('',#5835,#5836,#2404,.T.);
#6780=EDGE_CURVE('',#5836,#5837,#2405,.T.);
#6781=EDGE_CURVE('',#5837,#5834,#2406,.T.);
#6782=EDGE_CURVE('',#5777,#5704,#2407,.T.);
#6783=EDGE_CURVE('',#5703,#5778,#2408,.T.);
#6784=EDGE_CURVE('',#5701,#5780,#2409,.T.);
#6785=EDGE_CURVE('',#5779,#5702,#2410,.T.);
#6786=EDGE_CURVE('',#5781,#5700,#2411,.T.);
#6787=EDGE_CURVE('',#5699,#5757,#2412,.T.);
#6788=EDGE_CURVE('',#5698,#5838,#2413,.T.);
#6789=EDGE_CURVE('',#5838,#5839,#2414,.T.);
#6790=EDGE_CURVE('',#5839,#5756,#2415,.T.);
#6791=EDGE_CURVE('',#5838,#5840,#2416,.T.);
#6792=EDGE_CURVE('',#5840,#5841,#2417,.T.);
#6793=EDGE_CURVE('',#5841,#5839,#2418,.T.);
#6794=EDGE_CURVE('',#5842,#5843,#2419,.T.);
#6795=EDGE_CURVE('',#5843,#5844,#2420,.T.);
#6796=EDGE_CURVE('',#5844,#5812,#2421,.T.);
#6797=EDGE_CURVE('',#5845,#5811,#2422,.T.);
#6798=EDGE_CURVE('',#5845,#5846,#2423,.T.);
#6799=EDGE_CURVE('',#5846,#5847,#2424,.T.);
#6800=EDGE_CURVE('',#5847,#5842,#2425,.T.);
#6801=EDGE_CURVE('',#5848,#5849,#2426,.T.);
#6802=EDGE_CURVE('',#5849,#5850,#7206,.T.);
#6803=EDGE_CURVE('',#5850,#5851,#2427,.T.);
#6804=EDGE_CURVE('',#5851,#5848,#7207,.T.);
#6805=EDGE_CURVE('',#5850,#5852,#7208,.T.);
#6806=EDGE_CURVE('',#5852,#5853,#2428,.T.);
#6807=EDGE_CURVE('',#5853,#5851,#7209,.T.);
#6808=EDGE_CURVE('',#5852,#5854,#7210,.T.);
#6809=EDGE_CURVE('',#5854,#5855,#2429,.T.);
#6810=EDGE_CURVE('',#5855,#5853,#7211,.T.);
#6811=EDGE_CURVE('',#5854,#5856,#2430,.T.);
#6812=EDGE_CURVE('',#5856,#5857,#2431,.T.);
#6813=EDGE_CURVE('',#5857,#5855,#2432,.T.);
#6814=EDGE_CURVE('',#5795,#5740,#2433,.T.);
#6815=EDGE_CURVE('',#5739,#5796,#2434,.T.);
#6816=EDGE_CURVE('',#5840,#5843,#7212,.T.);
#6817=EDGE_CURVE('',#5842,#5841,#7213,.T.);
#6818=EDGE_CURVE('',#5836,#5817,#7214,.T.);
#6819=EDGE_CURVE('',#5816,#5837,#7215,.T.);
#6820=EDGE_CURVE('',#5832,#5835,#7216,.T.);
#6821=EDGE_CURVE('',#5834,#5833,#7217,.T.);
#6822=EDGE_CURVE('',#5846,#5849,#7218,.T.);
#6823=EDGE_CURVE('',#5848,#5847,#7219,.T.);
#6824=EDGE_CURVE('',#5856,#5825,#7220,.T.);
#6825=EDGE_CURVE('',#5824,#5857,#7221,.T.);
#6826=EDGE_CURVE('',#5734,#5790,#2435,.T.);
#6827=EDGE_CURVE('',#5733,#5788,#2436,.T.);
#6828=EDGE_CURVE('',#5844,#5694,#2437,.T.);
#6829=EDGE_CURVE('',#5695,#5813,#2438,.T.);
#6830=EDGE_CURVE('',#5726,#5815,#2439,.T.);
#6831=EDGE_CURVE('',#5727,#5814,#2440,.T.);
#6832=EDGE_CURVE('',#5774,#5821,#2441,.T.);
#6833=EDGE_CURVE('',#5822,#5820,#2442,.T.);
#6834=EDGE_CURVE('',#5858,#5858,#7222,.T.);
#6835=EDGE_CURVE('',#5819,#5859,#7223,.T.);
#6836=EDGE_CURVE('',#5823,#5859,#2443,.T.);
#6837=EDGE_CURVE('',#5818,#5860,#7224,.T.);
#6838=EDGE_CURVE('',#5859,#5860,#2444,.T.);
#6839=EDGE_CURVE('',#5860,#5707,#165,.T.);
#6840=EDGE_CURVE('',#5723,#5845,#2445,.T.);
#6841=EDGE_CURVE('',#5787,#5736,#2446,.T.);
#6842=EDGE_CURVE('',#5789,#5735,#2447,.T.);
#6843=EDGE_CURVE('',#5799,#5750,#2448,.T.);
#6844=EDGE_CURVE('',#5801,#5749,#2449,.T.);
#6845=EDGE_CURVE('',#5802,#5748,#2450,.T.);
#6846=EDGE_CURVE('',#5782,#5732,#2451,.T.);
#6847=EDGE_CURVE('',#5784,#5731,#2452,.T.);
#6848=EDGE_CURVE('',#5785,#5730,#2453,.T.);
#6849=EDGE_CURVE('',#5807,#5753,#2454,.T.);
#6850=EDGE_CURVE('',#5808,#5752,#2455,.T.);
#6851=EDGE_CURVE('',#5805,#5751,#2456,.T.);
#6852=EDGE_CURVE('',#5840,#5697,#2457,.T.);
#6853=EDGE_CURVE('',#5843,#5696,#2458,.T.);
#6854=EDGE_CURVE('',#5846,#5722,#2459,.T.);
#6855=EDGE_CURVE('',#5849,#5721,#2460,.T.);
#6856=EDGE_CURVE('',#5850,#5720,#2461,.T.);
#6857=EDGE_CURVE('',#5852,#5719,#2462,.T.);
#6858=EDGE_CURVE('',#5854,#5718,#2463,.T.);
#6859=EDGE_CURVE('',#5856,#5717,#2464,.T.);
#6860=EDGE_CURVE('',#5825,#5716,#2465,.T.);
#6861=EDGE_CURVE('',#5826,#5715,#2466,.T.);
#6862=EDGE_CURVE('',#5828,#5714,#2467,.T.);
#6863=EDGE_CURVE('',#5830,#5713,#2468,.T.);
#6864=EDGE_CURVE('',#5832,#5712,#2469,.T.);
#6865=EDGE_CURVE('',#5835,#5711,#2470,.T.);
#6866=EDGE_CURVE('',#5836,#5710,#2471,.T.);
#6867=EDGE_CURVE('',#5817,#5709,#2472,.T.);
#6868=EDGE_CURVE('',#5818,#5708,#166,.T.);
#6869=EDGE_CURVE('',#5816,#5773,#2473,.T.);
#6870=EDGE_CURVE('',#5837,#5772,#2474,.T.);
#6871=EDGE_CURVE('',#5834,#5771,#2475,.T.);
#6872=EDGE_CURVE('',#5833,#5770,#2476,.T.);
#6873=EDGE_CURVE('',#5831,#5769,#2477,.T.);
#6874=EDGE_CURVE('',#5829,#5768,#2478,.T.);
#6875=EDGE_CURVE('',#5827,#5767,#2479,.T.);
#6876=EDGE_CURVE('',#5824,#5766,#2480,.T.);
#6877=EDGE_CURVE('',#5857,#5765,#2481,.T.);
#6878=EDGE_CURVE('',#5855,#5764,#2482,.T.);
#6879=EDGE_CURVE('',#5853,#5763,#2483,.T.);
#6880=EDGE_CURVE('',#5851,#5762,#2484,.T.);
#6881=EDGE_CURVE('',#5848,#5761,#2485,.T.);
#6882=EDGE_CURVE('',#5847,#5760,#2486,.T.);
#6883=EDGE_CURVE('',#5842,#5759,#2487,.T.);
#6884=EDGE_CURVE('',#5841,#5758,#2488,.T.);
#6885=CIRCLE('',#7226,1.6);
#6886=CIRCLE('',#7227,1.6);
#6887=CIRCLE('',#7228,1.61110753273);
#6888=CIRCLE('',#7229,1.6);
#6889=CIRCLE('',#7230,1.61110753273);
#6890=CIRCLE('',#7231,1.5);
#6891=CIRCLE('',#7232,1.5);
#6892=CIRCLE('',#7233,1.5);
#6893=CIRCLE('',#7234,4.5);
#6894=CIRCLE('',#7235,1.6);
#6895=CIRCLE('',#7236,1.6);
#6896=CIRCLE('',#7237,41.);
#6897=CIRCLE('',#7238,3.);
#6898=CIRCLE('',#7239,5.);
#6899=CIRCLE('',#7240,3.);
#6900=CIRCLE('',#7241,21.);
#6901=CIRCLE('',#7242,1.6);
#6902=CIRCLE('',#7243,21.);
#6903=CIRCLE('',#7244,4.5);
#6904=CIRCLE('',#7245,11.);
#6905=CIRCLE('',#7246,4.49999999999999);
#6906=CIRCLE('',#7247,2.80000000000001);
#6907=CIRCLE('',#7248,4.50000000000002);
#6908=CIRCLE('',#7249,11.);
#6909=CIRCLE('',#7250,4.5);
#6910=CIRCLE('',#7251,21.);
#6911=CIRCLE('',#7252,41.);
#6912=CIRCLE('',#7253,1.6);
#6913=CIRCLE('',#7254,1.6);
#6914=CIRCLE('',#7255,1.61110753273);
#6915=CIRCLE('',#7256,1.6);
#6916=CIRCLE('',#7257,1.6);
#6917=CIRCLE('',#7258,1.61110753273);
#6918=CIRCLE('',#7260,1.6);
#6919=CIRCLE('',#7261,1.6);
#6920=CIRCLE('',#7262,1.61110753273);
#6921=CIRCLE('',#7263,1.6);
#6922=CIRCLE('',#7264,1.61110753273);
#6923=CIRCLE('',#7265,1.6);
#6924=CIRCLE('',#7266,4.5);
#6925=CIRCLE('',#7267,21.);
#6926=CIRCLE('',#7268,3.);
#6927=CIRCLE('',#7269,5.);
#6928=CIRCLE('',#7270,3.);
#6929=CIRCLE('',#7271,41.);
#6930=CIRCLE('',#7272,21.);
#6931=CIRCLE('',#7273,4.5);
#6932=CIRCLE('',#7274,11.);
#6933=CIRCLE('',#7275,4.49999999999999);
#6934=CIRCLE('',#7276,2.80000000000001);
#6935=CIRCLE('',#7277,4.49999999999999);
#6936=CIRCLE('',#7278,11.);
#6937=CIRCLE('',#7279,4.5);
#6938=CIRCLE('',#7280,21.);
#6939=CIRCLE('',#7281,1.5);
#6940=CIRCLE('',#7282,1.5);
#6941=CIRCLE('',#7283,1.5);
#6942=CIRCLE('',#7284,1.6);
#6943=CIRCLE('',#7285,1.6);
#6944=CIRCLE('',#7286,1.61110753273);
#6945=CIRCLE('',#7287,1.6);
#6946=CIRCLE('',#7288,1.61110753273);
#6947=CIRCLE('',#7289,1.6);
#6948=CIRCLE('',#7295,1.6);
#6949=CIRCLE('',#7302,5.5);
#6950=CIRCLE('',#7303,5.5);
#6951=CIRCLE('',#7305,10.);
#6952=CIRCLE('',#7306,10.);
#6953=CIRCLE('',#7308,5.5);
#6954=CIRCLE('',#7309,5.5);
#6955=CIRCLE('',#7318,5.5);
#6956=CIRCLE('',#7319,5.5);
#6957=CIRCLE('',#7321,10.);
#6958=CIRCLE('',#7322,10.);
#6959=CIRCLE('',#7324,5.5);
#6960=CIRCLE('',#7325,5.5);
#6961=CIRCLE('',#7330,20.);
#6962=CIRCLE('',#7331,20.);
#6963=CIRCLE('',#7333,40.);
#6964=CIRCLE('',#7334,40.);
#6965=CIRCLE('',#7336,20.);
#6966=CIRCLE('',#7337,20.);
#6967=CIRCLE('',#7339,20.);
#6968=CIRCLE('',#7340,20.);
#6969=CIRCLE('',#7342,3.8);
#6970=CIRCLE('',#7343,3.8);
#6971=CIRCLE('',#7353,1.6);
#6972=CIRCLE('',#7354,40.);
#6973=CIRCLE('',#7356,40.);
#6974=CIRCLE('',#7418,1.6);
#6975=CIRCLE('',#7419,1.6);
#6976=CIRCLE('',#7423,40.);
#6977=CIRCLE('',#7424,40.);
#6978=CIRCLE('',#7425,40.);
#6979=CIRCLE('',#7436,5.5);
#6980=CIRCLE('',#7437,5.5);
#6981=CIRCLE('',#7439,10.);
#6982=CIRCLE('',#7440,10.);
#6983=CIRCLE('',#7442,5.5);
#6984=CIRCLE('',#7443,5.5);
#6985=CIRCLE('',#7447,5.5);
#6986=CIRCLE('',#7448,5.5);
#6987=CIRCLE('',#7450,10.);
#6988=CIRCLE('',#7451,10.);
#6989=CIRCLE('',#7453,5.5);
#6990=CIRCLE('',#7454,5.5);
#6991=CIRCLE('',#7457,1.6);
#6992=CIRCLE('',#7458,1.59999999999999);
#6993=CIRCLE('',#7459,1.6);
#6994=CIRCLE('',#7460,1.59999999999999);
#6995=CIRCLE('',#7461,1.6);
#6996=CIRCLE('',#7462,1.59999999999999);
#6997=CIRCLE('',#7463,1.6);
#6998=CIRCLE('',#7464,1.59999999999999);
#6999=CIRCLE('',#7465,1.6);
#7000=CIRCLE('',#7466,1.6);
#7001=CIRCLE('',#7467,4.5);
#7002=CIRCLE('',#7468,41.);
#7003=CIRCLE('',#7469,3.);
#7004=CIRCLE('',#7470,5.);
#7005=CIRCLE('',#7471,3.);
#7006=CIRCLE('',#7472,21.);
#7007=CIRCLE('',#7473,21.);
#7008=CIRCLE('',#7474,4.49999999999999);
#7009=CIRCLE('',#7475,11.);
#7010=CIRCLE('',#7476,4.5);
#7011=CIRCLE('',#7477,2.80000000000001);
#7012=CIRCLE('',#7478,4.5);
#7013=CIRCLE('',#7479,11.);
#7014=CIRCLE('',#7480,4.5);
#7015=CIRCLE('',#7481,21.);
#7016=CIRCLE('',#7482,1.5);
#7017=CIRCLE('',#7483,1.5);
#7018=CIRCLE('',#7484,1.5);
#7019=CIRCLE('',#7486,1.6);
#7020=CIRCLE('',#7487,4.5);
#7021=CIRCLE('',#7488,1.6);
#7022=CIRCLE('',#7489,1.59999999999999);
#7023=CIRCLE('',#7490,1.6);
#7024=CIRCLE('',#7491,1.59999999999999);
#7025=CIRCLE('',#7492,1.6);
#7026=CIRCLE('',#7493,1.59999999999999);
#7027=CIRCLE('',#7494,1.6);
#7028=CIRCLE('',#7495,1.59999999999999);
#7029=CIRCLE('',#7496,41.);
#7030=CIRCLE('',#7497,21.);
#7031=CIRCLE('',#7498,4.5);
#7032=CIRCLE('',#7499,11.);
#7033=CIRCLE('',#7500,4.49999999999999);
#7034=CIRCLE('',#7501,2.8);
#7035=CIRCLE('',#7502,4.5);
#7036=CIRCLE('',#7503,11.);
#7037=CIRCLE('',#7504,4.5);
#7038=CIRCLE('',#7505,21.);
#7039=CIRCLE('',#7506,21.);
#7040=CIRCLE('',#7507,3.);
#7041=CIRCLE('',#7508,5.);
#7042=CIRCLE('',#7509,3.);
#7043=CIRCLE('',#7510,1.5);
#7044=CIRCLE('',#7511,1.5);
#7045=CIRCLE('',#7512,1.5);
#7046=CIRCLE('',#7515,20.);
#7047=CIRCLE('',#7516,20.);
#7048=CIRCLE('',#7518,20.);
#7049=CIRCLE('',#7519,20.);
#7050=CIRCLE('',#7521,20.);
#7051=CIRCLE('',#7522,20.);
#7052=CIRCLE('',#7524,3.8);
#7053=CIRCLE('',#7525,3.8);
#7054=CIRCLE('',#7537,1.6);
#7055=CIRCLE('',#7595,1.6);
#7056=CIRCLE('',#7596,1.6);
#7057=CIRCLE('',#7600,40.);
#7058=CIRCLE('',#7601,40.);
#7059=CIRCLE('',#7602,40.);
#7060=CIRCLE('',#7613,5.5);
#7061=CIRCLE('',#7614,5.5);
#7062=CIRCLE('',#7616,10.);
#7063=CIRCLE('',#7617,10.);
#7064=CIRCLE('',#7619,5.5);
#7065=CIRCLE('',#7620,5.5);
#7066=CIRCLE('',#7624,5.5);
#7067=CIRCLE('',#7625,5.5);
#7068=CIRCLE('',#7627,10.);
#7069=CIRCLE('',#7628,10.);
#7070=CIRCLE('',#7630,5.5);
#7071=CIRCLE('',#7631,5.5);
#7072=CIRCLE('',#7634,1.59999999999999);
#7073=CIRCLE('',#7635,1.6);
#7074=CIRCLE('',#7636,1.59999999999999);
#7075=CIRCLE('',#7637,1.6);
#7076=CIRCLE('',#7638,1.59999999999999);
#7077=CIRCLE('',#7639,1.6);
#7078=CIRCLE('',#7640,1.59999999999999);
#7079=CIRCLE('',#7641,1.6);
#7080=CIRCLE('',#7642,1.6);
#7081=CIRCLE('',#7643,1.6);
#7082=CIRCLE('',#7644,4.5);
#7083=CIRCLE('',#7645,21.);
#7084=CIRCLE('',#7646,3.);
#7085=CIRCLE('',#7647,5.);
#7086=CIRCLE('',#7648,3.);
#7087=CIRCLE('',#7649,41.);
#7088=CIRCLE('',#7650,21.);
#7089=CIRCLE('',#7651,4.5);
#7090=CIRCLE('',#7652,11.);
#7091=CIRCLE('',#7653,4.49999999999999);
#7092=CIRCLE('',#7654,2.8);
#7093=CIRCLE('',#7655,4.5);
#7094=CIRCLE('',#7656,11.);
#7095=CIRCLE('',#7657,4.5);
#7096=CIRCLE('',#7658,21.);
#7097=CIRCLE('',#7659,1.5);
#7098=CIRCLE('',#7660,1.5);
#7099=CIRCLE('',#7661,1.5);
#7100=CIRCLE('',#7663,1.6);
#7101=CIRCLE('',#7664,4.5);
#7102=CIRCLE('',#7665,1.6);
#7103=CIRCLE('',#7666,1.59999999999999);
#7104=CIRCLE('',#7667,1.6);
#7105=CIRCLE('',#7668,1.59999999999999);
#7106=CIRCLE('',#7669,1.6);
#7107=CIRCLE('',#7670,1.59999999999999);
#7108=CIRCLE('',#7671,1.6);
#7109=CIRCLE('',#7672,1.59999999999999);
#7110=CIRCLE('',#7673,41.);
#7111=CIRCLE('',#7674,3.);
#7112=CIRCLE('',#7675,5.);
#7113=CIRCLE('',#7676,3.);
#7114=CIRCLE('',#7677,21.);
#7115=CIRCLE('',#7678,21.);
#7116=CIRCLE('',#7679,4.49999999999999);
#7117=CIRCLE('',#7680,11.);
#7118=CIRCLE('',#7681,4.5);
#7119=CIRCLE('',#7682,2.80000000000001);
#7120=CIRCLE('',#7683,4.5);
#7121=CIRCLE('',#7684,11.);
#7122=CIRCLE('',#7685,4.5);
#7123=CIRCLE('',#7686,21.);
#7124=CIRCLE('',#7687,1.5);
#7125=CIRCLE('',#7688,1.5);
#7126=CIRCLE('',#7689,1.5);
#7127=CIRCLE('',#7692,20.);
#7128=CIRCLE('',#7693,20.);
#7129=CIRCLE('',#7695,20.);
#7130=CIRCLE('',#7696,20.);
#7131=CIRCLE('',#7698,20.);
#7132=CIRCLE('',#7699,20.);
#7133=CIRCLE('',#7701,3.8);
#7134=CIRCLE('',#7702,3.8);
#7135=CIRCLE('',#7714,1.6);
#7136=CIRCLE('',#7771,21.);
#7137=CIRCLE('',#7772,3.);
#7138=CIRCLE('',#7773,5.);
#7139=CIRCLE('',#7774,3.);
#7140=CIRCLE('',#7775,41.);
#7141=CIRCLE('',#7776,41.);
#7142=CIRCLE('',#7777,21.);
#7143=CIRCLE('',#7778,4.5);
#7144=CIRCLE('',#7779,11.);
#7145=CIRCLE('',#7780,4.49999999999999);
#7146=CIRCLE('',#7781,2.79999999999998);
#7147=CIRCLE('',#7782,4.49999999999999);
#7148=CIRCLE('',#7783,11.);
#7149=CIRCLE('',#7784,4.5);
#7150=CIRCLE('',#7785,21.);
#7151=CIRCLE('',#7786,1.6);
#7152=CIRCLE('',#7787,1.6);
#7153=CIRCLE('',#7788,1.61110753273);
#7154=CIRCLE('',#7789,1.6);
#7155=CIRCLE('',#7790,1.6);
#7156=CIRCLE('',#7791,1.61110753273);
#7157=CIRCLE('',#7792,1.5);
#7158=CIRCLE('',#7793,1.5);
#7159=CIRCLE('',#7794,1.5);
#7160=CIRCLE('',#7795,4.5);
#7161=CIRCLE('',#7796,1.6);
#7162=CIRCLE('',#7797,1.6);
#7163=CIRCLE('',#7798,1.6);
#7164=CIRCLE('',#7799,1.61110753273);
#7165=CIRCLE('',#7800,1.6);
#7166=CIRCLE('',#7801,1.61110753273);
#7167=CIRCLE('',#7802,1.6);
#7168=CIRCLE('',#7803,1.6);
#7169=CIRCLE('',#7805,21.);
#7170=CIRCLE('',#7806,21.);
#7171=CIRCLE('',#7807,4.5);
#7172=CIRCLE('',#7808,11.);
#7173=CIRCLE('',#7809,4.49999999999999);
#7174=CIRCLE('',#7810,2.79999999999999);
#7175=CIRCLE('',#7811,4.50000000000002);
#7176=CIRCLE('',#7812,11.);
#7177=CIRCLE('',#7813,4.5);
#7178=CIRCLE('',#7814,21.);
#7179=CIRCLE('',#7815,41.);
#7180=CIRCLE('',#7816,3.);
#7181=CIRCLE('',#7817,5.);
#7182=CIRCLE('',#7818,3.);
#7183=CIRCLE('',#7819,1.6);
#7184=CIRCLE('',#7820,1.61110753273);
#7185=CIRCLE('',#7821,1.6);
#7186=CIRCLE('',#7822,1.61110753273);
#7187=CIRCLE('',#7823,1.6);
#7188=CIRCLE('',#7824,1.6);
#7189=CIRCLE('',#7825,4.5);
#7190=CIRCLE('',#7826,1.5);
#7191=CIRCLE('',#7827,1.5);
#7192=CIRCLE('',#7828,1.5);
#7193=CIRCLE('',#7829,1.6);
#7194=CIRCLE('',#7830,1.61110753273);
#7195=CIRCLE('',#7831,1.6);
#7196=CIRCLE('',#7832,1.6);
#7197=CIRCLE('',#7833,1.6);
#7198=CIRCLE('',#7834,1.61110753273);
#7199=CIRCLE('',#7840,1.6);
#7200=CIRCLE('',#7847,5.5);
#7201=CIRCLE('',#7848,5.5);
#7202=CIRCLE('',#7850,10.);
#7203=CIRCLE('',#7851,10.);
#7204=CIRCLE('',#7853,5.5);
#7205=CIRCLE('',#7854,5.5);
#7206=CIRCLE('',#7863,5.5);
#7207=CIRCLE('',#7864,5.5);
#7208=CIRCLE('',#7866,10.);
#7209=CIRCLE('',#7867,10.);
#7210=CIRCLE('',#7869,5.5);
#7211=CIRCLE('',#7870,5.5);
#7212=CIRCLE('',#7875,20.);
#7213=CIRCLE('',#7876,20.);
#7214=CIRCLE('',#7878,40.);
#7215=CIRCLE('',#7879,40.);
#7216=CIRCLE('',#7881,20.);
#7217=CIRCLE('',#7882,20.);
#7218=CIRCLE('',#7884,20.);
#7219=CIRCLE('',#7885,20.);
#7220=CIRCLE('',#7887,3.8);
#7221=CIRCLE('',#7888,3.8);
#7222=CIRCLE('',#7898,1.6);
#7223=CIRCLE('',#7899,40.);
#7224=CIRCLE('',#7901,40.);
#7225=AXIS2_PLACEMENT_3D('',#10112,#7962,#7963);
#7226=AXIS2_PLACEMENT_3D('',#10113,#7964,#7965);
#7227=AXIS2_PLACEMENT_3D('',#10116,#7966,#7967);
#7228=AXIS2_PLACEMENT_3D('',#10120,#7969,#7970);
#7229=AXIS2_PLACEMENT_3D('',#10123,#7972,#7973);
#7230=AXIS2_PLACEMENT_3D('',#10128,#7975,#7976);
#7231=AXIS2_PLACEMENT_3D('',#10134,#7979,#7980);
#7232=AXIS2_PLACEMENT_3D('',#10138,#7982,#7983);
#7233=AXIS2_PLACEMENT_3D('',#10142,#7985,#7986);
#7234=AXIS2_PLACEMENT_3D('',#10143,#7987,#7988);
#7235=AXIS2_PLACEMENT_3D('',#10145,#7989,#7990);
#7236=AXIS2_PLACEMENT_3D('',#10147,#7991,#7992);
#7237=AXIS2_PLACEMENT_3D('',#10152,#7994,#7995);
#7238=AXIS2_PLACEMENT_3D('',#10158,#7998,#7999);
#7239=AXIS2_PLACEMENT_3D('',#10162,#8001,#8002);
#7240=AXIS2_PLACEMENT_3D('',#10166,#8004,#8005);
#7241=AXIS2_PLACEMENT_3D('',#10174,#8009,#8010);
#7242=AXIS2_PLACEMENT_3D('',#10182,#8014,#8015);
#7243=AXIS2_PLACEMENT_3D('',#10192,#8020,#8021);
#7244=AXIS2_PLACEMENT_3D('',#10194,#8022,#8023);
#7245=AXIS2_PLACEMENT_3D('',#10196,#8024,#8025);
#7246=AXIS2_PLACEMENT_3D('',#10198,#8026,#8027);
#7247=AXIS2_PLACEMENT_3D('',#10202,#8029,#8030);
#7248=AXIS2_PLACEMENT_3D('',#10206,#8032,#8033);
#7249=AXIS2_PLACEMENT_3D('',#10208,#8034,#8035);
#7250=AXIS2_PLACEMENT_3D('',#10210,#8036,#8037);
#7251=AXIS2_PLACEMENT_3D('',#10212,#8038,#8039);
#7252=AXIS2_PLACEMENT_3D('',#10216,#8041,#8042);
#7253=AXIS2_PLACEMENT_3D('',#10217,#8043,#8044);
#7254=AXIS2_PLACEMENT_3D('',#10220,#8045,#8046);
#7255=AXIS2_PLACEMENT_3D('',#10224,#8048,#8049);
#7256=AXIS2_PLACEMENT_3D('',#10230,#8052,#8053);
#7257=AXIS2_PLACEMENT_3D('',#10232,#8054,#8055);
#7258=AXIS2_PLACEMENT_3D('',#10236,#8057,#8058);
#7259=AXIS2_PLACEMENT_3D('',#10237,#8059,#8060);
#7260=AXIS2_PLACEMENT_3D('',#10238,#8061,#8062);
#7261=AXIS2_PLACEMENT_3D('',#10241,#8063,#8064);
#7262=AXIS2_PLACEMENT_3D('',#10245,#8066,#8067);
#7263=AXIS2_PLACEMENT_3D('',#10251,#8070,#8071);
#7264=AXIS2_PLACEMENT_3D('',#10255,#8073,#8074);
#7265=AXIS2_PLACEMENT_3D('',#10256,#8075,#8076);
#7266=AXIS2_PLACEMENT_3D('',#10258,#8077,#8078);
#7267=AXIS2_PLACEMENT_3D('',#10260,#8079,#8080);
#7268=AXIS2_PLACEMENT_3D('',#10269,#8084,#8085);
#7269=AXIS2_PLACEMENT_3D('',#10273,#8087,#8088);
#7270=AXIS2_PLACEMENT_3D('',#10277,#8090,#8091);
#7271=AXIS2_PLACEMENT_3D('',#10285,#8095,#8096);
#7272=AXIS2_PLACEMENT_3D('',#10289,#8098,#8099);
#7273=AXIS2_PLACEMENT_3D('',#10291,#8100,#8101);
#7274=AXIS2_PLACEMENT_3D('',#10293,#8102,#8103);
#7275=AXIS2_PLACEMENT_3D('',#10295,#8104,#8105);
#7276=AXIS2_PLACEMENT_3D('',#10299,#8107,#8108);
#7277=AXIS2_PLACEMENT_3D('',#10303,#8110,#8111);
#7278=AXIS2_PLACEMENT_3D('',#10305,#8112,#8113);
#7279=AXIS2_PLACEMENT_3D('',#10307,#8114,#8115);
#7280=AXIS2_PLACEMENT_3D('',#10309,#8116,#8117);
#7281=AXIS2_PLACEMENT_3D('',#10315,#8120,#8121);
#7282=AXIS2_PLACEMENT_3D('',#10319,#8123,#8124);
#7283=AXIS2_PLACEMENT_3D('',#10323,#8126,#8127);
#7284=AXIS2_PLACEMENT_3D('',#10324,#8128,#8129);
#7285=AXIS2_PLACEMENT_3D('',#10327,#8130,#8131);
#7286=AXIS2_PLACEMENT_3D('',#10331,#8133,#8134);
#7287=AXIS2_PLACEMENT_3D('',#10334,#8136,#8137);
#7288=AXIS2_PLACEMENT_3D('',#10339,#8139,#8140);
#7289=AXIS2_PLACEMENT_3D('',#10343,#8142,#8143);
#7290=AXIS2_PLACEMENT_3D('',#10344,#8144,#8145);
#7291=AXIS2_PLACEMENT_3D('',#10347,#8148,#8149);
#7292=AXIS2_PLACEMENT_3D('',#10350,#8152,#8153);
#7293=AXIS2_PLACEMENT_3D('',#10353,#8156,#8157);
#7294=AXIS2_PLACEMENT_3D('',#10359,#8161,#8162);
#7295=AXIS2_PLACEMENT_3D('',#10362,#8164,#8165);
#7296=AXIS2_PLACEMENT_3D('',#10371,#8170,#8171);
#7297=AXIS2_PLACEMENT_3D('',#10384,#8178,#8179);
#7298=AXIS2_PLACEMENT_3D('',#10391,#8184,#8185);
#7299=AXIS2_PLACEMENT_3D('',#10394,#8188,#8189);
#7300=AXIS2_PLACEMENT_3D('',#10397,#8192,#8193);
#7301=AXIS2_PLACEMENT_3D('',#10406,#8198,#8199);
#7302=AXIS2_PLACEMENT_3D('',#10410,#8201,#8202);
#7303=AXIS2_PLACEMENT_3D('',#10411,#8203,#8204);
#7304=AXIS2_PLACEMENT_3D('',#10412,#8205,#8206);
#7305=AXIS2_PLACEMENT_3D('',#10416,#8208,#8209);
#7306=AXIS2_PLACEMENT_3D('',#10417,#8210,#8211);
#7307=AXIS2_PLACEMENT_3D('',#10418,#8212,#8213);
#7308=AXIS2_PLACEMENT_3D('',#10422,#8215,#8216);
#7309=AXIS2_PLACEMENT_3D('',#10423,#8217,#8218);
#7310=AXIS2_PLACEMENT_3D('',#10424,#8219,#8220);
#7311=AXIS2_PLACEMENT_3D('',#10433,#8225,#8226);
#7312=AXIS2_PLACEMENT_3D('',#10436,#8229,#8230);
#7313=AXIS2_PLACEMENT_3D('',#10439,#8233,#8234);
#7314=AXIS2_PLACEMENT_3D('',#10442,#8237,#8238);
#7315=AXIS2_PLACEMENT_3D('',#10448,#8242,#8243);
#7316=AXIS2_PLACEMENT_3D('',#10454,#8247,#8248);
#7317=AXIS2_PLACEMENT_3D('',#10468,#8256,#8257);
#7318=AXIS2_PLACEMENT_3D('',#10472,#8259,#8260);
#7319=AXIS2_PLACEMENT_3D('',#10476,#8262,#8263);
#7320=AXIS2_PLACEMENT_3D('',#10477,#8264,#8265);
#7321=AXIS2_PLACEMENT_3D('',#10481,#8267,#8268);
#7322=AXIS2_PLACEMENT_3D('',#10482,#8269,#8270);
#7323=AXIS2_PLACEMENT_3D('',#10483,#8271,#8272);
#7324=AXIS2_PLACEMENT_3D('',#10487,#8274,#8275);
#7325=AXIS2_PLACEMENT_3D('',#10488,#8276,#8277);
#7326=AXIS2_PLACEMENT_3D('',#10489,#8278,#8279);
#7327=AXIS2_PLACEMENT_3D('',#10495,#8283,#8284);
#7328=AXIS2_PLACEMENT_3D('',#10498,#8287,#8288);
#7329=AXIS2_PLACEMENT_3D('',#10499,#8289,#8290);
#7330=AXIS2_PLACEMENT_3D('',#10500,#8291,#8292);
#7331=AXIS2_PLACEMENT_3D('',#10501,#8293,#8294);
#7332=AXIS2_PLACEMENT_3D('',#10502,#8295,#8296);
#7333=AXIS2_PLACEMENT_3D('',#10503,#8297,#8298);
#7334=AXIS2_PLACEMENT_3D('',#10504,#8299,#8300);
#7335=AXIS2_PLACEMENT_3D('',#10505,#8301,#8302);
#7336=AXIS2_PLACEMENT_3D('',#10506,#8303,#8304);
#7337=AXIS2_PLACEMENT_3D('',#10507,#8305,#8306);
#7338=AXIS2_PLACEMENT_3D('',#10508,#8307,#8308);
#7339=AXIS2_PLACEMENT_3D('',#10509,#8309,#8310);
#7340=AXIS2_PLACEMENT_3D('',#10510,#8311,#8312);
#7341=AXIS2_PLACEMENT_3D('',#10511,#8313,#8314);
#7342=AXIS2_PLACEMENT_3D('',#10512,#8315,#8316);
#7343=AXIS2_PLACEMENT_3D('',#10513,#8317,#8318);
#7344=AXIS2_PLACEMENT_3D('',#10514,#8319,#8320);
#7345=AXIS2_PLACEMENT_3D('',#10515,#8321,#8322);
#7346=AXIS2_PLACEMENT_3D('',#10516,#8323,#8324);
#7347=AXIS2_PLACEMENT_3D('',#10517,#8325,#8326);
#7348=AXIS2_PLACEMENT_3D('',#10520,#8329,#8330);
#7349=AXIS2_PLACEMENT_3D('',#10521,#8331,#8332);
#7350=AXIS2_PLACEMENT_3D('',#10524,#8335,#8336);
#7351=AXIS2_PLACEMENT_3D('',#10527,#8339,#8340);
#7352=AXIS2_PLACEMENT_3D('',#10530,#8343,#8344);
#7353=AXIS2_PLACEMENT_3D('',#10531,#8345,#8346);
#7354=AXIS2_PLACEMENT_3D('',#10535,#8348,#8349);
#7355=AXIS2_PLACEMENT_3D('',#10536,#8350,#8351);
#7356=AXIS2_PLACEMENT_3D('',#10539,#8353,#8354);
#7357=AXIS2_PLACEMENT_3D('',#10540,#8355,#8356);
#7358=AXIS2_PLACEMENT_3D('',#10545,#8357,#8358);
#7359=AXIS2_PLACEMENT_3D('',#10546,#8359,#8360);
#7360=AXIS2_PLACEMENT_3D('',#10547,#8361,#8362);
#7361=AXIS2_PLACEMENT_3D('',#10548,#8363,#8364);
#7362=AXIS2_PLACEMENT_3D('',#10550,#8366,#8367);
#7363=AXIS2_PLACEMENT_3D('',#10551,#8368,#8369);
#7364=AXIS2_PLACEMENT_3D('',#10554,#8372,#8373);
#7365=AXIS2_PLACEMENT_3D('',#10555,#8374,#8375);
#7366=AXIS2_PLACEMENT_3D('',#10556,#8376,#8377);
#7367=AXIS2_PLACEMENT_3D('',#10559,#8380,#8381);
#7368=AXIS2_PLACEMENT_3D('',#10561,#8383,#8384);
#7369=AXIS2_PLACEMENT_3D('',#10562,#8385,#8386);
#7370=AXIS2_PLACEMENT_3D('',#10563,#8387,#8388);
#7371=AXIS2_PLACEMENT_3D('',#10566,#8391,#8392);
#7372=AXIS2_PLACEMENT_3D('',#10568,#8394,#8395);
#7373=AXIS2_PLACEMENT_3D('',#10569,#8396,#8397);
#7374=AXIS2_PLACEMENT_3D('',#10570,#8398,#8399);
#7375=AXIS2_PLACEMENT_3D('',#10573,#8402,#8403);
#7376=AXIS2_PLACEMENT_3D('',#10575,#8405,#8406);
#7377=AXIS2_PLACEMENT_3D('',#10576,#8407,#8408);
#7378=AXIS2_PLACEMENT_3D('',#10577,#8409,#8410);
#7379=AXIS2_PLACEMENT_3D('',#10578,#8411,#8412);
#7380=AXIS2_PLACEMENT_3D('',#10579,#8413,#8414);
#7381=AXIS2_PLACEMENT_3D('',#10581,#8416,#8417);
#7382=AXIS2_PLACEMENT_3D('',#10583,#8419,#8420);
#7383=AXIS2_PLACEMENT_3D('',#10585,#8422,#8423);
#7384=AXIS2_PLACEMENT_3D('',#10587,#8425,#8426);
#7385=AXIS2_PLACEMENT_3D('',#10589,#8428,#8429);
#7386=AXIS2_PLACEMENT_3D('',#10591,#8431,#8432);
#7387=AXIS2_PLACEMENT_3D('',#10593,#8434,#8435);
#7388=AXIS2_PLACEMENT_3D('',#10595,#8437,#8438);
#7389=AXIS2_PLACEMENT_3D('',#10597,#8440,#8441);
#7390=AXIS2_PLACEMENT_3D('',#10599,#8443,#8444);
#7391=AXIS2_PLACEMENT_3D('',#10601,#8446,#8447);
#7392=AXIS2_PLACEMENT_3D('',#10603,#8449,#8450);
#7393=AXIS2_PLACEMENT_3D('',#10605,#8452,#8453);
#7394=AXIS2_PLACEMENT_3D('',#10607,#8455,#8456);
#7395=AXIS2_PLACEMENT_3D('',#10612,#8457,#8458);
#7396=AXIS2_PLACEMENT_3D('',#10613,#8459,#8460);
#7397=AXIS2_PLACEMENT_3D('',#10615,#8462,#8463);
#7398=AXIS2_PLACEMENT_3D('',#10617,#8465,#8466);
#7399=AXIS2_PLACEMENT_3D('',#10618,#8467,#8468);
#7400=AXIS2_PLACEMENT_3D('',#10620,#8470,#8471);
#7401=AXIS2_PLACEMENT_3D('',#10622,#8473,#8474);
#7402=AXIS2_PLACEMENT_3D('',#10624,#8476,#8477);
#7403=AXIS2_PLACEMENT_3D('',#10626,#8479,#8480);
#7404=AXIS2_PLACEMENT_3D('',#10628,#8482,#8483);
#7405=AXIS2_PLACEMENT_3D('',#10630,#8485,#8486);
#7406=AXIS2_PLACEMENT_3D('',#10632,#8488,#8489);
#7407=AXIS2_PLACEMENT_3D('',#10634,#8491,#8492);
#7408=AXIS2_PLACEMENT_3D('',#10636,#8494,#8495);
#7409=AXIS2_PLACEMENT_3D('',#10638,#8497,#8498);
#7410=AXIS2_PLACEMENT_3D('',#10640,#8500,#8501);
#7411=AXIS2_PLACEMENT_3D('',#10642,#8503,#8504);
#7412=AXIS2_PLACEMENT_3D('',#10644,#8506,#8507);
#7413=AXIS2_PLACEMENT_3D('',#10646,#8509,#8510);
#7414=AXIS2_PLACEMENT_3D('',#10648,#8512,#8513);
#7415=AXIS2_PLACEMENT_3D('',#10650,#8515,#8516);
#7416=AXIS2_PLACEMENT_3D('',#10651,#8517,#8518);
#7417=AXIS2_PLACEMENT_3D('',#10660,#8523,#8524);
#7418=AXIS2_PLACEMENT_3D('',#10661,#8525,#8526);
#7419=AXIS2_PLACEMENT_3D('',#10666,#8528,#8529);
#7420=AXIS2_PLACEMENT_3D('',#10669,#8531,#8532);
#7421=AXIS2_PLACEMENT_3D('',#10678,#8538,#8539);
#7422=AXIS2_PLACEMENT_3D('',#10691,#8546,#8547);
#7423=AXIS2_PLACEMENT_3D('',#10695,#8549,#8550);
#7424=AXIS2_PLACEMENT_3D('',#10699,#8552,#8553);
#7425=AXIS2_PLACEMENT_3D('',#10703,#8555,#8556);
#7426=AXIS2_PLACEMENT_3D('',#10704,#8557,#8558);
#7427=AXIS2_PLACEMENT_3D('',#10718,#8566,#8567);
#7428=AXIS2_PLACEMENT_3D('',#10727,#8572,#8573);
#7429=AXIS2_PLACEMENT_3D('',#10736,#8578,#8579);
#7430=AXIS2_PLACEMENT_3D('',#10742,#8583,#8584);
#7431=AXIS2_PLACEMENT_3D('',#10751,#8589,#8590);
#7432=AXIS2_PLACEMENT_3D('',#10760,#8595,#8596);
#7433=AXIS2_PLACEMENT_3D('',#10769,#8601,#8602);
#7434=AXIS2_PLACEMENT_3D('',#10779,#8608,#8609);
#7435=AXIS2_PLACEMENT_3D('',#10785,#8613,#8614);
#7436=AXIS2_PLACEMENT_3D('',#10789,#8616,#8617);
#7437=AXIS2_PLACEMENT_3D('',#10793,#8619,#8620);
#7438=AXIS2_PLACEMENT_3D('',#10794,#8621,#8622);
#7439=AXIS2_PLACEMENT_3D('',#10798,#8624,#8625);
#7440=AXIS2_PLACEMENT_3D('',#10799,#8626,#8627);
#7441=AXIS2_PLACEMENT_3D('',#10800,#8628,#8629);
#7442=AXIS2_PLACEMENT_3D('',#10804,#8631,#8632);
#7443=AXIS2_PLACEMENT_3D('',#10805,#8633,#8634);
#7444=AXIS2_PLACEMENT_3D('',#10806,#8635,#8636);
#7445=AXIS2_PLACEMENT_3D('',#10812,#8640,#8641);
#7446=AXIS2_PLACEMENT_3D('',#10821,#8646,#8647);
#7447=AXIS2_PLACEMENT_3D('',#10825,#8649,#8650);
#7448=AXIS2_PLACEMENT_3D('',#10826,#8651,#8652);
#7449=AXIS2_PLACEMENT_3D('',#10827,#8653,#8654);
#7450=AXIS2_PLACEMENT_3D('',#10831,#8656,#8657);
#7451=AXIS2_PLACEMENT_3D('',#10832,#8658,#8659);
#7452=AXIS2_PLACEMENT_3D('',#10833,#8660,#8661);
#7453=AXIS2_PLACEMENT_3D('',#10837,#8663,#8664);
#7454=AXIS2_PLACEMENT_3D('',#10838,#8665,#8666);
#7455=AXIS2_PLACEMENT_3D('',#10839,#8667,#8668);
#7456=AXIS2_PLACEMENT_3D('',#10848,#8673,#8674);
#7457=AXIS2_PLACEMENT_3D('',#10852,#8676,#8677);
#7458=AXIS2_PLACEMENT_3D('',#10856,#8679,#8680);
#7459=AXIS2_PLACEMENT_3D('',#10860,#8682,#8683);
#7460=AXIS2_PLACEMENT_3D('',#10864,#8685,#8686);
#7461=AXIS2_PLACEMENT_3D('',#10868,#8688,#8689);
#7462=AXIS2_PLACEMENT_3D('',#10872,#8691,#8692);
#7463=AXIS2_PLACEMENT_3D('',#10876,#8694,#8695);
#7464=AXIS2_PLACEMENT_3D('',#10880,#8697,#8698);
#7465=AXIS2_PLACEMENT_3D('',#10881,#8699,#8700);
#7466=AXIS2_PLACEMENT_3D('',#10883,#8701,#8702);
#7467=AXIS2_PLACEMENT_3D('',#10885,#8703,#8704);
#7468=AXIS2_PLACEMENT_3D('',#10887,#8705,#8706);
#7469=AXIS2_PLACEMENT_3D('',#10893,#8709,#8710);
#7470=AXIS2_PLACEMENT_3D('',#10894,#8711,#8712);
#7471=AXIS2_PLACEMENT_3D('',#10895,#8713,#8714);
#7472=AXIS2_PLACEMENT_3D('',#10898,#8716,#8717);
#7473=AXIS2_PLACEMENT_3D('',#10910,#8724,#8725);
#7474=AXIS2_PLACEMENT_3D('',#10912,#8726,#8727);
#7475=AXIS2_PLACEMENT_3D('',#10914,#8728,#8729);
#7476=AXIS2_PLACEMENT_3D('',#10916,#8730,#8731);
#7477=AXIS2_PLACEMENT_3D('',#10920,#8733,#8734);
#7478=AXIS2_PLACEMENT_3D('',#10924,#8736,#8737);
#7479=AXIS2_PLACEMENT_3D('',#10926,#8738,#8739);
#7480=AXIS2_PLACEMENT_3D('',#10928,#8740,#8741);
#7481=AXIS2_PLACEMENT_3D('',#10930,#8742,#8743);
#7482=AXIS2_PLACEMENT_3D('',#10933,#8745,#8746);
#7483=AXIS2_PLACEMENT_3D('',#10934,#8747,#8748);
#7484=AXIS2_PLACEMENT_3D('',#10935,#8749,#8750);
#7485=AXIS2_PLACEMENT_3D('',#10936,#8751,#8752);
#7486=AXIS2_PLACEMENT_3D('',#10937,#8753,#8754);
#7487=AXIS2_PLACEMENT_3D('',#10939,#8755,#8756);
#7488=AXIS2_PLACEMENT_3D('',#10941,#8757,#8758);
#7489=AXIS2_PLACEMENT_3D('',#10946,#8760,#8761);
#7490=AXIS2_PLACEMENT_3D('',#10949,#8763,#8764);
#7491=AXIS2_PLACEMENT_3D('',#10954,#8766,#8767);
#7492=AXIS2_PLACEMENT_3D('',#10957,#8769,#8770);
#7493=AXIS2_PLACEMENT_3D('',#10962,#8772,#8773);
#7494=AXIS2_PLACEMENT_3D('',#10965,#8775,#8776);
#7495=AXIS2_PLACEMENT_3D('',#10970,#8778,#8779);
#7496=AXIS2_PLACEMENT_3D('',#10975,#8782,#8783);
#7497=AXIS2_PLACEMENT_3D('',#10979,#8785,#8786);
#7498=AXIS2_PLACEMENT_3D('',#10981,#8787,#8788);
#7499=AXIS2_PLACEMENT_3D('',#10983,#8789,#8790);
#7500=AXIS2_PLACEMENT_3D('',#10985,#8791,#8792);
#7501=AXIS2_PLACEMENT_3D('',#10989,#8794,#8795);
#7502=AXIS2_PLACEMENT_3D('',#10993,#8797,#8798);
#7503=AXIS2_PLACEMENT_3D('',#10995,#8799,#8800);
#7504=AXIS2_PLACEMENT_3D('',#10997,#8801,#8802);
#7505=AXIS2_PLACEMENT_3D('',#10999,#8803,#8804);
#7506=AXIS2_PLACEMENT_3D('',#11003,#8806,#8807);
#7507=AXIS2_PLACEMENT_3D('',#11006,#8809,#8810);
#7508=AXIS2_PLACEMENT_3D('',#11007,#8811,#8812);
#7509=AXIS2_PLACEMENT_3D('',#11008,#8813,#8814);
#7510=AXIS2_PLACEMENT_3D('',#11009,#8815,#8816);
#7511=AXIS2_PLACEMENT_3D('',#11010,#8817,#8818);
#7512=AXIS2_PLACEMENT_3D('',#11011,#8819,#8820);
#7513=AXIS2_PLACEMENT_3D('',#11012,#8821,#8822);
#7514=AXIS2_PLACEMENT_3D('',#11013,#8823,#8824);
#7515=AXIS2_PLACEMENT_3D('',#11014,#8825,#8826);
#7516=AXIS2_PLACEMENT_3D('',#11015,#8827,#8828);
#7517=AXIS2_PLACEMENT_3D('',#11016,#8829,#8830);
#7518=AXIS2_PLACEMENT_3D('',#11017,#8831,#8832);
#7519=AXIS2_PLACEMENT_3D('',#11018,#8833,#8834);
#7520=AXIS2_PLACEMENT_3D('',#11019,#8835,#8836);
#7521=AXIS2_PLACEMENT_3D('',#11020,#8837,#8838);
#7522=AXIS2_PLACEMENT_3D('',#11021,#8839,#8840);
#7523=AXIS2_PLACEMENT_3D('',#11022,#8841,#8842);
#7524=AXIS2_PLACEMENT_3D('',#11023,#8843,#8844);
#7525=AXIS2_PLACEMENT_3D('',#11024,#8845,#8846);
#7526=AXIS2_PLACEMENT_3D('',#11025,#8847,#8848);
#7527=AXIS2_PLACEMENT_3D('',#11026,#8849,#8850);
#7528=AXIS2_PLACEMENT_3D('',#11027,#8851,#8852);
#7529=AXIS2_PLACEMENT_3D('',#11028,#8853,#8854);
#7530=AXIS2_PLACEMENT_3D('',#11031,#8857,#8858);
#7531=AXIS2_PLACEMENT_3D('',#11034,#8861,#8862);
#7532=AXIS2_PLACEMENT_3D('',#11037,#8865,#8866);
#7533=AXIS2_PLACEMENT_3D('',#11040,#8869,#8870);
#7534=AXIS2_PLACEMENT_3D('',#11041,#8871,#8872);
#7535=AXIS2_PLACEMENT_3D('',#11044,#8875,#8876);
#7536=AXIS2_PLACEMENT_3D('',#11050,#8878,#8879);
#7537=AXIS2_PLACEMENT_3D('',#11051,#8880,#8881);
#7538=AXIS2_PLACEMENT_3D('',#11056,#8884,#8885);
#7539=AXIS2_PLACEMENT_3D('',#11060,#8888,#8889);
#7540=AXIS2_PLACEMENT_3D('',#11062,#8891,#8892);
#7541=AXIS2_PLACEMENT_3D('',#11063,#8893,#8894);
#7542=AXIS2_PLACEMENT_3D('',#11064,#8895,#8896);
#7543=AXIS2_PLACEMENT_3D('',#11066,#8898,#8899);
#7544=AXIS2_PLACEMENT_3D('',#11067,#8900,#8901);
#7545=AXIS2_PLACEMENT_3D('',#11068,#8902,#8903);
#7546=AXIS2_PLACEMENT_3D('',#11071,#8906,#8907);
#7547=AXIS2_PLACEMENT_3D('',#11072,#8908,#8909);
#7548=AXIS2_PLACEMENT_3D('',#11073,#8910,#8911);
#7549=AXIS2_PLACEMENT_3D('',#11076,#8914,#8915);
#7550=AXIS2_PLACEMENT_3D('',#11077,#8916,#8917);
#7551=AXIS2_PLACEMENT_3D('',#11078,#8918,#8919);
#7552=AXIS2_PLACEMENT_3D('',#11081,#8922,#8923);
#7553=AXIS2_PLACEMENT_3D('',#11082,#8924,#8925);
#7554=AXIS2_PLACEMENT_3D('',#11083,#8926,#8927);
#7555=AXIS2_PLACEMENT_3D('',#11086,#8930,#8931);
#7556=AXIS2_PLACEMENT_3D('',#11087,#8932,#8933);
#7557=AXIS2_PLACEMENT_3D('',#11088,#8934,#8935);
#7558=AXIS2_PLACEMENT_3D('',#11089,#8936,#8937);
#7559=AXIS2_PLACEMENT_3D('',#11090,#8938,#8939);
#7560=AXIS2_PLACEMENT_3D('',#11092,#8941,#8942);
#7561=AXIS2_PLACEMENT_3D('',#11094,#8944,#8945);
#7562=AXIS2_PLACEMENT_3D('',#11096,#8947,#8948);
#7563=AXIS2_PLACEMENT_3D('',#11098,#8950,#8951);
#7564=AXIS2_PLACEMENT_3D('',#11100,#8953,#8954);
#7565=AXIS2_PLACEMENT_3D('',#11102,#8956,#8957);
#7566=AXIS2_PLACEMENT_3D('',#11104,#8959,#8960);
#7567=AXIS2_PLACEMENT_3D('',#11106,#8962,#8963);
#7568=AXIS2_PLACEMENT_3D('',#11108,#8965,#8966);
#7569=AXIS2_PLACEMENT_3D('',#11110,#8968,#8969);
#7570=AXIS2_PLACEMENT_3D('',#11112,#8971,#8972);
#7571=AXIS2_PLACEMENT_3D('',#11114,#8974,#8975);
#7572=AXIS2_PLACEMENT_3D('',#11116,#8977,#8978);
#7573=AXIS2_PLACEMENT_3D('',#11121,#8979,#8980);
#7574=AXIS2_PLACEMENT_3D('',#11122,#8981,#8982);
#7575=AXIS2_PLACEMENT_3D('',#11124,#8984,#8985);
#7576=AXIS2_PLACEMENT_3D('',#11126,#8987,#8988);
#7577=AXIS2_PLACEMENT_3D('',#11127,#8989,#8990);
#7578=AXIS2_PLACEMENT_3D('',#11129,#8992,#8993);
#7579=AXIS2_PLACEMENT_3D('',#11131,#8995,#8996);
#7580=AXIS2_PLACEMENT_3D('',#11133,#8998,#8999);
#7581=AXIS2_PLACEMENT_3D('',#11135,#9001,#9002);
#7582=AXIS2_PLACEMENT_3D('',#11137,#9004,#9005);
#7583=AXIS2_PLACEMENT_3D('',#11139,#9007,#9008);
#7584=AXIS2_PLACEMENT_3D('',#11141,#9010,#9011);
#7585=AXIS2_PLACEMENT_3D('',#11143,#9013,#9014);
#7586=AXIS2_PLACEMENT_3D('',#11145,#9016,#9017);
#7587=AXIS2_PLACEMENT_3D('',#11147,#9019,#9020);
#7588=AXIS2_PLACEMENT_3D('',#11149,#9022,#9023);
#7589=AXIS2_PLACEMENT_3D('',#11151,#9025,#9026);
#7590=AXIS2_PLACEMENT_3D('',#11153,#9028,#9029);
#7591=AXIS2_PLACEMENT_3D('',#11155,#9031,#9032);
#7592=AXIS2_PLACEMENT_3D('',#11157,#9034,#9035);
#7593=AXIS2_PLACEMENT_3D('',#11158,#9036,#9037);
#7594=AXIS2_PLACEMENT_3D('',#11167,#9042,#9043);
#7595=AXIS2_PLACEMENT_3D('',#11168,#9044,#9045);
#7596=AXIS2_PLACEMENT_3D('',#11173,#9047,#9048);
#7597=AXIS2_PLACEMENT_3D('',#11176,#9050,#9051);
#7598=AXIS2_PLACEMENT_3D('',#11185,#9057,#9058);
#7599=AXIS2_PLACEMENT_3D('',#11198,#9065,#9066);
#7600=AXIS2_PLACEMENT_3D('',#11202,#9068,#9069);
#7601=AXIS2_PLACEMENT_3D('',#11206,#9071,#9072);
#7602=AXIS2_PLACEMENT_3D('',#11210,#9074,#9075);
#7603=AXIS2_PLACEMENT_3D('',#11211,#9076,#9077);
#7604=AXIS2_PLACEMENT_3D('',#11225,#9085,#9086);
#7605=AXIS2_PLACEMENT_3D('',#11234,#9091,#9092);
#7606=AXIS2_PLACEMENT_3D('',#11243,#9097,#9098);
#7607=AXIS2_PLACEMENT_3D('',#11249,#9102,#9103);
#7608=AXIS2_PLACEMENT_3D('',#11258,#9108,#9109);
#7609=AXIS2_PLACEMENT_3D('',#11267,#9114,#9115);
#7610=AXIS2_PLACEMENT_3D('',#11276,#9120,#9121);
#7611=AXIS2_PLACEMENT_3D('',#11286,#9127,#9128);
#7612=AXIS2_PLACEMENT_3D('',#11292,#9132,#9133);
#7613=AXIS2_PLACEMENT_3D('',#11296,#9135,#9136);
#7614=AXIS2_PLACEMENT_3D('',#11300,#9138,#9139);
#7615=AXIS2_PLACEMENT_3D('',#11301,#9140,#9141);
#7616=AXIS2_PLACEMENT_3D('',#11305,#9143,#9144);
#7617=AXIS2_PLACEMENT_3D('',#11306,#9145,#9146);
#7618=AXIS2_PLACEMENT_3D('',#11307,#9147,#9148);
#7619=AXIS2_PLACEMENT_3D('',#11311,#9150,#9151);
#7620=AXIS2_PLACEMENT_3D('',#11312,#9152,#9153);
#7621=AXIS2_PLACEMENT_3D('',#11313,#9154,#9155);
#7622=AXIS2_PLACEMENT_3D('',#11319,#9159,#9160);
#7623=AXIS2_PLACEMENT_3D('',#11328,#9165,#9166);
#7624=AXIS2_PLACEMENT_3D('',#11332,#9168,#9169);
#7625=AXIS2_PLACEMENT_3D('',#11333,#9170,#9171);
#7626=AXIS2_PLACEMENT_3D('',#11334,#9172,#9173);
#7627=AXIS2_PLACEMENT_3D('',#11338,#9175,#9176);
#7628=AXIS2_PLACEMENT_3D('',#11339,#9177,#9178);
#7629=AXIS2_PLACEMENT_3D('',#11340,#9179,#9180);
#7630=AXIS2_PLACEMENT_3D('',#11344,#9182,#9183);
#7631=AXIS2_PLACEMENT_3D('',#11345,#9184,#9185);
#7632=AXIS2_PLACEMENT_3D('',#11346,#9186,#9187);
#7633=AXIS2_PLACEMENT_3D('',#11355,#9192,#9193);
#7634=AXIS2_PLACEMENT_3D('',#11359,#9195,#9196);
#7635=AXIS2_PLACEMENT_3D('',#11363,#9198,#9199);
#7636=AXIS2_PLACEMENT_3D('',#11367,#9201,#9202);
#7637=AXIS2_PLACEMENT_3D('',#11371,#9204,#9205);
#7638=AXIS2_PLACEMENT_3D('',#11375,#9207,#9208);
#7639=AXIS2_PLACEMENT_3D('',#11379,#9210,#9211);
#7640=AXIS2_PLACEMENT_3D('',#11383,#9213,#9214);
#7641=AXIS2_PLACEMENT_3D('',#11387,#9216,#9217);
#7642=AXIS2_PLACEMENT_3D('',#11388,#9218,#9219);
#7643=AXIS2_PLACEMENT_3D('',#11390,#9220,#9221);
#7644=AXIS2_PLACEMENT_3D('',#11392,#9222,#9223);
#7645=AXIS2_PLACEMENT_3D('',#11394,#9224,#9225);
#7646=AXIS2_PLACEMENT_3D('',#11398,#9227,#9228);
#7647=AXIS2_PLACEMENT_3D('',#11399,#9229,#9230);
#7648=AXIS2_PLACEMENT_3D('',#11400,#9231,#9232);
#7649=AXIS2_PLACEMENT_3D('',#11405,#9235,#9236);
#7650=AXIS2_PLACEMENT_3D('',#11409,#9238,#9239);
#7651=AXIS2_PLACEMENT_3D('',#11411,#9240,#9241);
#7652=AXIS2_PLACEMENT_3D('',#11413,#9242,#9243);
#7653=AXIS2_PLACEMENT_3D('',#11415,#9244,#9245);
#7654=AXIS2_PLACEMENT_3D('',#11419,#9247,#9248);
#7655=AXIS2_PLACEMENT_3D('',#11423,#9250,#9251);
#7656=AXIS2_PLACEMENT_3D('',#11425,#9252,#9253);
#7657=AXIS2_PLACEMENT_3D('',#11427,#9254,#9255);
#7658=AXIS2_PLACEMENT_3D('',#11429,#9256,#9257);
#7659=AXIS2_PLACEMENT_3D('',#11440,#9264,#9265);
#7660=AXIS2_PLACEMENT_3D('',#11441,#9266,#9267);
#7661=AXIS2_PLACEMENT_3D('',#11442,#9268,#9269);
#7662=AXIS2_PLACEMENT_3D('',#11443,#9270,#9271);
#7663=AXIS2_PLACEMENT_3D('',#11444,#9272,#9273);
#7664=AXIS2_PLACEMENT_3D('',#11446,#9274,#9275);
#7665=AXIS2_PLACEMENT_3D('',#11448,#9276,#9277);
#7666=AXIS2_PLACEMENT_3D('',#11453,#9279,#9280);
#7667=AXIS2_PLACEMENT_3D('',#11456,#9282,#9283);
#7668=AXIS2_PLACEMENT_3D('',#11461,#9285,#9286);
#7669=AXIS2_PLACEMENT_3D('',#11464,#9288,#9289);
#7670=AXIS2_PLACEMENT_3D('',#11469,#9291,#9292);
#7671=AXIS2_PLACEMENT_3D('',#11472,#9294,#9295);
#7672=AXIS2_PLACEMENT_3D('',#11477,#9297,#9298);
#7673=AXIS2_PLACEMENT_3D('',#11483,#9301,#9302);
#7674=AXIS2_PLACEMENT_3D('',#11486,#9304,#9305);
#7675=AXIS2_PLACEMENT_3D('',#11487,#9306,#9307);
#7676=AXIS2_PLACEMENT_3D('',#11488,#9308,#9309);
#7677=AXIS2_PLACEMENT_3D('',#11491,#9311,#9312);
#7678=AXIS2_PLACEMENT_3D('',#11495,#9314,#9315);
#7679=AXIS2_PLACEMENT_3D('',#11497,#9316,#9317);
#7680=AXIS2_PLACEMENT_3D('',#11499,#9318,#9319);
#7681=AXIS2_PLACEMENT_3D('',#11501,#9320,#9321);
#7682=AXIS2_PLACEMENT_3D('',#11505,#9323,#9324);
#7683=AXIS2_PLACEMENT_3D('',#11509,#9326,#9327);
#7684=AXIS2_PLACEMENT_3D('',#11511,#9328,#9329);
#7685=AXIS2_PLACEMENT_3D('',#11513,#9330,#9331);
#7686=AXIS2_PLACEMENT_3D('',#11515,#9332,#9333);
#7687=AXIS2_PLACEMENT_3D('',#11516,#9334,#9335);
#7688=AXIS2_PLACEMENT_3D('',#11517,#9336,#9337);
#7689=AXIS2_PLACEMENT_3D('',#11518,#9338,#9339);
#7690=AXIS2_PLACEMENT_3D('',#11519,#9340,#9341);
#7691=AXIS2_PLACEMENT_3D('',#11520,#9342,#9343);
#7692=AXIS2_PLACEMENT_3D('',#11521,#9344,#9345);
#7693=AXIS2_PLACEMENT_3D('',#11522,#9346,#9347);
#7694=AXIS2_PLACEMENT_3D('',#11523,#9348,#9349);
#7695=AXIS2_PLACEMENT_3D('',#11524,#9350,#9351);
#7696=AXIS2_PLACEMENT_3D('',#11525,#9352,#9353);
#7697=AXIS2_PLACEMENT_3D('',#11526,#9354,#9355);
#7698=AXIS2_PLACEMENT_3D('',#11527,#9356,#9357);
#7699=AXIS2_PLACEMENT_3D('',#11528,#9358,#9359);
#7700=AXIS2_PLACEMENT_3D('',#11529,#9360,#9361);
#7701=AXIS2_PLACEMENT_3D('',#11530,#9362,#9363);
#7702=AXIS2_PLACEMENT_3D('',#11531,#9364,#9365);
#7703=AXIS2_PLACEMENT_3D('',#11532,#9366,#9367);
#7704=AXIS2_PLACEMENT_3D('',#11533,#9368,#9369);
#7705=AXIS2_PLACEMENT_3D('',#11534,#9370,#9371);
#7706=AXIS2_PLACEMENT_3D('',#11535,#9372,#9373);
#7707=AXIS2_PLACEMENT_3D('',#11538,#9376,#9377);
#7708=AXIS2_PLACEMENT_3D('',#11541,#9380,#9381);
#7709=AXIS2_PLACEMENT_3D('',#11544,#9384,#9385);
#7710=AXIS2_PLACEMENT_3D('',#11547,#9388,#9389);
#7711=AXIS2_PLACEMENT_3D('',#11548,#9390,#9391);
#7712=AXIS2_PLACEMENT_3D('',#11551,#9394,#9395);
#7713=AXIS2_PLACEMENT_3D('',#11557,#9397,#9398);
#7714=AXIS2_PLACEMENT_3D('',#11558,#9399,#9400);
#7715=AXIS2_PLACEMENT_3D('',#11563,#9403,#9404);
#7716=AXIS2_PLACEMENT_3D('',#11567,#9407,#9408);
#7717=AXIS2_PLACEMENT_3D('',#11569,#9410,#9411);
#7718=AXIS2_PLACEMENT_3D('',#11570,#9412,#9413);
#7719=AXIS2_PLACEMENT_3D('',#11571,#9414,#9415);
#7720=AXIS2_PLACEMENT_3D('',#11573,#9417,#9418);
#7721=AXIS2_PLACEMENT_3D('',#11574,#9419,#9420);
#7722=AXIS2_PLACEMENT_3D('',#11575,#9421,#9422);
#7723=AXIS2_PLACEMENT_3D('',#11578,#9425,#9426);
#7724=AXIS2_PLACEMENT_3D('',#11579,#9427,#9428);
#7725=AXIS2_PLACEMENT_3D('',#11580,#9429,#9430);
#7726=AXIS2_PLACEMENT_3D('',#11583,#9433,#9434);
#7727=AXIS2_PLACEMENT_3D('',#11584,#9435,#9436);
#7728=AXIS2_PLACEMENT_3D('',#11585,#9437,#9438);
#7729=AXIS2_PLACEMENT_3D('',#11588,#9441,#9442);
#7730=AXIS2_PLACEMENT_3D('',#11589,#9443,#9444);
#7731=AXIS2_PLACEMENT_3D('',#11590,#9445,#9446);
#7732=AXIS2_PLACEMENT_3D('',#11593,#9449,#9450);
#7733=AXIS2_PLACEMENT_3D('',#11594,#9451,#9452);
#7734=AXIS2_PLACEMENT_3D('',#11595,#9453,#9454);
#7735=AXIS2_PLACEMENT_3D('',#11596,#9455,#9456);
#7736=AXIS2_PLACEMENT_3D('',#11597,#9457,#9458);
#7737=AXIS2_PLACEMENT_3D('',#11599,#9460,#9461);
#7738=AXIS2_PLACEMENT_3D('',#11601,#9463,#9464);
#7739=AXIS2_PLACEMENT_3D('',#11603,#9466,#9467);
#7740=AXIS2_PLACEMENT_3D('',#11605,#9469,#9470);
#7741=AXIS2_PLACEMENT_3D('',#11607,#9472,#9473);
#7742=AXIS2_PLACEMENT_3D('',#11609,#9475,#9476);
#7743=AXIS2_PLACEMENT_3D('',#11611,#9478,#9479);
#7744=AXIS2_PLACEMENT_3D('',#11613,#9481,#9482);
#7745=AXIS2_PLACEMENT_3D('',#11615,#9484,#9485);
#7746=AXIS2_PLACEMENT_3D('',#11617,#9487,#9488);
#7747=AXIS2_PLACEMENT_3D('',#11619,#9490,#9491);
#7748=AXIS2_PLACEMENT_3D('',#11621,#9493,#9494);
#7749=AXIS2_PLACEMENT_3D('',#11623,#9496,#9497);
#7750=AXIS2_PLACEMENT_3D('',#11628,#9498,#9499);
#7751=AXIS2_PLACEMENT_3D('',#11629,#9500,#9501);
#7752=AXIS2_PLACEMENT_3D('',#11631,#9503,#9504);
#7753=AXIS2_PLACEMENT_3D('',#11633,#9506,#9507);
#7754=AXIS2_PLACEMENT_3D('',#11635,#9509,#9510);
#7755=AXIS2_PLACEMENT_3D('',#11637,#9512,#9513);
#7756=AXIS2_PLACEMENT_3D('',#11639,#9515,#9516);
#7757=AXIS2_PLACEMENT_3D('',#11641,#9518,#9519);
#7758=AXIS2_PLACEMENT_3D('',#11643,#9521,#9522);
#7759=AXIS2_PLACEMENT_3D('',#11645,#9524,#9525);
#7760=AXIS2_PLACEMENT_3D('',#11647,#9527,#9528);
#7761=AXIS2_PLACEMENT_3D('',#11649,#9530,#9531);
#7762=AXIS2_PLACEMENT_3D('',#11651,#9533,#9534);
#7763=AXIS2_PLACEMENT_3D('',#11653,#9536,#9537);
#7764=AXIS2_PLACEMENT_3D('',#11655,#9539,#9540);
#7765=AXIS2_PLACEMENT_3D('',#11657,#9542,#9543);
#7766=AXIS2_PLACEMENT_3D('',#11659,#9545,#9546);
#7767=AXIS2_PLACEMENT_3D('',#11660,#9547,#9548);
#7768=AXIS2_PLACEMENT_3D('',#11662,#9550,#9551);
#7769=AXIS2_PLACEMENT_3D('',#11664,#9553,#9554);
#7770=AXIS2_PLACEMENT_3D('',#11665,#9555,#9556);
#7771=AXIS2_PLACEMENT_3D('',#11671,#9559,#9560);
#7772=AXIS2_PLACEMENT_3D('',#11679,#9564,#9565);
#7773=AXIS2_PLACEMENT_3D('',#11683,#9567,#9568);
#7774=AXIS2_PLACEMENT_3D('',#11687,#9570,#9571);
#7775=AXIS2_PLACEMENT_3D('',#11693,#9574,#9575);
#7776=AXIS2_PLACEMENT_3D('',#11697,#9577,#9578);
#7777=AXIS2_PLACEMENT_3D('',#11701,#9580,#9581);
#7778=AXIS2_PLACEMENT_3D('',#11703,#9582,#9583);
#7779=AXIS2_PLACEMENT_3D('',#11705,#9584,#9585);
#7780=AXIS2_PLACEMENT_3D('',#11707,#9586,#9587);
#7781=AXIS2_PLACEMENT_3D('',#11711,#9589,#9590);
#7782=AXIS2_PLACEMENT_3D('',#11715,#9592,#9593);
#7783=AXIS2_PLACEMENT_3D('',#11717,#9594,#9595);
#7784=AXIS2_PLACEMENT_3D('',#11719,#9596,#9597);
#7785=AXIS2_PLACEMENT_3D('',#11721,#9598,#9599);
#7786=AXIS2_PLACEMENT_3D('',#11731,#9604,#9605);
#7787=AXIS2_PLACEMENT_3D('',#11734,#9607,#9608);
#7788=AXIS2_PLACEMENT_3D('',#11739,#9610,#9611);
#7789=AXIS2_PLACEMENT_3D('',#11743,#9613,#9614);
#7790=AXIS2_PLACEMENT_3D('',#11744,#9615,#9616);
#7791=AXIS2_PLACEMENT_3D('',#11749,#9618,#9619);
#7792=AXIS2_PLACEMENT_3D('',#11755,#9622,#9623);
#7793=AXIS2_PLACEMENT_3D('',#11759,#9625,#9626);
#7794=AXIS2_PLACEMENT_3D('',#11763,#9628,#9629);
#7795=AXIS2_PLACEMENT_3D('',#11764,#9630,#9631);
#7796=AXIS2_PLACEMENT_3D('',#11766,#9632,#9633);
#7797=AXIS2_PLACEMENT_3D('',#11768,#9634,#9635);
#7798=AXIS2_PLACEMENT_3D('',#11770,#9636,#9637);
#7799=AXIS2_PLACEMENT_3D('',#11775,#9639,#9640);
#7800=AXIS2_PLACEMENT_3D('',#11779,#9642,#9643);
#7801=AXIS2_PLACEMENT_3D('',#11783,#9645,#9646);
#7802=AXIS2_PLACEMENT_3D('',#11787,#9648,#9649);
#7803=AXIS2_PLACEMENT_3D('',#11789,#9650,#9651);
#7804=AXIS2_PLACEMENT_3D('',#11790,#9652,#9653);
#7805=AXIS2_PLACEMENT_3D('',#11796,#9656,#9657);
#7806=AXIS2_PLACEMENT_3D('',#11800,#9659,#9660);
#7807=AXIS2_PLACEMENT_3D('',#11802,#9661,#9662);
#7808=AXIS2_PLACEMENT_3D('',#11804,#9663,#9664);
#7809=AXIS2_PLACEMENT_3D('',#11806,#9665,#9666);
#7810=AXIS2_PLACEMENT_3D('',#11810,#9668,#9669);
#7811=AXIS2_PLACEMENT_3D('',#11814,#9671,#9672);
#7812=AXIS2_PLACEMENT_3D('',#11816,#9673,#9674);
#7813=AXIS2_PLACEMENT_3D('',#11818,#9675,#9676);
#7814=AXIS2_PLACEMENT_3D('',#11820,#9677,#9678);
#7815=AXIS2_PLACEMENT_3D('',#11824,#9680,#9681);
#7816=AXIS2_PLACEMENT_3D('',#11832,#9685,#9686);
#7817=AXIS2_PLACEMENT_3D('',#11836,#9688,#9689);
#7818=AXIS2_PLACEMENT_3D('',#11840,#9691,#9692);
#7819=AXIS2_PLACEMENT_3D('',#11843,#9694,#9695);
#7820=AXIS2_PLACEMENT_3D('',#11848,#9697,#9698);
#7821=AXIS2_PLACEMENT_3D('',#11852,#9700,#9701);
#7822=AXIS2_PLACEMENT_3D('',#11856,#9703,#9704);
#7823=AXIS2_PLACEMENT_3D('',#11860,#9706,#9707);
#7824=AXIS2_PLACEMENT_3D('',#11861,#9708,#9709);
#7825=AXIS2_PLACEMENT_3D('',#11863,#9710,#9711);
#7826=AXIS2_PLACEMENT_3D('',#11868,#9713,#9714);
#7827=AXIS2_PLACEMENT_3D('',#11872,#9716,#9717);
#7828=AXIS2_PLACEMENT_3D('',#11876,#9719,#9720);
#7829=AXIS2_PLACEMENT_3D('',#11877,#9721,#9722);
#7830=AXIS2_PLACEMENT_3D('',#11882,#9724,#9725);
#7831=AXIS2_PLACEMENT_3D('',#11886,#9727,#9728);
#7832=AXIS2_PLACEMENT_3D('',#11887,#9729,#9730);
#7833=AXIS2_PLACEMENT_3D('',#11890,#9731,#9732);
#7834=AXIS2_PLACEMENT_3D('',#11894,#9734,#9735);
#7835=AXIS2_PLACEMENT_3D('',#11897,#9737,#9738);
#7836=AXIS2_PLACEMENT_3D('',#11900,#9741,#9742);
#7837=AXIS2_PLACEMENT_3D('',#11903,#9745,#9746);
#7838=AXIS2_PLACEMENT_3D('',#11906,#9749,#9750);
#7839=AXIS2_PLACEMENT_3D('',#11912,#9754,#9755);
#7840=AXIS2_PLACEMENT_3D('',#11921,#9760,#9761);
#7841=AXIS2_PLACEMENT_3D('',#11924,#9763,#9764);
#7842=AXIS2_PLACEMENT_3D('',#11937,#9771,#9772);
#7843=AXIS2_PLACEMENT_3D('',#11944,#9777,#9778);
#7844=AXIS2_PLACEMENT_3D('',#11947,#9781,#9782);
#7845=AXIS2_PLACEMENT_3D('',#11950,#9785,#9786);
#7846=AXIS2_PLACEMENT_3D('',#11959,#9791,#9792);
#7847=AXIS2_PLACEMENT_3D('',#11960,#9793,#9794);
#7848=AXIS2_PLACEMENT_3D('',#11964,#9796,#9797);
#7849=AXIS2_PLACEMENT_3D('',#11965,#9798,#9799);
#7850=AXIS2_PLACEMENT_3D('',#11966,#9800,#9801);
#7851=AXIS2_PLACEMENT_3D('',#11970,#9803,#9804);
#7852=AXIS2_PLACEMENT_3D('',#11971,#9805,#9806);
#7853=AXIS2_PLACEMENT_3D('',#11972,#9807,#9808);
#7854=AXIS2_PLACEMENT_3D('',#11976,#9810,#9811);
#7855=AXIS2_PLACEMENT_3D('',#11977,#9812,#9813);
#7856=AXIS2_PLACEMENT_3D('',#11986,#9818,#9819);
#7857=AXIS2_PLACEMENT_3D('',#11989,#9822,#9823);
#7858=AXIS2_PLACEMENT_3D('',#11992,#9826,#9827);
#7859=AXIS2_PLACEMENT_3D('',#11995,#9830,#9831);
#7860=AXIS2_PLACEMENT_3D('',#12001,#9835,#9836);
#7861=AXIS2_PLACEMENT_3D('',#12007,#9840,#9841);
#7862=AXIS2_PLACEMENT_3D('',#12021,#9849,#9850);
#7863=AXIS2_PLACEMENT_3D('',#12025,#9852,#9853);
#7864=AXIS2_PLACEMENT_3D('',#12029,#9855,#9856);
#7865=AXIS2_PLACEMENT_3D('',#12030,#9857,#9858);
#7866=AXIS2_PLACEMENT_3D('',#12031,#9859,#9860);
#7867=AXIS2_PLACEMENT_3D('',#12035,#9862,#9863);
#7868=AXIS2_PLACEMENT_3D('',#12036,#9864,#9865);
#7869=AXIS2_PLACEMENT_3D('',#12037,#9866,#9867);
#7870=AXIS2_PLACEMENT_3D('',#12041,#9869,#9870);
#7871=AXIS2_PLACEMENT_3D('',#12042,#9871,#9872);
#7872=AXIS2_PLACEMENT_3D('',#12048,#9876,#9877);
#7873=AXIS2_PLACEMENT_3D('',#12051,#9880,#9881);
#7874=AXIS2_PLACEMENT_3D('',#12052,#9882,#9883);
#7875=AXIS2_PLACEMENT_3D('',#12053,#9884,#9885);
#7876=AXIS2_PLACEMENT_3D('',#12054,#9886,#9887);
#7877=AXIS2_PLACEMENT_3D('',#12055,#9888,#9889);
#7878=AXIS2_PLACEMENT_3D('',#12056,#9890,#9891);
#7879=AXIS2_PLACEMENT_3D('',#12057,#9892,#9893);
#7880=AXIS2_PLACEMENT_3D('',#12058,#9894,#9895);
#7881=AXIS2_PLACEMENT_3D('',#12059,#9896,#9897);
#7882=AXIS2_PLACEMENT_3D('',#12060,#9898,#9899);
#7883=AXIS2_PLACEMENT_3D('',#12061,#9900,#9901);
#7884=AXIS2_PLACEMENT_3D('',#12062,#9902,#9903);
#7885=AXIS2_PLACEMENT_3D('',#12063,#9904,#9905);
#7886=AXIS2_PLACEMENT_3D('',#12064,#9906,#9907);
#7887=AXIS2_PLACEMENT_3D('',#12065,#9908,#9909);
#7888=AXIS2_PLACEMENT_3D('',#12066,#9910,#9911);
#7889=AXIS2_PLACEMENT_3D('',#12067,#9912,#9913);
#7890=AXIS2_PLACEMENT_3D('',#12068,#9914,#9915);
#7891=AXIS2_PLACEMENT_3D('',#12069,#9916,#9917);
#7892=AXIS2_PLACEMENT_3D('',#12070,#9918,#9919);
#7893=AXIS2_PLACEMENT_3D('',#12073,#9922,#9923);
#7894=AXIS2_PLACEMENT_3D('',#12074,#9924,#9925);
#7895=AXIS2_PLACEMENT_3D('',#12077,#9928,#9929);
#7896=AXIS2_PLACEMENT_3D('',#12080,#9932,#9933);
#7897=AXIS2_PLACEMENT_3D('',#12083,#9936,#9937);
#7898=AXIS2_PLACEMENT_3D('',#12084,#9938,#9939);
#7899=AXIS2_PLACEMENT_3D('',#12086,#9940,#9941);
#7900=AXIS2_PLACEMENT_3D('',#12089,#9943,#9944);
#7901=AXIS2_PLACEMENT_3D('',#12090,#9945,#9946);
#7902=AXIS2_PLACEMENT_3D('',#12093,#9948,#9949);
#7903=AXIS2_PLACEMENT_3D('',#12098,#9950,#9951);
#7904=AXIS2_PLACEMENT_3D('',#12099,#9952,#9953);
#7905=AXIS2_PLACEMENT_3D('',#12100,#9954,#9955);
#7906=AXIS2_PLACEMENT_3D('',#12101,#9956,#9957);
#7907=AXIS2_PLACEMENT_3D('',#12103,#9959,#9960);
#7908=AXIS2_PLACEMENT_3D('',#12104,#9961,#9962);
#7909=AXIS2_PLACEMENT_3D('',#12107,#9965,#9966);
#7910=AXIS2_PLACEMENT_3D('',#12108,#9967,#9968);
#7911=AXIS2_PLACEMENT_3D('',#12109,#9969,#9970);
#7912=AXIS2_PLACEMENT_3D('',#12112,#9973,#9974);
#7913=AXIS2_PLACEMENT_3D('',#12114,#9976,#9977);
#7914=AXIS2_PLACEMENT_3D('',#12115,#9978,#9979);
#7915=AXIS2_PLACEMENT_3D('',#12116,#9980,#9981);
#7916=AXIS2_PLACEMENT_3D('',#12119,#9984,#9985);
#7917=AXIS2_PLACEMENT_3D('',#12121,#9987,#9988);
#7918=AXIS2_PLACEMENT_3D('',#12122,#9989,#9990);
#7919=AXIS2_PLACEMENT_3D('',#12123,#9991,#9992);
#7920=AXIS2_PLACEMENT_3D('',#12126,#9995,#9996);
#7921=AXIS2_PLACEMENT_3D('',#12128,#9998,#9999);
#7922=AXIS2_PLACEMENT_3D('',#12129,#10000,#10001);
#7923=AXIS2_PLACEMENT_3D('',#12130,#10002,#10003);
#7924=AXIS2_PLACEMENT_3D('',#12131,#10004,#10005);
#7925=AXIS2_PLACEMENT_3D('',#12132,#10006,#10007);
#7926=AXIS2_PLACEMENT_3D('',#12134,#10009,#10010);
#7927=AXIS2_PLACEMENT_3D('',#12136,#10012,#10013);
#7928=AXIS2_PLACEMENT_3D('',#12137,#10014,#10015);
#7929=AXIS2_PLACEMENT_3D('',#12139,#10017,#10018);
#7930=AXIS2_PLACEMENT_3D('',#12141,#10020,#10021);
#7931=AXIS2_PLACEMENT_3D('',#12143,#10023,#10024);
#7932=AXIS2_PLACEMENT_3D('',#12145,#10026,#10027);
#7933=AXIS2_PLACEMENT_3D('',#12147,#10029,#10030);
#7934=AXIS2_PLACEMENT_3D('',#12149,#10032,#10033);
#7935=AXIS2_PLACEMENT_3D('',#12151,#10035,#10036);
#7936=AXIS2_PLACEMENT_3D('',#12153,#10038,#10039);
#7937=AXIS2_PLACEMENT_3D('',#12155,#10041,#10042);
#7938=AXIS2_PLACEMENT_3D('',#12157,#10044,#10045);
#7939=AXIS2_PLACEMENT_3D('',#12159,#10047,#10048);
#7940=AXIS2_PLACEMENT_3D('',#12161,#10050,#10051);
#7941=AXIS2_PLACEMENT_3D('',#12163,#10053,#10054);
#7942=AXIS2_PLACEMENT_3D('',#12165,#10056,#10057);
#7943=AXIS2_PLACEMENT_3D('',#12170,#10058,#10059);
#7944=AXIS2_PLACEMENT_3D('',#12171,#10060,#10061);
#7945=AXIS2_PLACEMENT_3D('',#12173,#10063,#10064);
#7946=AXIS2_PLACEMENT_3D('',#12175,#10066,#10067);
#7947=AXIS2_PLACEMENT_3D('',#12177,#10069,#10070);
#7948=AXIS2_PLACEMENT_3D('',#12179,#10072,#10073);
#7949=AXIS2_PLACEMENT_3D('',#12181,#10075,#10076);
#7950=AXIS2_PLACEMENT_3D('',#12183,#10078,#10079);
#7951=AXIS2_PLACEMENT_3D('',#12185,#10081,#10082);
#7952=AXIS2_PLACEMENT_3D('',#12187,#10084,#10085);
#7953=AXIS2_PLACEMENT_3D('',#12189,#10087,#10088);
#7954=AXIS2_PLACEMENT_3D('',#12191,#10090,#10091);
#7955=AXIS2_PLACEMENT_3D('',#12193,#10093,#10094);
#7956=AXIS2_PLACEMENT_3D('',#12195,#10096,#10097);
#7957=AXIS2_PLACEMENT_3D('',#12197,#10099,#10100);
#7958=AXIS2_PLACEMENT_3D('',#12199,#10102,#10103);
#7959=AXIS2_PLACEMENT_3D('',#12201,#10105,#10106);
#7960=AXIS2_PLACEMENT_3D('',#12203,#10108,#10109);
#7961=AXIS2_PLACEMENT_3D('',#12204,#10110,#10111);
#7962=DIRECTION('',(0.,0.,1.));
#7963=DIRECTION('',(1.,0.,0.));
#7964=DIRECTION('',(0.,0.,1.));
#7965=DIRECTION('',(1.,0.,0.));
#7966=DIRECTION('',(0.,0.,1.));
#7967=DIRECTION('',(-1.,0.,0.));
#7968=DIRECTION('',(-0.00764462716651806,-0.999970779410821,0.));
#7969=DIRECTION('',(0.,0.,1.));
#7970=DIRECTION('',(-0.999999999999998,0.,0.));
#7971=DIRECTION('',(-0.00764462716650851,0.999970779410821,0.));
#7972=DIRECTION('',(0.,0.,1.));
#7973=DIRECTION('',(1.,0.,0.));
#7974=DIRECTION('',(0.00764462716650851,0.999970779410821,0.));
#7975=DIRECTION('',(0.,0.,1.));
#7976=DIRECTION('',(-0.999999999999998,0.,0.));
#7977=DIRECTION('',(0.00764462716651806,-0.999970779410821,0.));
#7978=DIRECTION('',(0.128180206831965,0.991750893408478,0.));
#7979=DIRECTION('',(0.,0.,1.));
#7980=DIRECTION('',(-1.,0.,0.));
#7981=DIRECTION('',(-0.991750893408478,-0.128180206831964,0.));
#7982=DIRECTION('',(0.,0.,1.));
#7983=DIRECTION('',(-1.,0.,0.));
#7984=DIRECTION('',(0.707106781186545,-0.70710678118655,0.));
#7985=DIRECTION('',(0.,0.,1.));
#7986=DIRECTION('',(-1.,0.,0.));
#7987=DIRECTION('',(0.,0.,1.));
#7988=DIRECTION('',(1.,0.,0.));
#7989=DIRECTION('',(0.,0.,1.));
#7990=DIRECTION('',(1.,0.,0.));
#7991=DIRECTION('',(0.,0.,1.));
#7992=DIRECTION('',(1.,0.,0.));
#7993=DIRECTION('',(0.,1.,0.));
#7994=DIRECTION('',(0.,0.,1.));
#7995=DIRECTION('',(-1.,0.,0.));
#7996=DIRECTION('',(-1.,0.,0.));
#7997=DIRECTION('',(0.,-1.,0.));
#7998=DIRECTION('',(0.,0.,-1.));
#7999=DIRECTION('',(-1.,0.,0.));
#8000=DIRECTION('',(-0.707106781186548,-0.707106781186547,0.));
#8001=DIRECTION('',(0.,0.,1.));
#8002=DIRECTION('',(-1.,0.,0.));
#8003=DIRECTION('',(0.707106781186547,0.707106781186548,0.));
#8004=DIRECTION('',(0.,0.,-1.));
#8005=DIRECTION('',(-1.,0.,0.));
#8006=DIRECTION('',(1.,-2.18783996989252E-016,0.));
#8007=DIRECTION('',(1.70620017069566E-016,-1.,0.));
#8008=DIRECTION('',(-1.,0.,0.));
#8009=DIRECTION('',(0.,0.,1.));
#8010=DIRECTION('',(-1.,0.,0.));
#8011=DIRECTION('',(-0.58460254023274,-0.811319832096706,0.));
#8012=DIRECTION('',(0.,1.,0.));
#8013=DIRECTION('',(-1.,0.,0.));
#8014=DIRECTION('',(0.,0.,-1.));
#8015=DIRECTION('',(1.,0.,0.));
#8016=DIRECTION('',(-1.,0.,0.));
#8017=DIRECTION('',(0.,1.,0.));
#8018=DIRECTION('',(1.,0.,0.));
#8019=DIRECTION('',(-0.58460254023274,-0.811319832096706,0.));
#8020=DIRECTION('',(0.,0.,1.));
#8021=DIRECTION('',(-1.,0.,0.));
#8022=DIRECTION('',(0.,0.,-1.));
#8023=DIRECTION('',(-0.999999999999999,0.,0.));
#8024=DIRECTION('',(0.,0.,1.));
#8025=DIRECTION('',(-1.,0.,0.));
#8026=DIRECTION('',(0.,0.,-1.));
#8027=DIRECTION('',(-1.,0.,0.));
#8028=DIRECTION('',(-0.991750893408478,-0.128180206831966,0.));
#8029=DIRECTION('',(0.,0.,-1.));
#8030=DIRECTION('',(-1.,0.,0.));
#8031=DIRECTION('',(0.128180206831964,0.991750893408478,0.));
#8032=DIRECTION('',(0.,0.,-1.));
#8033=DIRECTION('',(-1.,0.,0.));
#8034=DIRECTION('',(0.,0.,1.));
#8035=DIRECTION('',(-1.,0.,0.));
#8036=DIRECTION('',(0.,0.,-1.));
#8037=DIRECTION('',(-0.999999999999999,0.,0.));
#8038=DIRECTION('',(0.,0.,1.));
#8039=DIRECTION('',(-1.,0.,0.));
#8040=DIRECTION('',(0.542518702070267,0.840043723804894,0.));
#8041=DIRECTION('',(0.,0.,1.));
#8042=DIRECTION('',(-1.,0.,0.));
#8043=DIRECTION('',(0.,0.,1.));
#8044=DIRECTION('',(1.,0.,0.));
#8045=DIRECTION('',(0.,0.,1.));
#8046=DIRECTION('',(-1.,0.,0.));
#8047=DIRECTION('',(0.999970779410821,-0.00764462716649889,0.));
#8048=DIRECTION('',(0.,0.,1.));
#8049=DIRECTION('',(-0.999999999999998,0.,0.));
#8050=DIRECTION('',(-0.999970779410821,-0.00764462716653709,0.));
#8051=DIRECTION('',(0.999970779410821,0.00764462716649896,0.));
#8052=DIRECTION('',(0.,0.,1.));
#8053=DIRECTION('',(-1.,0.,0.));
#8054=DIRECTION('',(0.,0.,1.));
#8055=DIRECTION('',(1.,0.,0.));
#8056=DIRECTION('',(-0.999970779410821,0.00764462716653709,0.));
#8057=DIRECTION('',(0.,0.,1.));
#8058=DIRECTION('',(-0.999999999999998,0.,0.));
#8059=DIRECTION('',(0.,0.,-1.));
#8060=DIRECTION('',(-1.,0.,0.));
#8061=DIRECTION('',(0.,0.,1.));
#8062=DIRECTION('',(-1.,0.,0.));
#8063=DIRECTION('',(0.,0.,-1.));
#8064=DIRECTION('',(-1.,0.,0.));
#8065=DIRECTION('',(-0.00764462716650851,0.999970779410821,0.));
#8066=DIRECTION('',(0.,0.,1.));
#8067=DIRECTION('',(-0.999999999999998,0.,0.));
#8068=DIRECTION('',(-0.00764462716651806,-0.999970779410821,0.));
#8069=DIRECTION('',(0.00764462716650851,0.999970779410821,0.));
#8070=DIRECTION('',(0.,0.,-1.));
#8071=DIRECTION('',(-1.,0.,0.));
#8072=DIRECTION('',(0.00764462716651806,-0.999970779410821,0.));
#8073=DIRECTION('',(0.,0.,1.));
#8074=DIRECTION('',(-0.999999999999998,0.,0.));
#8075=DIRECTION('',(0.,0.,-1.));
#8076=DIRECTION('',(-1.,0.,0.));
#8077=DIRECTION('',(0.,0.,-1.));
#8078=DIRECTION('',(-1.,0.,0.));
#8079=DIRECTION('',(0.,0.,-1.));
#8080=DIRECTION('',(-1.,0.,0.));
#8081=DIRECTION('',(1.,0.,0.));
#8082=DIRECTION('',(1.70620017069566E-016,-1.,0.));
#8083=DIRECTION('',(1.,-2.18783996989252E-016,0.));
#8084=DIRECTION('',(0.,0.,1.));
#8085=DIRECTION('',(-1.,0.,0.));
#8086=DIRECTION('',(0.707106781186547,0.707106781186548,0.));
#8087=DIRECTION('',(0.,0.,-1.));
#8088=DIRECTION('',(-1.,0.,0.));
#8089=DIRECTION('',(-0.707106781186548,-0.707106781186547,0.));
#8090=DIRECTION('',(0.,0.,1.));
#8091=DIRECTION('',(-1.,0.,0.));
#8092=DIRECTION('',(0.,-1.,0.));
#8093=DIRECTION('',(-1.,0.,0.));
#8094=DIRECTION('',(0.,-1.,0.));
#8095=DIRECTION('',(0.,0.,-1.));
#8096=DIRECTION('',(-1.,0.,0.));
#8097=DIRECTION('',(-0.542518702070267,-0.840043723804894,0.));
#8098=DIRECTION('',(0.,0.,-1.));
#8099=DIRECTION('',(-1.,0.,0.));
#8100=DIRECTION('',(0.,0.,1.));
#8101=DIRECTION('',(-1.,0.,0.));
#8102=DIRECTION('',(0.,0.,-1.));
#8103=DIRECTION('',(-1.,0.,0.));
#8104=DIRECTION('',(0.,0.,1.));
#8105=DIRECTION('',(-0.999999999999999,0.,0.));
#8106=DIRECTION('',(-0.128180206831964,-0.991750893408478,0.));
#8107=DIRECTION('',(0.,0.,1.));
#8108=DIRECTION('',(-1.,0.,0.));
#8109=DIRECTION('',(0.991750893408478,0.128180206831966,0.));
#8110=DIRECTION('',(0.,0.,1.));
#8111=DIRECTION('',(-0.999999999999999,0.,0.));
#8112=DIRECTION('',(0.,0.,-1.));
#8113=DIRECTION('',(-1.,0.,0.));
#8114=DIRECTION('',(0.,0.,1.));
#8115=DIRECTION('',(-0.999999999999999,0.,0.));
#8116=DIRECTION('',(0.,0.,-1.));
#8117=DIRECTION('',(-1.,0.,0.));
#8118=DIRECTION('',(0.58460254023274,0.811319832096706,0.));
#8119=DIRECTION('',(-0.991750893408478,-0.128180206831964,0.));
#8120=DIRECTION('',(0.,0.,-1.));
#8121=DIRECTION('',(-1.,0.,0.));
#8122=DIRECTION('',(0.128180206831965,0.991750893408478,0.));
#8123=DIRECTION('',(0.,0.,-1.));
#8124=DIRECTION('',(-1.,0.,0.));
#8125=DIRECTION('',(0.707106781186545,-0.70710678118655,0.));
#8126=DIRECTION('',(0.,0.,-1.));
#8127=DIRECTION('',(-1.,0.,0.));
#8128=DIRECTION('',(0.,0.,1.));
#8129=DIRECTION('',(-1.,0.,0.));
#8130=DIRECTION('',(0.,0.,-1.));
#8131=DIRECTION('',(-1.,0.,0.));
#8132=DIRECTION('',(-0.999970779410821,-0.00764462716653709,0.));
#8133=DIRECTION('',(0.,0.,1.));
#8134=DIRECTION('',(-0.999999999999998,0.,0.));
#8135=DIRECTION('',(0.999970779410821,-0.00764462716649889,0.));
#8136=DIRECTION('',(0.,0.,1.));
#8137=DIRECTION('',(-1.,0.,0.));
#8138=DIRECTION('',(0.999970779410821,0.00764462716649896,0.));
#8139=DIRECTION('',(0.,0.,1.));
#8140=DIRECTION('',(-0.999999999999998,0.,0.));
#8141=DIRECTION('',(-0.999970779410821,0.00764462716653709,0.));
#8142=DIRECTION('',(0.,0.,-1.));
#8143=DIRECTION('',(-1.,0.,0.));
#8144=DIRECTION('',(0.,0.,-1.));
#8145=DIRECTION('',(-1.,0.,0.));
#8146=DIRECTION('',(0.,0.,-1.));
#8147=DIRECTION('',(0.,0.,1.));
#8148=DIRECTION('',(0.,0.,1.));
#8149=DIRECTION('',(1.,0.,0.));
#8150=DIRECTION('',(0.,0.,1.));
#8151=DIRECTION('',(0.,0.,-1.));
#8152=DIRECTION('',(0.,0.,1.));
#8153=DIRECTION('',(1.,0.,0.));
#8154=DIRECTION('',(0.,0.,1.));
#8155=DIRECTION('',(0.,0.,-1.));
#8156=DIRECTION('',(0.,0.,1.));
#8157=DIRECTION('',(1.,0.,0.));
#8158=DIRECTION('',(0.,0.,-1.));
#8159=DIRECTION('',(0.,1.,0.));
#8160=DIRECTION('',(0.,0.,-1.));
#8161=DIRECTION('',(-1.,0.,0.));
#8162=DIRECTION('',(0.,0.,1.));
#8163=DIRECTION('',(-1.,0.,0.));
#8164=DIRECTION('',(0.,0.,-1.));
#8165=DIRECTION('',(1.,0.,0.));
#8166=DIRECTION('',(-1.,0.,0.));
#8167=DIRECTION('',(0.,1.,0.));
#8168=DIRECTION('',(-0.58460254023274,-0.811319832096707,0.));
#8169=DIRECTION('',(1.,0.,0.));
#8170=DIRECTION('',(0.,0.,-1.));
#8171=DIRECTION('',(-1.,0.,0.));
#8172=DIRECTION('',(0.,0.,-1.));
#8173=DIRECTION('',(0.,-1.,0.));
#8174=DIRECTION('',(0.,0.,1.));
#8175=DIRECTION('',(0.,1.,0.));
#8176=DIRECTION('',(0.,0.,-1.));
#8177=DIRECTION('',(0.,1.,0.));
#8178=DIRECTION('',(-1.,0.,0.));
#8179=DIRECTION('',(0.,0.,1.));
#8180=DIRECTION('',(0.,0.,-1.));
#8181=DIRECTION('',(0.,0.,-1.));
#8182=DIRECTION('',(0.,-1.,0.));
#8183=DIRECTION('',(0.,0.,1.));
#8184=DIRECTION('',(1.,0.,0.));
#8185=DIRECTION('',(0.,0.,-1.));
#8186=DIRECTION('',(0.,0.,1.));
#8187=DIRECTION('',(0.,0.,-1.));
#8188=DIRECTION('',(-0.991750893408478,0.128180206831965,0.));
#8189=DIRECTION('',(-0.128180206831965,-0.991750893408478,0.));
#8190=DIRECTION('',(0.,0.,-1.));
#8191=DIRECTION('',(0.,0.,1.));
#8192=DIRECTION('',(0.128180206831964,-0.991750893408478,0.));
#8193=DIRECTION('',(0.991750893408478,0.128180206831964,0.));
#8194=DIRECTION('',(0.,0.,-1.));
#8195=DIRECTION('',(-0.128180206831964,-0.991750893408478,0.));
#8196=DIRECTION('',(0.,0.,1.));
#8197=DIRECTION('',(0.128180206831964,0.991750893408478,0.));
#8198=DIRECTION('',(-0.991750893408478,0.128180206831964,0.));
#8199=DIRECTION('',(-0.128180206831964,-0.991750893408478,0.));
#8200=DIRECTION('',(0.,0.,-1.));
#8201=DIRECTION('',(0.,0.,1.));
#8202=DIRECTION('',(-1.,0.,0.));
#8203=DIRECTION('',(0.,0.,-1.));
#8204=DIRECTION('',(-1.,0.,0.));
#8205=DIRECTION('',(0.,0.,-1.));
#8206=DIRECTION('',(-1.,0.,0.));
#8207=DIRECTION('',(0.,0.,-1.));
#8208=DIRECTION('',(0.,0.,-1.));
#8209=DIRECTION('',(-0.999999999999999,0.,0.));
#8210=DIRECTION('',(0.,0.,1.));
#8211=DIRECTION('',(-0.999999999999999,0.,0.));
#8212=DIRECTION('',(0.,0.,-1.));
#8213=DIRECTION('',(-0.999999999999999,0.,0.));
#8214=DIRECTION('',(0.,0.,-1.));
#8215=DIRECTION('',(0.,0.,1.));
#8216=DIRECTION('',(-1.,0.,0.));
#8217=DIRECTION('',(0.,0.,-1.));
#8218=DIRECTION('',(-1.,0.,0.));
#8219=DIRECTION('',(0.,0.,-1.));
#8220=DIRECTION('',(-1.,0.,0.));
#8221=DIRECTION('',(0.,0.,-1.));
#8222=DIRECTION('',(-0.542518702070267,-0.840043723804894,0.));
#8223=DIRECTION('',(0.,0.,1.));
#8224=DIRECTION('',(0.542518702070267,0.840043723804894,0.));
#8225=DIRECTION('',(-0.840043723804894,0.542518702070267,0.));
#8226=DIRECTION('',(-0.542518702070267,-0.840043723804894,0.));
#8227=DIRECTION('',(0.,0.,1.));
#8228=DIRECTION('',(0.,0.,-1.));
#8229=DIRECTION('',(0.707106781186547,-0.707106781186548,0.));
#8230=DIRECTION('',(0.707106781186548,0.707106781186547,0.));
#8231=DIRECTION('',(0.,0.,-1.));
#8232=DIRECTION('',(0.,0.,1.));
#8233=DIRECTION('',(-0.707106781186548,0.707106781186547,0.));
#8234=DIRECTION('',(-0.707106781186547,-0.707106781186548,0.));
#8235=DIRECTION('',(0.,0.,1.));
#8236=DIRECTION('',(0.,0.,-1.));
#8237=DIRECTION('',(2.18783996989252E-016,1.,0.));
#8238=DIRECTION('',(-1.,2.18575157973078E-016,0.));
#8239=DIRECTION('',(0.,0.,-1.));
#8240=DIRECTION('',(-1.20646571076055E-016,0.707106781186549,-0.707106781186546));
#8241=DIRECTION('',(1.20646571076055E-016,-0.707106781186549,-0.707106781186546));
#8242=DIRECTION('',(1.,1.70620017069566E-016,0.));
#8243=DIRECTION('',(-1.70620017069566E-016,1.,0.));
#8244=DIRECTION('',(0.,0.,-1.));
#8245=DIRECTION('',(1.,0.,0.));
#8246=DIRECTION('',(-1.,0.,0.));
#8247=DIRECTION('',(0.,-1.,0.));
#8248=DIRECTION('',(0.,0.,-1.));
#8249=DIRECTION('',(0.,0.,-1.));
#8250=DIRECTION('',(0.58460254023274,0.811319832096706,0.));
#8251=DIRECTION('',(0.,0.,-1.));
#8252=DIRECTION('',(0.,0.,-1.));
#8253=DIRECTION('',(0.58460254023274,0.811319832096706,0.));
#8254=DIRECTION('',(0.,0.,1.));
#8255=DIRECTION('',(-0.58460254023274,-0.811319832096706,0.));
#8256=DIRECTION('',(0.811319832096706,-0.58460254023274,0.));
#8257=DIRECTION('',(0.58460254023274,0.811319832096706,0.));
#8258=DIRECTION('',(0.,0.,-1.));
#8259=DIRECTION('',(0.,0.,1.));
#8260=DIRECTION('',(-1.,0.,0.));
#8261=DIRECTION('',(0.,0.,1.));
#8262=DIRECTION('',(0.,0.,-1.));
#8263=DIRECTION('',(-1.,0.,0.));
#8264=DIRECTION('',(0.,0.,-1.));
#8265=DIRECTION('',(-1.,0.,0.));
#8266=DIRECTION('',(0.,0.,-1.));
#8267=DIRECTION('',(0.,0.,-1.));
#8268=DIRECTION('',(-1.,0.,0.));
#8269=DIRECTION('',(0.,0.,1.));
#8270=DIRECTION('',(-1.,0.,0.));
#8271=DIRECTION('',(0.,0.,-1.));
#8272=DIRECTION('',(-1.,0.,0.));
#8273=DIRECTION('',(0.,0.,-1.));
#8274=DIRECTION('',(0.,0.,1.));
#8275=DIRECTION('',(-1.,0.,0.));
#8276=DIRECTION('',(0.,0.,-1.));
#8277=DIRECTION('',(-1.,0.,0.));
#8278=DIRECTION('',(0.,0.,-1.));
#8279=DIRECTION('',(-1.,0.,0.));
#8280=DIRECTION('',(0.,0.,-1.));
#8281=DIRECTION('',(0.991750893408478,0.128180206831966,0.));
#8282=DIRECTION('',(-0.991750893408478,-0.128180206831966,0.));
#8283=DIRECTION('',(0.128180206831966,-0.991750893408478,0.));
#8284=DIRECTION('',(0.991750893408478,0.128180206831966,0.));
#8285=DIRECTION('',(0.,0.,-1.));
#8286=DIRECTION('',(0.,0.,1.));
#8287=DIRECTION('',(0.70710678118655,0.707106781186545,0.));
#8288=DIRECTION('',(-0.707106781186545,0.70710678118655,0.));
#8289=DIRECTION('',(0.,0.,1.));
#8290=DIRECTION('',(1.,0.,0.));
#8291=DIRECTION('',(0.,0.,-1.));
#8292=DIRECTION('',(-1.,0.,0.));
#8293=DIRECTION('',(0.,0.,1.));
#8294=DIRECTION('',(-1.,0.,0.));
#8295=DIRECTION('',(0.,0.,1.));
#8296=DIRECTION('',(1.,0.,0.));
#8297=DIRECTION('',(0.,0.,-1.));
#8298=DIRECTION('',(-1.,0.,0.));
#8299=DIRECTION('',(0.,0.,1.));
#8300=DIRECTION('',(-1.,0.,0.));
#8301=DIRECTION('',(0.,0.,1.));
#8302=DIRECTION('',(1.,0.,0.));
#8303=DIRECTION('',(0.,0.,-1.));
#8304=DIRECTION('',(-0.999999999999999,0.,0.));
#8305=DIRECTION('',(0.,0.,1.));
#8306=DIRECTION('',(-0.999999999999999,0.,0.));
#8307=DIRECTION('',(0.,0.,-1.));
#8308=DIRECTION('',(-0.999999999999999,0.,0.));
#8309=DIRECTION('',(0.,0.,-1.));
#8310=DIRECTION('',(-1.,0.,0.));
#8311=DIRECTION('',(0.,0.,1.));
#8312=DIRECTION('',(-1.,0.,0.));
#8313=DIRECTION('',(0.,0.,-1.));
#8314=DIRECTION('',(-1.,0.,0.));
#8315=DIRECTION('',(0.,0.,1.));
#8316=DIRECTION('',(-0.999999999999999,0.,0.));
#8317=DIRECTION('',(0.,0.,-1.));
#8318=DIRECTION('',(-0.999999999999999,0.,0.));
#8319=DIRECTION('',(0.,0.,-1.));
#8320=DIRECTION('',(-0.999999999999999,0.,0.));
#8321=DIRECTION('',(0.,0.,1.));
#8322=DIRECTION('',(1.,0.,0.));
#8323=DIRECTION('',(0.,0.,1.));
#8324=DIRECTION('',(1.,0.,0.));
#8325=DIRECTION('',(0.,0.,1.));
#8326=DIRECTION('',(1.,0.,0.));
#8327=DIRECTION('',(0.,0.,-1.));
#8328=DIRECTION('',(0.,0.,-1.));
#8329=DIRECTION('',(0.,0.,1.));
#8330=DIRECTION('',(1.,0.,0.));
#8331=DIRECTION('',(0.,0.,1.));
#8332=DIRECTION('',(1.,0.,0.));
#8333=DIRECTION('',(0.,0.,-1.));
#8334=DIRECTION('',(0.,-0.863301625404936,0.504688323198779));
#8335=DIRECTION('',(-1.,0.,0.));
#8336=DIRECTION('',(0.,0.,1.));
#8337=DIRECTION('',(0.,0.,-1.));
#8338=DIRECTION('',(0.,0.,-1.));
#8339=DIRECTION('',(0.,0.,-1.));
#8340=DIRECTION('',(-1.,0.,0.));
#8341=DIRECTION('',(0.707106781186548,0.,0.707106781186547));
#8342=DIRECTION('',(1.,0.,0.));
#8343=DIRECTION('',(0.,1.,0.));
#8344=DIRECTION('',(0.,0.,1.));
#8345=DIRECTION('',(0.,0.,1.));
#8346=DIRECTION('',(1.,0.,0.));
#8347=DIRECTION('',(1.,0.,0.));
#8348=DIRECTION('',(0.,0.,-1.));
#8349=DIRECTION('',(1.,0.,0.));
#8350=DIRECTION('',(0.,0.,1.));
#8351=DIRECTION('',(1.,0.,0.));
#8352=DIRECTION('',(0.,0.,1.));
#8353=DIRECTION('',(0.,0.,-1.));
#8354=DIRECTION('',(-1.,0.,0.));
#8355=DIRECTION('',(0.,0.,1.));
#8356=DIRECTION('',(1.,0.,0.));
#8357=DIRECTION('',(0.,1.,0.));
#8358=DIRECTION('',(0.,0.,1.));
#8359=DIRECTION('',(0.,0.,1.));
#8360=DIRECTION('',(1.,0.,0.));
#8361=DIRECTION('',(0.,0.,1.));
#8362=DIRECTION('',(1.,0.,0.));
#8363=DIRECTION('',(0.,-1.,0.));
#8364=DIRECTION('',(0.,0.,-1.));
#8365=DIRECTION('',(-0.776562336916878,0.,-0.630040424800027));
#8366=DIRECTION('',(0.,1.,0.));
#8367=DIRECTION('',(0.,0.,1.));
#8368=DIRECTION('',(0.,-1.,0.));
#8369=DIRECTION('',(0.,0.,-1.));
#8370=DIRECTION('',(0.,0.,1.));
#8371=DIRECTION('',(0.,0.,1.));
#8372=DIRECTION('',(0.,0.,-1.));
#8373=DIRECTION('',(-0.999999999999998,0.,0.));
#8374=DIRECTION('',(-0.999970779410821,0.00764462716650851,0.));
#8375=DIRECTION('',(-0.00764462716650852,-0.999970779410821,0.));
#8376=DIRECTION('',(0.999970779410821,0.00764462716651806,0.));
#8377=DIRECTION('',(-0.00764462716651806,0.999970779410821,0.));
#8378=DIRECTION('',(0.,0.,1.));
#8379=DIRECTION('',(0.,0.,1.));
#8380=DIRECTION('',(0.00764462716649889,0.999970779410821,0.));
#8381=DIRECTION('',(-0.999970779410821,0.00764462716649889,0.));
#8382=DIRECTION('',(0.,0.,1.));
#8383=DIRECTION('',(0.,0.,-1.));
#8384=DIRECTION('',(-0.999999999999998,0.,0.));
#8385=DIRECTION('',(0.,0.,-1.));
#8386=DIRECTION('',(-1.,0.,0.));
#8387=DIRECTION('',(0.00764462716653709,-0.999970779410821,0.));
#8388=DIRECTION('',(0.999970779410821,0.0076446271665371,0.));
#8389=DIRECTION('',(0.,0.,1.));
#8390=DIRECTION('',(0.,0.,1.));
#8391=DIRECTION('',(0.999970779410821,-0.00764462716651806,0.));
#8392=DIRECTION('',(0.00764462716651806,0.999970779410821,0.));
#8393=DIRECTION('',(0.,0.,1.));
#8394=DIRECTION('',(0.,0.,-1.));
#8395=DIRECTION('',(-0.999999999999998,0.,0.));
#8396=DIRECTION('',(0.,0.,-1.));
#8397=DIRECTION('',(-1.,0.,0.));
#8398=DIRECTION('',(-0.999970779410821,-0.00764462716650851,0.));
#8399=DIRECTION('',(0.00764462716650852,-0.999970779410821,0.));
#8400=DIRECTION('',(0.,0.,1.));
#8401=DIRECTION('',(0.,0.,1.));
#8402=DIRECTION('',(0.,0.,-1.));
#8403=DIRECTION('',(-0.999999999999998,0.,0.));
#8404=DIRECTION('',(0.,0.,1.));
#8405=DIRECTION('',(-0.00764462716649896,0.999970779410821,0.));
#8406=DIRECTION('',(-0.999970779410821,-0.00764462716649897,0.));
#8407=DIRECTION('',(0.,0.,-1.));
#8408=DIRECTION('',(-1.,0.,0.));
#8409=DIRECTION('',(-0.00764462716653709,-0.999970779410821,0.));
#8410=DIRECTION('',(0.999970779410821,-0.0076446271665371,0.));
#8411=DIRECTION('',(0.,0.,-1.));
#8412=DIRECTION('',(-1.,0.,0.));
#8413=DIRECTION('',(0.,0.,-1.));
#8414=DIRECTION('',(-1.,0.,0.));
#8415=DIRECTION('',(0.573689754986712,-0.413376420497452,0.707106781186548));
#8416=DIRECTION('',(-0.573689754986712,0.413376420497452,0.707106781186548));
#8417=DIRECTION('',(-0.58460254023274,-0.811319832096706,0.));
#8418=DIRECTION('',(0.699709231479514,0.102014662585075,0.707106781186549));
#8419=DIRECTION('',(0.,0.,-1.));
#8420=DIRECTION('',(-1.,0.,0.));
#8421=DIRECTION('',(0.283032756132269,-0.647991094812402,0.707106781186545));
#8422=DIRECTION('',(0.,0.,1.));
#8423=DIRECTION('',(1.,0.,0.));
#8424=DIRECTION('',(0.64799109481143,-0.283032756134496,0.707106781186544));
#8425=DIRECTION('',(0.,0.,-1.));
#8426=DIRECTION('',(-1.,0.,0.));
#8427=DIRECTION('',(0.0906370934647721,-0.70127378197696,0.70710678118654));
#8428=DIRECTION('',(0.,0.,1.));
#8429=DIRECTION('',(1.,0.,0.));
#8430=DIRECTION('',(0.0906370934647831,-0.701273781976949,0.707106781186549));
#8431=DIRECTION('',(-0.0906370934647778,0.701273781976954,0.707106781186545));
#8432=DIRECTION('',(-0.991750893408478,-0.128180206831966,0.));
#8433=DIRECTION('',(-0.701273781976949,0.0906370934647831,0.707106781186549));
#8434=DIRECTION('',(0.,0.,1.));
#8435=DIRECTION('',(1.,0.,0.));
#8436=DIRECTION('',(-0.70127378197695,0.0906370934647636,0.707106781186551));
#8437=DIRECTION('',(0.701273781976953,-0.0906370934647761,0.707106781186547));
#8438=DIRECTION('',(0.128180206831964,0.991750893408478,0.));
#8439=DIRECTION('',(-0.283032756132263,0.647991094812392,0.707106781186556));
#8440=DIRECTION('',(0.,0.,1.));
#8441=DIRECTION('',(1.,0.,0.));
#8442=DIRECTION('',(-0.64799109481142,0.283032756134516,0.707106781186545));
#8443=DIRECTION('',(0.,0.,-1.));
#8444=DIRECTION('',(-1.,0.,0.));
#8445=DIRECTION('',(-0.220723443618815,0.671774635898865,0.707106781186547));
#8446=DIRECTION('',(0.,0.,1.));
#8447=DIRECTION('',(1.,0.,0.));
#8448=DIRECTION('',(-0.594000613595642,0.383618653154418,0.707106781186541));
#8449=DIRECTION('',(0.,0.,-1.));
#8450=DIRECTION('',(-1.,0.,0.));
#8451=DIRECTION('',(-0.594000613595641,0.383618653154408,0.707106781186547));
#8452=DIRECTION('',(0.59400061359564,-0.38361865315441,0.707106781186547));
#8453=DIRECTION('',(0.542518702070267,0.840043723804894,0.));
#8454=DIRECTION('',(-0.707106781186548,0.,0.707106781186547));
#8455=DIRECTION('',(0.,0.,-1.));
#8456=DIRECTION('',(-1.,0.,0.));
#8457=DIRECTION('',(0.707106781186547,0.,0.707106781186548));
#8458=DIRECTION('',(0.,1.,0.));
#8459=DIRECTION('',(0.,0.,-1.));
#8460=DIRECTION('',(-1.,0.,8.34001671142695E-019));
#8461=DIRECTION('',(-0.573689754986714,0.413376420497452,-0.707106781186546));
#8462=DIRECTION('',(-0.573689754986712,0.413376420497452,0.707106781186548));
#8463=DIRECTION('',(-0.58460254023274,-0.811319832096706,0.));
#8464=DIRECTION('',(0.,0.707106781186549,-0.707106781186546));
#8465=DIRECTION('',(0.,0.,-1.));
#8466=DIRECTION('',(-1.,0.,0.));
#8467=DIRECTION('',(0.,0.707106781186546,0.707106781186549));
#8468=DIRECTION('',(-1.,0.,0.));
#8469=DIRECTION('',(-0.707106781186548,0.,-0.707106781186547));
#8470=DIRECTION('',(-0.707106781186547,0.,0.707106781186548));
#8471=DIRECTION('',(0.,-1.,0.));
#8472=DIRECTION('',(-0.594000613595641,0.383618653154409,-0.707106781186547));
#8473=DIRECTION('',(0.,0.,1.));
#8474=DIRECTION('',(1.,0.,-1.02483663566353E-016));
#8475=DIRECTION('',(-0.594000613595641,0.383618653154418,-0.707106781186542));
#8476=DIRECTION('',(-0.59400061359564,0.38361865315441,0.707106781186547));
#8477=DIRECTION('',(-0.542518702070267,-0.840043723804894,0.));
#8478=DIRECTION('',(-0.220723443618815,0.671774635898865,-0.707106781186547));
#8479=DIRECTION('',(0.,0.,1.));
#8480=DIRECTION('',(1.,0.,-1.04491179013294E-016));
#8481=DIRECTION('',(-0.647991094811415,0.283032756134518,-0.707106781186549));
#8482=DIRECTION('',(0.,0.,-1.));
#8483=DIRECTION('',(-1.,0.,3.45046937041631E-018));
#8484=DIRECTION('',(-0.283032756138577,0.647991094809651,-0.707106781186541));
#8485=DIRECTION('',(0.,0.,1.));
#8486=DIRECTION('',(1.,0.,3.43509599203327E-018));
#8487=DIRECTION('',(-0.701273781976954,0.0906370934647825,-0.707106781186544));
#8488=DIRECTION('',(0.,0.,-1.));
#8489=DIRECTION('',(-1.,0.,3.45046937041629E-018));
#8490=DIRECTION('',(-0.701273781976949,0.0906370934647831,-0.707106781186549));
#8491=DIRECTION('',(-0.701273781976953,0.0906370934647761,0.707106781186547));
#8492=DIRECTION('',(-0.128180206831964,-0.991750893408478,0.));
#8493=DIRECTION('',(0.0906370934647734,-0.70127378197695,-0.70710678118655));
#8494=DIRECTION('',(0.,0.,-1.));
#8495=DIRECTION('',(-1.,0.,4.32469953125455E-018));
#8496=DIRECTION('',(0.090637093465097,-0.701273781976909,-0.707106781186549));
#8497=DIRECTION('',(0.0906370934647778,-0.701273781976954,0.707106781186545));
#8498=DIRECTION('',(0.991750893408478,0.128180206831966,0.));
#8499=DIRECTION('',(0.647991094811439,-0.283032756134476,-0.707106781186544));
#8500=DIRECTION('',(0.,0.,-1.));
#8501=DIRECTION('',(-1.,0.,3.45046937041628E-018));
#8502=DIRECTION('',(0.283032756138608,-0.647991094809634,-0.707106781186544));
#8503=DIRECTION('',(0.,0.,1.));
#8504=DIRECTION('',(1.,0.,3.43509599203328E-018));
#8505=DIRECTION('',(0.69970923147952,0.102014662585055,-0.707106781186545));
#8506=DIRECTION('',(0.,0.,-1.));
#8507=DIRECTION('',(-1.,0.,3.45046937041631E-018));
#8508=DIRECTION('',(0.573689754986711,-0.413376420497451,-0.707106781186549));
#8509=DIRECTION('',(0.,0.,1.));
#8510=DIRECTION('',(1.,0.,-1.04491179013295E-016));
#8511=DIRECTION('',(0.57368975498671,-0.413376420497452,-0.707106781186549));
#8512=DIRECTION('',(0.573689754986712,-0.413376420497452,0.707106781186548));
#8513=DIRECTION('',(0.58460254023274,0.811319832096706,0.));
#8514=DIRECTION('',(0.,-0.707106781186549,-0.707106781186546));
#8515=DIRECTION('',(0.,0.,1.));
#8516=DIRECTION('',(1.,0.,-1.04491179013294E-016));
#8517=DIRECTION('',(0.,-0.707106781186546,0.707106781186549));
#8518=DIRECTION('',(1.,0.,0.));
#8519=DIRECTION('',(-7.70988211545248E-016,1.,0.));
#8520=DIRECTION('',(0.,0.,-1.));
#8521=DIRECTION('',(7.70988211545248E-016,-1.,0.));
#8522=DIRECTION('',(0.,0.,-1.));
#8523=DIRECTION('',(1.,7.70988211545248E-016,0.));
#8524=DIRECTION('',(-7.70217223333702E-016,1.,0.));
#8525=DIRECTION('',(0.,0.,-1.));
#8526=DIRECTION('',(1.,0.,0.));
#8527=DIRECTION('',(0.,0.,-1.));
#8528=DIRECTION('',(0.,0.,1.));
#8529=DIRECTION('',(1.,0.,0.));
#8530=DIRECTION('',(0.,0.,-1.));
#8531=DIRECTION('',(0.,0.,-1.));
#8532=DIRECTION('',(-1.,0.,0.));
#8533=DIRECTION('',(-1.,2.31296463463574E-015,0.));
#8534=DIRECTION('',(7.70988211545248E-016,-1.,0.));
#8535=DIRECTION('',(-0.783851444435785,0.620948398062137,0.));
#8536=DIRECTION('',(-1.,0.,0.));
#8537=DIRECTION('',(1.,-2.31296463463573E-015,0.));
#8538=DIRECTION('',(0.,0.,1.));
#8539=DIRECTION('',(1.,0.,0.));
#8540=DIRECTION('',(0.,1.,0.));
#8541=DIRECTION('',(0.,0.,1.));
#8542=DIRECTION('',(0.,1.,0.));
#8543=DIRECTION('',(0.,0.,1.));
#8544=DIRECTION('',(0.,-1.,0.));
#8545=DIRECTION('',(0.,0.,1.));
#8546=DIRECTION('',(-1.,0.,0.));
#8547=DIRECTION('',(0.,0.,1.));
#8548=DIRECTION('',(0.,0.,-1.));
#8549=DIRECTION('',(0.,0.,1.));
#8550=DIRECTION('',(1.,0.,0.));
#8551=DIRECTION('',(0.,0.,1.));
#8552=DIRECTION('',(0.,0.,-1.));
#8553=DIRECTION('',(1.,0.,0.));
#8554=DIRECTION('',(0.,0.,-1.));
#8555=DIRECTION('',(0.,0.,1.));
#8556=DIRECTION('',(-1.,0.,0.));
#8557=DIRECTION('',(0.,0.,1.));
#8558=DIRECTION('',(1.,0.,0.));
#8559=DIRECTION('',(0.,0.,1.));
#8560=DIRECTION('',(0.783851444435785,-0.620948398062137,0.));
#8561=DIRECTION('',(0.,0.,-1.));
#8562=DIRECTION('',(0.,0.,-1.));
#8563=DIRECTION('',(0.783851444435785,-0.620948398062137,0.));
#8564=DIRECTION('',(0.,0.,-1.));
#8565=DIRECTION('',(-0.783851444435785,0.620948398062137,0.));
#8566=DIRECTION('',(-0.620948398062137,-0.783851444435785,0.));
#8567=DIRECTION('',(0.783851444435785,-0.620948398062137,0.));
#8568=DIRECTION('',(0.128180206831957,-0.991750893408479,0.));
#8569=DIRECTION('',(0.,0.,-1.));
#8570=DIRECTION('',(0.128180206831957,-0.991750893408479,0.));
#8571=DIRECTION('',(0.,0.,1.));
#8572=DIRECTION('',(0.991750893408479,0.128180206831957,0.));
#8573=DIRECTION('',(-0.128180206831957,0.991750893408479,0.));
#8574=DIRECTION('',(-0.991750893408481,0.128180206831942,0.));
#8575=DIRECTION('',(0.,0.,1.));
#8576=DIRECTION('',(-0.991750893408481,0.128180206831942,0.));
#8577=DIRECTION('',(0.,0.,-1.));
#8578=DIRECTION('',(-0.128180206831942,-0.991750893408481,0.));
#8579=DIRECTION('',(0.991750893408481,-0.128180206831942,0.));
#8580=DIRECTION('',(-0.750382521738671,0.661003835895915,0.));
#8581=DIRECTION('',(0.,0.,-1.));
#8582=DIRECTION('',(0.750382521738671,-0.661003835895915,0.));
#8583=DIRECTION('',(0.661003835895915,0.750382521738671,0.));
#8584=DIRECTION('',(-0.750382521738671,0.661003835895915,0.));
#8585=DIRECTION('',(-0.707106781186548,0.707106781186548,0.));
#8586=DIRECTION('',(0.,0.,-1.));
#8587=DIRECTION('',(-0.707106781186547,0.707106781186547,0.));
#8588=DIRECTION('',(0.,0.,1.));
#8589=DIRECTION('',(-0.707106781186547,-0.707106781186547,0.));
#8590=DIRECTION('',(0.707106781186548,-0.707106781186548,0.));
#8591=DIRECTION('',(0.707106781186547,-0.707106781186548,0.));
#8592=DIRECTION('',(0.,0.,1.));
#8593=DIRECTION('',(0.707106781186547,-0.707106781186548,0.));
#8594=DIRECTION('',(0.,0.,-1.));
#8595=DIRECTION('',(0.707106781186548,0.707106781186547,0.));
#8596=DIRECTION('',(-0.707106781186547,0.707106781186548,0.));
#8597=DIRECTION('',(1.,0.,0.));
#8598=DIRECTION('',(0.,0.,-1.));
#8599=DIRECTION('',(1.,0.,0.));
#8600=DIRECTION('',(0.,0.,-1.));
#8601=DIRECTION('',(0.,1.,0.));
#8602=DIRECTION('',(0.,0.,1.));
#8603=DIRECTION('',(0.,0.,-1.));
#8604=DIRECTION('',(0.,-0.707106781186543,0.707106781186552));
#8605=DIRECTION('',(0.,1.,0.));
#8606=DIRECTION('',(0.,1.,0.));
#8607=DIRECTION('',(0.,0.707106781186543,0.707106781186552));
#8608=DIRECTION('',(-1.,0.,0.));
#8609=DIRECTION('',(0.,0.,1.));
#8610=DIRECTION('',(0.,0.,1.));
#8611=DIRECTION('',(1.,6.49089532625553E-016,0.));
#8612=DIRECTION('',(-1.,-6.49089532625553E-016,0.));
#8613=DIRECTION('',(6.49089532625553E-016,-1.,0.));
#8614=DIRECTION('',(1.,6.48786580015326E-016,0.));
#8615=DIRECTION('',(0.,0.,-1.));
#8616=DIRECTION('',(0.,0.,-1.));
#8617=DIRECTION('',(1.,0.,0.));
#8618=DIRECTION('',(0.,0.,-1.));
#8619=DIRECTION('',(0.,0.,1.));
#8620=DIRECTION('',(1.,0.,0.));
#8621=DIRECTION('',(0.,0.,-1.));
#8622=DIRECTION('',(-1.,0.,0.));
#8623=DIRECTION('',(0.,0.,-1.));
#8624=DIRECTION('',(0.,0.,1.));
#8625=DIRECTION('',(1.,0.,0.));
#8626=DIRECTION('',(0.,0.,-1.));
#8627=DIRECTION('',(1.,0.,0.));
#8628=DIRECTION('',(0.,0.,-1.));
#8629=DIRECTION('',(-1.,0.,0.));
#8630=DIRECTION('',(0.,0.,-1.));
#8631=DIRECTION('',(0.,0.,-1.));
#8632=DIRECTION('',(1.,0.,0.));
#8633=DIRECTION('',(0.,0.,1.));
#8634=DIRECTION('',(1.,0.,0.));
#8635=DIRECTION('',(0.,0.,-1.));
#8636=DIRECTION('',(-1.,0.,0.));
#8637=DIRECTION('',(0.,0.,1.));
#8638=DIRECTION('',(0.991750893408481,-0.128180206831942,0.));
#8639=DIRECTION('',(-0.991750893408481,0.128180206831942,0.));
#8640=DIRECTION('',(-0.128180206831942,-0.991750893408481,0.));
#8641=DIRECTION('',(0.991750893408481,-0.128180206831942,0.));
#8642=DIRECTION('',(0.,0.,-1.));
#8643=DIRECTION('',(-0.12818020683196,0.991750893408479,0.));
#8644=DIRECTION('',(0.,0.,-1.));
#8645=DIRECTION('',(0.12818020683196,-0.991750893408479,0.));
#8646=DIRECTION('',(0.991750893408479,0.12818020683196,0.));
#8647=DIRECTION('',(-0.12818020683196,0.991750893408479,0.));
#8648=DIRECTION('',(0.,0.,-1.));
#8649=DIRECTION('',(0.,0.,-1.));
#8650=DIRECTION('',(1.,0.,0.));
#8651=DIRECTION('',(0.,0.,1.));
#8652=DIRECTION('',(1.,0.,0.));
#8653=DIRECTION('',(0.,0.,-1.));
#8654=DIRECTION('',(-1.,0.,0.));
#8655=DIRECTION('',(0.,0.,-1.));
#8656=DIRECTION('',(0.,0.,1.));
#8657=DIRECTION('',(1.,0.,0.));
#8658=DIRECTION('',(0.,0.,-1.));
#8659=DIRECTION('',(1.,0.,0.));
#8660=DIRECTION('',(0.,0.,-1.));
#8661=DIRECTION('',(-1.,0.,0.));
#8662=DIRECTION('',(0.,0.,1.));
#8663=DIRECTION('',(0.,0.,-1.));
#8664=DIRECTION('',(1.,0.,0.));
#8665=DIRECTION('',(0.,0.,1.));
#8666=DIRECTION('',(1.,0.,0.));
#8667=DIRECTION('',(0.,0.,-1.));
#8668=DIRECTION('',(-1.,0.,0.));
#8669=DIRECTION('',(0.707106781186548,0.707106781186547,0.));
#8670=DIRECTION('',(0.,0.,-1.));
#8671=DIRECTION('',(0.707106781186548,0.707106781186547,0.));
#8672=DIRECTION('',(0.,0.,1.));
#8673=DIRECTION('',(-0.707106781186547,0.707106781186548,0.));
#8674=DIRECTION('',(-0.707106781186548,-0.707106781186547,0.));
#8675=DIRECTION('',(-1.,-9.25185853854314E-015,0.));
#8676=DIRECTION('',(0.,0.,1.));
#8677=DIRECTION('',(0.999999999999994,0.,0.));
#8678=DIRECTION('',(1.,9.25185853854314E-015,0.));
#8679=DIRECTION('',(0.,0.,1.));
#8680=DIRECTION('',(0.999999999999997,0.,0.));
#8681=DIRECTION('',(0.,-1.,0.));
#8682=DIRECTION('',(0.,0.,1.));
#8683=DIRECTION('',(1.,0.,0.));
#8684=DIRECTION('',(0.,1.,0.));
#8685=DIRECTION('',(0.,0.,1.));
#8686=DIRECTION('',(0.999999999999997,0.,0.));
#8687=DIRECTION('',(1.,9.25185853854305E-015,0.));
#8688=DIRECTION('',(0.,0.,1.));
#8689=DIRECTION('',(1.,0.,0.));
#8690=DIRECTION('',(-1.,-9.25185853854314E-015,0.));
#8691=DIRECTION('',(0.,0.,1.));
#8692=DIRECTION('',(0.999999999999997,0.,0.));
#8693=DIRECTION('',(0.,1.,0.));
#8694=DIRECTION('',(0.,0.,1.));
#8695=DIRECTION('',(1.,0.,0.));
#8696=DIRECTION('',(0.,-1.,0.));
#8697=DIRECTION('',(0.,0.,1.));
#8698=DIRECTION('',(0.999999999999997,0.,0.));
#8699=DIRECTION('',(0.,0.,1.));
#8700=DIRECTION('',(1.,0.,0.));
#8701=DIRECTION('',(0.,0.,1.));
#8702=DIRECTION('',(1.,0.,0.));
#8703=DIRECTION('',(0.,0.,1.));
#8704=DIRECTION('',(1.,0.,0.));
#8705=DIRECTION('',(0.,0.,-1.));
#8706=DIRECTION('',(1.,0.,0.));
#8707=DIRECTION('',(1.29035117406174E-016,-1.,0.));
#8708=DIRECTION('',(-1.,0.,0.));
#8709=DIRECTION('',(0.,0.,1.));
#8710=DIRECTION('',(1.,0.,0.));
#8711=DIRECTION('',(0.,0.,-1.));
#8712=DIRECTION('',(1.,0.,0.));
#8713=DIRECTION('',(0.,0.,1.));
#8714=DIRECTION('',(1.,0.,0.));
#8715=DIRECTION('',(-1.,-6.49089532625553E-016,0.));
#8716=DIRECTION('',(0.,0.,-1.));
#8717=DIRECTION('',(1.,0.,0.));
#8718=DIRECTION('',(-0.783851444435785,0.620948398062137,0.));
#8719=DIRECTION('',(-7.70988211545248E-016,1.,0.));
#8720=DIRECTION('',(-1.,2.31296463463574E-015,0.));
#8721=DIRECTION('',(1.,-2.31296463463573E-015,0.));
#8722=DIRECTION('',(-1.,0.,0.));
#8723=DIRECTION('',(-0.783851444435785,0.620948398062137,0.));
#8724=DIRECTION('',(0.,0.,-1.));
#8725=DIRECTION('',(1.,0.,0.));
#8726=DIRECTION('',(0.,0.,1.));
#8727=DIRECTION('',(1.,0.,0.));
#8728=DIRECTION('',(0.,0.,-1.));
#8729=DIRECTION('',(1.,0.,0.));
#8730=DIRECTION('',(0.,0.,1.));
#8731=DIRECTION('',(1.,0.,0.));
#8732=DIRECTION('',(-0.991750893408481,0.128180206831942,0.));
#8733=DIRECTION('',(0.,0.,1.));
#8734=DIRECTION('',(0.999999999999996,0.,0.));
#8735=DIRECTION('',(0.12818020683196,-0.991750893408479,0.));
#8736=DIRECTION('',(0.,0.,1.));
#8737=DIRECTION('',(1.,0.,0.));
#8738=DIRECTION('',(0.,0.,-1.));
#8739=DIRECTION('',(1.,0.,0.));
#8740=DIRECTION('',(0.,0.,1.));
#8741=DIRECTION('',(1.,0.,0.));
#8742=DIRECTION('',(0.,0.,-1.));
#8743=DIRECTION('',(1.,0.,0.));
#8744=DIRECTION('',(0.750382521738671,-0.661003835895915,0.));
#8745=DIRECTION('',(0.,0.,-1.));
#8746=DIRECTION('',(1.,0.,0.));
#8747=DIRECTION('',(0.,0.,-1.));
#8748=DIRECTION('',(1.,0.,0.));
#8749=DIRECTION('',(0.,0.,-1.));
#8750=DIRECTION('',(1.,0.,0.));
#8751=DIRECTION('',(0.,0.,1.));
#8752=DIRECTION('',(1.,0.,0.));
#8753=DIRECTION('',(0.,0.,1.));
#8754=DIRECTION('',(1.,0.,0.));
#8755=DIRECTION('',(0.,0.,1.));
#8756=DIRECTION('',(1.,0.,0.));
#8757=DIRECTION('',(0.,0.,1.));
#8758=DIRECTION('',(1.,0.,0.));
#8759=DIRECTION('',(0.,1.,0.));
#8760=DIRECTION('',(0.,0.,1.));
#8761=DIRECTION('',(0.999999999999997,0.,0.));
#8762=DIRECTION('',(0.,-1.,0.));
#8763=DIRECTION('',(0.,0.,1.));
#8764=DIRECTION('',(1.,0.,0.));
#8765=DIRECTION('',(1.,9.25185853854305E-015,0.));
#8766=DIRECTION('',(0.,0.,1.));
#8767=DIRECTION('',(0.999999999999997,0.,0.));
#8768=DIRECTION('',(-1.,-9.25185853854314E-015,0.));
#8769=DIRECTION('',(0.,0.,1.));
#8770=DIRECTION('',(1.,0.,0.));
#8771=DIRECTION('',(0.,-1.,0.));
#8772=DIRECTION('',(0.,0.,1.));
#8773=DIRECTION('',(0.999999999999997,0.,0.));
#8774=DIRECTION('',(0.,1.,0.));
#8775=DIRECTION('',(0.,0.,1.));
#8776=DIRECTION('',(0.999999999999994,0.,0.));
#8777=DIRECTION('',(-1.,-9.25185853854314E-015,0.));
#8778=DIRECTION('',(0.,0.,1.));
#8779=DIRECTION('',(0.999999999999997,0.,0.));
#8780=DIRECTION('',(1.,9.25185853854314E-015,0.));
#8781=DIRECTION('',(-1.,0.,0.));
#8782=DIRECTION('',(0.,0.,1.));
#8783=DIRECTION('',(1.,0.,0.));
#8784=DIRECTION('',(-0.750382521738671,0.661003835895915,0.));
#8785=DIRECTION('',(0.,0.,1.));
#8786=DIRECTION('',(1.,0.,0.));
#8787=DIRECTION('',(0.,0.,-1.));
#8788=DIRECTION('',(1.,0.,0.));
#8789=DIRECTION('',(0.,0.,1.));
#8790=DIRECTION('',(1.,0.,0.));
#8791=DIRECTION('',(0.,0.,-1.));
#8792=DIRECTION('',(1.,0.,0.));
#8793=DIRECTION('',(-0.12818020683196,0.991750893408479,0.));
#8794=DIRECTION('',(0.,0.,-1.));
#8795=DIRECTION('',(0.999999999999999,0.,0.));
#8796=DIRECTION('',(0.991750893408481,-0.128180206831942,0.));
#8797=DIRECTION('',(0.,0.,-1.));
#8798=DIRECTION('',(1.,0.,0.));
#8799=DIRECTION('',(0.,0.,1.));
#8800=DIRECTION('',(1.,0.,0.));
#8801=DIRECTION('',(0.,0.,-1.));
#8802=DIRECTION('',(1.,0.,0.));
#8803=DIRECTION('',(0.,0.,1.));
#8804=DIRECTION('',(1.,0.,0.));
#8805=DIRECTION('',(0.783851444435785,-0.620948398062137,0.));
#8806=DIRECTION('',(0.,0.,1.));
#8807=DIRECTION('',(1.,0.,0.));
#8808=DIRECTION('',(1.,6.49089532625553E-016,0.));
#8809=DIRECTION('',(0.,0.,-1.));
#8810=DIRECTION('',(1.,0.,0.));
#8811=DIRECTION('',(0.,0.,1.));
#8812=DIRECTION('',(1.,0.,0.));
#8813=DIRECTION('',(0.,0.,-1.));
#8814=DIRECTION('',(1.,0.,0.));
#8815=DIRECTION('',(0.,0.,1.));
#8816=DIRECTION('',(1.,0.,0.));
#8817=DIRECTION('',(0.,0.,1.));
#8818=DIRECTION('',(1.,0.,0.));
#8819=DIRECTION('',(0.,0.,1.));
#8820=DIRECTION('',(1.,0.,0.));
#8821=DIRECTION('',(0.,0.,1.));
#8822=DIRECTION('',(1.,0.,0.));
#8823=DIRECTION('',(0.,0.,1.));
#8824=DIRECTION('',(1.,0.,0.));
#8825=DIRECTION('',(0.,0.,1.));
#8826=DIRECTION('',(1.,0.,0.));
#8827=DIRECTION('',(0.,0.,-1.));
#8828=DIRECTION('',(1.,0.,0.));
#8829=DIRECTION('',(0.,0.,1.));
#8830=DIRECTION('',(1.,0.,0.));
#8831=DIRECTION('',(0.,0.,1.));
#8832=DIRECTION('',(1.,0.,0.));
#8833=DIRECTION('',(0.,0.,-1.));
#8834=DIRECTION('',(1.,0.,0.));
#8835=DIRECTION('',(0.,0.,-1.));
#8836=DIRECTION('',(-1.,0.,0.));
#8837=DIRECTION('',(0.,0.,1.));
#8838=DIRECTION('',(1.,0.,0.));
#8839=DIRECTION('',(0.,0.,-1.));
#8840=DIRECTION('',(1.,0.,0.));
#8841=DIRECTION('',(0.,0.,-1.));
#8842=DIRECTION('',(-1.,0.,0.));
#8843=DIRECTION('',(0.,0.,-1.));
#8844=DIRECTION('',(0.999999999999999,0.,0.));
#8845=DIRECTION('',(0.,0.,1.));
#8846=DIRECTION('',(0.999999999999999,0.,0.));
#8847=DIRECTION('',(0.,0.,-1.));
#8848=DIRECTION('',(-0.999999999999999,0.,0.));
#8849=DIRECTION('',(0.,0.,1.));
#8850=DIRECTION('',(1.,0.,0.));
#8851=DIRECTION('',(0.,0.,1.));
#8852=DIRECTION('',(1.,0.,0.));
#8853=DIRECTION('',(0.,0.,1.));
#8854=DIRECTION('',(1.,0.,0.));
#8855=DIRECTION('',(0.,0.,-1.));
#8856=DIRECTION('',(0.,0.,-1.));
#8857=DIRECTION('',(0.,0.,1.));
#8858=DIRECTION('',(0.999999999999994,0.,0.));
#8859=DIRECTION('',(0.,0.,-1.));
#8860=DIRECTION('',(0.,0.,-1.));
#8861=DIRECTION('',(0.,0.,1.));
#8862=DIRECTION('',(1.,0.,0.));
#8863=DIRECTION('',(0.,0.,-1.));
#8864=DIRECTION('',(0.,0.,-1.));
#8865=DIRECTION('',(0.,0.,1.));
#8866=DIRECTION('',(1.,0.,0.));
#8867=DIRECTION('',(0.,0.,-1.));
#8868=DIRECTION('',(0.,0.,-1.));
#8869=DIRECTION('',(0.,0.,1.));
#8870=DIRECTION('',(1.,0.,0.));
#8871=DIRECTION('',(0.,0.,1.));
#8872=DIRECTION('',(1.,0.,0.));
#8873=DIRECTION('',(0.,0.,-1.));
#8874=DIRECTION('',(-6.06790898415855E-016,0.787030060031267,-0.616914649369895));
#8875=DIRECTION('',(1.,7.70988211545248E-016,0.));
#8876=DIRECTION('',(-7.70217223333702E-016,1.,0.));
#8877=DIRECTION('',(1.,0.,0.));
#8878=DIRECTION('',(0.,-1.,0.));
#8879=DIRECTION('',(0.,0.,-1.));
#8880=DIRECTION('',(0.,0.,1.));
#8881=DIRECTION('',(-1.,0.,0.));
#8882=DIRECTION('',(1.,0.,0.));
#8883=DIRECTION('',(-1.29035117406174E-016,1.,0.));
#8884=DIRECTION('',(0.,0.,-1.));
#8885=DIRECTION('',(-1.,0.,0.));
#8886=DIRECTION('',(0.,0.,-1.));
#8887=DIRECTION('',(-1.29035117406174E-016,1.,0.));
#8888=DIRECTION('',(1.,1.29035117406174E-016,0.));
#8889=DIRECTION('',(-1.28369537222284E-016,1.,0.));
#8890=DIRECTION('',(-0.707106781186549,0.,-0.707106781186546));
#8891=DIRECTION('',(0.,-1.,0.));
#8892=DIRECTION('',(0.,0.,-1.));
#8893=DIRECTION('',(0.,0.,1.));
#8894=DIRECTION('',(1.,0.,0.));
#8895=DIRECTION('',(0.,0.,1.));
#8896=DIRECTION('',(1.,0.,0.));
#8897=DIRECTION('',(-0.849541660122846,0.,0.527521532940333));
#8898=DIRECTION('',(0.,-1.,0.));
#8899=DIRECTION('',(0.,0.,-1.));
#8900=DIRECTION('',(-2.31296463463573E-015,-1.,0.));
#8901=DIRECTION('',(1.,-2.31065167000111E-015,0.));
#8902=DIRECTION('',(2.31296463463574E-015,1.,0.));
#8903=DIRECTION('',(-1.,2.31065167000111E-015,0.));
#8904=DIRECTION('',(0.,0.,1.));
#8905=DIRECTION('',(0.,0.,1.));
#8906=DIRECTION('',(0.,0.,-1.));
#8907=DIRECTION('',(-0.999999999999997,0.,0.));
#8908=DIRECTION('',(1.,0.,0.));
#8909=DIRECTION('',(0.,0.,-1.));
#8910=DIRECTION('',(-1.,0.,0.));
#8911=DIRECTION('',(0.,0.,1.));
#8912=DIRECTION('',(0.,0.,1.));
#8913=DIRECTION('',(0.,0.,1.));
#8914=DIRECTION('',(0.,0.,-1.));
#8915=DIRECTION('',(-0.999999999999997,0.,0.));
#8916=DIRECTION('',(9.25185853854305E-015,-1.,0.));
#8917=DIRECTION('',(1.,9.25648446781224E-015,0.));
#8918=DIRECTION('',(-9.25185853854313E-015,1.,0.));
#8919=DIRECTION('',(-1.,-9.25648446781224E-015,0.));
#8920=DIRECTION('',(0.,0.,1.));
#8921=DIRECTION('',(0.,0.,1.));
#8922=DIRECTION('',(0.,0.,-1.));
#8923=DIRECTION('',(-1.00000000000001,0.,0.));
#8924=DIRECTION('',(-1.,0.,0.));
#8925=DIRECTION('',(0.,0.,1.));
#8926=DIRECTION('',(1.,0.,0.));
#8927=DIRECTION('',(0.,0.,-1.));
#8928=DIRECTION('',(0.,0.,1.));
#8929=DIRECTION('',(0.,0.,1.));
#8930=DIRECTION('',(0.,0.,-1.));
#8931=DIRECTION('',(-0.999999999999997,0.,0.));
#8932=DIRECTION('',(-9.25185853854313E-015,1.,0.));
#8933=DIRECTION('',(-1.,-9.25648446781224E-015,0.));
#8934=DIRECTION('',(9.25185853854313E-015,-1.,0.));
#8935=DIRECTION('',(1.,9.25648446781224E-015,0.));
#8936=DIRECTION('',(0.,0.,-1.));
#8937=DIRECTION('',(-1.,0.,0.));
#8938=DIRECTION('',(0.,0.,-1.));
#8939=DIRECTION('',(-1.,0.,0.));
#8940=DIRECTION('',(0.439076823036657,0.554266671803408,-0.707106781186554));
#8941=DIRECTION('',(0.439076823036662,0.554266671803415,0.707106781186545));
#8942=DIRECTION('',(0.783851444435785,-0.620948398062137,0.));
#8943=DIRECTION('',(0.694951073222998,0.130548863749172,-0.70710678118655));
#8944=DIRECTION('',(0.,0.,1.));
#8945=DIRECTION('',(1.,0.,-1.04491179013295E-016));
#8946=DIRECTION('',(0.283032756132229,0.64799109481242,-0.707106781186544));
#8947=DIRECTION('',(0.,0.,-1.));
#8948=DIRECTION('',(-1.,0.,4.31738047779194E-018));
#8949=DIRECTION('',(0.647991094811424,0.283032756134498,-0.707106781186549));
#8950=DIRECTION('',(0.,0.,1.));
#8951=DIRECTION('',(1.,0.,-1.05524721832417E-016));
#8952=DIRECTION('',(0.0906370934647636,0.70127378197695,-0.707106781186551));
#8953=DIRECTION('',(0.,0.,-1.));
#8954=DIRECTION('',(-1.,0.,4.31738047779195E-018));
#8955=DIRECTION('',(0.090637093464763,0.701273781976955,-0.707106781186546));
#8956=DIRECTION('',(0.0906370934647596,0.70127378197695,0.707106781186552));
#8957=DIRECTION('',(0.991750893408481,-0.128180206831942,0.));
#8958=DIRECTION('',(-0.70127378197695,-0.0906370934647734,-0.70710678118655));
#8959=DIRECTION('',(0.,0.,-1.));
#8960=DIRECTION('',(-1.,0.,4.32469953125451E-018));
#8961=DIRECTION('',(-0.70127378197695,-0.0906370934647734,-0.70710678118655));
#8962=DIRECTION('',(-0.701273781976957,-0.0906370934647737,0.707106781186543));
#8963=DIRECTION('',(-0.12818020683196,0.991750893408479,0.));
#8964=DIRECTION('',(-0.283032756132242,-0.647991094812407,-0.707106781186551));
#8965=DIRECTION('',(0.,0.,-1.));
#8966=DIRECTION('',(-1.,0.,4.31738047779197E-018));
#8967=DIRECTION('',(-0.647991094811426,-0.283032756134489,-0.707106781186551));
#8968=DIRECTION('',(0.,0.,1.));
#8969=DIRECTION('',(1.,0.,-1.05524721832417E-016));
#8970=DIRECTION('',(0.018055577585573,-0.706876224043538,-0.707106781186549));
#8971=DIRECTION('',(0.,0.,-1.));
#8972=DIRECTION('',(-1.,0.,4.31738047779197E-018));
#8973=DIRECTION('',(-0.467400294752321,-0.530600569605277,-0.707106781186547));
#8974=DIRECTION('',(0.,0.,1.));
#8975=DIRECTION('',(1.,0.,-1.04491179013295E-016));
#8976=DIRECTION('',(-0.467400294752324,-0.53060056960528,-0.707106781186543));
#8977=DIRECTION('',(-0.467400294752321,-0.530600569605276,0.707106781186548));
#8978=DIRECTION('',(-0.750382521738671,0.661003835895915,0.));
#8979=DIRECTION('',(0.,0.,1.));
#8980=DIRECTION('',(1.,0.,-1.02483663566353E-016));
#8981=DIRECTION('',(-0.707106781186546,-9.12416065291074E-017,0.707106781186549));
#8982=DIRECTION('',(1.28369537222284E-016,-1.,0.));
#8983=DIRECTION('',(-0.439076823036657,-0.55426667180341,0.707106781186553));
#8984=DIRECTION('',(0.439076823036662,0.554266671803415,0.707106781186545));
#8985=DIRECTION('',(0.783851444435785,-0.620948398062137,0.));
#8986=DIRECTION('',(0.,-0.707106781186548,0.707106781186547));
#8987=DIRECTION('',(0.,0.,1.));
#8988=DIRECTION('',(1.,0.,-1.04491179013294E-016));
#8989=DIRECTION('',(-4.58975610116739E-016,0.707106781186552,0.707106781186543));
#8990=DIRECTION('',(1.,6.48786580015326E-016,0.));
#8991=DIRECTION('',(0.,-0.707106781186543,-0.707106781186552));
#8992=DIRECTION('',(4.58975610116739E-016,-0.707106781186552,0.707106781186543));
#8993=DIRECTION('',(-1.,-6.48786580015326E-016,0.));
#8994=DIRECTION('',(-0.439076823036659,-0.554266671803416,-0.707106781186547));
#8995=DIRECTION('',(0.,0.,-1.));
#8996=DIRECTION('',(-1.,0.,0.));
#8997=DIRECTION('',(-0.439076823036662,-0.554266671803406,-0.707106781186553));
#8998=DIRECTION('',(-0.439076823036662,-0.554266671803415,0.707106781186545));
#8999=DIRECTION('',(-0.783851444435785,0.620948398062137,0.));
#9000=DIRECTION('',(-0.694951073223003,-0.130548863749171,-0.707106781186545));
#9001=DIRECTION('',(0.,0.,-1.));
#9002=DIRECTION('',(-1.,0.,0.));
#9003=DIRECTION('',(-0.283032756132231,-0.647991094812415,-0.707106781186548));
#9004=DIRECTION('',(0.,0.,1.));
#9005=DIRECTION('',(1.,0.,-1.09552402510718E-016));
#9006=DIRECTION('',(-0.647991094811424,-0.283032756134498,-0.707106781186549));
#9007=DIRECTION('',(0.,0.,-1.));
#9008=DIRECTION('',(-1.,0.,8.58773998008318E-019));
#9009=DIRECTION('',(-0.0906370934647636,-0.70127378197695,-0.707106781186551));
#9010=DIRECTION('',(0.,0.,1.));
#9011=DIRECTION('',(1.,0.,-1.09552402510719E-016));
#9012=DIRECTION('',(-0.090637093464763,-0.701273781976955,-0.707106781186546));
#9013=DIRECTION('',(-0.0906370934647596,-0.70127378197695,0.707106781186552));
#9014=DIRECTION('',(-0.991750893408481,0.128180206831942,0.));
#9015=DIRECTION('',(0.70127378197695,0.0906370934647734,-0.70710678118655));
#9016=DIRECTION('',(0.,0.,1.));
#9017=DIRECTION('',(1.,0.,0.));
#9018=DIRECTION('',(0.70127378197695,0.0906370934647734,-0.70710678118655));
#9019=DIRECTION('',(0.701273781976957,0.0906370934647737,0.707106781186543));
#9020=DIRECTION('',(0.12818020683196,-0.991750893408479,0.));
#9021=DIRECTION('',(0.28303275613226,0.647991094812404,-0.707106781186547));
#9022=DIRECTION('',(0.,0.,1.));
#9023=DIRECTION('',(1.,0.,-1.09552402510718E-016));
#9024=DIRECTION('',(0.647991094811426,0.283032756134489,-0.707106781186551));
#9025=DIRECTION('',(0.,0.,-1.));
#9026=DIRECTION('',(-1.,0.,8.58773998008317E-019));
#9027=DIRECTION('',(-0.018055577585573,0.706876224043538,-0.707106781186549));
#9028=DIRECTION('',(0.,0.,1.));
#9029=DIRECTION('',(1.,0.,-1.09552402510718E-016));
#9030=DIRECTION('',(0.467400294752329,0.530600569605275,-0.707106781186543));
#9031=DIRECTION('',(0.,0.,-1.));
#9032=DIRECTION('',(-1.,0.,0.));
#9033=DIRECTION('',(0.467400294752322,0.530600569605279,-0.707106781186544));
#9034=DIRECTION('',(0.467400294752321,0.530600569605276,0.707106781186548));
#9035=DIRECTION('',(0.750382521738671,-0.661003835895915,0.));
#9036=DIRECTION('',(0.,0.,-1.));
#9037=DIRECTION('',(-1.,0.,0.));
#9038=DIRECTION('',(-7.70988211545248E-016,-1.,0.));
#9039=DIRECTION('',(0.,0.,1.));
#9040=DIRECTION('',(7.70988211545248E-016,1.,0.));
#9041=DIRECTION('',(0.,0.,1.));
#9042=DIRECTION('',(-1.,7.70988211545248E-016,0.));
#9043=DIRECTION('',(7.70217223333702E-016,1.,0.));
#9044=DIRECTION('',(0.,0.,-1.));
#9045=DIRECTION('',(-1.,0.,0.));
#9046=DIRECTION('',(0.,0.,1.));
#9047=DIRECTION('',(0.,0.,1.));
#9048=DIRECTION('',(-1.,0.,0.));
#9049=DIRECTION('',(0.,0.,1.));
#9050=DIRECTION('',(0.,0.,-1.));
#9051=DIRECTION('',(1.,0.,0.));
#9052=DIRECTION('',(-1.,-2.31296463463574E-015,0.));
#9053=DIRECTION('',(1.,2.31296463463573E-015,0.));
#9054=DIRECTION('',(-1.,0.,0.));
#9055=DIRECTION('',(-0.783851444435785,-0.620948398062137,0.));
#9056=DIRECTION('',(7.70988211545248E-016,1.,0.));
#9057=DIRECTION('',(0.,0.,1.));
#9058=DIRECTION('',(-1.,0.,0.));
#9059=DIRECTION('',(0.,-1.,0.));
#9060=DIRECTION('',(0.,0.,-1.));
#9061=DIRECTION('',(0.,-1.,0.));
#9062=DIRECTION('',(0.,0.,-1.));
#9063=DIRECTION('',(0.,1.,0.));
#9064=DIRECTION('',(0.,0.,-1.));
#9065=DIRECTION('',(1.,0.,0.));
#9066=DIRECTION('',(0.,0.,1.));
#9067=DIRECTION('',(0.,0.,1.));
#9068=DIRECTION('',(0.,0.,-1.));
#9069=DIRECTION('',(1.,0.,0.));
#9070=DIRECTION('',(0.,0.,-1.));
#9071=DIRECTION('',(0.,0.,1.));
#9072=DIRECTION('',(1.,0.,0.));
#9073=DIRECTION('',(0.,0.,1.));
#9074=DIRECTION('',(0.,0.,1.));
#9075=DIRECTION('',(1.,0.,0.));
#9076=DIRECTION('',(0.,0.,1.));
#9077=DIRECTION('',(-1.,0.,0.));
#9078=DIRECTION('',(0.,0.,-1.));
#9079=DIRECTION('',(-0.783851444435785,-0.620948398062137,0.));
#9080=DIRECTION('',(0.,0.,1.));
#9081=DIRECTION('',(0.783851444435785,0.620948398062137,0.));
#9082=DIRECTION('',(0.,0.,1.));
#9083=DIRECTION('',(0.,0.,1.));
#9084=DIRECTION('',(0.783851444435785,0.620948398062137,0.));
#9085=DIRECTION('',(0.620948398062137,-0.783851444435785,0.));
#9086=DIRECTION('',(-0.783851444435785,-0.620948398062137,0.));
#9087=DIRECTION('',(0.128180206831957,0.991750893408479,0.));
#9088=DIRECTION('',(0.,0.,-1.));
#9089=DIRECTION('',(0.128180206831957,0.991750893408479,0.));
#9090=DIRECTION('',(0.,0.,1.));
#9091=DIRECTION('',(-0.991750893408479,0.128180206831957,0.));
#9092=DIRECTION('',(0.128180206831957,0.991750893408479,0.));
#9093=DIRECTION('',(-0.991750893408481,-0.128180206831942,0.));
#9094=DIRECTION('',(0.,0.,1.));
#9095=DIRECTION('',(-0.991750893408481,-0.128180206831942,0.));
#9096=DIRECTION('',(0.,0.,-1.));
#9097=DIRECTION('',(0.128180206831942,-0.991750893408481,0.));
#9098=DIRECTION('',(-0.991750893408481,-0.128180206831942,0.));
#9099=DIRECTION('',(0.750382521738671,0.661003835895915,0.));
#9100=DIRECTION('',(0.,0.,1.));
#9101=DIRECTION('',(-0.750382521738671,-0.661003835895915,0.));
#9102=DIRECTION('',(-0.661003835895915,0.750382521738671,0.));
#9103=DIRECTION('',(0.750382521738671,0.661003835895915,0.));
#9104=DIRECTION('',(-0.707106781186547,-0.707106781186547,0.));
#9105=DIRECTION('',(0.,0.,1.));
#9106=DIRECTION('',(-0.707106781186548,-0.707106781186548,0.));
#9107=DIRECTION('',(0.,0.,-1.));
#9108=DIRECTION('',(0.707106781186547,-0.707106781186547,0.));
#9109=DIRECTION('',(-0.707106781186548,-0.707106781186548,0.));
#9110=DIRECTION('',(0.707106781186547,0.707106781186548,0.));
#9111=DIRECTION('',(0.,0.,-1.));
#9112=DIRECTION('',(0.707106781186547,0.707106781186548,0.));
#9113=DIRECTION('',(0.,0.,1.));
#9114=DIRECTION('',(-0.707106781186548,0.707106781186547,0.));
#9115=DIRECTION('',(0.707106781186547,0.707106781186548,0.));
#9116=DIRECTION('',(1.,0.,0.));
#9117=DIRECTION('',(0.,0.,1.));
#9118=DIRECTION('',(1.,0.,0.));
#9119=DIRECTION('',(0.,0.,1.));
#9120=DIRECTION('',(0.,1.,0.));
#9121=DIRECTION('',(0.,0.,1.));
#9122=DIRECTION('',(0.,0.,1.));
#9123=DIRECTION('',(0.,-0.707106781186543,-0.707106781186552));
#9124=DIRECTION('',(0.,-1.,0.));
#9125=DIRECTION('',(0.,-1.,0.));
#9126=DIRECTION('',(0.,0.707106781186543,-0.707106781186552));
#9127=DIRECTION('',(1.,0.,0.));
#9128=DIRECTION('',(0.,0.,1.));
#9129=DIRECTION('',(0.,0.,-1.));
#9130=DIRECTION('',(-1.,6.49089532625553E-016,0.));
#9131=DIRECTION('',(1.,-6.49089532625553E-016,0.));
#9132=DIRECTION('',(-6.49089532625553E-016,-1.,0.));
#9133=DIRECTION('',(-1.,6.48786580015326E-016,0.));
#9134=DIRECTION('',(0.,0.,1.));
#9135=DIRECTION('',(0.,0.,1.));
#9136=DIRECTION('',(1.,0.,0.));
#9137=DIRECTION('',(0.,0.,1.));
#9138=DIRECTION('',(0.,0.,-1.));
#9139=DIRECTION('',(1.,0.,0.));
#9140=DIRECTION('',(0.,0.,-1.));
#9141=DIRECTION('',(1.,0.,0.));
#9142=DIRECTION('',(0.,0.,1.));
#9143=DIRECTION('',(0.,0.,-1.));
#9144=DIRECTION('',(1.,0.,0.));
#9145=DIRECTION('',(0.,0.,1.));
#9146=DIRECTION('',(1.,0.,0.));
#9147=DIRECTION('',(0.,0.,-1.));
#9148=DIRECTION('',(1.,0.,0.));
#9149=DIRECTION('',(0.,0.,1.));
#9150=DIRECTION('',(0.,0.,1.));
#9151=DIRECTION('',(1.,0.,0.));
#9152=DIRECTION('',(0.,0.,-1.));
#9153=DIRECTION('',(1.,0.,0.));
#9154=DIRECTION('',(0.,0.,-1.));
#9155=DIRECTION('',(1.,0.,0.));
#9156=DIRECTION('',(0.,0.,-1.));
#9157=DIRECTION('',(-0.991750893408481,-0.128180206831942,0.));
#9158=DIRECTION('',(0.991750893408481,0.128180206831942,0.));
#9159=DIRECTION('',(0.128180206831942,-0.991750893408481,0.));
#9160=DIRECTION('',(-0.991750893408481,-0.128180206831942,0.));
#9161=DIRECTION('',(0.,0.,1.));
#9162=DIRECTION('',(0.12818020683196,0.991750893408479,0.));
#9163=DIRECTION('',(0.,0.,1.));
#9164=DIRECTION('',(-0.12818020683196,-0.991750893408479,0.));
#9165=DIRECTION('',(-0.991750893408479,0.12818020683196,0.));
#9166=DIRECTION('',(0.12818020683196,0.991750893408479,0.));
#9167=DIRECTION('',(0.,0.,1.));
#9168=DIRECTION('',(0.,0.,1.));
#9169=DIRECTION('',(1.,0.,0.));
#9170=DIRECTION('',(0.,0.,-1.));
#9171=DIRECTION('',(1.,0.,0.));
#9172=DIRECTION('',(0.,0.,-1.));
#9173=DIRECTION('',(1.,0.,0.));
#9174=DIRECTION('',(0.,0.,1.));
#9175=DIRECTION('',(0.,0.,-1.));
#9176=DIRECTION('',(1.,0.,0.));
#9177=DIRECTION('',(0.,0.,1.));
#9178=DIRECTION('',(1.,0.,0.));
#9179=DIRECTION('',(0.,0.,-1.));
#9180=DIRECTION('',(1.,0.,0.));
#9181=DIRECTION('',(0.,0.,-1.));
#9182=DIRECTION('',(0.,0.,1.));
#9183=DIRECTION('',(1.,0.,0.));
#9184=DIRECTION('',(0.,0.,-1.));
#9185=DIRECTION('',(1.,0.,0.));
#9186=DIRECTION('',(0.,0.,-1.));
#9187=DIRECTION('',(1.,0.,0.));
#9188=DIRECTION('',(0.707106781186548,-0.707106781186547,0.));
#9189=DIRECTION('',(0.,0.,-1.));
#9190=DIRECTION('',(0.707106781186548,-0.707106781186547,0.));
#9191=DIRECTION('',(0.,0.,1.));
#9192=DIRECTION('',(0.707106781186547,0.707106781186548,0.));
#9193=DIRECTION('',(0.707106781186548,-0.707106781186547,0.));
#9194=DIRECTION('',(-1.,9.25185853854314E-015,0.));
#9195=DIRECTION('',(0.,0.,1.));
#9196=DIRECTION('',(-0.999999999999997,0.,0.));
#9197=DIRECTION('',(1.,-9.25185853854314E-015,0.));
#9198=DIRECTION('',(0.,0.,1.));
#9199=DIRECTION('',(-0.999999999999994,0.,0.));
#9200=DIRECTION('',(0.,1.,0.));
#9201=DIRECTION('',(0.,0.,1.));
#9202=DIRECTION('',(-0.999999999999997,0.,0.));
#9203=DIRECTION('',(0.,-1.,0.));
#9204=DIRECTION('',(0.,0.,1.));
#9205=DIRECTION('',(-1.,0.,0.));
#9206=DIRECTION('',(1.,-9.25185853854305E-015,0.));
#9207=DIRECTION('',(0.,0.,1.));
#9208=DIRECTION('',(-0.999999999999997,0.,0.));
#9209=DIRECTION('',(-1.,9.25185853854314E-015,0.));
#9210=DIRECTION('',(0.,0.,1.));
#9211=DIRECTION('',(-1.,0.,0.));
#9212=DIRECTION('',(0.,-1.,0.));
#9213=DIRECTION('',(0.,0.,1.));
#9214=DIRECTION('',(-0.999999999999997,0.,0.));
#9215=DIRECTION('',(0.,1.,0.));
#9216=DIRECTION('',(0.,0.,1.));
#9217=DIRECTION('',(-1.,0.,0.));
#9218=DIRECTION('',(0.,0.,1.));
#9219=DIRECTION('',(-1.,0.,0.));
#9220=DIRECTION('',(0.,0.,1.));
#9221=DIRECTION('',(-1.,0.,0.));
#9222=DIRECTION('',(0.,0.,1.));
#9223=DIRECTION('',(-1.,0.,0.));
#9224=DIRECTION('',(0.,0.,-1.));
#9225=DIRECTION('',(1.,0.,0.));
#9226=DIRECTION('',(-1.,6.49089532625553E-016,0.));
#9227=DIRECTION('',(0.,0.,1.));
#9228=DIRECTION('',(1.,0.,0.));
#9229=DIRECTION('',(0.,0.,-1.));
#9230=DIRECTION('',(-1.,0.,0.));
#9231=DIRECTION('',(0.,0.,1.));
#9232=DIRECTION('',(1.,0.,0.));
#9233=DIRECTION('',(-1.,0.,0.));
#9234=DIRECTION('',(1.29035117406174E-016,1.,0.));
#9235=DIRECTION('',(0.,0.,-1.));
#9236=DIRECTION('',(1.,0.,0.));
#9237=DIRECTION('',(0.750382521738671,0.661003835895915,0.));
#9238=DIRECTION('',(0.,0.,-1.));
#9239=DIRECTION('',(1.,0.,0.));
#9240=DIRECTION('',(0.,0.,1.));
#9241=DIRECTION('',(1.,0.,0.));
#9242=DIRECTION('',(0.,0.,-1.));
#9243=DIRECTION('',(1.,0.,0.));
#9244=DIRECTION('',(0.,0.,1.));
#9245=DIRECTION('',(1.,0.,0.));
#9246=DIRECTION('',(0.12818020683196,0.991750893408479,0.));
#9247=DIRECTION('',(0.,0.,1.));
#9248=DIRECTION('',(0.999999999999999,0.,0.));
#9249=DIRECTION('',(-0.991750893408481,-0.128180206831942,0.));
#9250=DIRECTION('',(0.,0.,1.));
#9251=DIRECTION('',(1.,0.,0.));
#9252=DIRECTION('',(0.,0.,-1.));
#9253=DIRECTION('',(1.,0.,0.));
#9254=DIRECTION('',(0.,0.,1.));
#9255=DIRECTION('',(1.,0.,0.));
#9256=DIRECTION('',(0.,0.,-1.));
#9257=DIRECTION('',(1.,0.,0.));
#9258=DIRECTION('',(-0.783851444435785,-0.620948398062137,0.));
#9259=DIRECTION('',(-1.,0.,0.));
#9260=DIRECTION('',(1.,2.31296463463573E-015,0.));
#9261=DIRECTION('',(-1.,-2.31296463463574E-015,0.));
#9262=DIRECTION('',(-7.70988211545248E-016,-1.,0.));
#9263=DIRECTION('',(-0.783851444435785,-0.620948398062137,0.));
#9264=DIRECTION('',(0.,0.,-1.));
#9265=DIRECTION('',(-1.,0.,0.));
#9266=DIRECTION('',(0.,0.,-1.));
#9267=DIRECTION('',(-1.,0.,0.));
#9268=DIRECTION('',(0.,0.,-1.));
#9269=DIRECTION('',(-1.,0.,0.));
#9270=DIRECTION('',(0.,0.,1.));
#9271=DIRECTION('',(-1.,0.,0.));
#9272=DIRECTION('',(0.,0.,1.));
#9273=DIRECTION('',(-1.,0.,0.));
#9274=DIRECTION('',(0.,0.,1.));
#9275=DIRECTION('',(-1.,0.,0.));
#9276=DIRECTION('',(0.,0.,1.));
#9277=DIRECTION('',(-1.,0.,0.));
#9278=DIRECTION('',(0.,1.,0.));
#9279=DIRECTION('',(0.,0.,1.));
#9280=DIRECTION('',(-0.999999999999997,0.,0.));
#9281=DIRECTION('',(0.,-1.,0.));
#9282=DIRECTION('',(0.,0.,1.));
#9283=DIRECTION('',(-1.,0.,0.));
#9284=DIRECTION('',(-1.,9.25185853854314E-015,0.));
#9285=DIRECTION('',(0.,0.,1.));
#9286=DIRECTION('',(-0.999999999999997,0.,0.));
#9287=DIRECTION('',(1.,-9.25185853854305E-015,0.));
#9288=DIRECTION('',(0.,0.,1.));
#9289=DIRECTION('',(-1.,0.,0.));
#9290=DIRECTION('',(0.,-1.,0.));
#9291=DIRECTION('',(0.,0.,1.));
#9292=DIRECTION('',(-0.999999999999997,0.,0.));
#9293=DIRECTION('',(0.,1.,0.));
#9294=DIRECTION('',(0.,0.,1.));
#9295=DIRECTION('',(-0.999999999999994,0.,0.));
#9296=DIRECTION('',(1.,-9.25185853854314E-015,0.));
#9297=DIRECTION('',(0.,0.,1.));
#9298=DIRECTION('',(-0.999999999999997,0.,0.));
#9299=DIRECTION('',(-1.,9.25185853854314E-015,0.));
#9300=DIRECTION('',(-0.750382521738671,-0.661003835895915,0.));
#9301=DIRECTION('',(0.,0.,1.));
#9302=DIRECTION('',(1.,0.,0.));
#9303=DIRECTION('',(-1.,0.,0.));
#9304=DIRECTION('',(0.,0.,-1.));
#9305=DIRECTION('',(1.,0.,0.));
#9306=DIRECTION('',(0.,0.,1.));
#9307=DIRECTION('',(-1.,0.,0.));
#9308=DIRECTION('',(0.,0.,-1.));
#9309=DIRECTION('',(1.,0.,0.));
#9310=DIRECTION('',(1.,-6.49089532625553E-016,0.));
#9311=DIRECTION('',(0.,0.,1.));
#9312=DIRECTION('',(1.,0.,0.));
#9313=DIRECTION('',(0.783851444435785,0.620948398062137,0.));
#9314=DIRECTION('',(0.,0.,1.));
#9315=DIRECTION('',(1.,0.,0.));
#9316=DIRECTION('',(0.,0.,-1.));
#9317=DIRECTION('',(1.,0.,0.));
#9318=DIRECTION('',(0.,0.,1.));
#9319=DIRECTION('',(1.,0.,0.));
#9320=DIRECTION('',(0.,0.,-1.));
#9321=DIRECTION('',(1.,0.,0.));
#9322=DIRECTION('',(0.991750893408481,0.128180206831942,0.));
#9323=DIRECTION('',(0.,0.,-1.));
#9324=DIRECTION('',(0.999999999999996,0.,0.));
#9325=DIRECTION('',(-0.12818020683196,-0.991750893408479,0.));
#9326=DIRECTION('',(0.,0.,-1.));
#9327=DIRECTION('',(1.,0.,0.));
#9328=DIRECTION('',(0.,0.,1.));
#9329=DIRECTION('',(1.,0.,0.));
#9330=DIRECTION('',(0.,0.,-1.));
#9331=DIRECTION('',(1.,0.,0.));
#9332=DIRECTION('',(0.,0.,1.));
#9333=DIRECTION('',(1.,0.,0.));
#9334=DIRECTION('',(0.,0.,1.));
#9335=DIRECTION('',(-1.,0.,0.));
#9336=DIRECTION('',(0.,0.,1.));
#9337=DIRECTION('',(-1.,0.,0.));
#9338=DIRECTION('',(0.,0.,1.));
#9339=DIRECTION('',(-1.,0.,0.));
#9340=DIRECTION('',(0.,0.,1.));
#9341=DIRECTION('',(-1.,0.,0.));
#9342=DIRECTION('',(0.,0.,1.));
#9343=DIRECTION('',(-1.,0.,0.));
#9344=DIRECTION('',(0.,0.,-1.));
#9345=DIRECTION('',(1.,0.,0.));
#9346=DIRECTION('',(0.,0.,1.));
#9347=DIRECTION('',(1.,0.,0.));
#9348=DIRECTION('',(0.,0.,1.));
#9349=DIRECTION('',(-1.,0.,0.));
#9350=DIRECTION('',(0.,0.,-1.));
#9351=DIRECTION('',(1.,0.,0.));
#9352=DIRECTION('',(0.,0.,1.));
#9353=DIRECTION('',(1.,0.,0.));
#9354=DIRECTION('',(0.,0.,-1.));
#9355=DIRECTION('',(1.,0.,0.));
#9356=DIRECTION('',(0.,0.,-1.));
#9357=DIRECTION('',(1.,0.,0.));
#9358=DIRECTION('',(0.,0.,1.));
#9359=DIRECTION('',(1.,0.,0.));
#9360=DIRECTION('',(0.,0.,-1.));
#9361=DIRECTION('',(1.,0.,0.));
#9362=DIRECTION('',(0.,0.,1.));
#9363=DIRECTION('',(0.999999999999999,0.,0.));
#9364=DIRECTION('',(0.,0.,-1.));
#9365=DIRECTION('',(0.999999999999999,0.,0.));
#9366=DIRECTION('',(0.,0.,-1.));
#9367=DIRECTION('',(0.999999999999999,0.,0.));
#9368=DIRECTION('',(0.,0.,1.));
#9369=DIRECTION('',(-1.,0.,0.));
#9370=DIRECTION('',(0.,0.,1.));
#9371=DIRECTION('',(-1.,0.,0.));
#9372=DIRECTION('',(0.,0.,1.));
#9373=DIRECTION('',(-1.,0.,0.));
#9374=DIRECTION('',(0.,0.,1.));
#9375=DIRECTION('',(0.,0.,1.));
#9376=DIRECTION('',(0.,0.,1.));
#9377=DIRECTION('',(-0.999999999999994,0.,0.));
#9378=DIRECTION('',(0.,0.,1.));
#9379=DIRECTION('',(0.,0.,1.));
#9380=DIRECTION('',(0.,0.,1.));
#9381=DIRECTION('',(-1.,0.,0.));
#9382=DIRECTION('',(0.,0.,1.));
#9383=DIRECTION('',(0.,0.,1.));
#9384=DIRECTION('',(0.,0.,1.));
#9385=DIRECTION('',(-1.,0.,0.));
#9386=DIRECTION('',(0.,0.,1.));
#9387=DIRECTION('',(0.,0.,1.));
#9388=DIRECTION('',(0.,0.,1.));
#9389=DIRECTION('',(-1.,0.,0.));
#9390=DIRECTION('',(0.,0.,1.));
#9391=DIRECTION('',(-1.,0.,0.));
#9392=DIRECTION('',(0.,0.,1.));
#9393=DIRECTION('',(-6.06790898415855E-016,-0.787030060031267,0.616914649369895));
#9394=DIRECTION('',(-1.,7.70988211545248E-016,0.));
#9395=DIRECTION('',(7.70217223333702E-016,1.,0.));
#9396=DIRECTION('',(1.,0.,0.));
#9397=DIRECTION('',(0.,-1.,0.));
#9398=DIRECTION('',(0.,0.,-1.));
#9399=DIRECTION('',(0.,0.,1.));
#9400=DIRECTION('',(1.,0.,0.));
#9401=DIRECTION('',(-1.29035117406174E-016,-1.,0.));
#9402=DIRECTION('',(1.,0.,0.));
#9403=DIRECTION('',(0.,0.,-1.));
#9404=DIRECTION('',(1.,0.,0.));
#9405=DIRECTION('',(-1.29035117406174E-016,-1.,0.));
#9406=DIRECTION('',(0.,0.,1.));
#9407=DIRECTION('',(-1.,1.29035117406174E-016,0.));
#9408=DIRECTION('',(1.28369537222284E-016,1.,0.));
#9409=DIRECTION('',(-0.707106781186549,0.,0.707106781186546));
#9410=DIRECTION('',(0.,-1.,0.));
#9411=DIRECTION('',(0.,0.,-1.));
#9412=DIRECTION('',(0.,0.,1.));
#9413=DIRECTION('',(-1.,0.,0.));
#9414=DIRECTION('',(0.,0.,1.));
#9415=DIRECTION('',(-1.,0.,0.));
#9416=DIRECTION('',(-0.849541660122846,0.,-0.527521532940333));
#9417=DIRECTION('',(0.,-1.,0.));
#9418=DIRECTION('',(0.,0.,-1.));
#9419=DIRECTION('',(2.31296463463573E-015,-1.,0.));
#9420=DIRECTION('',(-1.,-2.31065167000111E-015,0.));
#9421=DIRECTION('',(-2.31296463463574E-015,1.,0.));
#9422=DIRECTION('',(1.,2.31065167000111E-015,0.));
#9423=DIRECTION('',(0.,0.,-1.));
#9424=DIRECTION('',(0.,0.,-1.));
#9425=DIRECTION('',(0.,0.,-1.));
#9426=DIRECTION('',(0.999999999999997,0.,0.));
#9427=DIRECTION('',(-1.,0.,0.));
#9428=DIRECTION('',(0.,0.,-1.));
#9429=DIRECTION('',(1.,0.,0.));
#9430=DIRECTION('',(0.,0.,1.));
#9431=DIRECTION('',(0.,0.,-1.));
#9432=DIRECTION('',(0.,0.,-1.));
#9433=DIRECTION('',(0.,0.,-1.));
#9434=DIRECTION('',(0.999999999999997,0.,0.));
#9435=DIRECTION('',(-9.25185853854305E-015,-1.,0.));
#9436=DIRECTION('',(-1.,9.25648446781224E-015,0.));
#9437=DIRECTION('',(9.25185853854313E-015,1.,0.));
#9438=DIRECTION('',(1.,-9.25648446781224E-015,0.));
#9439=DIRECTION('',(0.,0.,-1.));
#9440=DIRECTION('',(0.,0.,-1.));
#9441=DIRECTION('',(0.,0.,-1.));
#9442=DIRECTION('',(1.00000000000001,0.,0.));
#9443=DIRECTION('',(1.,0.,0.));
#9444=DIRECTION('',(0.,0.,1.));
#9445=DIRECTION('',(-1.,0.,0.));
#9446=DIRECTION('',(0.,0.,-1.));
#9447=DIRECTION('',(0.,0.,-1.));
#9448=DIRECTION('',(0.,0.,-1.));
#9449=DIRECTION('',(0.,0.,-1.));
#9450=DIRECTION('',(0.999999999999997,0.,0.));
#9451=DIRECTION('',(9.25185853854313E-015,1.,0.));
#9452=DIRECTION('',(1.,-9.25648446781224E-015,0.));
#9453=DIRECTION('',(-9.25185853854313E-015,-1.,0.));
#9454=DIRECTION('',(-1.,9.25648446781224E-015,0.));
#9455=DIRECTION('',(0.,0.,1.));
#9456=DIRECTION('',(1.,0.,0.));
#9457=DIRECTION('',(0.,0.,1.));
#9458=DIRECTION('',(1.,0.,0.));
#9459=DIRECTION('',(0.439076823036658,-0.55426667180341,0.707106781186552));
#9460=DIRECTION('',(-0.439076823036662,0.554266671803415,0.707106781186545));
#9461=DIRECTION('',(0.783851444435785,0.620948398062137,0.));
#9462=DIRECTION('',(0.694951073222998,-0.130548863749172,0.70710678118655));
#9463=DIRECTION('',(0.,0.,1.));
#9464=DIRECTION('',(1.,0.,-1.04491179013294E-016));
#9465=DIRECTION('',(0.28303275613851,-0.647991094809675,0.707106781186546));
#9466=DIRECTION('',(0.,0.,-1.));
#9467=DIRECTION('',(-1.,0.,4.31738047779196E-018));
#9468=DIRECTION('',(0.647991094811424,-0.283032756134498,0.707106781186549));
#9469=DIRECTION('',(0.,0.,1.));
#9470=DIRECTION('',(1.,0.,-1.05524721832417E-016));
#9471=DIRECTION('',(0.0906370934650873,-0.70127378197691,0.707106781186549));
#9472=DIRECTION('',(0.,0.,-1.));
#9473=DIRECTION('',(-1.,0.,4.31738047779197E-018));
#9474=DIRECTION('',(0.090637093464763,-0.701273781976955,0.707106781186546));
#9475=DIRECTION('',(-0.0906370934647596,0.70127378197695,0.707106781186552));
#9476=DIRECTION('',(0.991750893408481,0.128180206831942,0.));
#9477=DIRECTION('',(-0.70127378197695,0.0906370934647734,0.70710678118655));
#9478=DIRECTION('',(0.,0.,-1.));
#9479=DIRECTION('',(-1.,0.,4.32469953125454E-018));
#9480=DIRECTION('',(-0.70127378197695,0.0906370934647734,0.70710678118655));
#9481=DIRECTION('',(0.701273781976957,-0.0906370934647737,0.707106781186543));
#9482=DIRECTION('',(-0.12818020683196,-0.991750893408479,0.));
#9483=DIRECTION('',(-0.283032756138559,0.647991094809654,0.707106781186545));
#9484=DIRECTION('',(0.,0.,-1.));
#9485=DIRECTION('',(-1.,0.,4.31738047779193E-018));
#9486=DIRECTION('',(-0.647991094811424,0.283032756134498,0.707106781186549));
#9487=DIRECTION('',(0.,0.,1.));
#9488=DIRECTION('',(1.,0.,-1.05524721832417E-016));
#9489=DIRECTION('',(0.018055577585573,0.706876224043538,0.707106781186549));
#9490=DIRECTION('',(0.,0.,-1.));
#9491=DIRECTION('',(-1.,0.,4.31738047779194E-018));
#9492=DIRECTION('',(-0.467400294752321,0.530600569605277,0.707106781186547));
#9493=DIRECTION('',(0.,0.,1.));
#9494=DIRECTION('',(1.,0.,-1.04491179013295E-016));
#9495=DIRECTION('',(-0.467400294752321,0.530600569605277,0.707106781186546));
#9496=DIRECTION('',(0.467400294752321,-0.530600569605276,0.707106781186548));
#9497=DIRECTION('',(-0.750382521738671,-0.661003835895915,0.));
#9498=DIRECTION('',(0.,0.,1.));
#9499=DIRECTION('',(1.,0.,-1.02483663566353E-016));
#9500=DIRECTION('',(0.707106781186546,-9.12416065291074E-017,0.707106781186549));
#9501=DIRECTION('',(1.28369537222284E-016,1.,0.));
#9502=DIRECTION('',(0.,0.707106781186543,0.707106781186552));
#9503=DIRECTION('',(-4.58975610116739E-016,-0.707106781186552,0.707106781186543));
#9504=DIRECTION('',(-1.,6.48786580015326E-016,0.));
#9505=DIRECTION('',(-0.439076823036661,0.554266671803415,0.707106781186546));
#9506=DIRECTION('',(0.,0.,-1.));
#9507=DIRECTION('',(-1.,0.,0.));
#9508=DIRECTION('',(-0.439076823036662,0.554266671803406,0.707106781186553));
#9509=DIRECTION('',(0.439076823036662,-0.554266671803415,0.707106781186545));
#9510=DIRECTION('',(-0.783851444435785,-0.620948398062137,0.));
#9511=DIRECTION('',(-0.694951073223003,0.130548863749171,0.707106781186545));
#9512=DIRECTION('',(0.,0.,-1.));
#9513=DIRECTION('',(-1.,0.,0.));
#9514=DIRECTION('',(-0.283032756132229,0.64799109481242,0.707106781186544));
#9515=DIRECTION('',(0.,0.,1.));
#9516=DIRECTION('',(1.,0.,-1.09552402510718E-016));
#9517=DIRECTION('',(-0.647991094811424,0.283032756134498,0.707106781186549));
#9518=DIRECTION('',(0.,0.,-1.));
#9519=DIRECTION('',(-1.,0.,8.58773998008321E-019));
#9520=DIRECTION('',(-0.0906370934647636,0.70127378197695,0.707106781186551));
#9521=DIRECTION('',(0.,0.,1.));
#9522=DIRECTION('',(1.,0.,-1.09552402510718E-016));
#9523=DIRECTION('',(-0.090637093464763,0.701273781976955,0.707106781186546));
#9524=DIRECTION('',(0.0906370934647596,-0.70127378197695,0.707106781186552));
#9525=DIRECTION('',(-0.991750893408481,-0.128180206831942,0.));
#9526=DIRECTION('',(0.70127378197695,-0.0906370934647734,0.70710678118655));
#9527=DIRECTION('',(0.,0.,1.));
#9528=DIRECTION('',(1.,0.,0.));
#9529=DIRECTION('',(0.70127378197695,-0.0906370934647734,0.70710678118655));
#9530=DIRECTION('',(-0.701273781976957,0.0906370934647737,0.707106781186543));
#9531=DIRECTION('',(0.12818020683196,0.991750893408479,0.));
#9532=DIRECTION('',(0.283032756132262,-0.647991094812398,0.707106781186551));
#9533=DIRECTION('',(0.,0.,1.));
#9534=DIRECTION('',(1.,0.,-1.09552402510719E-016));
#9535=DIRECTION('',(0.647991094811426,-0.283032756134489,0.707106781186551));
#9536=DIRECTION('',(0.,0.,-1.));
#9537=DIRECTION('',(-1.,0.,8.58773998008321E-019));
#9538=DIRECTION('',(-0.018055577585573,-0.706876224043538,0.707106781186549));
#9539=DIRECTION('',(0.,0.,1.));
#9540=DIRECTION('',(1.,0.,-1.09552402510719E-016));
#9541=DIRECTION('',(0.467400294752321,-0.530600569605277,0.707106781186546));
#9542=DIRECTION('',(0.,0.,-1.));
#9543=DIRECTION('',(-1.,0.,0.));
#9544=DIRECTION('',(0.467400294752326,-0.530600569605284,0.707106781186539));
#9545=DIRECTION('',(-0.467400294752321,0.530600569605276,0.707106781186548));
#9546=DIRECTION('',(0.750382521738671,0.661003835895915,0.));
#9547=DIRECTION('',(0.,0.,-1.));
#9548=DIRECTION('',(-1.,0.,0.));
#9549=DIRECTION('',(-0.439076823036658,0.554266671803412,-0.70710678118655));
#9550=DIRECTION('',(-0.439076823036662,0.554266671803415,0.707106781186545));
#9551=DIRECTION('',(0.783851444435785,0.620948398062137,0.));
#9552=DIRECTION('',(0.,0.707106781186548,-0.707106781186547));
#9553=DIRECTION('',(0.,0.,1.));
#9554=DIRECTION('',(1.,0.,-1.04491179013294E-016));
#9555=DIRECTION('',(4.58975610116739E-016,0.707106781186552,0.707106781186543));
#9556=DIRECTION('',(1.,-6.48786580015326E-016,0.));
#9557=DIRECTION('',(0.,-1.,0.));
#9558=DIRECTION('',(-0.58460254023274,0.811319832096706,0.));
#9559=DIRECTION('',(0.,0.,1.));
#9560=DIRECTION('',(-1.,0.,0.));
#9561=DIRECTION('',(-1.,0.,0.));
#9562=DIRECTION('',(1.70620017069566E-016,1.,0.));
#9563=DIRECTION('',(1.,2.18783996989252E-016,0.));
#9564=DIRECTION('',(0.,0.,-1.));
#9565=DIRECTION('',(-1.,0.,0.));
#9566=DIRECTION('',(0.707106781186547,-0.707106781186548,0.));
#9567=DIRECTION('',(0.,0.,1.));
#9568=DIRECTION('',(1.,0.,0.));
#9569=DIRECTION('',(-0.707106781186548,0.707106781186547,0.));
#9570=DIRECTION('',(0.,0.,-1.));
#9571=DIRECTION('',(-1.,0.,0.));
#9572=DIRECTION('',(0.,1.,0.));
#9573=DIRECTION('',(-1.,0.,0.));
#9574=DIRECTION('',(0.,0.,1.));
#9575=DIRECTION('',(-1.,0.,0.));
#9576=DIRECTION('',(0.,-1.,0.));
#9577=DIRECTION('',(0.,0.,1.));
#9578=DIRECTION('',(-1.,0.,0.));
#9579=DIRECTION('',(0.542518702070267,-0.840043723804894,0.));
#9580=DIRECTION('',(0.,0.,1.));
#9581=DIRECTION('',(-1.,0.,0.));
#9582=DIRECTION('',(0.,0.,-1.));
#9583=DIRECTION('',(-1.,0.,0.));
#9584=DIRECTION('',(0.,0.,1.));
#9585=DIRECTION('',(-1.,0.,0.));
#9586=DIRECTION('',(0.,0.,-1.));
#9587=DIRECTION('',(-0.999999999999999,0.,0.));
#9588=DIRECTION('',(0.128180206831964,-0.991750893408478,0.));
#9589=DIRECTION('',(0.,0.,-1.));
#9590=DIRECTION('',(-1.,0.,0.));
#9591=DIRECTION('',(-0.991750893408478,0.128180206831966,0.));
#9592=DIRECTION('',(0.,0.,-1.));
#9593=DIRECTION('',(-0.999999999999999,0.,0.));
#9594=DIRECTION('',(0.,0.,1.));
#9595=DIRECTION('',(-1.,0.,0.));
#9596=DIRECTION('',(0.,0.,-1.));
#9597=DIRECTION('',(-0.999999999999999,0.,0.));
#9598=DIRECTION('',(0.,0.,1.));
#9599=DIRECTION('',(-1.,0.,0.));
#9600=DIRECTION('',(-0.58460254023274,0.811319832096706,0.));
#9601=DIRECTION('',(1.,0.,0.));
#9602=DIRECTION('',(0.,-1.,0.));
#9603=DIRECTION('',(-1.,0.,0.));
#9604=DIRECTION('',(0.,0.,-1.));
#9605=DIRECTION('',(-1.,0.,0.));
#9606=DIRECTION('',(-1.,0.,0.));
#9607=DIRECTION('',(0.,0.,1.));
#9608=DIRECTION('',(-1.,0.,0.));
#9609=DIRECTION('',(-0.00764462716650851,-0.999970779410821,0.));
#9610=DIRECTION('',(0.,0.,1.));
#9611=DIRECTION('',(0.999999999999998,0.,0.));
#9612=DIRECTION('',(-0.00764462716651806,0.999970779410821,0.));
#9613=DIRECTION('',(0.,0.,1.));
#9614=DIRECTION('',(1.,0.,0.));
#9615=DIRECTION('',(0.,0.,1.));
#9616=DIRECTION('',(-1.,0.,0.));
#9617=DIRECTION('',(0.00764462716651806,0.999970779410821,0.));
#9618=DIRECTION('',(0.,0.,1.));
#9619=DIRECTION('',(0.999999999999998,0.,0.));
#9620=DIRECTION('',(0.00764462716650851,-0.999970779410821,0.));
#9621=DIRECTION('',(0.128180206831965,-0.991750893408478,0.));
#9622=DIRECTION('',(0.,0.,1.));
#9623=DIRECTION('',(1.,0.,0.));
#9624=DIRECTION('',(0.707106781186545,0.70710678118655,0.));
#9625=DIRECTION('',(0.,0.,1.));
#9626=DIRECTION('',(1.,0.,0.));
#9627=DIRECTION('',(-0.991750893408478,0.128180206831964,0.));
#9628=DIRECTION('',(0.,0.,1.));
#9629=DIRECTION('',(1.,0.,0.));
#9630=DIRECTION('',(0.,0.,1.));
#9631=DIRECTION('',(-1.,0.,0.));
#9632=DIRECTION('',(0.,0.,1.));
#9633=DIRECTION('',(-1.,0.,0.));
#9634=DIRECTION('',(0.,0.,1.));
#9635=DIRECTION('',(-1.,0.,0.));
#9636=DIRECTION('',(0.,0.,1.));
#9637=DIRECTION('',(-1.,0.,0.));
#9638=DIRECTION('',(-0.999970779410821,0.00764462716653709,0.));
#9639=DIRECTION('',(0.,0.,1.));
#9640=DIRECTION('',(0.999999999999998,0.,0.));
#9641=DIRECTION('',(0.999970779410821,0.00764462716649889,0.));
#9642=DIRECTION('',(0.,0.,1.));
#9643=DIRECTION('',(1.,0.,0.));
#9644=DIRECTION('',(0.999970779410821,-0.00764462716649896,0.));
#9645=DIRECTION('',(0.,0.,1.));
#9646=DIRECTION('',(0.999999999999998,0.,0.));
#9647=DIRECTION('',(-0.999970779410821,-0.00764462716653709,0.));
#9648=DIRECTION('',(0.,0.,1.));
#9649=DIRECTION('',(-1.,0.,0.));
#9650=DIRECTION('',(0.,0.,1.));
#9651=DIRECTION('',(1.,0.,0.));
#9652=DIRECTION('',(0.,0.,-1.));
#9653=DIRECTION('',(1.,0.,0.));
#9654=DIRECTION('',(1.70620017069566E-016,1.,0.));
#9655=DIRECTION('',(1.,0.,0.));
#9656=DIRECTION('',(0.,0.,-1.));
#9657=DIRECTION('',(-1.,0.,0.));
#9658=DIRECTION('',(0.58460254023274,-0.811319832096706,0.));
#9659=DIRECTION('',(0.,0.,-1.));
#9660=DIRECTION('',(-1.,0.,0.));
#9661=DIRECTION('',(0.,0.,1.));
#9662=DIRECTION('',(-0.999999999999999,0.,0.));
#9663=DIRECTION('',(0.,0.,-1.));
#9664=DIRECTION('',(-1.,0.,0.));
#9665=DIRECTION('',(0.,0.,1.));
#9666=DIRECTION('',(-1.,0.,0.));
#9667=DIRECTION('',(0.991750893408478,-0.128180206831966,0.));
#9668=DIRECTION('',(0.,0.,1.));
#9669=DIRECTION('',(-1.,0.,0.));
#9670=DIRECTION('',(-0.128180206831964,0.991750893408478,0.));
#9671=DIRECTION('',(0.,0.,1.));
#9672=DIRECTION('',(-1.,0.,0.));
#9673=DIRECTION('',(0.,0.,-1.));
#9674=DIRECTION('',(-1.,0.,0.));
#9675=DIRECTION('',(0.,0.,1.));
#9676=DIRECTION('',(-0.999999999999999,0.,0.));
#9677=DIRECTION('',(0.,0.,-1.));
#9678=DIRECTION('',(-1.,0.,0.));
#9679=DIRECTION('',(-0.542518702070267,0.840043723804894,0.));
#9680=DIRECTION('',(0.,0.,-1.));
#9681=DIRECTION('',(-1.,0.,0.));
#9682=DIRECTION('',(0.,1.,0.));
#9683=DIRECTION('',(-1.,0.,0.));
#9684=DIRECTION('',(0.,1.,0.));
#9685=DIRECTION('',(0.,0.,1.));
#9686=DIRECTION('',(-1.,0.,0.));
#9687=DIRECTION('',(-0.707106781186548,0.707106781186547,0.));
#9688=DIRECTION('',(0.,0.,-1.));
#9689=DIRECTION('',(1.,0.,0.));
#9690=DIRECTION('',(0.707106781186547,-0.707106781186548,0.));
#9691=DIRECTION('',(0.,0.,1.));
#9692=DIRECTION('',(-1.,0.,0.));
#9693=DIRECTION('',(1.,2.18783996989252E-016,0.));
#9694=DIRECTION('',(0.,0.,1.));
#9695=DIRECTION('',(1.,0.,0.));
#9696=DIRECTION('',(-0.00764462716651806,0.999970779410821,0.));
#9697=DIRECTION('',(0.,0.,1.));
#9698=DIRECTION('',(0.999999999999998,0.,0.));
#9699=DIRECTION('',(-0.00764462716650851,-0.999970779410821,0.));
#9700=DIRECTION('',(0.,0.,-1.));
#9701=DIRECTION('',(1.,0.,0.));
#9702=DIRECTION('',(0.00764462716650851,-0.999970779410821,0.));
#9703=DIRECTION('',(0.,0.,1.));
#9704=DIRECTION('',(0.999999999999998,0.,0.));
#9705=DIRECTION('',(0.00764462716651806,0.999970779410821,0.));
#9706=DIRECTION('',(0.,0.,-1.));
#9707=DIRECTION('',(1.,0.,0.));
#9708=DIRECTION('',(0.,0.,-1.));
#9709=DIRECTION('',(1.,0.,0.));
#9710=DIRECTION('',(0.,0.,-1.));
#9711=DIRECTION('',(1.,0.,0.));
#9712=DIRECTION('',(-0.991750893408478,0.128180206831964,0.));
#9713=DIRECTION('',(0.,0.,-1.));
#9714=DIRECTION('',(1.,0.,0.));
#9715=DIRECTION('',(0.707106781186545,0.70710678118655,0.));
#9716=DIRECTION('',(0.,0.,-1.));
#9717=DIRECTION('',(1.,0.,0.));
#9718=DIRECTION('',(0.128180206831965,-0.991750893408478,0.));
#9719=DIRECTION('',(0.,0.,-1.));
#9720=DIRECTION('',(1.,0.,0.));
#9721=DIRECTION('',(0.,0.,1.));
#9722=DIRECTION('',(1.,0.,0.));
#9723=DIRECTION('',(0.999970779410821,0.00764462716649889,0.));
#9724=DIRECTION('',(0.,0.,1.));
#9725=DIRECTION('',(0.999999999999998,0.,0.));
#9726=DIRECTION('',(-0.999970779410821,0.00764462716653709,0.));
#9727=DIRECTION('',(0.,0.,-1.));
#9728=DIRECTION('',(1.,0.,0.));
#9729=DIRECTION('',(0.,0.,1.));
#9730=DIRECTION('',(1.,0.,0.));
#9731=DIRECTION('',(0.,0.,-1.));
#9732=DIRECTION('',(1.,0.,0.));
#9733=DIRECTION('',(-0.999970779410821,-0.00764462716653709,0.));
#9734=DIRECTION('',(0.,0.,1.));
#9735=DIRECTION('',(0.999999999999998,0.,0.));
#9736=DIRECTION('',(0.999970779410821,-0.00764462716649896,0.));
#9737=DIRECTION('',(0.,0.,-1.));
#9738=DIRECTION('',(1.,0.,0.));
#9739=DIRECTION('',(0.,0.,1.));
#9740=DIRECTION('',(0.,0.,-1.));
#9741=DIRECTION('',(0.,0.,1.));
#9742=DIRECTION('',(-1.,0.,0.));
#9743=DIRECTION('',(0.,0.,-1.));
#9744=DIRECTION('',(0.,0.,1.));
#9745=DIRECTION('',(0.,0.,1.));
#9746=DIRECTION('',(-1.,0.,0.));
#9747=DIRECTION('',(0.,0.,-1.));
#9748=DIRECTION('',(0.,0.,1.));
#9749=DIRECTION('',(0.,0.,1.));
#9750=DIRECTION('',(-1.,0.,0.));
#9751=DIRECTION('',(0.,0.,1.));
#9752=DIRECTION('',(0.,0.,1.));
#9753=DIRECTION('',(0.,-1.,0.));
#9754=DIRECTION('',(1.,0.,0.));
#9755=DIRECTION('',(0.,0.,1.));
#9756=DIRECTION('',(1.,0.,0.));
#9757=DIRECTION('',(-0.58460254023274,0.811319832096707,0.));
#9758=DIRECTION('',(0.,-1.,0.));
#9759=DIRECTION('',(-1.,0.,0.));
#9760=DIRECTION('',(0.,0.,-1.));
#9761=DIRECTION('',(-1.,0.,0.));
#9762=DIRECTION('',(-1.,0.,0.));
#9763=DIRECTION('',(0.,0.,-1.));
#9764=DIRECTION('',(1.,0.,0.));
#9765=DIRECTION('',(0.,0.,-1.));
#9766=DIRECTION('',(0.,1.,0.));
#9767=DIRECTION('',(0.,0.,1.));
#9768=DIRECTION('',(0.,-1.,0.));
#9769=DIRECTION('',(0.,0.,1.));
#9770=DIRECTION('',(0.,-1.,0.));
#9771=DIRECTION('',(1.,0.,0.));
#9772=DIRECTION('',(0.,0.,1.));
#9773=DIRECTION('',(0.,0.,1.));
#9774=DIRECTION('',(0.,0.,-1.));
#9775=DIRECTION('',(0.,1.,0.));
#9776=DIRECTION('',(0.,0.,1.));
#9777=DIRECTION('',(-1.,0.,0.));
#9778=DIRECTION('',(0.,0.,-1.));
#9779=DIRECTION('',(0.,0.,1.));
#9780=DIRECTION('',(0.,0.,-1.));
#9781=DIRECTION('',(0.991750893408478,0.128180206831965,0.));
#9782=DIRECTION('',(0.128180206831965,-0.991750893408478,0.));
#9783=DIRECTION('',(0.,0.,-1.));
#9784=DIRECTION('',(0.,0.,1.));
#9785=DIRECTION('',(-0.128180206831964,-0.991750893408478,0.));
#9786=DIRECTION('',(-0.991750893408478,0.128180206831964,0.));
#9787=DIRECTION('',(0.,0.,-1.));
#9788=DIRECTION('',(-0.128180206831964,0.991750893408478,0.));
#9789=DIRECTION('',(0.,0.,1.));
#9790=DIRECTION('',(0.128180206831964,-0.991750893408478,0.));
#9791=DIRECTION('',(0.991750893408478,0.128180206831964,0.));
#9792=DIRECTION('',(0.128180206831964,-0.991750893408478,0.));
#9793=DIRECTION('',(0.,0.,1.));
#9794=DIRECTION('',(-1.,0.,0.));
#9795=DIRECTION('',(0.,0.,1.));
#9796=DIRECTION('',(0.,0.,-1.));
#9797=DIRECTION('',(-1.,0.,0.));
#9798=DIRECTION('',(0.,0.,-1.));
#9799=DIRECTION('',(1.,0.,0.));
#9800=DIRECTION('',(0.,0.,-1.));
#9801=DIRECTION('',(-0.999999999999999,0.,0.));
#9802=DIRECTION('',(0.,0.,1.));
#9803=DIRECTION('',(0.,0.,1.));
#9804=DIRECTION('',(-0.999999999999999,0.,0.));
#9805=DIRECTION('',(0.,0.,-1.));
#9806=DIRECTION('',(0.999999999999999,0.,0.));
#9807=DIRECTION('',(0.,0.,1.));
#9808=DIRECTION('',(-1.,0.,0.));
#9809=DIRECTION('',(0.,0.,1.));
#9810=DIRECTION('',(0.,0.,-1.));
#9811=DIRECTION('',(-1.,0.,0.));
#9812=DIRECTION('',(0.,0.,-1.));
#9813=DIRECTION('',(1.,0.,0.));
#9814=DIRECTION('',(0.,0.,-1.));
#9815=DIRECTION('',(-0.542518702070267,0.840043723804894,0.));
#9816=DIRECTION('',(0.,0.,1.));
#9817=DIRECTION('',(0.542518702070267,-0.840043723804894,0.));
#9818=DIRECTION('',(0.840043723804894,0.542518702070267,0.));
#9819=DIRECTION('',(0.542518702070267,-0.840043723804894,0.));
#9820=DIRECTION('',(0.,0.,-1.));
#9821=DIRECTION('',(0.,0.,1.));
#9822=DIRECTION('',(-0.707106781186547,-0.707106781186548,0.));
#9823=DIRECTION('',(-0.707106781186548,0.707106781186547,0.));
#9824=DIRECTION('',(0.,0.,1.));
#9825=DIRECTION('',(0.,0.,-1.));
#9826=DIRECTION('',(0.707106781186548,0.707106781186547,0.));
#9827=DIRECTION('',(0.707106781186547,-0.707106781186548,0.));
#9828=DIRECTION('',(0.,0.,-1.));
#9829=DIRECTION('',(0.,0.,1.));
#9830=DIRECTION('',(-2.18783996989252E-016,1.,0.));
#9831=DIRECTION('',(1.,2.18575157973078E-016,0.));
#9832=DIRECTION('',(-1.20646571076055E-016,-0.707106781186549,0.707106781186546));
#9833=DIRECTION('',(0.,0.,1.));
#9834=DIRECTION('',(1.20646571076055E-016,0.707106781186549,0.707106781186546));
#9835=DIRECTION('',(-1.,1.70620017069566E-016,0.));
#9836=DIRECTION('',(1.70620017069566E-016,1.,0.));
#9837=DIRECTION('',(1.,0.,0.));
#9838=DIRECTION('',(0.,0.,1.));
#9839=DIRECTION('',(-1.,0.,0.));
#9840=DIRECTION('',(0.,-1.,0.));
#9841=DIRECTION('',(0.,0.,-1.));
#9842=DIRECTION('',(0.,0.,-1.));
#9843=DIRECTION('',(0.58460254023274,-0.811319832096706,0.));
#9844=DIRECTION('',(0.,0.,1.));
#9845=DIRECTION('',(0.,0.,1.));
#9846=DIRECTION('',(0.58460254023274,-0.811319832096706,0.));
#9847=DIRECTION('',(0.,0.,1.));
#9848=DIRECTION('',(-0.58460254023274,0.811319832096706,0.));
#9849=DIRECTION('',(-0.811319832096706,-0.58460254023274,0.));
#9850=DIRECTION('',(-0.58460254023274,0.811319832096706,0.));
#9851=DIRECTION('',(0.,0.,-1.));
#9852=DIRECTION('',(0.,0.,1.));
#9853=DIRECTION('',(-1.,0.,0.));
#9854=DIRECTION('',(0.,0.,1.));
#9855=DIRECTION('',(0.,0.,-1.));
#9856=DIRECTION('',(-1.,0.,0.));
#9857=DIRECTION('',(0.,0.,-1.));
#9858=DIRECTION('',(1.,0.,0.));
#9859=DIRECTION('',(0.,0.,-1.));
#9860=DIRECTION('',(-1.,0.,0.));
#9861=DIRECTION('',(0.,0.,1.));
#9862=DIRECTION('',(0.,0.,1.));
#9863=DIRECTION('',(-1.,0.,0.));
#9864=DIRECTION('',(0.,0.,-1.));
#9865=DIRECTION('',(1.,0.,0.));
#9866=DIRECTION('',(0.,0.,1.));
#9867=DIRECTION('',(-1.,0.,0.));
#9868=DIRECTION('',(0.,0.,1.));
#9869=DIRECTION('',(0.,0.,-1.));
#9870=DIRECTION('',(-1.,0.,0.));
#9871=DIRECTION('',(0.,0.,-1.));
#9872=DIRECTION('',(1.,0.,0.));
#9873=DIRECTION('',(0.991750893408478,-0.128180206831966,0.));
#9874=DIRECTION('',(0.,0.,1.));
#9875=DIRECTION('',(-0.991750893408478,0.128180206831966,0.));
#9876=DIRECTION('',(-0.128180206831966,-0.991750893408478,0.));
#9877=DIRECTION('',(-0.991750893408478,0.128180206831966,0.));
#9878=DIRECTION('',(0.,0.,-1.));
#9879=DIRECTION('',(0.,0.,1.));
#9880=DIRECTION('',(-0.70710678118655,0.707106781186545,0.));
#9881=DIRECTION('',(0.707106781186545,0.70710678118655,0.));
#9882=DIRECTION('',(0.,0.,1.));
#9883=DIRECTION('',(-1.,0.,0.));
#9884=DIRECTION('',(0.,0.,-1.));
#9885=DIRECTION('',(-1.,0.,0.));
#9886=DIRECTION('',(0.,0.,1.));
#9887=DIRECTION('',(-1.,0.,0.));
#9888=DIRECTION('',(0.,0.,1.));
#9889=DIRECTION('',(-1.,0.,0.));
#9890=DIRECTION('',(0.,0.,-1.));
#9891=DIRECTION('',(-1.,0.,0.));
#9892=DIRECTION('',(0.,0.,1.));
#9893=DIRECTION('',(-1.,0.,0.));
#9894=DIRECTION('',(0.,0.,1.));
#9895=DIRECTION('',(-1.,0.,0.));
#9896=DIRECTION('',(0.,0.,-1.));
#9897=DIRECTION('',(-1.,0.,0.));
#9898=DIRECTION('',(0.,0.,1.));
#9899=DIRECTION('',(-1.,0.,0.));
#9900=DIRECTION('',(0.,0.,-1.));
#9901=DIRECTION('',(0.999999999999999,0.,0.));
#9902=DIRECTION('',(0.,0.,-1.));
#9903=DIRECTION('',(-1.,0.,0.));
#9904=DIRECTION('',(0.,0.,1.));
#9905=DIRECTION('',(-1.,0.,0.));
#9906=DIRECTION('',(0.,0.,-1.));
#9907=DIRECTION('',(1.,0.,0.));
#9908=DIRECTION('',(0.,0.,1.));
#9909=DIRECTION('',(-0.999999999999999,0.,0.));
#9910=DIRECTION('',(0.,0.,-1.));
#9911=DIRECTION('',(-0.999999999999999,0.,0.));
#9912=DIRECTION('',(0.,0.,-1.));
#9913=DIRECTION('',(0.999999999999999,0.,0.));
#9914=DIRECTION('',(0.,0.,1.));
#9915=DIRECTION('',(-1.,0.,0.));
#9916=DIRECTION('',(0.,0.,1.));
#9917=DIRECTION('',(-1.,0.,0.));
#9918=DIRECTION('',(0.,0.,1.));
#9919=DIRECTION('',(-1.,0.,0.));
#9920=DIRECTION('',(0.,0.,1.));
#9921=DIRECTION('',(0.,0.,1.));
#9922=DIRECTION('',(0.,0.,1.));
#9923=DIRECTION('',(-1.,0.,0.));
#9924=DIRECTION('',(0.,0.,1.));
#9925=DIRECTION('',(-1.,0.,0.));
#9926=DIRECTION('',(0.,0.863301625404936,-0.504688323198779));
#9927=DIRECTION('',(0.,0.,1.));
#9928=DIRECTION('',(1.,0.,0.));
#9929=DIRECTION('',(0.,0.,1.));
#9930=DIRECTION('',(0.,0.,1.));
#9931=DIRECTION('',(0.,0.,1.));
#9932=DIRECTION('',(0.,0.,-1.));
#9933=DIRECTION('',(1.,0.,0.));
#9934=DIRECTION('',(0.707106781186548,0.,-0.707106781186547));
#9935=DIRECTION('',(1.,0.,0.));
#9936=DIRECTION('',(0.,1.,0.));
#9937=DIRECTION('',(0.,0.,1.));
#9938=DIRECTION('',(0.,0.,1.));
#9939=DIRECTION('',(-1.,0.,0.));
#9940=DIRECTION('',(0.,0.,-1.));
#9941=DIRECTION('',(-1.,0.,0.));
#9942=DIRECTION('',(1.,0.,0.));
#9943=DIRECTION('',(0.,0.,1.));
#9944=DIRECTION('',(-1.,0.,0.));
#9945=DIRECTION('',(0.,0.,-1.));
#9946=DIRECTION('',(-1.,0.,0.));
#9947=DIRECTION('',(0.,0.,-1.));
#9948=DIRECTION('',(0.,0.,1.));
#9949=DIRECTION('',(-1.,0.,0.));
#9950=DIRECTION('',(0.,1.,0.));
#9951=DIRECTION('',(0.,0.,1.));
#9952=DIRECTION('',(0.,0.,1.));
#9953=DIRECTION('',(-1.,0.,0.));
#9954=DIRECTION('',(0.,0.,1.));
#9955=DIRECTION('',(-1.,0.,0.));
#9956=DIRECTION('',(0.,-1.,0.));
#9957=DIRECTION('',(0.,0.,-1.));
#9958=DIRECTION('',(-0.776562336916878,0.,0.630040424800027));
#9959=DIRECTION('',(0.,1.,0.));
#9960=DIRECTION('',(0.,0.,1.));
#9961=DIRECTION('',(0.,-1.,0.));
#9962=DIRECTION('',(0.,0.,-1.));
#9963=DIRECTION('',(0.,0.,-1.));
#9964=DIRECTION('',(0.,0.,-1.));
#9965=DIRECTION('',(0.,0.,-1.));
#9966=DIRECTION('',(0.999999999999998,0.,0.));
#9967=DIRECTION('',(0.999970779410821,0.00764462716650851,0.));
#9968=DIRECTION('',(0.00764462716650852,-0.999970779410821,0.));
#9969=DIRECTION('',(-0.999970779410821,0.00764462716651806,0.));
#9970=DIRECTION('',(0.00764462716651806,0.999970779410821,0.));
#9971=DIRECTION('',(0.,0.,-1.));
#9972=DIRECTION('',(0.,0.,-1.));
#9973=DIRECTION('',(-0.00764462716649889,0.999970779410821,0.));
#9974=DIRECTION('',(0.999970779410821,0.00764462716649889,0.));
#9975=DIRECTION('',(0.,0.,-1.));
#9976=DIRECTION('',(0.,0.,-1.));
#9977=DIRECTION('',(0.999999999999998,0.,0.));
#9978=DIRECTION('',(0.,0.,-1.));
#9979=DIRECTION('',(1.,0.,0.));
#9980=DIRECTION('',(-0.00764462716653709,-0.999970779410821,0.));
#9981=DIRECTION('',(-0.999970779410821,0.0076446271665371,0.));
#9982=DIRECTION('',(0.,0.,-1.));
#9983=DIRECTION('',(0.,0.,-1.));
#9984=DIRECTION('',(-0.999970779410821,-0.00764462716651806,0.));
#9985=DIRECTION('',(-0.00764462716651806,0.999970779410821,0.));
#9986=DIRECTION('',(0.,0.,-1.));
#9987=DIRECTION('',(0.,0.,-1.));
#9988=DIRECTION('',(0.999999999999998,0.,0.));
#9989=DIRECTION('',(0.,0.,-1.));
#9990=DIRECTION('',(1.,0.,0.));
#9991=DIRECTION('',(0.999970779410821,-0.00764462716650851,0.));
#9992=DIRECTION('',(-0.00764462716650852,-0.999970779410821,0.));
#9993=DIRECTION('',(0.,0.,-1.));
#9994=DIRECTION('',(0.,0.,-1.));
#9995=DIRECTION('',(0.,0.,-1.));
#9996=DIRECTION('',(0.999999999999998,0.,0.));
#9997=DIRECTION('',(0.,0.,-1.));
#9998=DIRECTION('',(0.00764462716649896,0.999970779410821,0.));
#9999=DIRECTION('',(0.999970779410821,-0.00764462716649897,0.));
#10000=DIRECTION('',(0.,0.,-1.));
#10001=DIRECTION('',(1.,0.,0.));
#10002=DIRECTION('',(0.00764462716653709,-0.999970779410821,0.));
#10003=DIRECTION('',(-0.999970779410821,-0.0076446271665371,0.));
#10004=DIRECTION('',(0.,0.,1.));
#10005=DIRECTION('',(1.,0.,0.));
#10006=DIRECTION('',(0.,0.,1.));
#10007=DIRECTION('',(1.,0.,0.));
#10008=DIRECTION('',(0.,0.707106781186549,-0.707106781186546));
#10009=DIRECTION('',(0.,0.707106781186546,0.707106781186549));
#10010=DIRECTION('',(-1.,0.,0.));
#10011=DIRECTION('',(0.573689754986711,0.413376420497451,-0.70710678118655));
#10012=DIRECTION('',(0.,0.,-1.));
#10013=DIRECTION('',(-1.,0.,0.));
#10014=DIRECTION('',(0.573689754986712,0.413376420497452,0.707106781186548));
#10015=DIRECTION('',(-0.58460254023274,0.811319832096706,0.));
#10016=DIRECTION('',(0.573689754986709,0.41337642049745,-0.707106781186551));
#10017=DIRECTION('',(0.573689754986712,0.413376420497452,0.707106781186548));
#10018=DIRECTION('',(-0.58460254023274,0.811319832096706,0.));
#10019=DIRECTION('',(0.69970923147952,-0.102014662585055,-0.707106781186545));
#10020=DIRECTION('',(0.,0.,-1.));
#10021=DIRECTION('',(-1.,0.,0.));
#10022=DIRECTION('',(0.283032756138608,0.647991094809634,-0.707106781186544));
#10023=DIRECTION('',(0.,0.,1.));
#10024=DIRECTION('',(1.,0.,0.));
#10025=DIRECTION('',(0.647991094811439,0.283032756134476,-0.707106781186544));
#10026=DIRECTION('',(0.,0.,-1.));
#10027=DIRECTION('',(-1.,0.,0.));
#10028=DIRECTION('',(0.0906370934650958,0.701273781976919,-0.707106781186539));
#10029=DIRECTION('',(0.,0.,1.));
#10030=DIRECTION('',(1.,0.,0.));
#10031=DIRECTION('',(0.0906370934647721,0.70127378197696,-0.70710678118654));
#10032=DIRECTION('',(0.0906370934647778,0.701273781976954,0.707106781186545));
#10033=DIRECTION('',(-0.991750893408478,0.128180206831966,0.));
#10034=DIRECTION('',(-0.701273781976959,-0.0906370934647819,-0.70710678118654));
#10035=DIRECTION('',(0.,0.,1.));
#10036=DIRECTION('',(1.,0.,0.));
#10037=DIRECTION('',(-0.701273781976949,-0.0906370934647831,-0.707106781186549));
#10038=DIRECTION('',(-0.701273781976953,-0.0906370934647761,0.707106781186547));
#10039=DIRECTION('',(0.128180206831964,-0.991750893408478,0.));
#10040=DIRECTION('',(-0.283032756138577,-0.647991094809651,-0.707106781186541));
#10041=DIRECTION('',(0.,0.,1.));
#10042=DIRECTION('',(1.,0.,0.));
#10043=DIRECTION('',(-0.64799109481142,-0.283032756134516,-0.707106781186545));
#10044=DIRECTION('',(0.,0.,-1.));
#10045=DIRECTION('',(-1.,0.,0.));
#10046=DIRECTION('',(-0.220723443618815,-0.671774635898865,-0.707106781186547));
#10047=DIRECTION('',(0.,0.,1.));
#10048=DIRECTION('',(1.,0.,0.));
#10049=DIRECTION('',(-0.594000613595641,-0.383618653154418,-0.707106781186542));
#10050=DIRECTION('',(0.,0.,-1.));
#10051=DIRECTION('',(-1.,0.,0.));
#10052=DIRECTION('',(-0.594000613595641,-0.383618653154409,-0.707106781186547));
#10053=DIRECTION('',(-0.59400061359564,-0.38361865315441,0.707106781186547));
#10054=DIRECTION('',(0.542518702070267,-0.840043723804894,0.));
#10055=DIRECTION('',(-0.70710678118655,0.,-0.707106781186545));
#10056=DIRECTION('',(0.,0.,-1.));
#10057=DIRECTION('',(-1.,0.,0.));
#10058=DIRECTION('',(-0.707106781186547,0.,0.707106781186548));
#10059=DIRECTION('',(0.,-1.,0.));
#10060=DIRECTION('',(0.,0.,-1.));
#10061=DIRECTION('',(-1.,0.,8.34001671142695E-019));
#10062=DIRECTION('',(-0.707106781186548,0.,0.707106781186547));
#10063=DIRECTION('',(0.707106781186547,0.,0.707106781186548));
#10064=DIRECTION('',(0.,1.,0.));
#10065=DIRECTION('',(-0.594000613595644,-0.38361865315441,0.707106781186544));
#10066=DIRECTION('',(0.,0.,1.));
#10067=DIRECTION('',(1.,0.,-1.02483663566352E-016));
#10068=DIRECTION('',(-0.594000613595641,-0.383618653154418,0.707106781186542));
#10069=DIRECTION('',(0.59400061359564,0.38361865315441,0.707106781186547));
#10070=DIRECTION('',(-0.542518702070267,0.840043723804894,0.));
#10071=DIRECTION('',(-0.220723443618815,-0.671774635898865,0.707106781186547));
#10072=DIRECTION('',(0.,0.,1.));
#10073=DIRECTION('',(1.,0.,-1.04491179013294E-016));
#10074=DIRECTION('',(-0.647991094811415,-0.283032756134518,0.707106781186549));
#10075=DIRECTION('',(0.,0.,-1.));
#10076=DIRECTION('',(-1.,0.,3.45046937041632E-018));
#10077=DIRECTION('',(-0.283032756138577,-0.647991094809651,0.707106781186541));
#10078=DIRECTION('',(0.,0.,1.));
#10079=DIRECTION('',(1.,0.,3.43509599203326E-018));
#10080=DIRECTION('',(-0.701273781976944,-0.0906370934647837,0.707106781186554));
#10081=DIRECTION('',(0.,0.,-1.));
#10082=DIRECTION('',(-1.,0.,3.45046937041635E-018));
#10083=DIRECTION('',(-0.701273781976949,-0.0906370934647831,0.707106781186549));
#10084=DIRECTION('',(0.701273781976953,0.0906370934647761,0.707106781186547));
#10085=DIRECTION('',(-0.128180206831964,0.991750893408478,0.));
#10086=DIRECTION('',(0.0906370934647721,0.70127378197696,0.70710678118654));
#10087=DIRECTION('',(0.,0.,-1.));
#10088=DIRECTION('',(-1.,0.,4.32469953125448E-018));
#10089=DIRECTION('',(0.0906370934650983,0.701273781976899,0.707106781186558));
#10090=DIRECTION('',(-0.0906370934647778,-0.701273781976954,0.707106781186545));
#10091=DIRECTION('',(0.991750893408478,-0.128180206831966,0.));
#10092=DIRECTION('',(0.647991094811439,0.283032756134476,0.707106781186544));
#10093=DIRECTION('',(0.,0.,-1.));
#10094=DIRECTION('',(-1.,0.,3.4504693704163E-018));
#10095=DIRECTION('',(0.283032756138608,0.647991094809634,0.707106781186544));
#10096=DIRECTION('',(0.,0.,1.));
#10097=DIRECTION('',(1.,0.,3.43509599203324E-018));
#10098=DIRECTION('',(0.69970923147952,-0.102014662585055,0.707106781186545));
#10099=DIRECTION('',(0.,0.,-1.));
#10100=DIRECTION('',(-1.,0.,3.45046937041631E-018));
#10101=DIRECTION('',(0.573689754986711,0.413376420497451,0.707106781186549));
#10102=DIRECTION('',(0.,0.,1.));
#10103=DIRECTION('',(1.,0.,-1.04491179013294E-016));
#10104=DIRECTION('',(0.573689754986718,0.413376420497456,0.707106781186541));
#10105=DIRECTION('',(-0.573689754986712,-0.413376420497452,0.707106781186548));
#10106=DIRECTION('',(0.58460254023274,-0.811319832096706,0.));
#10107=DIRECTION('',(0.,0.707106781186548,0.707106781186547));
#10108=DIRECTION('',(0.,0.,1.));
#10109=DIRECTION('',(1.,0.,-1.04491179013294E-016));
#10110=DIRECTION('',(0.,-0.707106781186546,0.707106781186549));
#10111=DIRECTION('',(1.,0.,0.));
#10112=CARTESIAN_POINT('',(0.,0.,0.));
#10113=CARTESIAN_POINT('',(-97.4529920333297,-146.027836247639,0.));
#10114=CARTESIAN_POINT('',(-95.8867891998499,-146.354958066538,0.));
#10115=CARTESIAN_POINT('',(-98.8318505674702,-145.216202621655,0.));
#10116=CARTESIAN_POINT('',(-97.4888924672697,-146.085951747039,0.));
#10117=CARTESIAN_POINT('',(-99.0888457143436,-146.073720345738,3.46944695195361E-015));
#10118=CARTESIAN_POINT('',(-99.0277993078841,-138.088422787413,0.));
#10119=CARTESIAN_POINT('',(-99.099952922488,-147.526620970413,3.46944695195361E-015));
#10120=CARTESIAN_POINT('',(-97.4888924672697,-147.538937286825,0.));
#10121=CARTESIAN_POINT('',(-95.8778320120344,-147.526620972593,3.46944695195361E-015));
#10122=CARTESIAN_POINT('',(-95.9509219701023,-137.965942505907,0.));
#10123=CARTESIAN_POINT('',(-97.5111075327306,-129.991935813699,0.));
#10124=CARTESIAN_POINT('',(-99.1110607798045,-130.004167215001,3.46944695195361E-015));
#10125=CARTESIAN_POINT('',(-95.9111542856568,-130.004167215,3.46944695195361E-015));
#10126=CARTESIAN_POINT('',(-95.973135737308,-138.111775233902,0.));
#10127=CARTESIAN_POINT('',(-95.900047077512,-128.551266590325,3.46944695195361E-015));
#10128=CARTESIAN_POINT('',(-97.5111075327306,-128.538950273912,0.));
#10129=CARTESIAN_POINT('',(-99.122167987966,-128.551266588145,3.46944695195361E-015));
#10130=CARTESIAN_POINT('',(-99.0500130750898,-137.989634594256,0.));
#10131=CARTESIAN_POINT('',(-110.392988750471,-150.931932530841,0.));
#10132=CARTESIAN_POINT('',(-110.143640893432,-149.002688023441,0.));
#10133=CARTESIAN_POINT('',(-109.694152460137,-145.524923660947,0.));
#10134=CARTESIAN_POINT('',(-108.65601455332,-149.194958333689,0.));
#10135=CARTESIAN_POINT('',(-108.463744243072,-150.682584673802,0.));
#10136=CARTESIAN_POINT('',(-101.96035460318,-149.84204514448,0.));
#10137=CARTESIAN_POINT('',(-104.985979880578,-150.233096240507,0.));
#10138=CARTESIAN_POINT('',(-105.178250190826,-148.745469900394,0.));
#10139=CARTESIAN_POINT('',(-104.117590019046,-147.684809728614,0.));
#10140=CARTESIAN_POINT('',(-109.30310136411,-142.49929838355,0.));
#10141=CARTESIAN_POINT('',(-107.145865948245,-144.656533799415,0.));
#10142=CARTESIAN_POINT('',(-108.206526120024,-145.717193971195,0.));
#10143=CARTESIAN_POINT('',(-97.5,-138.038943780369,0.));
#10144=CARTESIAN_POINT('',(-93.,-138.038943780369,0.));
#10145=CARTESIAN_POINT('',(-20.6466251722766,-1.5956547764676E-016,0.));
#10146=CARTESIAN_POINT('',(-19.0466251722766,-1.5956547764676E-016,0.));
#10147=CARTESIAN_POINT('',(-24.,-30.4683401547756,0.));
#10148=CARTESIAN_POINT('',(-22.4,-30.4683401547756,0.));
#10149=CARTESIAN_POINT('',(-25.2932503445532,-138.038943780369,0.));
#10150=CARTESIAN_POINT('',(-25.2932503445532,-8.30193051623941,0.));
#10151=CARTESIAN_POINT('',(-25.2932503445532,0.0571017731159163,0.));
#10152=CARTESIAN_POINT('',(-66.030009156945,-4.58148437581083,0.));
#10153=CARTESIAN_POINT('',(-26.39241985992,5.9,0.));
#10154=CARTESIAN_POINT('',(-7.74210704437041E-016,5.9,0.));
#10155=CARTESIAN_POINT('',(-15.,5.9,0.));
#10156=CARTESIAN_POINT('',(-15.,8.88178419700125E-016,0.));
#10157=CARTESIAN_POINT('',(-15.,-6.68629150101522,0.));
#10158=CARTESIAN_POINT('',(-18.,-6.68629150101522,0.));
#10159=CARTESIAN_POINT('',(-15.8786796564404,-8.80761184457486,0.));
#10160=CARTESIAN_POINT('',(-15.,-7.92893218813451,0.));
#10161=CARTESIAN_POINT('',(-18.031222920257,-10.9601551083915,0.));
#10162=CARTESIAN_POINT('',(-14.4956890143242,-14.4956890143242,0.));
#10163=CARTESIAN_POINT('',(-10.9601551083915,-18.031222920257,0.));
#10164=CARTESIAN_POINT('',(-14.4956890143242,-21.5667568261897,0.));
#10165=CARTESIAN_POINT('',(-8.80761184457489,-15.8786796564404,0.));
#10166=CARTESIAN_POINT('',(-6.68629150101525,-18.,0.));
#10167=CARTESIAN_POINT('',(-6.68629150101525,-15.,0.));
#10168=CARTESIAN_POINT('',(-7.92893218813453,-15.,0.));
#10169=CARTESIAN_POINT('',(0.,-15.,0.));
#10170=CARTESIAN_POINT('',(-6.12323399573678E-016,-15.,0.));
#10171=CARTESIAN_POINT('',(1.60573682233068E-015,-28.,0.));
#10172=CARTESIAN_POINT('',(-105.5,-28.,0.));
#10173=CARTESIAN_POINT('',(-2.75995795163192,-28.,0.));
#10174=CARTESIAN_POINT('',(-2.75995795163192,-49.,0.));
#10175=CARTESIAN_POINT('',(-19.7976744256628,-36.7233466551125,0.));
#10176=CARTESIAN_POINT('',(-97.1412630737689,-144.061893851223,0.));
#10177=CARTESIAN_POINT('',(-31.,-52.2700955632605,0.));
#10178=CARTESIAN_POINT('',(-31.,-65.9806594612583,0.));
#10179=CARTESIAN_POINT('',(-31.,-61.8806594612583,0.));
#10180=CARTESIAN_POINT('',(-31.,-61.8806594612583,0.));
#10181=CARTESIAN_POINT('',(-33.9999999999951,-61.8806594612583,0.));
#10182=CARTESIAN_POINT('',(-34.,-63.4806594612583,0.));
#10183=CARTESIAN_POINT('',(-34.,-65.0806594612583,0.));
#10184=CARTESIAN_POINT('',(-31.,-65.0806594612583,0.));
#10185=CARTESIAN_POINT('',(-31.,-65.0806594612583,0.));
#10186=CARTESIAN_POINT('',(-31.,-65.9806594612583,0.));
#10187=CARTESIAN_POINT('',(-31.,-66.9806594612583,0.));
#10188=CARTESIAN_POINT('',(-40.367246703911,-66.9806594612583,0.));
#10189=CARTESIAN_POINT('',(-41.5998062450918,-66.9806594612583,0.));
#10190=CARTESIAN_POINT('',(-97.1412630737689,-144.061893851223,0.));
#10191=CARTESIAN_POINT('',(-81.3044902096935,-122.08339219107,0.));
#10192=CARTESIAN_POINT('',(-64.2667737356626,-134.360045535957,0.));
#10193=CARTESIAN_POINT('',(-85.0470777180584,-137.38972644312,0.));
#10194=CARTESIAN_POINT('',(-89.5000000000003,-138.038943780369,0.));
#10195=CARTESIAN_POINT('',(-87.6987905695196,-142.162733855961,0.));
#10196=CARTESIAN_POINT('',(-83.2958341840205,-152.243109596348,0.));
#10197=CARTESIAN_POINT('',(-93.376209924393,-147.840153210815,0.));
#10198=CARTESIAN_POINT('',(-97.4999999999999,-146.038943780369,0.));
#10199=CARTESIAN_POINT('',(-96.9231890692536,-150.501822800707,0.));
#10200=CARTESIAN_POINT('',(-103.774765068725,-151.387364154463,0.));
#10201=CARTESIAN_POINT('',(-108.29710997419,-151.971860835233,0.));
#10202=CARTESIAN_POINT('',(-108.65601455332,-149.194958333689,0.));
#10203=CARTESIAN_POINT('',(-111.432917054863,-148.83605375456,0.));
#10204=CARTESIAN_POINT('',(-109.962879020338,-137.462132849626,0.));
#10205=CARTESIAN_POINT('',(-109.962879020338,-137.462132849626,0.));
#10206=CARTESIAN_POINT('',(-105.5,-138.038943780369,0.));
#10207=CARTESIAN_POINT('',(-107.30120943048,-133.915153704778,0.));
#10208=CARTESIAN_POINT('',(-111.704165815979,-123.83477796439,0.));
#10209=CARTESIAN_POINT('',(-101.623790075607,-128.237734349924,0.));
#10210=CARTESIAN_POINT('',(-97.5000000000004,-130.03894378037,0.));
#10211=CARTESIAN_POINT('',(-98.9046753937477,-125.763796176111,0.));
#10212=CARTESIAN_POINT('',(-105.459827231236,-105.813107356236,0.));
#10213=CARTESIAN_POINT('',(-87.8189090313328,-117.206000099712,0.));
#10214=CARTESIAN_POINT('',(-102.517317289889,-139.965225837746,0.));
#10215=CARTESIAN_POINT('',(-31.8514576685525,-30.5451973011203,0.));
#10216=CARTESIAN_POINT('',(-66.2932503445532,-8.30193051623941,0.));
#10217=CARTESIAN_POINT('',(-89.4640995660603,-137.980828280969,0.));
#10218=CARTESIAN_POINT('',(-89.0906574217971,-136.425019499374,0.));
#10219=CARTESIAN_POINT('',(-91.0154892928933,-138.372223114197,0.));
#10220=CARTESIAN_POINT('',(-89.4529920333301,-138.027836247638,0.));
#10221=CARTESIAN_POINT('',(-89.4652234346312,-139.627789494712,3.46944695195361E-015));
#10222=CARTESIAN_POINT('',(-105.511208700648,-139.505120335369,0.));
#10223=CARTESIAN_POINT('',(-88.0123228099563,-139.638896702857,3.46944695195361E-015));
#10224=CARTESIAN_POINT('',(-88.0000064935436,-138.027836247638,0.));
#10225=CARTESIAN_POINT('',(-88.0123228077763,-136.416775792403,3.46944695195361E-015));
#10226=CARTESIAN_POINT('',(-105.511378521579,-136.550553458164,0.));
#10227=CARTESIAN_POINT('',(-105.487686433229,-139.649644563151,0.));
#10228=CARTESIAN_POINT('',(-106.987677192224,-139.661111768335,3.46944695195361E-015));
#10229=CARTESIAN_POINT('',(-105.534776565369,-139.650004560173,3.46944695195361E-015));
#10230=CARTESIAN_POINT('',(-105.547007966671,-138.050051313099,0.));
#10231=CARTESIAN_POINT('',(-105.15561313345,-139.601441039934,0.));
#10232=CARTESIAN_POINT('',(-105.5,-138.038943780369,0.));
#10233=CARTESIAN_POINT('',(-105.679061364226,-136.448995030301,0.));
#10234=CARTESIAN_POINT('',(-105.48785625416,-136.450456764793,0.));
#10235=CARTESIAN_POINT('',(-106.987677190044,-136.438990857881,3.46944695195361E-015));
#10236=CARTESIAN_POINT('',(-106.999993506457,-138.050051313099,0.));
#10237=CARTESIAN_POINT('',(-105.5,-138.038943780369,0.));
#10238=CARTESIAN_POINT('',(-97.4888924672697,-146.085951747039,5.));
#10239=CARTESIAN_POINT('',(-98.8318505674702,-145.216202621655,5.));
#10240=CARTESIAN_POINT('',(-99.0888457143436,-146.073720345738,5.));
#10241=CARTESIAN_POINT('',(-97.4529920333297,-146.027836247639,5.));
#10242=CARTESIAN_POINT('',(-95.8867891998499,-146.354958066538,5.));
#10243=CARTESIAN_POINT('',(-95.9509219701023,-137.965942505907,5.));
#10244=CARTESIAN_POINT('',(-95.8778320120344,-147.526620972593,5.));
#10245=CARTESIAN_POINT('',(-97.4888924672697,-147.538937286825,5.));
#10246=CARTESIAN_POINT('',(-99.099952922488,-147.526620970413,5.));
#10247=CARTESIAN_POINT('',(-99.0277993078841,-138.088422787413,5.));
#10248=CARTESIAN_POINT('',(-95.973135737308,-138.111775233902,5.));
#10249=CARTESIAN_POINT('',(-95.9111542856568,-130.004167215,5.));
#10250=CARTESIAN_POINT('',(-95.900047077512,-128.551266590325,5.));
#10251=CARTESIAN_POINT('',(-97.5111075327306,-129.991935813699,5.));
#10252=CARTESIAN_POINT('',(-99.1110607797879,-130.004167217165,5.));
#10253=CARTESIAN_POINT('',(-99.0500130750898,-137.989634594256,5.));
#10254=CARTESIAN_POINT('',(-99.122167987966,-128.551266588145,5.));
#10255=CARTESIAN_POINT('',(-97.5111075327306,-128.538950273912,5.));
#10256=CARTESIAN_POINT('',(-24.,-30.4683401547756,5.));
#10257=CARTESIAN_POINT('',(-25.6,-30.4683401547756,5.));
#10258=CARTESIAN_POINT('',(-97.5,-138.038943780369,5.));
#10259=CARTESIAN_POINT('',(-102.,-138.038943780369,5.));
#10260=CARTESIAN_POINT('',(-2.75995795163192,-49.,5.));
#10261=CARTESIAN_POINT('',(-19.7976744256628,-36.7233466551125,5.));
#10262=CARTESIAN_POINT('',(-2.75995795163192,-28.,5.));
#10263=CARTESIAN_POINT('',(1.77635683940025E-015,-28.,5.));
#10264=CARTESIAN_POINT('',(5.29323298591797E-015,-28.,4.99999999999999));
#10265=CARTESIAN_POINT('',(2.77555756156289E-014,-138.038943780369,5.));
#10266=CARTESIAN_POINT('',(0.,-15.,5.));
#10267=CARTESIAN_POINT('',(-105.5,-15.,5.));
#10268=CARTESIAN_POINT('',(-6.68629150101525,-15.,5.));
#10269=CARTESIAN_POINT('',(-6.68629150101525,-18.,5.));
#10270=CARTESIAN_POINT('',(-8.80761184457489,-15.8786796564404,5.));
#10271=CARTESIAN_POINT('',(-118.233937984252,-125.305005796117,5.));
#10272=CARTESIAN_POINT('',(-10.9601551083915,-18.031222920257,5.));
#10273=CARTESIAN_POINT('',(-14.4956890143242,-14.4956890143242,5.));
#10274=CARTESIAN_POINT('',(-18.031222920257,-10.9601551083915,5.));
#10275=CARTESIAN_POINT('',(-125.305005796117,-118.233937984252,5.));
#10276=CARTESIAN_POINT('',(-15.8786796564404,-8.80761184457486,5.));
#10277=CARTESIAN_POINT('',(-18.,-6.68629150101522,5.));
#10278=CARTESIAN_POINT('',(-15.,-6.68629150101521,5.));
#10279=CARTESIAN_POINT('',(-15.,-138.038943780369,5.));
#10280=CARTESIAN_POINT('',(-15.,-6.09999999999999,5.));
#10281=CARTESIAN_POINT('',(4.,-6.1,5.));
#10282=CARTESIAN_POINT('',(-25.2932503445532,-6.1,5.));
#10283=CARTESIAN_POINT('',(-25.2932503445532,-8.30193051623941,5.));
#10284=CARTESIAN_POINT('',(-25.2932503445532,-8.30193051623941,5.));
#10285=CARTESIAN_POINT('',(-66.2932503445532,-8.30193051623941,5.));
#10286=CARTESIAN_POINT('',(-31.8514576685525,-30.5451973011203,5.));
#10287=CARTESIAN_POINT('',(-87.8189090313328,-117.206000099712,5.));
#10288=CARTESIAN_POINT('',(-87.8189090313328,-117.206000099712,5.));
#10289=CARTESIAN_POINT('',(-105.459827231236,-105.813107356236,5.));
#10290=CARTESIAN_POINT('',(-98.9046753937477,-125.763796176111,5.));
#10291=CARTESIAN_POINT('',(-97.5000000000004,-130.03894378037,5.));
#10292=CARTESIAN_POINT('',(-101.623790075607,-128.237734349924,5.));
#10293=CARTESIAN_POINT('',(-111.704165815979,-123.83477796439,5.));
#10294=CARTESIAN_POINT('',(-107.301209430472,-133.915153704774,5.));
#10295=CARTESIAN_POINT('',(-105.5,-138.038943780369,5.));
#10296=CARTESIAN_POINT('',(-109.962879020338,-137.462132849626,5.));
#10297=CARTESIAN_POINT('',(-111.432917054863,-148.83605375456,5.));
#10298=CARTESIAN_POINT('',(-111.432917054863,-148.83605375456,5.));
#10299=CARTESIAN_POINT('',(-108.65601455332,-149.194958333689,5.));
#10300=CARTESIAN_POINT('',(-108.29710997419,-151.971860835233,5.));
#10301=CARTESIAN_POINT('',(-96.9231890692536,-150.501822800707,5.));
#10302=CARTESIAN_POINT('',(-96.923189069254,-150.501822800707,5.));
#10303=CARTESIAN_POINT('',(-97.4999999999999,-146.038943780369,5.));
#10304=CARTESIAN_POINT('',(-93.3762099243931,-147.840153210815,5.));
#10305=CARTESIAN_POINT('',(-83.2958341840205,-152.243109596348,5.));
#10306=CARTESIAN_POINT('',(-87.6987905695285,-142.162733855965,5.));
#10307=CARTESIAN_POINT('',(-89.5000000000003,-138.038943780369,5.));
#10308=CARTESIAN_POINT('',(-85.0470777180584,-137.38972644312,5.));
#10309=CARTESIAN_POINT('',(-64.2667737356626,-134.360045535957,5.));
#10310=CARTESIAN_POINT('',(-81.3044902096935,-122.08339219107,5.));
#10311=CARTESIAN_POINT('',(-19.7976744256628,-36.7233466551125,5.));
#10312=CARTESIAN_POINT('',(-103.941399337607,-150.098087993032,5.));
#10313=CARTESIAN_POINT('',(-104.985979880578,-150.233096240507,5.));
#10314=CARTESIAN_POINT('',(-108.463744243072,-150.682584673802,5.));
#10315=CARTESIAN_POINT('',(-108.65601455332,-149.194958333689,5.));
#10316=CARTESIAN_POINT('',(-110.143640893432,-149.002688023441,5.));
#10317=CARTESIAN_POINT('',(-108.673602858907,-137.628767118507,5.));
#10318=CARTESIAN_POINT('',(-109.694152460137,-145.524923660947,5.));
#10319=CARTESIAN_POINT('',(-108.206526120024,-145.717193971195,5.));
#10320=CARTESIAN_POINT('',(-107.145865948245,-144.656533799415,5.));
#10321=CARTESIAN_POINT('',(-109.631727983645,-142.170671764015,5.));
#10322=CARTESIAN_POINT('',(-104.117590019046,-147.684809728614,5.));
#10323=CARTESIAN_POINT('',(-105.178250190826,-148.745469900394,5.));
#10324=CARTESIAN_POINT('',(-89.4529920333301,-138.027836247638,5.));
#10325=CARTESIAN_POINT('',(-91.0154892928933,-138.372223114197,5.));
#10326=CARTESIAN_POINT('',(-89.4652234346312,-139.627789494712,5.));
#10327=CARTESIAN_POINT('',(-89.4640995660603,-137.980828280969,5.));
#10328=CARTESIAN_POINT('',(-89.0906574217971,-136.425019499374,5.));
#10329=CARTESIAN_POINT('',(-105.511378521579,-136.550553458164,5.));
#10330=CARTESIAN_POINT('',(-88.0123228077763,-136.416775792403,5.));
#10331=CARTESIAN_POINT('',(-88.0000064935436,-138.027836247638,5.));
#10332=CARTESIAN_POINT('',(-88.0123228099563,-139.638896702857,5.));
#10333=CARTESIAN_POINT('',(-105.511208700648,-139.505120335369,5.));
#10334=CARTESIAN_POINT('',(-105.547007966671,-138.050051313099,5.));
#10335=CARTESIAN_POINT('',(-105.534776565369,-139.650004560173,5.));
#10336=CARTESIAN_POINT('',(-105.15561313345,-139.601441039934,5.));
#10337=CARTESIAN_POINT('',(-105.487686433229,-139.649644563151,5.));
#10338=CARTESIAN_POINT('',(-106.987677192224,-139.661111768335,5.));
#10339=CARTESIAN_POINT('',(-106.999993506457,-138.050051313099,5.));
#10340=CARTESIAN_POINT('',(-106.987677190044,-136.438990857881,5.));
#10341=CARTESIAN_POINT('',(-105.48785625416,-136.450456764793,5.));
#10342=CARTESIAN_POINT('',(-105.679061364226,-136.448995030301,5.));
#10343=CARTESIAN_POINT('',(-105.5,-138.038943780369,5.));
#10344=CARTESIAN_POINT('',(-105.5,-138.038943780369,5.));
#10345=CARTESIAN_POINT('',(-105.15561313345,-139.601441039934,2.25));
#10346=CARTESIAN_POINT('',(-105.679061364226,-136.448995030301,0.));
#10347=CARTESIAN_POINT('',(-105.5,-138.038943780369,0.));
#10348=CARTESIAN_POINT('',(-98.8318505674702,-145.216202621655,2.25));
#10349=CARTESIAN_POINT('',(-95.8867891998499,-146.354958066538,0.));
#10350=CARTESIAN_POINT('',(-97.4529920333297,-146.027836247639,0.));
#10351=CARTESIAN_POINT('',(-91.0154892928933,-138.372223114197,2.25));
#10352=CARTESIAN_POINT('',(-89.0906574217971,-136.425019499374,0.));
#10353=CARTESIAN_POINT('',(-89.4640995660603,-137.980828280969,0.));
#10354=CARTESIAN_POINT('',(-31.,-65.0806594612583,12.));
#10355=CARTESIAN_POINT('',(-31.,-65.0806594612583,2.));
#10356=CARTESIAN_POINT('',(-31.,-65.9806594612583,2.));
#10357=CARTESIAN_POINT('',(-31.,-66.9806594612583,2.));
#10358=CARTESIAN_POINT('',(-31.,-66.9806594612583,2.));
#10359=CARTESIAN_POINT('',(-31.,-65.9806594612583,2.));
#10360=CARTESIAN_POINT('',(-31.,-65.0806594612583,2.));
#10361=CARTESIAN_POINT('',(-34.,-65.0806594612583,2.));
#10362=CARTESIAN_POINT('',(-34.,-63.4806594612583,2.));
#10363=CARTESIAN_POINT('',(-33.9999999999951,-61.8806594612583,2.));
#10364=CARTESIAN_POINT('',(-34.,-61.8806594612583,2.));
#10365=CARTESIAN_POINT('',(-31.,-61.8806594612583,2.));
#10366=CARTESIAN_POINT('',(-31.,-65.9806594612583,2.));
#10367=CARTESIAN_POINT('',(-31.,-53.9806594612583,2.));
#10368=CARTESIAN_POINT('',(-30.9999999999999,-53.9806594612583,2.));
#10369=CARTESIAN_POINT('',(-40.367246703911,-66.9806594612583,2.));
#10370=CARTESIAN_POINT('',(-40.367246703911,-66.9806594612583,2.));
#10371=CARTESIAN_POINT('',(-34.,-63.4806594612583,2.));
#10372=CARTESIAN_POINT('',(-26.2932503445532,0.,4.));
#10373=CARTESIAN_POINT('',(-26.2932503445532,0.,2.50000000000001));
#10374=CARTESIAN_POINT('',(-26.2932503445532,0.,1.));
#10375=CARTESIAN_POINT('',(-26.2932503445532,-20.0955350931661,1.));
#10376=CARTESIAN_POINT('',(-26.2932503445532,-8.30193051623941,1.));
#10377=CARTESIAN_POINT('',(-26.2932503445532,-8.30193051623941,4.));
#10378=CARTESIAN_POINT('',(-26.2932503445532,-8.30193051623941,4.));
#10379=CARTESIAN_POINT('',(-26.2932503445532,-6.09999999999999,4.));
#10380=CARTESIAN_POINT('',(-26.2932503445532,-6.1,4.));
#10381=CARTESIAN_POINT('',(-26.2932503445532,-6.1,4.));
#10382=CARTESIAN_POINT('',(-26.2932503445532,-6.1,2.50000000000001));
#10383=CARTESIAN_POINT('',(-26.2932503445532,-20.0955350931661,2.50000000000001));
#10384=CARTESIAN_POINT('',(-26.2932503445532,-20.0955350931661,4.));
#10385=CARTESIAN_POINT('',(-15.,-6.68629150101522,4.));
#10386=CARTESIAN_POINT('',(-15.,5.9,0.));
#10387=CARTESIAN_POINT('',(-15.,5.9,2.50000000000001));
#10388=CARTESIAN_POINT('',(-15.,8.88178419700125E-016,2.50000000000001));
#10389=CARTESIAN_POINT('',(-15.,-6.1,2.50000000000001));
#10390=CARTESIAN_POINT('',(-15.,-6.1,4.));
#10391=CARTESIAN_POINT('',(-15.,8.88178419700125E-016,4.));
#10392=CARTESIAN_POINT('',(-109.694152460137,-145.524923660947,4.));
#10393=CARTESIAN_POINT('',(-110.143640893432,-149.002688023441,0.));
#10394=CARTESIAN_POINT('',(-110.392988750471,-150.931932530841,4.));
#10395=CARTESIAN_POINT('',(-104.985979880578,-150.233096240507,0.));
#10396=CARTESIAN_POINT('',(-108.463744243072,-150.682584673802,4.));
#10397=CARTESIAN_POINT('',(-101.96035460318,-149.84204514448,4.));
#10398=CARTESIAN_POINT('',(-110.954629913747,-137.333952642794,4.));
#10399=CARTESIAN_POINT('',(-110.954629913747,-137.333952642794,4.));
#10400=CARTESIAN_POINT('',(-110.954629913747,-137.333952642794,1.));
#10401=CARTESIAN_POINT('',(-113.056349186104,-153.595292966474,1.));
#10402=CARTESIAN_POINT('',(-112.424667948272,-148.707873547728,1.));
#10403=CARTESIAN_POINT('',(-112.424667948272,-148.707873547728,4.));
#10404=CARTESIAN_POINT('',(-112.424667948272,-148.707873547728,4.));
#10405=CARTESIAN_POINT('',(-110.954629913747,-137.333952642794,4.));
#10406=CARTESIAN_POINT('',(-113.056349186104,-153.595292966474,4.));
#10407=CARTESIAN_POINT('',(-107.701478192799,-132.998755910197,4.));
#10408=CARTESIAN_POINT('',(-107.701478192799,-132.998755910197,4.));
#10409=CARTESIAN_POINT('',(-107.701478192799,-132.998755910197,1.));
#10410=CARTESIAN_POINT('',(-105.5,-138.038943780369,1.));
#10411=CARTESIAN_POINT('',(-105.5,-138.038943780369,4.));
#10412=CARTESIAN_POINT('',(-105.5,-138.038943780369,4.));
#10413=CARTESIAN_POINT('',(-102.540187870186,-127.837465587603,4.));
#10414=CARTESIAN_POINT('',(-102.540187870186,-127.837465587603,4.));
#10415=CARTESIAN_POINT('',(-102.540187870186,-127.837465587603,1.));
#10416=CARTESIAN_POINT('',(-111.704165815979,-123.83477796439,1.));
#10417=CARTESIAN_POINT('',(-111.704165815979,-123.83477796439,4.));
#10418=CARTESIAN_POINT('',(-111.704165815979,-123.83477796439,4.));
#10419=CARTESIAN_POINT('',(-99.2168254812472,-124.813763375165,4.));
#10420=CARTESIAN_POINT('',(-99.2168254812472,-124.813763375165,4.));
#10421=CARTESIAN_POINT('',(-99.2168254812472,-124.813763375165,1.));
#10422=CARTESIAN_POINT('',(-97.5000000000004,-130.03894378037,1.));
#10423=CARTESIAN_POINT('',(-97.5000000000004,-130.03894378037,4.));
#10424=CARTESIAN_POINT('',(-97.5000000000004,-130.03894378037,4.));
#10425=CARTESIAN_POINT('',(-32.6915013923574,-30.0026785990501,0.));
#10426=CARTESIAN_POINT('',(-32.6915013923574,-30.0026785990501,4.));
#10427=CARTESIAN_POINT('',(-32.6915013923574,-30.0026785990501,1.));
#10428=CARTESIAN_POINT('',(-90.1049434285941,-118.902474054083,1.));
#10429=CARTESIAN_POINT('',(-88.6589527551377,-116.663481397642,1.));
#10430=CARTESIAN_POINT('',(-88.6589527551377,-116.663481397642,4.));
#10431=CARTESIAN_POINT('',(-88.6589527551377,-116.663481397642,4.));
#10432=CARTESIAN_POINT('',(-32.6915013923574,-30.0026785990501,4.));
#10433=CARTESIAN_POINT('',(-90.1049434285941,-118.902474054083,4.));
#10434=CARTESIAN_POINT('',(-15.8786796564404,-8.80761184457486,4.));
#10435=CARTESIAN_POINT('',(-18.031222920257,-10.9601551083915,0.));
#10436=CARTESIAN_POINT('',(-15.,-7.92893218813451,4.));
#10437=CARTESIAN_POINT('',(-8.80761184457489,-15.8786796564404,4.));
#10438=CARTESIAN_POINT('',(-10.9601551083915,-18.031222920257,4.));
#10439=CARTESIAN_POINT('',(-14.4956890143242,-21.5667568261897,4.));
#10440=CARTESIAN_POINT('',(-6.68629150101525,-15.,4.));
#10441=CARTESIAN_POINT('',(0.,-15.,4.));
#10442=CARTESIAN_POINT('',(-7.92893218813453,-15.,4.));
#10443=CARTESIAN_POINT('',(1.77635683940025E-015,-29.,4.));
#10444=CARTESIAN_POINT('',(1.77635683940025E-015,-29.,4.));
#10445=CARTESIAN_POINT('',(1.77635683940025E-015,-29.,1.));
#10446=CARTESIAN_POINT('',(8.3794674551763E-016,-23.5,-4.50000000000001));
#10447=CARTESIAN_POINT('',(5.82016719913281E-016,-22.,11.));
#10448=CARTESIAN_POINT('',(-6.12323399573678E-016,-15.,4.));
#10449=CARTESIAN_POINT('',(-2.75995795163192,-29.,0.));
#10450=CARTESIAN_POINT('',(-2.75995795163192,-29.,4.));
#10451=CARTESIAN_POINT('',(-2.75995795163192,-29.,1.));
#10452=CARTESIAN_POINT('',(1.77635683940025E-015,-29.,1.));
#10453=CARTESIAN_POINT('',(-2.75995795163192,-29.,4.));
#10454=CARTESIAN_POINT('',(1.77635683940025E-015,-29.,4.));
#10455=CARTESIAN_POINT('',(-80.4931703775968,-122.667994731302,0.));
#10456=CARTESIAN_POINT('',(-80.4931703775968,-122.667994731302,4.));
#10457=CARTESIAN_POINT('',(-80.4931703775968,-122.667994731302,0.999999999999996));
#10458=CARTESIAN_POINT('',(-13.,-29.,0.999999999999996));
#10459=CARTESIAN_POINT('',(-40.367246703911,-66.9806594612583,0.999999999999996));
#10460=CARTESIAN_POINT('',(-40.367246703911,-66.9806594612583,2.));
#10461=CARTESIAN_POINT('',(-31.,-53.9806594612583,2.));
#10462=CARTESIAN_POINT('',(-31.,-53.9806594612583,0.999999999999994));
#10463=CARTESIAN_POINT('',(-13.,-29.,0.999999999999994));
#10464=CARTESIAN_POINT('',(-18.986354593566,-37.3079491953452,0.999999999999994));
#10465=CARTESIAN_POINT('',(-18.986354593566,-37.3079491953452,4.));
#10466=CARTESIAN_POINT('',(-18.986354593566,-37.3079491953452,3.99999999999999));
#10467=CARTESIAN_POINT('',(-80.4931703775968,-122.667994731302,3.99999999999999));
#10468=CARTESIAN_POINT('',(-13.,-29.,4.));
#10469=CARTESIAN_POINT('',(-87.2985218072015,-143.079131650542,4.));
#10470=CARTESIAN_POINT('',(-87.2985218072015,-143.079131650542,4.));
#10471=CARTESIAN_POINT('',(-87.2985218072015,-143.079131650542,1.));
#10472=CARTESIAN_POINT('',(-89.5000000000003,-138.038943780369,1.));
#10473=CARTESIAN_POINT('',(-84.0575394331824,-137.245455923731,1.));
#10474=CARTESIAN_POINT('',(-84.0575394331824,-137.245455923731,4.));
#10475=CARTESIAN_POINT('',(-84.0575394331824,-137.245455923731,4.));
#10476=CARTESIAN_POINT('',(-89.5000000000003,-138.038943780369,4.));
#10477=CARTESIAN_POINT('',(-89.5000000000003,-138.038943780369,4.));
#10478=CARTESIAN_POINT('',(-92.4598121298137,-148.240421973136,4.));
#10479=CARTESIAN_POINT('',(-92.4598121298137,-148.240421973136,4.));
#10480=CARTESIAN_POINT('',(-92.4598121298137,-148.240421973136,1.));
#10481=CARTESIAN_POINT('',(-83.2958341840205,-152.243109596348,1.));
#10482=CARTESIAN_POINT('',(-83.2958341840205,-152.243109596348,4.));
#10483=CARTESIAN_POINT('',(-83.2958341840205,-152.243109596348,4.));
#10484=CARTESIAN_POINT('',(-96.7950088624216,-151.493573694116,4.));
#10485=CARTESIAN_POINT('',(-96.7950088624216,-151.493573694116,4.));
#10486=CARTESIAN_POINT('',(-96.7950088624216,-151.493573694116,1.));
#10487=CARTESIAN_POINT('',(-97.4999999999999,-146.038943780369,1.));
#10488=CARTESIAN_POINT('',(-97.4999999999999,-146.038943780369,4.));
#10489=CARTESIAN_POINT('',(-97.4999999999999,-146.038943780369,4.));
#10490=CARTESIAN_POINT('',(-108.168929767358,-152.963611728641,4.));
#10491=CARTESIAN_POINT('',(-108.168929767358,-152.963611728641,4.));
#10492=CARTESIAN_POINT('',(-108.168929767358,-152.963611728641,1.));
#10493=CARTESIAN_POINT('',(-96.7950088624241,-151.493573694116,1.));
#10494=CARTESIAN_POINT('',(-108.168929767358,-152.963611728641,4.));
#10495=CARTESIAN_POINT('',(-96.7950088624241,-151.493573694116,4.));
#10496=CARTESIAN_POINT('',(-107.145865948245,-144.656533799415,0.));
#10497=CARTESIAN_POINT('',(-104.117590019046,-147.684809728614,4.));
#10498=CARTESIAN_POINT('',(-109.30310136411,-142.49929838355,4.));
#10499=CARTESIAN_POINT('',(-14.4956890143242,-14.4956890143242,4.));
#10500=CARTESIAN_POINT('',(-2.75995795163192,-49.,1.));
#10501=CARTESIAN_POINT('',(-2.75995795163192,-49.,4.));
#10502=CARTESIAN_POINT('',(-2.75995795163192,-49.,4.));
#10503=CARTESIAN_POINT('',(-66.2932503445532,-8.30193051623941,1.));
#10504=CARTESIAN_POINT('',(-66.2932503445532,-8.30193051623941,4.));
#10505=CARTESIAN_POINT('',(-66.2932503445532,-8.30193051623941,4.));
#10506=CARTESIAN_POINT('',(-105.459827231236,-105.813107356236,1.));
#10507=CARTESIAN_POINT('',(-105.459827231236,-105.813107356236,4.));
#10508=CARTESIAN_POINT('',(-105.459827231236,-105.813107356236,4.));
#10509=CARTESIAN_POINT('',(-64.2667737356626,-134.360045535957,1.));
#10510=CARTESIAN_POINT('',(-64.2667737356626,-134.360045535957,4.));
#10511=CARTESIAN_POINT('',(-64.2667737356626,-134.360045535957,4.));
#10512=CARTESIAN_POINT('',(-108.65601455332,-149.194958333689,1.));
#10513=CARTESIAN_POINT('',(-108.65601455332,-149.194958333689,4.));
#10514=CARTESIAN_POINT('',(-108.65601455332,-149.194958333689,4.));
#10515=CARTESIAN_POINT('',(-108.206526120024,-145.717193971195,4.));
#10516=CARTESIAN_POINT('',(-105.178250190826,-148.745469900394,4.));
#10517=CARTESIAN_POINT('',(-108.65601455332,-149.194958333689,4.));
#10518=CARTESIAN_POINT('',(-95.9111542856568,-130.004167215,13.5));
#10519=CARTESIAN_POINT('',(-99.1110607798045,-130.004167215001,13.5));
#10520=CARTESIAN_POINT('',(-97.5111075327306,-129.991935813699,0.));
#10521=CARTESIAN_POINT('',(-97.5,-138.038943780369,0.));
#10522=CARTESIAN_POINT('',(-31.,-61.8806594612583,12.));
#10523=CARTESIAN_POINT('',(-31.,-63.3598340681204,6.48308930045789));
#10524=CARTESIAN_POINT('',(-31.,-65.9806594612583,2.));
#10525=CARTESIAN_POINT('',(-33.9999999999951,-61.8806594612583,12.));
#10526=CARTESIAN_POINT('',(-34.,-65.0806594612583,2.));
#10527=CARTESIAN_POINT('',(-34.,-63.4806594612583,2.));
#10528=CARTESIAN_POINT('',(-11.1466251722766,-6.1,19.1466251722766));
#10529=CARTESIAN_POINT('',(4.,-6.1,2.50000000000001));
#10530=CARTESIAN_POINT('',(4.,-6.1,4.00000000000002));
#10531=CARTESIAN_POINT('',(-20.6466251722766,-1.5956547764676E-016,2.50000000000001));
#10532=CARTESIAN_POINT('',(-19.0466251722766,-1.5956547764676E-016,2.50000000000001));
#10533=CARTESIAN_POINT('',(-7.74210704437041E-016,5.9,2.50000000000001));
#10534=CARTESIAN_POINT('',(-27.4276972406928,5.9,2.50000000000001));
#10535=CARTESIAN_POINT('',(-66.030009156945,-4.58148437581083,2.50000000000001));
#10536=CARTESIAN_POINT('',(4.,-6.,2.50000000000001));
#10537=CARTESIAN_POINT('',(-27.4276972406928,5.9,4.));
#10538=CARTESIAN_POINT('',(-27.4276972406928,5.9,1.));
#10539=CARTESIAN_POINT('',(-66.030009156945,-4.58148437581083,1.));
#10540=CARTESIAN_POINT('',(-66.030009156945,-4.58148437581083,4.));
#10541=CARTESIAN_POINT('',(-26.39241985992,5.9,0.));
#10542=CARTESIAN_POINT('',(-26.7373665030141,5.9,0.333484228496398));
#10543=CARTESIAN_POINT('',(-27.0824552584672,5.9,0.666821532888592));
#10544=CARTESIAN_POINT('',(-27.4276972406928,5.9,1.));
#10545=CARTESIAN_POINT('',(-7.74210704437041E-016,5.9,0.));
#10546=CARTESIAN_POINT('',(-20.6466251722766,-1.5956547764676E-016,0.));
#10547=CARTESIAN_POINT('',(-24.,-30.4683401547756,0.));
#10548=CARTESIAN_POINT('',(-31.,-65.0806594612583,2.));
#10549=CARTESIAN_POINT('',(-39.8779810392762,-66.9806594612583,1.39695093688219));
#10550=CARTESIAN_POINT('',(-40.367246703911,-66.9806594612583,2.));
#10551=CARTESIAN_POINT('',(-31.,-61.8806594612583,12.));
#10552=CARTESIAN_POINT('',(-95.900047077512,-128.551266590325,13.5));
#10553=CARTESIAN_POINT('',(-99.122167987966,-128.551266588145,13.5));
#10554=CARTESIAN_POINT('',(-97.5111075327306,-128.538950273912,13.5));
#10555=CARTESIAN_POINT('',(-95.9111542856733,-130.004167217165,13.5));
#10556=CARTESIAN_POINT('',(-99.1221679879493,-128.551266590325,13.5));
#10557=CARTESIAN_POINT('',(-89.4652234346312,-139.627789494712,13.5));
#10558=CARTESIAN_POINT('',(-88.0123228099563,-139.638896702857,13.5));
#10559=CARTESIAN_POINT('',(-89.4652234367964,-139.627789494696,13.5));
#10560=CARTESIAN_POINT('',(-88.0123228077763,-136.416775792403,13.5));
#10561=CARTESIAN_POINT('',(-88.0000064935436,-138.027836247638,13.5));
#10562=CARTESIAN_POINT('',(-89.4529920333301,-138.027836247638,13.5));
#10563=CARTESIAN_POINT('',(-88.0123228099563,-136.41677579242,13.5));
#10564=CARTESIAN_POINT('',(-99.0888457143436,-146.073720345738,13.5));
#10565=CARTESIAN_POINT('',(-99.099952922488,-147.526620970413,13.5));
#10566=CARTESIAN_POINT('',(-99.0888457143267,-146.073720343573,13.5));
#10567=CARTESIAN_POINT('',(-95.8778320120344,-147.526620972593,13.5));
#10568=CARTESIAN_POINT('',(-97.4888924672697,-147.538937286825,13.5));
#10569=CARTESIAN_POINT('',(-97.4888924672697,-146.085951747039,13.5));
#10570=CARTESIAN_POINT('',(-95.8778320120507,-147.526620970413,13.5));
#10571=CARTESIAN_POINT('',(-106.987677190044,-136.438990857881,13.5));
#10572=CARTESIAN_POINT('',(-106.987677192224,-139.661111768335,13.5));
#10573=CARTESIAN_POINT('',(-106.999993506457,-138.050051313099,13.5));
#10574=CARTESIAN_POINT('',(-105.534776565369,-139.650004560173,13.5));
#10575=CARTESIAN_POINT('',(-106.987677190044,-139.661111768318,13.5));
#10576=CARTESIAN_POINT('',(-105.547007966671,-138.050051313099,13.5));
#10577=CARTESIAN_POINT('',(-105.534776563204,-136.450098066042,13.5));
#10578=CARTESIAN_POINT('',(-6.68629150101525,-18.,4.));
#10579=CARTESIAN_POINT('',(-18.,-6.68629150101522,4.));
#10580=CARTESIAN_POINT('',(-81.3044902096935,-122.08339219107,0.));
#10581=CARTESIAN_POINT('',(-97.1412630737689,-144.061893851223,0.));
#10582=CARTESIAN_POINT('',(-85.0470777180584,-137.38972644312,0.));
#10583=CARTESIAN_POINT('',(-64.2667737356626,-134.360045535957,0.));
#10584=CARTESIAN_POINT('',(-87.6987905695196,-142.162733855961,0.));
#10585=CARTESIAN_POINT('',(-89.5000000000003,-138.038943780369,0.));
#10586=CARTESIAN_POINT('',(-93.376209924393,-147.840153210815,0.));
#10587=CARTESIAN_POINT('',(-83.2958341840205,-152.243109596348,0.));
#10588=CARTESIAN_POINT('',(-96.9231890692536,-150.501822800707,0.));
#10589=CARTESIAN_POINT('',(-97.4999999999999,-146.038943780369,0.));
#10590=CARTESIAN_POINT('',(-108.29710997419,-151.971860835233,0.));
#10591=CARTESIAN_POINT('',(-103.774765068725,-151.387364154463,0.));
#10592=CARTESIAN_POINT('',(-111.432917054863,-148.83605375456,0.));
#10593=CARTESIAN_POINT('',(-108.65601455332,-149.194958333689,0.));
#10594=CARTESIAN_POINT('',(-109.962879020338,-137.462132849626,0.));
#10595=CARTESIAN_POINT('',(-109.962879020338,-137.462132849626,0.));
#10596=CARTESIAN_POINT('',(-107.30120943048,-133.915153704778,0.));
#10597=CARTESIAN_POINT('',(-105.5,-138.038943780369,0.));
#10598=CARTESIAN_POINT('',(-101.623790075607,-128.237734349924,0.));
#10599=CARTESIAN_POINT('',(-111.704165815979,-123.83477796439,0.));
#10600=CARTESIAN_POINT('',(-98.9046753937477,-125.763796176111,0.));
#10601=CARTESIAN_POINT('',(-97.5000000000004,-130.03894378037,0.));
#10602=CARTESIAN_POINT('',(-87.8189090313328,-117.206000099712,0.));
#10603=CARTESIAN_POINT('',(-105.459827231236,-105.813107356236,0.));
#10604=CARTESIAN_POINT('',(-31.8514576685525,-30.5451973011203,0.));
#10605=CARTESIAN_POINT('',(-102.517317289889,-139.965225837746,0.));
#10606=CARTESIAN_POINT('',(-25.2932503445532,-8.30193051623941,0.));
#10607=CARTESIAN_POINT('',(-66.2932503445532,-8.30193051623941,0.));
#10608=CARTESIAN_POINT('',(-25.2932503445532,0.0571017731159163,0.));
#10609=CARTESIAN_POINT('',(-25.6265870071053,0.0381848152097092,0.333336662552137));
#10610=CARTESIAN_POINT('',(-25.9599204027709,0.0191523450791213,0.666670058217694));
#10611=CARTESIAN_POINT('',(-26.2932503445532,0.,1.));
#10612=CARTESIAN_POINT('',(-25.2932503445532,-138.038943780369,0.));
#10613=CARTESIAN_POINT('',(-66.030009156945,-4.58148437581083,1.));
#10614=CARTESIAN_POINT('',(-18.986354593566,-37.3079491953452,0.999999999999994));
#10615=CARTESIAN_POINT('',(-97.1412630737689,-144.061893851223,0.));
#10616=CARTESIAN_POINT('',(-2.75995795163192,-29.,1.));
#10617=CARTESIAN_POINT('',(-2.75995795163192,-49.,0.));
#10618=CARTESIAN_POINT('',(-105.5,-28.,0.));
#10619=CARTESIAN_POINT('',(-25.2932503445532,-8.30193051623941,5.));
#10620=CARTESIAN_POINT('',(-26.2932503445532,-20.0955350931661,4.));
#10621=CARTESIAN_POINT('',(-31.8514576685525,-30.5451973011203,5.));
#10622=CARTESIAN_POINT('',(-66.2932503445532,-8.30193051623941,5.));
#10623=CARTESIAN_POINT('',(-87.8189090313328,-117.206000099712,5.));
#10624=CARTESIAN_POINT('',(-90.1049434285941,-118.902474054083,4.));
#10625=CARTESIAN_POINT('',(-98.9046753937477,-125.763796176111,5.));
#10626=CARTESIAN_POINT('',(-105.459827231236,-105.813107356236,5.));
#10627=CARTESIAN_POINT('',(-101.623790075607,-128.237734349924,5.));
#10628=CARTESIAN_POINT('',(-97.5000000000004,-130.03894378037,4.));
#10629=CARTESIAN_POINT('',(-107.301209430472,-133.915153704774,5.));
#10630=CARTESIAN_POINT('',(-111.704165815979,-123.83477796439,4.));
#10631=CARTESIAN_POINT('',(-109.962879020338,-137.462132849626,5.));
#10632=CARTESIAN_POINT('',(-105.5,-138.038943780369,4.));
#10633=CARTESIAN_POINT('',(-111.432917054863,-148.83605375456,5.));
#10634=CARTESIAN_POINT('',(-113.056349186104,-153.595292966474,4.));
#10635=CARTESIAN_POINT('',(-108.29710997419,-151.971860835233,5.));
#10636=CARTESIAN_POINT('',(-108.65601455332,-149.194958333689,5.));
#10637=CARTESIAN_POINT('',(-96.923189069254,-150.501822800707,5.));
#10638=CARTESIAN_POINT('',(-96.7950088624241,-151.493573694116,4.));
#10639=CARTESIAN_POINT('',(-93.3762099243931,-147.840153210815,5.));
#10640=CARTESIAN_POINT('',(-97.4999999999999,-146.038943780369,4.));
#10641=CARTESIAN_POINT('',(-87.6987905695285,-142.162733855965,5.));
#10642=CARTESIAN_POINT('',(-83.2958341840205,-152.243109596348,4.));
#10643=CARTESIAN_POINT('',(-85.0470777180584,-137.38972644312,5.));
#10644=CARTESIAN_POINT('',(-89.5000000000003,-138.038943780369,4.));
#10645=CARTESIAN_POINT('',(-81.3044902096935,-122.08339219107,5.));
#10646=CARTESIAN_POINT('',(-64.2667737356626,-134.360045535957,5.));
#10647=CARTESIAN_POINT('',(-19.7976744256628,-36.7233466551125,5.));
#10648=CARTESIAN_POINT('',(-13.,-29.,4.));
#10649=CARTESIAN_POINT('',(-2.75995795163192,-28.,5.));
#10650=CARTESIAN_POINT('',(-2.75995795163192,-49.,5.));
#10651=CARTESIAN_POINT('',(1.77635683940025E-015,-29.,4.));
#10652=CARTESIAN_POINT('',(-31.,46.8546835485681,5.));
#10653=CARTESIAN_POINT('',(-31.,45.9546835485681,5.));
#10654=CARTESIAN_POINT('',(-31.,47.9546835485681,5.));
#10655=CARTESIAN_POINT('',(-31.,45.9546835485681,3.9));
#10656=CARTESIAN_POINT('',(-31.,45.9546835485681,3.));
#10657=CARTESIAN_POINT('',(-31.,46.8546835485681,3.));
#10658=CARTESIAN_POINT('',(-31.,47.9546835485681,3.));
#10659=CARTESIAN_POINT('',(-31.,47.9546835485681,3.));
#10660=CARTESIAN_POINT('',(-31.,46.8546835485681,3.));
#10661=CARTESIAN_POINT('',(-34.,44.3546835485681,5.));
#10662=CARTESIAN_POINT('',(-33.9999999999951,42.7546835485681,5.));
#10663=CARTESIAN_POINT('',(-33.9999999999951,45.9546835485681,5.));
#10664=CARTESIAN_POINT('',(-33.9999999999951,42.7546835485681,3.9));
#10665=CARTESIAN_POINT('',(-33.9999999999951,42.7546835485681,3.));
#10666=CARTESIAN_POINT('',(-34.,44.3546835485681,3.));
#10667=CARTESIAN_POINT('',(-33.9999999999951,45.9546835485681,3.));
#10668=CARTESIAN_POINT('',(-33.9999999999951,45.9546835485681,3.9));
#10669=CARTESIAN_POINT('',(-34.,44.3546835485681,3.));
#10670=CARTESIAN_POINT('',(-34.,42.7546835485681,3.));
#10671=CARTESIAN_POINT('',(-31.,42.7546835485681,3.));
#10672=CARTESIAN_POINT('',(-31.,46.8546835485681,3.));
#10673=CARTESIAN_POINT('',(-31.,37.8546835485681,3.));
#10674=CARTESIAN_POINT('',(-16.0352930261552,26.,3.));
#10675=CARTESIAN_POINT('',(-43.7496900120922,47.9546835485681,3.));
#10676=CARTESIAN_POINT('',(-31.,47.9546835485681,3.));
#10677=CARTESIAN_POINT('',(-34.,45.9546835485681,3.));
#10678=CARTESIAN_POINT('',(-34.,44.3546835485681,3.));
#10679=CARTESIAN_POINT('',(-15.,0.,0.));
#10680=CARTESIAN_POINT('',(-15.,6.1,0.));
#10681=CARTESIAN_POINT('',(-15.,6.68629150101524,0.));
#10682=CARTESIAN_POINT('',(-15.,6.68629150101524,4.));
#10683=CARTESIAN_POINT('',(-15.,6.68629150101524,5.));
#10684=CARTESIAN_POINT('',(-15.,0.,5.));
#10685=CARTESIAN_POINT('',(-15.,-5.9,5.));
#10686=CARTESIAN_POINT('',(-15.,-5.9,4.));
#10687=CARTESIAN_POINT('',(-15.,-5.9,2.50000000000001));
#10688=CARTESIAN_POINT('',(-15.,0.,2.50000000000001));
#10689=CARTESIAN_POINT('',(-15.,6.1,2.50000000000001));
#10690=CARTESIAN_POINT('',(-15.,6.1,4.));
#10691=CARTESIAN_POINT('',(-15.,0.,4.));
#10692=CARTESIAN_POINT('',(-26.2932503445532,0.,4.));
#10693=CARTESIAN_POINT('',(-26.2932503445532,0.,4.));
#10694=CARTESIAN_POINT('',(-26.2932503445532,0.,2.50000000000001));
#10695=CARTESIAN_POINT('',(-66.030009156945,-4.58148437581083,4.));
#10696=CARTESIAN_POINT('',(-39.5898557211084,25.433816493736,4.));
#10697=CARTESIAN_POINT('',(-39.5898557211084,25.433816493736,4.));
#10698=CARTESIAN_POINT('',(-39.5898557211084,25.433816493736,1.));
#10699=CARTESIAN_POINT('',(-66.030009156945,-4.58148437581083,1.));
#10700=CARTESIAN_POINT('',(-27.4825592863076,6.1,1.00000000000001));
#10701=CARTESIAN_POINT('',(-27.4825592863076,6.1,4.));
#10702=CARTESIAN_POINT('',(-27.4825592863076,6.1,2.50000000000001));
#10703=CARTESIAN_POINT('',(-66.030009156945,-4.58148437581083,2.50000000000001));
#10704=CARTESIAN_POINT('',(-66.030009156945,-4.58148437581083,4.));
#10705=CARTESIAN_POINT('',(-104.357332521331,95.9666108003236,4.));
#10706=CARTESIAN_POINT('',(-104.357332521331,95.9666108003236,1.));
#10707=CARTESIAN_POINT('',(-104.357332521331,95.9666108003236,3.99999999999998));
#10708=CARTESIAN_POINT('',(-43.7496900120922,47.9546835485681,3.99999999999998));
#10709=CARTESIAN_POINT('',(-43.7496900120922,47.9546835485681,3.99999999999998));
#10710=CARTESIAN_POINT('',(-43.7496900120922,47.9546835485681,3.));
#10711=CARTESIAN_POINT('',(-31.,37.8546835485681,3.));
#10712=CARTESIAN_POINT('',(-31.,37.8546835485681,3.99999999999998));
#10713=CARTESIAN_POINT('',(-21.4923763529009,30.3229711112843,3.99999999999998));
#10714=CARTESIAN_POINT('',(-21.4923763529009,30.3229711112843,4.));
#10715=CARTESIAN_POINT('',(-21.4923763529009,30.3229711112843,1.73472347597681E-015));
#10716=CARTESIAN_POINT('',(-21.4923763529009,30.3229711112843,1.));
#10717=CARTESIAN_POINT('',(-16.0352930261552,26.,1.));
#10718=CARTESIAN_POINT('',(-16.0352930261552,26.,4.));
#10719=CARTESIAN_POINT('',(-137.892988750471,119.828717111015,5.));
#10720=CARTESIAN_POINT('',(-137.643640893432,117.899472603616,5.));
#10721=CARTESIAN_POINT('',(-137.194152460137,114.421708241122,5.));
#10722=CARTESIAN_POINT('',(-137.194152460137,114.421708241122,0.));
#10723=CARTESIAN_POINT('',(-137.194152460137,114.421708241122,0.));
#10724=CARTESIAN_POINT('',(-137.892988750471,119.828717111015,0.));
#10725=CARTESIAN_POINT('',(-137.643640893432,117.899472603616,0.));
#10726=CARTESIAN_POINT('',(-137.643640893432,117.899472603616,4.));
#10727=CARTESIAN_POINT('',(-137.892988750471,119.828717111015,4.));
#10728=CARTESIAN_POINT('',(-129.46035460318,118.738829724654,0.));
#10729=CARTESIAN_POINT('',(-132.485979880578,119.129880820681,0.));
#10730=CARTESIAN_POINT('',(-135.963744243072,119.579369253976,0.));
#10731=CARTESIAN_POINT('',(-132.485979880578,119.129880820681,4.));
#10732=CARTESIAN_POINT('',(-132.485979880578,119.129880820681,5.));
#10733=CARTESIAN_POINT('',(-129.46035460318,118.738829724654,5.));
#10734=CARTESIAN_POINT('',(-135.963744243072,119.579369253976,5.));
#10735=CARTESIAN_POINT('',(-135.963744243072,119.579369253976,0.));
#10736=CARTESIAN_POINT('',(-129.46035460318,118.738829724654,4.));
#10737=CARTESIAN_POINT('',(-111.128794993283,88.4516932497999,4.));
#10738=CARTESIAN_POINT('',(-111.128794993283,88.4516932497999,4.));
#10739=CARTESIAN_POINT('',(-111.128794993283,88.4516932497999,0.));
#10740=CARTESIAN_POINT('',(-111.128794993283,88.4516932497999,1.));
#10741=CARTESIAN_POINT('',(-112.601665206062,89.7491286673627,1.));
#10742=CARTESIAN_POINT('',(-112.601665206062,89.7491286673627,4.));
#10743=CARTESIAN_POINT('',(-15.,7.92893218813452,5.));
#10744=CARTESIAN_POINT('',(-15.8786796564404,8.80761184457488,5.));
#10745=CARTESIAN_POINT('',(-18.031222920257,10.9601551083915,5.));
#10746=CARTESIAN_POINT('',(-15.8786796564404,8.80761184457488,4.));
#10747=CARTESIAN_POINT('',(-15.8786796564404,8.80761184457488,0.));
#10748=CARTESIAN_POINT('',(-15.,7.92893218813452,0.));
#10749=CARTESIAN_POINT('',(-18.031222920257,10.9601551083915,0.));
#10750=CARTESIAN_POINT('',(-18.031222920257,10.9601551083915,4.));
#10751=CARTESIAN_POINT('',(-15.,7.92893218813452,4.));
#10752=CARTESIAN_POINT('',(-14.4956890143242,21.5667568261897,0.));
#10753=CARTESIAN_POINT('',(-10.9601551083915,18.031222920257,0.));
#10754=CARTESIAN_POINT('',(-8.80761184457486,15.8786796564403,0.));
#10755=CARTESIAN_POINT('',(-8.80761184457486,15.8786796564403,4.));
#10756=CARTESIAN_POINT('',(-8.80761184457486,15.8786796564403,5.));
#10757=CARTESIAN_POINT('',(-14.4956890143242,21.5667568261897,5.));
#10758=CARTESIAN_POINT('',(-10.9601551083915,18.031222920257,5.));
#10759=CARTESIAN_POINT('',(-10.9601551083915,18.031222920257,0.));
#10760=CARTESIAN_POINT('',(-14.4956890143242,21.5667568261897,4.));
#10761=CARTESIAN_POINT('',(-7.92893218813451,15.,5.));
#10762=CARTESIAN_POINT('',(-6.68629150101522,15.,5.));
#10763=CARTESIAN_POINT('',(-1.73472347597681E-015,15.,5.));
#10764=CARTESIAN_POINT('',(-6.68629150101522,15.,4.));
#10765=CARTESIAN_POINT('',(-6.68629150101522,15.,0.));
#10766=CARTESIAN_POINT('',(-7.92893218813451,15.,0.));
#10767=CARTESIAN_POINT('',(-1.73472347597681E-015,15.,0.));
#10768=CARTESIAN_POINT('',(-1.73472347597681E-015,15.,4.));
#10769=CARTESIAN_POINT('',(-7.92893218813451,15.,4.));
#10770=CARTESIAN_POINT('',(-4.28626379701574E-015,26.,4.));
#10771=CARTESIAN_POINT('',(-2.14313189850787E-015,26.,4.));
#10772=CARTESIAN_POINT('',(-4.28626379701574E-015,26.,1.));
#10773=CARTESIAN_POINT('',(0.,25.,5.00000000000004));
#10774=CARTESIAN_POINT('',(-2.14313189850787E-015,25.,5.));
#10775=CARTESIAN_POINT('',(-4.28626379701574E-015,15.,5.));
#10776=CARTESIAN_POINT('',(-4.28626379701574E-015,15.,0.));
#10777=CARTESIAN_POINT('',(-4.28626379701574E-015,25.,0.));
#10778=CARTESIAN_POINT('',(-4.28626379701574E-015,26.,1.));
#10779=CARTESIAN_POINT('',(-4.28626379701574E-015,15.,4.));
#10780=CARTESIAN_POINT('',(-9.07340839165818,26.,4.));
#10781=CARTESIAN_POINT('',(-9.07340839165818,26.,1.));
#10782=CARTESIAN_POINT('',(-9.07340839165818,26.,4.));
#10783=CARTESIAN_POINT('',(-4.28626379701574E-015,26.,4.));
#10784=CARTESIAN_POINT('',(-4.28626379701574E-015,26.,1.));
#10785=CARTESIAN_POINT('',(-4.28626379701574E-015,26.,4.));
#10786=CARTESIAN_POINT('',(-114.798521807201,111.975916230717,4.));
#10787=CARTESIAN_POINT('',(-114.798521807201,111.975916230717,4.));
#10788=CARTESIAN_POINT('',(-114.798521807201,111.975916230717,1.));
#10789=CARTESIAN_POINT('',(-117.,106.935728360544,4.));
#10790=CARTESIAN_POINT('',(-111.594549218842,107.95116021571,4.));
#10791=CARTESIAN_POINT('',(-111.594549218842,107.95116021571,4.));
#10792=CARTESIAN_POINT('',(-111.594549218842,107.95116021571,1.));
#10793=CARTESIAN_POINT('',(-117.,106.935728360544,1.));
#10794=CARTESIAN_POINT('',(-117.,106.935728360544,4.));
#10795=CARTESIAN_POINT('',(-119.959812129814,117.137206553311,4.));
#10796=CARTESIAN_POINT('',(-119.959812129814,117.137206553311,4.));
#10797=CARTESIAN_POINT('',(-119.959812129814,117.137206553311,1.));
#10798=CARTESIAN_POINT('',(-110.795834184021,121.139894176524,4.));
#10799=CARTESIAN_POINT('',(-110.795834184021,121.139894176524,1.));
#10800=CARTESIAN_POINT('',(-110.795834184021,121.139894176524,4.));
#10801=CARTESIAN_POINT('',(-124.295008862422,120.390358274291,4.));
#10802=CARTESIAN_POINT('',(-124.295008862422,120.390358274291,4.));
#10803=CARTESIAN_POINT('',(-124.295008862422,120.390358274291,1.));
#10804=CARTESIAN_POINT('',(-125.,114.935728360544,4.));
#10805=CARTESIAN_POINT('',(-125.,114.935728360544,1.));
#10806=CARTESIAN_POINT('',(-125.,114.935728360544,4.));
#10807=CARTESIAN_POINT('',(-135.668929767358,121.860396308816,4.));
#10808=CARTESIAN_POINT('',(-135.668929767358,121.860396308816,1.));
#10809=CARTESIAN_POINT('',(-135.668929767358,121.860396308816,4.));
#10810=CARTESIAN_POINT('',(-124.295008862422,120.390358274291,4.));
#10811=CARTESIAN_POINT('',(-124.295008862425,120.390358274291,1.));
#10812=CARTESIAN_POINT('',(-124.295008862425,120.390358274291,4.));
#10813=CARTESIAN_POINT('',(-138.454629913747,106.230737222968,4.));
#10814=CARTESIAN_POINT('',(-138.454629913747,106.230737222968,4.));
#10815=CARTESIAN_POINT('',(-138.454629913747,106.230737222968,1.));
#10816=CARTESIAN_POINT('',(-139.924667948272,117.604658127902,4.));
#10817=CARTESIAN_POINT('',(-139.924667948272,117.604658127902,4.));
#10818=CARTESIAN_POINT('',(-139.924667948272,117.604658127902,4.));
#10819=CARTESIAN_POINT('',(-139.924667948272,117.604658127902,1.));
#10820=CARTESIAN_POINT('',(-140.556349186104,122.492077546648,1.));
#10821=CARTESIAN_POINT('',(-140.556349186104,122.492077546648,4.));
#10822=CARTESIAN_POINT('',(-135.201478192798,101.895540490371,4.));
#10823=CARTESIAN_POINT('',(-135.201478192798,101.895540490371,4.));
#10824=CARTESIAN_POINT('',(-135.201478192798,101.895540490371,1.));
#10825=CARTESIAN_POINT('',(-133.,106.935728360544,4.));
#10826=CARTESIAN_POINT('',(-133.,106.935728360544,1.));
#10827=CARTESIAN_POINT('',(-133.,106.935728360544,4.));
#10828=CARTESIAN_POINT('',(-130.040187870186,96.7342501677768,4.));
#10829=CARTESIAN_POINT('',(-130.040187870186,96.7342501677768,4.));
#10830=CARTESIAN_POINT('',(-130.040187870186,96.7342501677768,1.));
#10831=CARTESIAN_POINT('',(-139.204165815979,92.7315625445644,4.));
#10832=CARTESIAN_POINT('',(-139.204165815979,92.7315625445644,1.));
#10833=CARTESIAN_POINT('',(-139.204165815979,92.7315625445644,4.));
#10834=CARTESIAN_POINT('',(-124.859560565161,93.4375216742555,4.));
#10835=CARTESIAN_POINT('',(-124.859560565161,93.4375216742555,1.));
#10836=CARTESIAN_POINT('',(-124.859560565161,93.4375216742555,4.));
#10837=CARTESIAN_POINT('',(-125.,98.9357283605435,4.));
#10838=CARTESIAN_POINT('',(-125.,98.9357283605435,1.));
#10839=CARTESIAN_POINT('',(-125.,98.9357283605435,4.));
#10840=CARTESIAN_POINT('',(-136.80310136411,111.396082963724,5.));
#10841=CARTESIAN_POINT('',(-134.645865948245,113.55331837959,5.));
#10842=CARTESIAN_POINT('',(-131.617590019046,116.581594308789,5.));
#10843=CARTESIAN_POINT('',(-131.617590019046,116.581594308789,0.));
#10844=CARTESIAN_POINT('',(-131.617590019046,116.581594308789,0.));
#10845=CARTESIAN_POINT('',(-136.80310136411,111.396082963724,0.));
#10846=CARTESIAN_POINT('',(-134.645865948245,113.55331837959,0.));
#10847=CARTESIAN_POINT('',(-134.645865948245,113.55331837959,4.));
#10848=CARTESIAN_POINT('',(-136.80310136411,111.396082963724,4.));
#10849=CARTESIAN_POINT('',(-117.,108.535728360544,5.));
#10850=CARTESIAN_POINT('',(-133.,108.535728360544,5.));
#10851=CARTESIAN_POINT('',(-134.5,108.535728360544,5.));
#10852=CARTESIAN_POINT('',(-133.,106.935728360544,5.));
#10853=CARTESIAN_POINT('',(-133.,105.335728360544,5.));
#10854=CARTESIAN_POINT('',(-117.,105.335728360544,5.));
#10855=CARTESIAN_POINT('',(-134.5,105.335728360544,5.));
#10856=CARTESIAN_POINT('',(-134.5,106.935728360544,5.));
#10857=CARTESIAN_POINT('',(-126.6,106.935728360544,5.));
#10858=CARTESIAN_POINT('',(-126.6,98.935728360544,5.));
#10859=CARTESIAN_POINT('',(-126.6,97.4357283605443,5.));
#10860=CARTESIAN_POINT('',(-125.,98.9357283605436,5.));
#10861=CARTESIAN_POINT('',(-123.4,98.9357283605436,5.));
#10862=CARTESIAN_POINT('',(-123.4,106.935728360544,5.));
#10863=CARTESIAN_POINT('',(-123.4,97.4357283605443,5.));
#10864=CARTESIAN_POINT('',(-125.,97.4357283605443,5.));
#10865=CARTESIAN_POINT('',(-117.,105.335728360544,5.));
#10866=CARTESIAN_POINT('',(-117.,105.335728360544,5.));
#10867=CARTESIAN_POINT('',(-115.5,105.335728360544,5.));
#10868=CARTESIAN_POINT('',(-117.,106.935728360544,5.));
#10869=CARTESIAN_POINT('',(-117.,108.535728360544,5.));
#10870=CARTESIAN_POINT('',(-117.,108.535728360544,5.));
#10871=CARTESIAN_POINT('',(-115.5,108.535728360544,5.));
#10872=CARTESIAN_POINT('',(-115.5,106.935728360544,5.));
#10873=CARTESIAN_POINT('',(-123.4,106.935728360544,5.));
#10874=CARTESIAN_POINT('',(-123.4,114.935728360544,5.));
#10875=CARTESIAN_POINT('',(-123.4,116.435728360544,5.));
#10876=CARTESIAN_POINT('',(-125.,114.935728360544,5.));
#10877=CARTESIAN_POINT('',(-126.6,114.935728360544,5.));
#10878=CARTESIAN_POINT('',(-126.6,106.935728360544,5.));
#10879=CARTESIAN_POINT('',(-126.6,116.435728360544,5.));
#10880=CARTESIAN_POINT('',(-125.,116.435728360544,5.));
#10881=CARTESIAN_POINT('',(-24.,20.5316598452244,5.));
#10882=CARTESIAN_POINT('',(-22.4,20.5316598452244,5.));
#10883=CARTESIAN_POINT('',(-20.6466251722766,-1.5956547764676E-016,5.));
#10884=CARTESIAN_POINT('',(-19.0466251722766,-1.5956547764676E-016,5.));
#10885=CARTESIAN_POINT('',(-125.,106.935728360544,5.));
#10886=CARTESIAN_POINT('',(-120.5,106.935728360544,5.));
#10887=CARTESIAN_POINT('',(-66.030009156945,-4.58148437581083,5.));
#10888=CARTESIAN_POINT('',(-38.9288518852125,26.1841990154747,5.));
#10889=CARTESIAN_POINT('',(-25.2932503445532,0.0571017731159291,5.));
#10890=CARTESIAN_POINT('',(-25.2932503445532,-5.9,5.));
#10891=CARTESIAN_POINT('',(-25.2932503445532,-5.9,5.));
#10892=CARTESIAN_POINT('',(7.74210704437041E-016,-5.9,5.));
#10893=CARTESIAN_POINT('',(-18.,6.68629150101524,5.));
#10894=CARTESIAN_POINT('',(-14.4956890143242,14.4956890143242,5.));
#10895=CARTESIAN_POINT('',(-6.68629150101522,18.,5.));
#10896=CARTESIAN_POINT('',(-9.07340839165818,25.,5.));
#10897=CARTESIAN_POINT('',(-9.07340839165818,25.,5.));
#10898=CARTESIAN_POINT('',(-9.07340839165819,46.,5.));
#10899=CARTESIAN_POINT('',(-22.1133247509631,29.5391196668485,5.));
#10900=CARTESIAN_POINT('',(-31.6209483980597,37.0708321041354,5.));
#10901=CARTESIAN_POINT('',(-31.,36.5789316097351,5.));
#10902=CARTESIAN_POINT('',(-31.,46.8546835485681,5.));
#10903=CARTESIAN_POINT('',(-31.,42.7546835485681,5.));
#10904=CARTESIAN_POINT('',(-34.,42.7546835485681,5.));
#10905=CARTESIAN_POINT('',(-34.,45.9546835485681,5.));
#10906=CARTESIAN_POINT('',(-31.,47.9546835485681,5.));
#10907=CARTESIAN_POINT('',(-45.3601297895694,47.9546835485681,5.));
#10908=CARTESIAN_POINT('',(-104.978280919393,95.1827593558879,5.));
#10909=CARTESIAN_POINT('',(-104.978280919393,95.1827593558879,5.));
#10910=CARTESIAN_POINT('',(-91.9383645600881,111.643639689039,5.));
#10911=CARTESIAN_POINT('',(-112.57735845178,107.766536242043,5.));
#10912=CARTESIAN_POINT('',(-117.,106.935728360544,5.));
#10913=CARTESIAN_POINT('',(-115.19879056952,111.059518436136,5.));
#10914=CARTESIAN_POINT('',(-110.795834184021,121.139894176524,5.));
#10915=CARTESIAN_POINT('',(-120.876209924394,116.73693779099,5.));
#10916=CARTESIAN_POINT('',(-125.,114.935728360544,5.));
#10917=CARTESIAN_POINT('',(-124.423189069254,119.398607380882,5.));
#10918=CARTESIAN_POINT('',(-135.79710997419,120.868645415407,5.));
#10919=CARTESIAN_POINT('',(-135.79710997419,120.868645415407,5.));
#10920=CARTESIAN_POINT('',(-136.15601455332,118.091742913864,5.));
#10921=CARTESIAN_POINT('',(-138.932917054863,117.732838334734,5.));
#10922=CARTESIAN_POINT('',(-137.462879020338,106.3589174298,5.));
#10923=CARTESIAN_POINT('',(-137.462879020338,106.3589174298,5.));
#10924=CARTESIAN_POINT('',(-133.,106.935728360544,5.));
#10925=CARTESIAN_POINT('',(-134.80120943048,102.811938284952,5.));
#10926=CARTESIAN_POINT('',(-139.204165815979,92.7315625445644,5.));
#10927=CARTESIAN_POINT('',(-129.123790075607,97.1345189300981,5.));
#10928=CARTESIAN_POINT('',(-125.,98.9357283605435,5.));
#10929=CARTESIAN_POINT('',(-124.885095007859,94.437195617217,5.));
#10930=CARTESIAN_POINT('',(-124.348871711201,73.4440428150264,5.));
#10931=CARTESIAN_POINT('',(-110.467791157387,89.2020757715385,5.));
#10932=CARTESIAN_POINT('',(-38.9288518852125,26.1841990154747,5.));
#10933=CARTESIAN_POINT('',(-136.15601455332,118.091742913864,5.));
#10934=CARTESIAN_POINT('',(-132.678250190826,117.642254480568,5.));
#10935=CARTESIAN_POINT('',(-135.706526120024,114.61397855137,5.));
#10936=CARTESIAN_POINT('',(-117.,106.935728360544,5.));
#10937=CARTESIAN_POINT('',(-24.,20.5316598452244,0.));
#10938=CARTESIAN_POINT('',(-22.4,20.5316598452244,0.));
#10939=CARTESIAN_POINT('',(-125.,106.935728360544,0.));
#10940=CARTESIAN_POINT('',(-120.5,106.935728360544,0.));
#10941=CARTESIAN_POINT('',(-125.,114.935728360544,0.));
#10942=CARTESIAN_POINT('',(-126.6,114.935728360544,3.46944695195361E-015));
#10943=CARTESIAN_POINT('',(-123.4,114.935728360544,3.46944695195361E-015));
#10944=CARTESIAN_POINT('',(-123.4,106.935728360544,0.));
#10945=CARTESIAN_POINT('',(-123.4,116.435728360544,3.46944695195361E-015));
#10946=CARTESIAN_POINT('',(-125.,116.435728360544,0.));
#10947=CARTESIAN_POINT('',(-126.6,116.435728360544,3.46944695195361E-015));
#10948=CARTESIAN_POINT('',(-126.6,106.935728360544,0.));
#10949=CARTESIAN_POINT('',(-117.,106.935728360544,0.));
#10950=CARTESIAN_POINT('',(-117.,108.535728360544,3.46944695195361E-015));
#10951=CARTESIAN_POINT('',(-117.,105.335728360544,3.46944695195361E-015));
#10952=CARTESIAN_POINT('',(-117.,105.335728360544,0.));
#10953=CARTESIAN_POINT('',(-115.5,105.335728360544,3.46944695195361E-015));
#10954=CARTESIAN_POINT('',(-115.5,106.935728360544,0.));
#10955=CARTESIAN_POINT('',(-115.5,108.535728360544,3.46944695195361E-015));
#10956=CARTESIAN_POINT('',(-117.,108.535728360544,0.));
#10957=CARTESIAN_POINT('',(-125.,98.9357283605436,0.));
#10958=CARTESIAN_POINT('',(-123.4,98.9357283605443,3.46944695195361E-015));
#10959=CARTESIAN_POINT('',(-126.6,98.935728360544,3.46944695195361E-015));
#10960=CARTESIAN_POINT('',(-126.6,106.935728360544,0.));
#10961=CARTESIAN_POINT('',(-126.6,97.4357283605443,3.46944695195361E-015));
#10962=CARTESIAN_POINT('',(-125.,97.4357283605443,0.));
#10963=CARTESIAN_POINT('',(-123.4,97.4357283605443,3.46944695195361E-015));
#10964=CARTESIAN_POINT('',(-123.4,106.935728360544,0.));
#10965=CARTESIAN_POINT('',(-133.,106.935728360544,0.));
#10966=CARTESIAN_POINT('',(-133.,105.335728360544,3.46944695195361E-015));
#10967=CARTESIAN_POINT('',(-133.,108.535728360544,3.46944695195361E-015));
#10968=CARTESIAN_POINT('',(-117.,108.535728360544,0.));
#10969=CARTESIAN_POINT('',(-134.5,108.535728360544,3.46944695195361E-015));
#10970=CARTESIAN_POINT('',(-134.5,106.935728360544,0.));
#10971=CARTESIAN_POINT('',(-134.5,105.335728360544,3.46944695195361E-015));
#10972=CARTESIAN_POINT('',(-117.,105.335728360544,0.));
#10973=CARTESIAN_POINT('',(4.,6.1,0.));
#10974=CARTESIAN_POINT('',(-26.4458470270059,6.1,0.));
#10975=CARTESIAN_POINT('',(-66.030009156945,-4.58148437581083,0.));
#10976=CARTESIAN_POINT('',(-38.9288518852125,26.1841990154747,0.));
#10977=CARTESIAN_POINT('',(-122.941900868886,100.190383907478,0.));
#10978=CARTESIAN_POINT('',(-110.467791157387,89.2020757715385,0.));
#10979=CARTESIAN_POINT('',(-124.348871711201,73.4440428150264,0.));
#10980=CARTESIAN_POINT('',(-124.885095007859,94.437195617217,0.));
#10981=CARTESIAN_POINT('',(-125.,98.9357283605435,0.));
#10982=CARTESIAN_POINT('',(-129.123790075607,97.1345189300981,0.));
#10983=CARTESIAN_POINT('',(-139.204165815979,92.7315625445644,0.));
#10984=CARTESIAN_POINT('',(-134.80120943048,102.811938284952,0.));
#10985=CARTESIAN_POINT('',(-133.,106.935728360544,0.));
#10986=CARTESIAN_POINT('',(-137.462879020338,106.3589174298,0.));
#10987=CARTESIAN_POINT('',(-137.199996373562,104.324952075514,0.));
#10988=CARTESIAN_POINT('',(-138.932917054863,117.732838334734,0.));
#10989=CARTESIAN_POINT('',(-136.15601455332,118.091742913864,0.));
#10990=CARTESIAN_POINT('',(-135.79710997419,120.868645415407,0.));
#10991=CARTESIAN_POINT('',(-115.537647715501,118.250183380352,0.));
#10992=CARTESIAN_POINT('',(-124.423189069254,119.398607380882,0.));
#10993=CARTESIAN_POINT('',(-125.,114.935728360544,0.));
#10994=CARTESIAN_POINT('',(-120.876209924394,116.73693779099,0.));
#10995=CARTESIAN_POINT('',(-110.795834184021,121.139894176524,0.));
#10996=CARTESIAN_POINT('',(-115.19879056952,111.059518436136,0.));
#10997=CARTESIAN_POINT('',(-117.,106.935728360544,0.));
#10998=CARTESIAN_POINT('',(-112.57735845178,107.766536242043,0.));
#10999=CARTESIAN_POINT('',(-91.9383645600881,111.643639689039,0.));
#11000=CARTESIAN_POINT('',(-104.978280919393,95.1827593558879,0.));
#11001=CARTESIAN_POINT('',(-118.085240534974,105.565779805149,0.));
#11002=CARTESIAN_POINT('',(-22.1133247509631,29.5391196668485,0.));
#11003=CARTESIAN_POINT('',(-9.07340839165819,46.,0.));
#11004=CARTESIAN_POINT('',(-9.07340839165818,25.,0.));
#11005=CARTESIAN_POINT('',(-117.,24.9999999999999,0.));
#11006=CARTESIAN_POINT('',(-6.68629150101522,18.,0.));
#11007=CARTESIAN_POINT('',(-14.4956890143242,14.4956890143242,0.));
#11008=CARTESIAN_POINT('',(-18.,6.68629150101524,0.));
#11009=CARTESIAN_POINT('',(-136.15601455332,118.091742913864,0.));
#11010=CARTESIAN_POINT('',(-135.706526120024,114.61397855137,0.));
#11011=CARTESIAN_POINT('',(-132.678250190826,117.642254480568,0.));
#11012=CARTESIAN_POINT('',(-117.,106.935728360544,0.));
#11013=CARTESIAN_POINT('',(-14.4956890143242,14.4956890143242,4.));
#11014=CARTESIAN_POINT('',(-9.07340839165819,46.,4.));
#11015=CARTESIAN_POINT('',(-9.07340839165819,46.,1.));
#11016=CARTESIAN_POINT('',(-9.07340839165819,46.,4.));
#11017=CARTESIAN_POINT('',(-124.348871711201,73.4440428150264,4.));
#11018=CARTESIAN_POINT('',(-124.348871711201,73.4440428150264,1.));
#11019=CARTESIAN_POINT('',(-124.348871711201,73.4440428150264,4.));
#11020=CARTESIAN_POINT('',(-91.9383645600881,111.643639689039,4.));
#11021=CARTESIAN_POINT('',(-91.9383645600881,111.643639689039,1.));
#11022=CARTESIAN_POINT('',(-91.9383645600881,111.643639689039,4.));
#11023=CARTESIAN_POINT('',(-136.15601455332,118.091742913864,4.));
#11024=CARTESIAN_POINT('',(-136.15601455332,118.091742913864,1.));
#11025=CARTESIAN_POINT('',(-136.15601455332,118.091742913864,4.));
#11026=CARTESIAN_POINT('',(-132.678250190826,117.642254480568,4.));
#11027=CARTESIAN_POINT('',(-135.706526120024,114.61397855137,4.));
#11028=CARTESIAN_POINT('',(-136.15601455332,118.091742913864,4.));
#11029=CARTESIAN_POINT('',(-133.,108.535728360544,13.5));
#11030=CARTESIAN_POINT('',(-133.,105.335728360544,13.5));
#11031=CARTESIAN_POINT('',(-133.,106.935728360544,0.));
#11032=CARTESIAN_POINT('',(-126.6,98.935728360544,13.5));
#11033=CARTESIAN_POINT('',(-123.4,98.9357283605443,13.5));
#11034=CARTESIAN_POINT('',(-125.,98.9357283605436,0.));
#11035=CARTESIAN_POINT('',(-117.,105.335728360544,13.5));
#11036=CARTESIAN_POINT('',(-117.,108.535728360544,13.5));
#11037=CARTESIAN_POINT('',(-117.,106.935728360544,0.));
#11038=CARTESIAN_POINT('',(-123.4,114.935728360544,13.5));
#11039=CARTESIAN_POINT('',(-126.6,114.935728360544,13.5));
#11040=CARTESIAN_POINT('',(-125.,114.935728360544,0.));
#11041=CARTESIAN_POINT('',(-125.,106.935728360544,0.));
#11042=CARTESIAN_POINT('',(-31.,42.7546835485681,3.9));
#11043=CARTESIAN_POINT('',(-31.,79.3105109295025,-28.4952101728222));
#11044=CARTESIAN_POINT('',(-31.,46.8546835485681,3.));
#11045=CARTESIAN_POINT('',(-27.4825592863076,6.1,1.00000000000001));
#11046=CARTESIAN_POINT('',(-27.136832826334,6.1,0.666828165380437));
#11047=CARTESIAN_POINT('',(-26.7912659334919,6.1,0.333490682855797));
#11048=CARTESIAN_POINT('',(-26.4458470270059,6.1,0.));
#11049=CARTESIAN_POINT('',(4.,6.1,2.50000000000001));
#11050=CARTESIAN_POINT('',(4.,6.1,-4.44089209850063E-016));
#11051=CARTESIAN_POINT('',(-20.6466251722766,-1.5956547764676E-016,2.50000000000001));
#11052=CARTESIAN_POINT('',(-22.2466251722766,-1.5956547764676E-016,2.50000000000001));
#11053=CARTESIAN_POINT('',(7.74210704437041E-016,-5.9,2.50000000000001));
#11054=CARTESIAN_POINT('',(-26.2932503445532,-5.9,2.50000000000001));
#11055=CARTESIAN_POINT('',(-26.2932503445532,-6.,2.50000000000001));
#11056=CARTESIAN_POINT('',(4.,6.,2.50000000000001));
#11057=CARTESIAN_POINT('',(-26.2932503445532,-5.9,4.));
#11058=CARTESIAN_POINT('',(-26.2932503445532,-5.9,4.00000000000001));
#11059=CARTESIAN_POINT('',(-26.2932503445532,-7.49901725374842E-031,4.));
#11060=CARTESIAN_POINT('',(-26.2932503445532,-6.,4.));
#11061=CARTESIAN_POINT('',(-15.1466251722765,-5.9,15.1466251722766));
#11062=CARTESIAN_POINT('',(7.74210704437041E-016,-5.9,0.));
#11063=CARTESIAN_POINT('',(-20.6466251722766,-1.5956547764676E-016,2.00000000000001));
#11064=CARTESIAN_POINT('',(-24.,20.5316598452244,0.));
#11065=CARTESIAN_POINT('',(-34.0998190564158,47.9546835485681,-1.99207191143367));
#11066=CARTESIAN_POINT('',(-31.,47.9546835485681,3.));
#11067=CARTESIAN_POINT('',(-31.,45.9546835485681,3.9));
#11068=CARTESIAN_POINT('',(-34.,42.7546835485681,3.9));
#11069=CARTESIAN_POINT('',(-126.6,116.435728360544,13.5));
#11070=CARTESIAN_POINT('',(-123.4,116.435728360544,13.5));
#11071=CARTESIAN_POINT('',(-125.,116.435728360544,13.5));
#11072=CARTESIAN_POINT('',(-123.4,116.435728360544,13.5));
#11073=CARTESIAN_POINT('',(-126.6,114.935728360544,13.5));
#11074=CARTESIAN_POINT('',(-115.5,108.535728360544,13.5));
#11075=CARTESIAN_POINT('',(-115.5,105.335728360544,13.5));
#11076=CARTESIAN_POINT('',(-115.5,106.935728360544,13.5));
#11077=CARTESIAN_POINT('',(-115.5,105.335728360544,13.5));
#11078=CARTESIAN_POINT('',(-117.,108.535728360544,13.5));
#11079=CARTESIAN_POINT('',(-123.4,97.4357283605443,13.5));
#11080=CARTESIAN_POINT('',(-126.6,97.4357283605443,13.5));
#11081=CARTESIAN_POINT('',(-125.,97.4357283605443,13.5));
#11082=CARTESIAN_POINT('',(-126.6,97.435728360544,13.5));
#11083=CARTESIAN_POINT('',(-123.4,98.935728360544,13.5));
#11084=CARTESIAN_POINT('',(-134.5,105.335728360544,13.5));
#11085=CARTESIAN_POINT('',(-134.5,108.535728360544,13.5));
#11086=CARTESIAN_POINT('',(-134.5,106.935728360544,13.5));
#11087=CARTESIAN_POINT('',(-134.5,108.535728360544,13.5));
#11088=CARTESIAN_POINT('',(-133.,105.335728360544,13.5));
#11089=CARTESIAN_POINT('',(-6.68629150101522,18.,4.));
#11090=CARTESIAN_POINT('',(-18.,6.68629150101524,4.));
#11091=CARTESIAN_POINT('',(-104.978280919393,95.1827593558879,5.));
#11092=CARTESIAN_POINT('',(-118.085240534974,105.565779805149,5.));
#11093=CARTESIAN_POINT('',(-112.57735845178,107.766536242043,5.));
#11094=CARTESIAN_POINT('',(-91.9383645600881,111.643639689039,5.));
#11095=CARTESIAN_POINT('',(-115.19879056952,111.059518436136,5.));
#11096=CARTESIAN_POINT('',(-117.,106.935728360544,5.));
#11097=CARTESIAN_POINT('',(-120.876209924394,116.73693779099,5.));
#11098=CARTESIAN_POINT('',(-110.795834184021,121.139894176524,5.));
#11099=CARTESIAN_POINT('',(-124.423189069254,119.398607380882,5.));
#11100=CARTESIAN_POINT('',(-125.,114.935728360544,5.));
#11101=CARTESIAN_POINT('',(-135.79710997419,120.868645415407,5.));
#11102=CARTESIAN_POINT('',(-115.537647715501,118.250183380352,5.));
#11103=CARTESIAN_POINT('',(-138.932917054863,117.732838334734,5.));
#11104=CARTESIAN_POINT('',(-136.15601455332,118.091742913864,5.));
#11105=CARTESIAN_POINT('',(-137.462879020338,106.3589174298,5.));
#11106=CARTESIAN_POINT('',(-137.199996373562,104.324952075514,5.));
#11107=CARTESIAN_POINT('',(-134.80120943048,102.811938284952,5.));
#11108=CARTESIAN_POINT('',(-133.,106.935728360544,5.));
#11109=CARTESIAN_POINT('',(-129.123790075607,97.1345189300981,5.));
#11110=CARTESIAN_POINT('',(-139.204165815979,92.7315625445644,5.));
#11111=CARTESIAN_POINT('',(-124.885095007859,94.437195617217,5.));
#11112=CARTESIAN_POINT('',(-125.,98.9357283605435,5.));
#11113=CARTESIAN_POINT('',(-110.467791157387,89.2020757715385,5.));
#11114=CARTESIAN_POINT('',(-124.348871711201,73.4440428150264,5.));
#11115=CARTESIAN_POINT('',(-38.9288518852125,26.1841990154747,5.));
#11116=CARTESIAN_POINT('',(-122.941900868886,100.190383907478,5.));
#11117=CARTESIAN_POINT('',(-25.2932503445532,0.0571017731159291,5.));
#11118=CARTESIAN_POINT('',(-25.6265870071053,0.0381848152097341,4.66666333744786));
#11119=CARTESIAN_POINT('',(-25.9599204027709,0.0191523450791094,4.33332994178231));
#11120=CARTESIAN_POINT('',(-26.2932503445532,0.,4.));
#11121=CARTESIAN_POINT('',(-66.030009156945,-4.58148437581083,5.));
#11122=CARTESIAN_POINT('',(-26.2932503445532,-6.,4.));
#11123=CARTESIAN_POINT('',(-21.4923763529009,30.3229711112843,3.99999999999998));
#11124=CARTESIAN_POINT('',(-118.085240534974,105.565779805149,5.));
#11125=CARTESIAN_POINT('',(-9.07340839165818,26.,4.));
#11126=CARTESIAN_POINT('',(-9.07340839165819,46.,5.));
#11127=CARTESIAN_POINT('',(-117.,24.9999999999999,5.));
#11128=CARTESIAN_POINT('',(-9.07340839165818,26.,1.));
#11129=CARTESIAN_POINT('',(-4.28626379701574E-015,26.,1.));
#11130=CARTESIAN_POINT('',(-21.4923763529009,30.3229711112843,1.));
#11131=CARTESIAN_POINT('',(-9.07340839165819,46.,0.));
#11132=CARTESIAN_POINT('',(-104.357332521331,95.9666108003236,1.));
#11133=CARTESIAN_POINT('',(-16.0352930261552,26.,1.));
#11134=CARTESIAN_POINT('',(-111.594549218842,107.95116021571,1.));
#11135=CARTESIAN_POINT('',(-91.9383645600881,111.643639689039,0.));
#11136=CARTESIAN_POINT('',(-114.798521807201,111.975916230717,1.));
#11137=CARTESIAN_POINT('',(-117.,106.935728360544,1.));
#11138=CARTESIAN_POINT('',(-119.959812129814,117.137206553311,1.));
#11139=CARTESIAN_POINT('',(-110.795834184021,121.139894176524,1.));
#11140=CARTESIAN_POINT('',(-124.295008862422,120.390358274291,1.));
#11141=CARTESIAN_POINT('',(-125.,114.935728360544,1.));
#11142=CARTESIAN_POINT('',(-135.668929767358,121.860396308816,1.));
#11143=CARTESIAN_POINT('',(-124.295008862425,120.390358274291,1.));
#11144=CARTESIAN_POINT('',(-139.924667948272,117.604658127902,1.));
#11145=CARTESIAN_POINT('',(-136.15601455332,118.091742913864,0.));
#11146=CARTESIAN_POINT('',(-138.454629913747,106.230737222968,1.));
#11147=CARTESIAN_POINT('',(-140.556349186104,122.492077546648,1.));
#11148=CARTESIAN_POINT('',(-135.201478192798,101.895540490371,1.));
#11149=CARTESIAN_POINT('',(-133.,106.935728360544,1.));
#11150=CARTESIAN_POINT('',(-130.040187870186,96.7342501677768,1.));
#11151=CARTESIAN_POINT('',(-139.204165815979,92.7315625445644,1.));
#11152=CARTESIAN_POINT('',(-124.859560565161,93.4375216742555,1.));
#11153=CARTESIAN_POINT('',(-125.,98.9357283605435,1.));
#11154=CARTESIAN_POINT('',(-111.128794993283,88.4516932497998,1.));
#11155=CARTESIAN_POINT('',(-124.348871711201,73.4440428150264,0.));
#11156=CARTESIAN_POINT('',(-39.5898557211084,25.433816493736,1.));
#11157=CARTESIAN_POINT('',(-112.601665206062,89.7491286673627,1.));
#11158=CARTESIAN_POINT('',(-66.030009156945,-4.58148437581083,0.));
#11159=CARTESIAN_POINT('',(31.,46.8546835485681,5.));
#11160=CARTESIAN_POINT('',(31.,47.9546835485681,5.));
#11161=CARTESIAN_POINT('',(31.,45.9546835485681,5.));
#11162=CARTESIAN_POINT('',(31.,47.9546835485681,3.));
#11163=CARTESIAN_POINT('',(31.,47.9546835485681,3.));
#11164=CARTESIAN_POINT('',(31.,46.8546835485681,3.));
#11165=CARTESIAN_POINT('',(31.,45.9546835485681,3.));
#11166=CARTESIAN_POINT('',(31.,45.9546835485681,3.9));
#11167=CARTESIAN_POINT('',(31.,46.8546835485681,3.));
#11168=CARTESIAN_POINT('',(34.,44.3546835485681,5.));
#11169=CARTESIAN_POINT('',(33.9999999999951,45.9546835485681,5.));
#11170=CARTESIAN_POINT('',(33.9999999999951,42.7546835485681,5.));
#11171=CARTESIAN_POINT('',(33.9999999999951,45.9546835485681,3.9));
#11172=CARTESIAN_POINT('',(33.9999999999951,45.9546835485681,3.));
#11173=CARTESIAN_POINT('',(34.,44.3546835485681,3.));
#11174=CARTESIAN_POINT('',(33.9999999999951,42.7546835485681,3.));
#11175=CARTESIAN_POINT('',(33.9999999999951,42.7546835485681,3.9));
#11176=CARTESIAN_POINT('',(34.,44.3546835485681,3.));
#11177=CARTESIAN_POINT('',(34.,42.7546835485681,3.));
#11178=CARTESIAN_POINT('',(31.,42.7546835485681,3.));
#11179=CARTESIAN_POINT('',(34.,45.9546835485681,3.));
#11180=CARTESIAN_POINT('',(31.,47.9546835485681,3.));
#11181=CARTESIAN_POINT('',(43.7496900120922,47.9546835485681,3.));
#11182=CARTESIAN_POINT('',(16.0352930261552,26.,3.));
#11183=CARTESIAN_POINT('',(31.,37.8546835485681,3.));
#11184=CARTESIAN_POINT('',(31.,46.8546835485681,3.));
#11185=CARTESIAN_POINT('',(34.,44.3546835485681,3.));
#11186=CARTESIAN_POINT('',(15.,0.,5.));
#11187=CARTESIAN_POINT('',(15.,6.68629150101524,5.));
#11188=CARTESIAN_POINT('',(15.,-5.9,5.));
#11189=CARTESIAN_POINT('',(15.,6.68629150101524,4.));
#11190=CARTESIAN_POINT('',(15.,6.68629150101524,0.));
#11191=CARTESIAN_POINT('',(15.,0.,0.));
#11192=CARTESIAN_POINT('',(15.,6.1,0.));
#11193=CARTESIAN_POINT('',(15.,6.1,4.));
#11194=CARTESIAN_POINT('',(15.,6.1,2.50000000000001));
#11195=CARTESIAN_POINT('',(15.,0.,2.50000000000001));
#11196=CARTESIAN_POINT('',(15.,-5.9,2.50000000000001));
#11197=CARTESIAN_POINT('',(15.,-5.9,4.));
#11198=CARTESIAN_POINT('',(15.,0.,4.));
#11199=CARTESIAN_POINT('',(27.4825592863076,6.1,4.));
#11200=CARTESIAN_POINT('',(27.4825592863076,6.1,1.));
#11201=CARTESIAN_POINT('',(27.4825592863076,6.1,2.50000000000001));
#11202=CARTESIAN_POINT('',(66.030009156945,-4.58148437581083,1.));
#11203=CARTESIAN_POINT('',(39.5898557211084,25.433816493736,1.));
#11204=CARTESIAN_POINT('',(39.5898557211084,25.433816493736,4.));
#11205=CARTESIAN_POINT('',(39.5898557211084,25.433816493736,3.99999999999999));
#11206=CARTESIAN_POINT('',(66.030009156945,-4.58148437581083,4.));
#11207=CARTESIAN_POINT('',(26.2932503445532,0.,4.));
#11208=CARTESIAN_POINT('',(26.2932503445532,0.,4.));
#11209=CARTESIAN_POINT('',(26.2932503445532,0.,2.50000000000001));
#11210=CARTESIAN_POINT('',(66.030009156945,-4.58148437581083,2.50000000000001));
#11211=CARTESIAN_POINT('',(66.030009156945,-4.58148437581083,4.));
#11212=CARTESIAN_POINT('',(104.357332521331,95.9666108003236,4.));
#11213=CARTESIAN_POINT('',(104.357332521331,95.9666108003236,4.));
#11214=CARTESIAN_POINT('',(104.357332521331,95.9666108003236,1.));
#11215=CARTESIAN_POINT('',(16.0352930261552,26.,1.));
#11216=CARTESIAN_POINT('',(21.4923763529009,30.3229711112843,1.));
#11217=CARTESIAN_POINT('',(21.4923763529009,30.3229711112843,1.73472347597681E-015));
#11218=CARTESIAN_POINT('',(21.4923763529009,30.3229711112843,3.99999999999998));
#11219=CARTESIAN_POINT('',(30.9999999999975,37.8546835485712,3.99999999999998));
#11220=CARTESIAN_POINT('',(31.,37.8546835485681,3.99999999999998));
#11221=CARTESIAN_POINT('',(31.,37.8546835485681,3.));
#11222=CARTESIAN_POINT('',(43.7496900120922,47.9546835485681,3.));
#11223=CARTESIAN_POINT('',(43.7496900120922,47.9546835485681,3.99999999999999));
#11224=CARTESIAN_POINT('',(104.357332521331,95.9666108003236,3.99999999999999));
#11225=CARTESIAN_POINT('',(16.0352930261552,26.,4.));
#11226=CARTESIAN_POINT('',(137.892988750471,119.828717111015,5.));
#11227=CARTESIAN_POINT('',(137.194152460137,114.421708241122,5.));
#11228=CARTESIAN_POINT('',(137.643640893432,117.899472603616,5.));
#11229=CARTESIAN_POINT('',(137.643640893432,117.899472603616,4.));
#11230=CARTESIAN_POINT('',(137.643640893432,117.899472603616,0.));
#11231=CARTESIAN_POINT('',(137.892988750471,119.828717111015,0.));
#11232=CARTESIAN_POINT('',(137.194152460137,114.421708241122,0.));
#11233=CARTESIAN_POINT('',(137.194152460137,114.421708241122,0.));
#11234=CARTESIAN_POINT('',(137.892988750471,119.828717111015,4.));
#11235=CARTESIAN_POINT('',(129.46035460318,118.738829724654,0.));
#11236=CARTESIAN_POINT('',(135.963744243072,119.579369253976,0.));
#11237=CARTESIAN_POINT('',(132.485979880578,119.129880820681,0.));
#11238=CARTESIAN_POINT('',(135.963744243072,119.579369253976,0.));
#11239=CARTESIAN_POINT('',(135.963744243072,119.579369253976,5.));
#11240=CARTESIAN_POINT('',(129.46035460318,118.738829724654,5.));
#11241=CARTESIAN_POINT('',(132.485979880578,119.129880820681,5.));
#11242=CARTESIAN_POINT('',(132.485979880578,119.129880820681,4.));
#11243=CARTESIAN_POINT('',(129.46035460318,118.738829724654,4.));
#11244=CARTESIAN_POINT('',(112.601665206062,89.7491286673627,1.));
#11245=CARTESIAN_POINT('',(111.128794993283,88.4516932497999,1.));
#11246=CARTESIAN_POINT('',(111.128794993283,88.4516932497999,0.));
#11247=CARTESIAN_POINT('',(111.128794993283,88.4516932497999,3.99999999999999));
#11248=CARTESIAN_POINT('',(39.5898557211084,25.433816493736,3.99999999999999));
#11249=CARTESIAN_POINT('',(112.601665206062,89.7491286673627,4.));
#11250=CARTESIAN_POINT('',(15.,7.92893218813452,0.));
#11251=CARTESIAN_POINT('',(18.031222920257,10.9601551083915,0.));
#11252=CARTESIAN_POINT('',(15.8786796564404,8.80761184457488,0.));
#11253=CARTESIAN_POINT('',(15.8786796564404,8.80761184457488,4.));
#11254=CARTESIAN_POINT('',(15.8786796564404,8.80761184457488,5.));
#11255=CARTESIAN_POINT('',(15.,7.92893218813452,5.));
#11256=CARTESIAN_POINT('',(18.031222920257,10.9601551083915,5.));
#11257=CARTESIAN_POINT('',(18.031222920257,10.9601551083915,4.));
#11258=CARTESIAN_POINT('',(15.,7.92893218813452,4.));
#11259=CARTESIAN_POINT('',(14.4956890143242,21.5667568261897,5.));
#11260=CARTESIAN_POINT('',(8.80761184457486,15.8786796564403,5.));
#11261=CARTESIAN_POINT('',(10.9601551083915,18.031222920257,5.));
#11262=CARTESIAN_POINT('',(8.80761184457486,15.8786796564403,4.));
#11263=CARTESIAN_POINT('',(8.80761184457486,15.8786796564403,0.));
#11264=CARTESIAN_POINT('',(14.4956890143242,21.5667568261897,0.));
#11265=CARTESIAN_POINT('',(10.9601551083915,18.031222920257,0.));
#11266=CARTESIAN_POINT('',(10.9601551083915,18.031222920257,0.));
#11267=CARTESIAN_POINT('',(14.4956890143242,21.5667568261897,4.));
#11268=CARTESIAN_POINT('',(7.92893218813451,15.,0.));
#11269=CARTESIAN_POINT('',(1.73472347597681E-015,15.,0.));
#11270=CARTESIAN_POINT('',(6.68629150101522,15.,0.));
#11271=CARTESIAN_POINT('',(6.68629150101522,15.,4.));
#11272=CARTESIAN_POINT('',(6.68629150101522,15.,5.));
#11273=CARTESIAN_POINT('',(7.92893218813451,15.,5.));
#11274=CARTESIAN_POINT('',(1.73472347597681E-015,15.,5.));
#11275=CARTESIAN_POINT('',(1.73472347597681E-015,15.,4.));
#11276=CARTESIAN_POINT('',(7.92893218813451,15.,4.));
#11277=CARTESIAN_POINT('',(4.28626379701574E-015,26.,4.));
#11278=CARTESIAN_POINT('',(4.28626379701574E-015,26.,1.));
#11279=CARTESIAN_POINT('',(4.28626379701574E-015,26.,4.));
#11280=CARTESIAN_POINT('',(4.28626379701574E-015,26.,1.));
#11281=CARTESIAN_POINT('',(4.28626379701574E-015,25.,0.));
#11282=CARTESIAN_POINT('',(4.28626379701574E-015,15.,0.));
#11283=CARTESIAN_POINT('',(4.28626379701574E-015,15.,5.));
#11284=CARTESIAN_POINT('',(2.14313189850787E-015,25.,5.));
#11285=CARTESIAN_POINT('',(0.,25.,5.00000000000004));
#11286=CARTESIAN_POINT('',(4.28626379701574E-015,15.,4.));
#11287=CARTESIAN_POINT('',(9.07340839165818,26.,4.));
#11288=CARTESIAN_POINT('',(9.07340839165818,26.,4.));
#11289=CARTESIAN_POINT('',(9.07340839165818,26.,1.));
#11290=CARTESIAN_POINT('',(4.28626379701574E-015,26.,1.));
#11291=CARTESIAN_POINT('',(9.07340839165818,26.,4.));
#11292=CARTESIAN_POINT('',(4.28626379701574E-015,26.,4.));
#11293=CARTESIAN_POINT('',(114.798521807201,111.975916230717,4.));
#11294=CARTESIAN_POINT('',(114.798521807201,111.975916230717,1.));
#11295=CARTESIAN_POINT('',(114.798521807201,111.975916230717,4.));
#11296=CARTESIAN_POINT('',(117.,106.935728360544,1.));
#11297=CARTESIAN_POINT('',(111.594549218842,107.95116021571,1.));
#11298=CARTESIAN_POINT('',(111.594549218842,107.95116021571,4.));
#11299=CARTESIAN_POINT('',(111.594549218842,107.95116021571,4.));
#11300=CARTESIAN_POINT('',(117.,106.935728360544,4.));
#11301=CARTESIAN_POINT('',(117.,106.935728360544,4.));
#11302=CARTESIAN_POINT('',(119.959812129814,117.137206553311,4.));
#11303=CARTESIAN_POINT('',(119.959812129814,117.137206553311,1.));
#11304=CARTESIAN_POINT('',(119.959812129814,117.137206553311,4.));
#11305=CARTESIAN_POINT('',(110.795834184021,121.139894176524,1.));
#11306=CARTESIAN_POINT('',(110.795834184021,121.139894176524,4.));
#11307=CARTESIAN_POINT('',(110.795834184021,121.139894176524,4.));
#11308=CARTESIAN_POINT('',(124.295008862422,120.390358274291,4.));
#11309=CARTESIAN_POINT('',(124.295008862422,120.390358274291,1.));
#11310=CARTESIAN_POINT('',(124.295008862422,120.390358274291,4.));
#11311=CARTESIAN_POINT('',(125.,114.935728360544,1.));
#11312=CARTESIAN_POINT('',(125.,114.935728360544,4.));
#11313=CARTESIAN_POINT('',(125.,114.935728360544,4.));
#11314=CARTESIAN_POINT('',(135.668929767358,121.860396308816,4.));
#11315=CARTESIAN_POINT('',(135.668929767358,121.860396308816,4.));
#11316=CARTESIAN_POINT('',(135.668929767358,121.860396308816,1.));
#11317=CARTESIAN_POINT('',(124.295008862425,120.390358274291,1.));
#11318=CARTESIAN_POINT('',(135.668929767358,121.860396308816,4.));
#11319=CARTESIAN_POINT('',(124.295008862425,120.390358274291,4.));
#11320=CARTESIAN_POINT('',(138.454629913747,106.230737222968,4.));
#11321=CARTESIAN_POINT('',(138.454629913747,106.230737222968,1.));
#11322=CARTESIAN_POINT('',(138.454629913747,106.230737222968,4.));
#11323=CARTESIAN_POINT('',(140.556349186104,122.492077546648,1.));
#11324=CARTESIAN_POINT('',(139.924667948272,117.604658127902,1.));
#11325=CARTESIAN_POINT('',(139.924667948272,117.604658127902,4.));
#11326=CARTESIAN_POINT('',(139.924667948272,117.604658127902,4.));
#11327=CARTESIAN_POINT('',(138.454629913747,106.230737222968,4.));
#11328=CARTESIAN_POINT('',(140.556349186104,122.492077546648,4.));
#11329=CARTESIAN_POINT('',(135.201478192798,101.895540490371,4.));
#11330=CARTESIAN_POINT('',(135.201478192798,101.895540490371,1.));
#11331=CARTESIAN_POINT('',(135.201478192798,101.895540490371,4.));
#11332=CARTESIAN_POINT('',(133.,106.935728360544,1.));
#11333=CARTESIAN_POINT('',(133.,106.935728360544,4.));
#11334=CARTESIAN_POINT('',(133.,106.935728360544,4.));
#11335=CARTESIAN_POINT('',(130.040187870186,96.7342501677768,4.));
#11336=CARTESIAN_POINT('',(130.040187870186,96.7342501677768,1.));
#11337=CARTESIAN_POINT('',(130.040187870186,96.7342501677768,4.));
#11338=CARTESIAN_POINT('',(139.204165815979,92.7315625445644,1.));
#11339=CARTESIAN_POINT('',(139.204165815979,92.7315625445644,4.));
#11340=CARTESIAN_POINT('',(139.204165815979,92.7315625445644,4.));
#11341=CARTESIAN_POINT('',(124.859560565161,93.4375216742555,4.));
#11342=CARTESIAN_POINT('',(124.859560565161,93.4375216742555,4.));
#11343=CARTESIAN_POINT('',(124.859560565161,93.4375216742555,1.));
#11344=CARTESIAN_POINT('',(125.,98.9357283605435,1.));
#11345=CARTESIAN_POINT('',(125.,98.9357283605435,4.));
#11346=CARTESIAN_POINT('',(125.,98.9357283605435,4.));
#11347=CARTESIAN_POINT('',(136.80310136411,111.396082963724,5.));
#11348=CARTESIAN_POINT('',(131.617590019046,116.581594308789,5.));
#11349=CARTESIAN_POINT('',(134.645865948245,113.55331837959,5.));
#11350=CARTESIAN_POINT('',(134.645865948245,113.55331837959,4.));
#11351=CARTESIAN_POINT('',(134.645865948245,113.55331837959,0.));
#11352=CARTESIAN_POINT('',(136.80310136411,111.396082963724,0.));
#11353=CARTESIAN_POINT('',(131.617590019046,116.581594308789,0.));
#11354=CARTESIAN_POINT('',(131.617590019046,116.581594308789,0.));
#11355=CARTESIAN_POINT('',(136.80310136411,111.396082963724,4.));
#11356=CARTESIAN_POINT('',(117.,108.535728360544,5.));
#11357=CARTESIAN_POINT('',(134.5,108.535728360544,5.));
#11358=CARTESIAN_POINT('',(133.,108.535728360544,5.));
#11359=CARTESIAN_POINT('',(134.5,106.935728360544,5.));
#11360=CARTESIAN_POINT('',(134.5,105.335728360544,5.));
#11361=CARTESIAN_POINT('',(117.,105.335728360544,5.));
#11362=CARTESIAN_POINT('',(133.,105.335728360544,5.));
#11363=CARTESIAN_POINT('',(133.,106.935728360544,5.));
#11364=CARTESIAN_POINT('',(126.6,106.935728360544,5.));
#11365=CARTESIAN_POINT('',(126.6,97.4357283605443,5.));
#11366=CARTESIAN_POINT('',(126.6,98.935728360544,5.));
#11367=CARTESIAN_POINT('',(125.,97.4357283605443,5.));
#11368=CARTESIAN_POINT('',(123.4,97.4357283605443,5.));
#11369=CARTESIAN_POINT('',(123.4,106.935728360544,5.));
#11370=CARTESIAN_POINT('',(123.4,98.9357283605436,5.));
#11371=CARTESIAN_POINT('',(125.,98.9357283605436,5.));
#11372=CARTESIAN_POINT('',(117.,105.335728360544,5.));
#11373=CARTESIAN_POINT('',(115.5,105.335728360544,5.));
#11374=CARTESIAN_POINT('',(117.,105.335728360544,5.));
#11375=CARTESIAN_POINT('',(115.5,106.935728360544,5.));
#11376=CARTESIAN_POINT('',(115.5,108.535728360544,5.));
#11377=CARTESIAN_POINT('',(117.,108.535728360544,5.));
#11378=CARTESIAN_POINT('',(117.,108.535728360544,5.));
#11379=CARTESIAN_POINT('',(117.,106.935728360544,5.));
#11380=CARTESIAN_POINT('',(123.4,106.935728360544,5.));
#11381=CARTESIAN_POINT('',(123.4,116.435728360544,5.));
#11382=CARTESIAN_POINT('',(123.4,114.935728360544,5.));
#11383=CARTESIAN_POINT('',(125.,116.435728360544,5.));
#11384=CARTESIAN_POINT('',(126.6,116.435728360544,5.));
#11385=CARTESIAN_POINT('',(126.6,106.935728360544,5.));
#11386=CARTESIAN_POINT('',(126.6,114.935728360544,5.));
#11387=CARTESIAN_POINT('',(125.,114.935728360544,5.));
#11388=CARTESIAN_POINT('',(24.,20.5316598452244,5.));
#11389=CARTESIAN_POINT('',(22.4,20.5316598452244,5.));
#11390=CARTESIAN_POINT('',(20.6466251722766,-1.5956547764676E-016,5.));
#11391=CARTESIAN_POINT('',(19.0466251722766,-1.5956547764676E-016,5.));
#11392=CARTESIAN_POINT('',(125.,106.935728360544,5.));
#11393=CARTESIAN_POINT('',(120.5,106.935728360544,5.));
#11394=CARTESIAN_POINT('',(9.07340839165819,46.,5.));
#11395=CARTESIAN_POINT('',(22.1133247509631,29.5391196668485,5.));
#11396=CARTESIAN_POINT('',(9.07340839165818,25.,5.));
#11397=CARTESIAN_POINT('',(3.63717426439019E-015,25.,5.));
#11398=CARTESIAN_POINT('',(6.68629150101522,18.,5.));
#11399=CARTESIAN_POINT('',(14.4956890143242,14.4956890143242,5.));
#11400=CARTESIAN_POINT('',(18.,6.68629150101524,5.));
#11401=CARTESIAN_POINT('',(-7.74210704437041E-016,-5.9,5.));
#11402=CARTESIAN_POINT('',(25.2932503445532,-5.9,5.));
#11403=CARTESIAN_POINT('',(25.2932503445532,1.29035117406173E-016,5.));
#11404=CARTESIAN_POINT('',(25.2932503445532,0.0571017731159165,5.));
#11405=CARTESIAN_POINT('',(66.030009156945,-4.58148437581083,5.));
#11406=CARTESIAN_POINT('',(38.9288518852125,26.1841990154747,5.));
#11407=CARTESIAN_POINT('',(110.467791157387,89.2020757715385,5.));
#11408=CARTESIAN_POINT('',(110.467791157387,89.2020757715385,5.));
#11409=CARTESIAN_POINT('',(124.348871711201,73.4440428150264,5.));
#11410=CARTESIAN_POINT('',(124.885095007859,94.437195617217,5.));
#11411=CARTESIAN_POINT('',(125.,98.9357283605435,5.));
#11412=CARTESIAN_POINT('',(129.123790075607,97.1345189300981,5.));
#11413=CARTESIAN_POINT('',(139.204165815979,92.7315625445644,5.));
#11414=CARTESIAN_POINT('',(134.801209430471,102.811938284948,5.));
#11415=CARTESIAN_POINT('',(133.,106.935728360544,5.));
#11416=CARTESIAN_POINT('',(137.462879020338,106.3589174298,5.));
#11417=CARTESIAN_POINT('',(138.932917054863,117.732838334734,5.));
#11418=CARTESIAN_POINT('',(138.932917054863,117.732838334734,5.));
#11419=CARTESIAN_POINT('',(136.15601455332,118.091742913864,5.));
#11420=CARTESIAN_POINT('',(135.79710997419,120.868645415407,5.));
#11421=CARTESIAN_POINT('',(124.423189069254,119.398607380882,5.));
#11422=CARTESIAN_POINT('',(124.423189069255,119.398607380882,5.));
#11423=CARTESIAN_POINT('',(125.,114.935728360544,5.));
#11424=CARTESIAN_POINT('',(120.876209924394,116.73693779099,5.));
#11425=CARTESIAN_POINT('',(110.795834184021,121.139894176524,5.));
#11426=CARTESIAN_POINT('',(115.198790569528,111.05951843614,5.));
#11427=CARTESIAN_POINT('',(117.,106.935728360544,5.));
#11428=CARTESIAN_POINT('',(112.57735845178,107.766536242043,5.));
#11429=CARTESIAN_POINT('',(91.9383645600881,111.643639689039,5.));
#11430=CARTESIAN_POINT('',(104.978280919393,95.1827593558879,5.));
#11431=CARTESIAN_POINT('',(44.3706384101543,47.1708321041323,5.));
#11432=CARTESIAN_POINT('',(45.3601297895694,47.9546835485681,5.));
#11433=CARTESIAN_POINT('',(31.,47.9546835485681,5.));
#11434=CARTESIAN_POINT('',(34.,45.9546835485681,5.));
#11435=CARTESIAN_POINT('',(34.,42.7546835485681,5.));
#11436=CARTESIAN_POINT('',(31.,42.7546835485681,5.));
#11437=CARTESIAN_POINT('',(31.,46.8546835485681,5.));
#11438=CARTESIAN_POINT('',(31.,36.5789316097351,5.));
#11439=CARTESIAN_POINT('',(22.1133247509631,29.5391196668485,5.));
#11440=CARTESIAN_POINT('',(135.706526120024,114.61397855137,5.));
#11441=CARTESIAN_POINT('',(132.678250190826,117.642254480568,5.));
#11442=CARTESIAN_POINT('',(136.15601455332,118.091742913864,5.));
#11443=CARTESIAN_POINT('',(117.,106.935728360544,5.));
#11444=CARTESIAN_POINT('',(24.,20.5316598452244,0.));
#11445=CARTESIAN_POINT('',(22.4,20.5316598452244,0.));
#11446=CARTESIAN_POINT('',(125.,106.935728360544,0.));
#11447=CARTESIAN_POINT('',(120.5,106.935728360544,0.));
#11448=CARTESIAN_POINT('',(125.,114.935728360544,0.));
#11449=CARTESIAN_POINT('',(123.4,114.935728360544,3.46944695195361E-015));
#11450=CARTESIAN_POINT('',(126.6,114.935728360544,3.46944695195361E-015));
#11451=CARTESIAN_POINT('',(126.6,106.935728360544,0.));
#11452=CARTESIAN_POINT('',(126.6,116.435728360544,3.46944695195361E-015));
#11453=CARTESIAN_POINT('',(125.,116.435728360544,0.));
#11454=CARTESIAN_POINT('',(123.4,116.435728360544,3.46944695195361E-015));
#11455=CARTESIAN_POINT('',(123.4,106.935728360544,0.));
#11456=CARTESIAN_POINT('',(117.,106.935728360544,0.));
#11457=CARTESIAN_POINT('',(117.,105.335728360544,3.46944695195361E-015));
#11458=CARTESIAN_POINT('',(117.,108.535728360544,3.46944695195361E-015));
#11459=CARTESIAN_POINT('',(117.,108.535728360544,0.));
#11460=CARTESIAN_POINT('',(115.5,108.535728360544,3.46944695195361E-015));
#11461=CARTESIAN_POINT('',(115.5,106.935728360544,0.));
#11462=CARTESIAN_POINT('',(115.5,105.335728360544,3.46944695195361E-015));
#11463=CARTESIAN_POINT('',(117.,105.335728360544,0.));
#11464=CARTESIAN_POINT('',(125.,98.9357283605436,0.));
#11465=CARTESIAN_POINT('',(126.6,98.935728360544,3.46944695195361E-015));
#11466=CARTESIAN_POINT('',(123.4,98.9357283605443,3.46944695195361E-015));
#11467=CARTESIAN_POINT('',(123.4,106.935728360544,0.));
#11468=CARTESIAN_POINT('',(123.4,97.4357283605443,3.46944695195361E-015));
#11469=CARTESIAN_POINT('',(125.,97.4357283605443,0.));
#11470=CARTESIAN_POINT('',(126.6,97.4357283605443,3.46944695195361E-015));
#11471=CARTESIAN_POINT('',(126.6,106.935728360544,0.));
#11472=CARTESIAN_POINT('',(133.,106.935728360544,0.));
#11473=CARTESIAN_POINT('',(133.,108.535728360544,3.46944695195361E-015));
#11474=CARTESIAN_POINT('',(133.,105.335728360544,3.46944695195361E-015));
#11475=CARTESIAN_POINT('',(117.,105.335728360544,0.));
#11476=CARTESIAN_POINT('',(134.5,105.335728360544,3.46944695195361E-015));
#11477=CARTESIAN_POINT('',(134.5,106.935728360544,0.));
#11478=CARTESIAN_POINT('',(134.5,108.535728360544,3.46944695195361E-015));
#11479=CARTESIAN_POINT('',(117.,108.535728360544,0.));
#11480=CARTESIAN_POINT('',(122.941900868886,100.190383907478,0.));
#11481=CARTESIAN_POINT('',(110.467791157387,89.2020757715385,0.));
#11482=CARTESIAN_POINT('',(38.9288518852125,26.1841990154747,0.));
#11483=CARTESIAN_POINT('',(66.030009156945,-4.58148437581083,0.));
#11484=CARTESIAN_POINT('',(26.4458470270059,6.1,0.));
#11485=CARTESIAN_POINT('',(-4.,6.1,0.));
#11486=CARTESIAN_POINT('',(18.,6.68629150101524,0.));
#11487=CARTESIAN_POINT('',(14.4956890143242,14.4956890143242,0.));
#11488=CARTESIAN_POINT('',(6.68629150101522,18.,0.));
#11489=CARTESIAN_POINT('',(117.,24.9999999999999,0.));
#11490=CARTESIAN_POINT('',(9.07340839165818,25.,0.));
#11491=CARTESIAN_POINT('',(9.07340839165819,46.,0.));
#11492=CARTESIAN_POINT('',(22.1133247509631,29.5391196668485,0.));
#11493=CARTESIAN_POINT('',(118.085240534974,105.56577980515,0.));
#11494=CARTESIAN_POINT('',(104.978280919393,95.1827593558879,0.));
#11495=CARTESIAN_POINT('',(91.9383645600881,111.643639689039,0.));
#11496=CARTESIAN_POINT('',(112.57735845178,107.766536242043,0.));
#11497=CARTESIAN_POINT('',(117.,106.935728360544,0.));
#11498=CARTESIAN_POINT('',(115.19879056952,111.059518436136,0.));
#11499=CARTESIAN_POINT('',(110.795834184021,121.139894176524,0.));
#11500=CARTESIAN_POINT('',(120.876209924394,116.73693779099,0.));
#11501=CARTESIAN_POINT('',(125.,114.935728360544,0.));
#11502=CARTESIAN_POINT('',(124.423189069254,119.398607380882,0.));
#11503=CARTESIAN_POINT('',(115.537647715501,118.250183380352,0.));
#11504=CARTESIAN_POINT('',(135.79710997419,120.868645415407,0.));
#11505=CARTESIAN_POINT('',(136.15601455332,118.091742913864,0.));
#11506=CARTESIAN_POINT('',(138.932917054863,117.732838334734,0.));
#11507=CARTESIAN_POINT('',(137.199996373562,104.324952075514,0.));
#11508=CARTESIAN_POINT('',(137.462879020338,106.3589174298,0.));
#11509=CARTESIAN_POINT('',(133.,106.935728360544,0.));
#11510=CARTESIAN_POINT('',(134.80120943048,102.811938284952,0.));
#11511=CARTESIAN_POINT('',(139.204165815979,92.7315625445644,0.));
#11512=CARTESIAN_POINT('',(129.123790075607,97.1345189300981,0.));
#11513=CARTESIAN_POINT('',(125.,98.9357283605435,0.));
#11514=CARTESIAN_POINT('',(124.885095007859,94.437195617217,0.));
#11515=CARTESIAN_POINT('',(124.348871711201,73.4440428150264,0.));
#11516=CARTESIAN_POINT('',(132.678250190826,117.642254480568,0.));
#11517=CARTESIAN_POINT('',(135.706526120024,114.61397855137,0.));
#11518=CARTESIAN_POINT('',(136.15601455332,118.091742913864,0.));
#11519=CARTESIAN_POINT('',(117.,106.935728360544,0.));
#11520=CARTESIAN_POINT('',(14.4956890143242,14.4956890143242,4.));
#11521=CARTESIAN_POINT('',(9.07340839165819,46.,1.));
#11522=CARTESIAN_POINT('',(9.07340839165819,46.,4.));
#11523=CARTESIAN_POINT('',(9.07340839165819,46.,4.));
#11524=CARTESIAN_POINT('',(124.348871711201,73.4440428150264,1.));
#11525=CARTESIAN_POINT('',(124.348871711201,73.4440428150264,4.));
#11526=CARTESIAN_POINT('',(124.348871711201,73.4440428150264,4.));
#11527=CARTESIAN_POINT('',(91.9383645600881,111.643639689039,1.));
#11528=CARTESIAN_POINT('',(91.9383645600881,111.643639689039,4.));
#11529=CARTESIAN_POINT('',(91.9383645600881,111.643639689039,4.));
#11530=CARTESIAN_POINT('',(136.15601455332,118.091742913864,1.));
#11531=CARTESIAN_POINT('',(136.15601455332,118.091742913864,4.));
#11532=CARTESIAN_POINT('',(136.15601455332,118.091742913864,4.));
#11533=CARTESIAN_POINT('',(132.678250190826,117.642254480568,4.));
#11534=CARTESIAN_POINT('',(135.706526120024,114.61397855137,4.));
#11535=CARTESIAN_POINT('',(136.15601455332,118.091742913864,4.));
#11536=CARTESIAN_POINT('',(133.,105.335728360544,13.5));
#11537=CARTESIAN_POINT('',(133.,108.535728360544,13.5));
#11538=CARTESIAN_POINT('',(133.,106.935728360544,0.));
#11539=CARTESIAN_POINT('',(123.4,98.9357283605443,13.5));
#11540=CARTESIAN_POINT('',(126.6,98.935728360544,13.5));
#11541=CARTESIAN_POINT('',(125.,98.9357283605436,0.));
#11542=CARTESIAN_POINT('',(117.,108.535728360544,13.5));
#11543=CARTESIAN_POINT('',(117.,105.335728360544,13.5));
#11544=CARTESIAN_POINT('',(117.,106.935728360544,0.));
#11545=CARTESIAN_POINT('',(126.6,114.935728360544,13.5));
#11546=CARTESIAN_POINT('',(123.4,114.935728360544,13.5));
#11547=CARTESIAN_POINT('',(125.,114.935728360544,0.));
#11548=CARTESIAN_POINT('',(125.,106.935728360544,0.));
#11549=CARTESIAN_POINT('',(31.,42.7546835485681,3.9));
#11550=CARTESIAN_POINT('',(31.,79.3105109295025,-28.4952101728222));
#11551=CARTESIAN_POINT('',(31.,46.8546835485681,3.));
#11552=CARTESIAN_POINT('',(26.4458470270059,6.1,0.));
#11553=CARTESIAN_POINT('',(26.7912659334919,6.1,0.333490682855796));
#11554=CARTESIAN_POINT('',(27.136832826334,6.1,0.666828165380431));
#11555=CARTESIAN_POINT('',(27.4825592863076,6.1,1.));
#11556=CARTESIAN_POINT('',(-4.,6.1,2.50000000000001));
#11557=CARTESIAN_POINT('',(-4.,6.1,-4.44089209850063E-016));
#11558=CARTESIAN_POINT('',(20.6466251722766,-1.5956547764676E-016,2.50000000000001));
#11559=CARTESIAN_POINT('',(22.2466251722766,-1.5956547764676E-016,2.50000000000001));
#11560=CARTESIAN_POINT('',(26.2932503445532,-6.,2.50000000000001));
#11561=CARTESIAN_POINT('',(26.2932503445532,-5.9,2.50000000000001));
#11562=CARTESIAN_POINT('',(-7.74210704437041E-016,-5.9,2.50000000000001));
#11563=CARTESIAN_POINT('',(-4.,6.,2.50000000000001));
#11564=CARTESIAN_POINT('',(26.2932503445532,-5.9,4.));
#11565=CARTESIAN_POINT('',(26.2932503445532,-5.9,4.00000000000001));
#11566=CARTESIAN_POINT('',(26.2932503445532,-5.9,4.));
#11567=CARTESIAN_POINT('',(26.2932503445532,-6.,4.));
#11568=CARTESIAN_POINT('',(15.1466251722765,-5.9,15.1466251722766));
#11569=CARTESIAN_POINT('',(-7.74210704437041E-016,-5.9,0.));
#11570=CARTESIAN_POINT('',(20.6466251722766,-1.5956547764676E-016,2.00000000000001));
#11571=CARTESIAN_POINT('',(24.,20.5316598452244,0.));
#11572=CARTESIAN_POINT('',(34.0998190564158,47.9546835485681,-1.99207191143367));
#11573=CARTESIAN_POINT('',(31.,47.9546835485681,3.));
#11574=CARTESIAN_POINT('',(31.,45.9546835485681,3.9));
#11575=CARTESIAN_POINT('',(34.,42.7546835485681,3.9));
#11576=CARTESIAN_POINT('',(123.4,116.435728360544,13.5));
#11577=CARTESIAN_POINT('',(126.6,116.435728360544,13.5));
#11578=CARTESIAN_POINT('',(125.,116.435728360544,13.5));
#11579=CARTESIAN_POINT('',(123.4,116.435728360544,13.5));
#11580=CARTESIAN_POINT('',(126.6,114.935728360544,13.5));
#11581=CARTESIAN_POINT('',(115.5,105.335728360544,13.5));
#11582=CARTESIAN_POINT('',(115.5,108.535728360544,13.5));
#11583=CARTESIAN_POINT('',(115.5,106.935728360544,13.5));
#11584=CARTESIAN_POINT('',(115.5,105.335728360544,13.5));
#11585=CARTESIAN_POINT('',(117.,108.535728360544,13.5));
#11586=CARTESIAN_POINT('',(126.6,97.4357283605443,13.5));
#11587=CARTESIAN_POINT('',(123.4,97.4357283605443,13.5));
#11588=CARTESIAN_POINT('',(125.,97.4357283605443,13.5));
#11589=CARTESIAN_POINT('',(126.6,97.435728360544,13.5));
#11590=CARTESIAN_POINT('',(123.4,98.935728360544,13.5));
#11591=CARTESIAN_POINT('',(134.5,108.535728360544,13.5));
#11592=CARTESIAN_POINT('',(134.5,105.335728360544,13.5));
#11593=CARTESIAN_POINT('',(134.5,106.935728360544,13.5));
#11594=CARTESIAN_POINT('',(134.5,108.535728360544,13.5));
#11595=CARTESIAN_POINT('',(133.,105.335728360544,13.5));
#11596=CARTESIAN_POINT('',(6.68629150101522,18.,4.));
#11597=CARTESIAN_POINT('',(18.,6.68629150101524,4.));
#11598=CARTESIAN_POINT('',(104.357332521331,95.9666108003236,3.99999999999999));
#11599=CARTESIAN_POINT('',(118.085240534974,105.565779805149,5.));
#11600=CARTESIAN_POINT('',(111.594549218842,107.95116021571,4.));
#11601=CARTESIAN_POINT('',(91.9383645600881,111.643639689039,5.));
#11602=CARTESIAN_POINT('',(114.798521807201,111.975916230717,4.));
#11603=CARTESIAN_POINT('',(117.,106.935728360544,5.));
#11604=CARTESIAN_POINT('',(119.959812129814,117.137206553311,4.));
#11605=CARTESIAN_POINT('',(110.795834184021,121.139894176524,5.));
#11606=CARTESIAN_POINT('',(124.295008862422,120.390358274291,4.));
#11607=CARTESIAN_POINT('',(125.,114.935728360544,5.));
#11608=CARTESIAN_POINT('',(135.668929767358,121.860396308816,4.));
#11609=CARTESIAN_POINT('',(115.537647715501,118.250183380352,5.));
#11610=CARTESIAN_POINT('',(139.924667948272,117.604658127902,4.));
#11611=CARTESIAN_POINT('',(136.15601455332,118.091742913864,5.));
#11612=CARTESIAN_POINT('',(138.454629913747,106.230737222968,4.));
#11613=CARTESIAN_POINT('',(137.199996373562,104.324952075514,5.));
#11614=CARTESIAN_POINT('',(135.201478192798,101.895540490371,4.));
#11615=CARTESIAN_POINT('',(133.,106.935728360544,5.));
#11616=CARTESIAN_POINT('',(130.040187870186,96.7342501677768,4.));
#11617=CARTESIAN_POINT('',(139.204165815979,92.7315625445644,5.));
#11618=CARTESIAN_POINT('',(124.859560565161,93.4375216742555,4.));
#11619=CARTESIAN_POINT('',(125.,98.9357283605435,5.));
#11620=CARTESIAN_POINT('',(111.128794993283,88.4516932497998,4.));
#11621=CARTESIAN_POINT('',(124.348871711201,73.4440428150264,5.));
#11622=CARTESIAN_POINT('',(39.5898557211084,25.433816493736,3.99999999999999));
#11623=CARTESIAN_POINT('',(122.941900868886,100.190383907478,5.));
#11624=CARTESIAN_POINT('',(26.2932503445532,0.,4.));
#11625=CARTESIAN_POINT('',(25.9599204027709,0.0191523450791093,4.33332994178231));
#11626=CARTESIAN_POINT('',(25.6265870071053,0.0381848152097219,4.66666333744786));
#11627=CARTESIAN_POINT('',(25.2932503445532,0.0571017731159165,5.));
#11628=CARTESIAN_POINT('',(66.030009156945,-4.58148437581083,5.));
#11629=CARTESIAN_POINT('',(26.2932503445532,-6.,4.));
#11630=CARTESIAN_POINT('',(9.07340839165818,25.,0.));
#11631=CARTESIAN_POINT('',(4.28626379701574E-015,26.,1.));
#11632=CARTESIAN_POINT('',(22.1133247509631,29.5391196668485,0.));
#11633=CARTESIAN_POINT('',(9.07340839165819,46.,0.));
#11634=CARTESIAN_POINT('',(104.978280919393,95.1827593558879,0.));
#11635=CARTESIAN_POINT('',(16.0352930261552,26.,1.));
#11636=CARTESIAN_POINT('',(112.57735845178,107.766536242043,0.));
#11637=CARTESIAN_POINT('',(91.9383645600881,111.643639689039,0.));
#11638=CARTESIAN_POINT('',(115.19879056952,111.059518436136,0.));
#11639=CARTESIAN_POINT('',(117.,106.935728360544,1.));
#11640=CARTESIAN_POINT('',(120.876209924394,116.73693779099,0.));
#11641=CARTESIAN_POINT('',(110.795834184021,121.139894176524,1.));
#11642=CARTESIAN_POINT('',(124.423189069254,119.398607380882,0.));
#11643=CARTESIAN_POINT('',(125.,114.935728360544,1.));
#11644=CARTESIAN_POINT('',(135.79710997419,120.868645415407,0.));
#11645=CARTESIAN_POINT('',(124.295008862425,120.390358274291,1.));
#11646=CARTESIAN_POINT('',(138.932917054863,117.732838334734,0.));
#11647=CARTESIAN_POINT('',(136.15601455332,118.091742913864,0.));
#11648=CARTESIAN_POINT('',(137.462879020338,106.3589174298,0.));
#11649=CARTESIAN_POINT('',(140.556349186104,122.492077546648,1.));
#11650=CARTESIAN_POINT('',(134.80120943048,102.811938284952,0.));
#11651=CARTESIAN_POINT('',(133.,106.935728360544,1.));
#11652=CARTESIAN_POINT('',(129.123790075607,97.1345189300981,0.));
#11653=CARTESIAN_POINT('',(139.204165815979,92.7315625445644,1.));
#11654=CARTESIAN_POINT('',(124.885095007859,94.437195617217,0.));
#11655=CARTESIAN_POINT('',(125.,98.9357283605435,1.));
#11656=CARTESIAN_POINT('',(110.467791157387,89.2020757715385,0.));
#11657=CARTESIAN_POINT('',(124.348871711201,73.4440428150264,0.));
#11658=CARTESIAN_POINT('',(38.9288518852125,26.1841990154747,0.));
#11659=CARTESIAN_POINT('',(112.601665206062,89.7491286673627,1.));
#11660=CARTESIAN_POINT('',(66.030009156945,-4.58148437581083,0.));
#11661=CARTESIAN_POINT('',(22.1133247509631,29.5391196668485,5.));
#11662=CARTESIAN_POINT('',(118.085240534974,105.565779805149,5.));
#11663=CARTESIAN_POINT('',(9.07340839165818,25.,5.));
#11664=CARTESIAN_POINT('',(9.07340839165819,46.,5.));
#11665=CARTESIAN_POINT('',(117.,24.9999999999999,5.));
#11666=CARTESIAN_POINT('',(31.,-65.9806594612583,0.));
#11667=CARTESIAN_POINT('',(31.,-52.2700955632605,0.));
#11668=CARTESIAN_POINT('',(31.,-61.8806594612583,0.));
#11669=CARTESIAN_POINT('',(97.1412630737689,-144.061893851223,0.));
#11670=CARTESIAN_POINT('',(19.7976744256628,-36.7233466551125,0.));
#11671=CARTESIAN_POINT('',(2.75995795163192,-49.,0.));
#11672=CARTESIAN_POINT('',(2.75995795163192,-28.,0.));
#11673=CARTESIAN_POINT('',(105.5,-28.,0.));
#11674=CARTESIAN_POINT('',(-1.60573682233068E-015,-28.,0.));
#11675=CARTESIAN_POINT('',(6.12323399573678E-016,-15.,0.));
#11676=CARTESIAN_POINT('',(0.,-15.,0.));
#11677=CARTESIAN_POINT('',(7.92893218813453,-15.,0.));
#11678=CARTESIAN_POINT('',(6.68629150101525,-15.,0.));
#11679=CARTESIAN_POINT('',(6.68629150101525,-18.,0.));
#11680=CARTESIAN_POINT('',(8.80761184457489,-15.8786796564404,0.));
#11681=CARTESIAN_POINT('',(14.4956890143242,-21.5667568261897,0.));
#11682=CARTESIAN_POINT('',(10.9601551083915,-18.031222920257,0.));
#11683=CARTESIAN_POINT('',(14.4956890143242,-14.4956890143242,0.));
#11684=CARTESIAN_POINT('',(18.031222920257,-10.9601551083915,0.));
#11685=CARTESIAN_POINT('',(15.,-7.92893218813451,0.));
#11686=CARTESIAN_POINT('',(15.8786796564404,-8.80761184457486,0.));
#11687=CARTESIAN_POINT('',(18.,-6.68629150101522,0.));
#11688=CARTESIAN_POINT('',(15.,-6.68629150101522,0.));
#11689=CARTESIAN_POINT('',(15.,8.88178419700125E-016,0.));
#11690=CARTESIAN_POINT('',(15.,5.9,0.));
#11691=CARTESIAN_POINT('',(7.74210704437041E-016,5.9,0.));
#11692=CARTESIAN_POINT('',(26.39241985992,5.9,0.));
#11693=CARTESIAN_POINT('',(66.030009156945,-4.58148437581083,0.));
#11694=CARTESIAN_POINT('',(25.2932503445532,0.0571017731159163,0.));
#11695=CARTESIAN_POINT('',(25.2932503445532,-138.038943780369,0.));
#11696=CARTESIAN_POINT('',(25.2932503445532,-8.30193051623941,0.));
#11697=CARTESIAN_POINT('',(66.2932503445532,-8.30193051623941,0.));
#11698=CARTESIAN_POINT('',(31.8514576685525,-30.5451973011204,0.));
#11699=CARTESIAN_POINT('',(102.517317289889,-139.965225837746,0.));
#11700=CARTESIAN_POINT('',(87.8189090313328,-117.206000099712,0.));
#11701=CARTESIAN_POINT('',(105.459827231236,-105.813107356236,0.));
#11702=CARTESIAN_POINT('',(98.9046753937477,-125.763796176111,0.));
#11703=CARTESIAN_POINT('',(97.5000000000004,-130.03894378037,0.));
#11704=CARTESIAN_POINT('',(101.623790075607,-128.237734349924,0.));
#11705=CARTESIAN_POINT('',(111.704165815979,-123.83477796439,0.));
#11706=CARTESIAN_POINT('',(107.301209430472,-133.915153704774,0.));
#11707=CARTESIAN_POINT('',(105.5,-138.038943780369,0.));
#11708=CARTESIAN_POINT('',(109.962879020338,-137.462132849626,0.));
#11709=CARTESIAN_POINT('',(109.962879020338,-137.462132849626,0.));
#11710=CARTESIAN_POINT('',(111.432917054863,-148.83605375456,0.));
#11711=CARTESIAN_POINT('',(108.65601455332,-149.194958333689,0.));
#11712=CARTESIAN_POINT('',(108.29710997419,-151.971860835233,0.));
#11713=CARTESIAN_POINT('',(103.774765068725,-151.387364154463,0.));
#11714=CARTESIAN_POINT('',(96.923189069254,-150.501822800707,0.));
#11715=CARTESIAN_POINT('',(97.4999999999999,-146.038943780369,0.));
#11716=CARTESIAN_POINT('',(93.3762099243931,-147.840153210815,0.));
#11717=CARTESIAN_POINT('',(83.2958341840205,-152.243109596348,0.));
#11718=CARTESIAN_POINT('',(87.6987905695285,-142.162733855965,0.));
#11719=CARTESIAN_POINT('',(89.5000000000003,-138.038943780369,0.));
#11720=CARTESIAN_POINT('',(85.0470777180584,-137.38972644312,0.));
#11721=CARTESIAN_POINT('',(64.2667737356626,-134.360045535957,0.));
#11722=CARTESIAN_POINT('',(81.3044902096935,-122.08339219107,0.));
#11723=CARTESIAN_POINT('',(97.1412630737689,-144.061893851223,0.));
#11724=CARTESIAN_POINT('',(41.5998062450918,-66.9806594612583,0.));
#11725=CARTESIAN_POINT('',(40.367246703911,-66.9806594612583,0.));
#11726=CARTESIAN_POINT('',(31.,-66.9806594612583,0.));
#11727=CARTESIAN_POINT('',(31.,-65.9806594612583,0.));
#11728=CARTESIAN_POINT('',(31.,-65.0806594612583,0.));
#11729=CARTESIAN_POINT('',(31.,-65.0806594612583,0.));
#11730=CARTESIAN_POINT('',(34.,-65.0806594612583,0.));
#11731=CARTESIAN_POINT('',(34.,-63.4806594612583,0.));
#11732=CARTESIAN_POINT('',(33.9999999999951,-61.8806594612583,0.));
#11733=CARTESIAN_POINT('',(31.,-61.8806594612583,0.));
#11734=CARTESIAN_POINT('',(97.4529920333297,-146.027836247639,0.));
#11735=CARTESIAN_POINT('',(98.8318505674702,-145.216202621655,0.));
#11736=CARTESIAN_POINT('',(95.8867891998499,-146.354958066538,0.));
#11737=CARTESIAN_POINT('',(95.9509219701023,-137.965942505907,0.));
#11738=CARTESIAN_POINT('',(95.8778320120344,-147.526620972593,3.46944695195361E-015));
#11739=CARTESIAN_POINT('',(97.4888924672697,-147.538937286825,0.));
#11740=CARTESIAN_POINT('',(99.099952922488,-147.526620970413,3.46944695195361E-015));
#11741=CARTESIAN_POINT('',(99.0277993078841,-138.088422787413,0.));
#11742=CARTESIAN_POINT('',(99.0888457143436,-146.073720345738,3.46944695195361E-015));
#11743=CARTESIAN_POINT('',(97.4888924672697,-146.085951747039,0.));
#11744=CARTESIAN_POINT('',(97.5111075327306,-129.991935813699,0.));
#11745=CARTESIAN_POINT('',(95.9111542856568,-130.004167215,3.46944695195361E-015));
#11746=CARTESIAN_POINT('',(99.1110607798045,-130.004167215001,3.46944695195361E-015));
#11747=CARTESIAN_POINT('',(99.0500130750898,-137.989634594256,0.));
#11748=CARTESIAN_POINT('',(99.122167987966,-128.551266588145,3.46944695195361E-015));
#11749=CARTESIAN_POINT('',(97.5111075327306,-128.538950273912,0.));
#11750=CARTESIAN_POINT('',(95.900047077512,-128.551266590325,3.46944695195361E-015));
#11751=CARTESIAN_POINT('',(95.973135737308,-138.111775233902,0.));
#11752=CARTESIAN_POINT('',(110.392988750471,-150.931932530841,0.));
#11753=CARTESIAN_POINT('',(109.694152460137,-145.524923660947,0.));
#11754=CARTESIAN_POINT('',(110.143640893432,-149.002688023441,0.));
#11755=CARTESIAN_POINT('',(108.206526120024,-145.717193971195,0.));
#11756=CARTESIAN_POINT('',(107.145865948245,-144.656533799415,0.));
#11757=CARTESIAN_POINT('',(109.30310136411,-142.49929838355,0.));
#11758=CARTESIAN_POINT('',(104.117590019046,-147.684809728614,0.));
#11759=CARTESIAN_POINT('',(105.178250190826,-148.745469900394,0.));
#11760=CARTESIAN_POINT('',(104.985979880578,-150.233096240507,0.));
#11761=CARTESIAN_POINT('',(101.96035460318,-149.84204514448,0.));
#11762=CARTESIAN_POINT('',(108.463744243072,-150.682584673802,0.));
#11763=CARTESIAN_POINT('',(108.65601455332,-149.194958333689,0.));
#11764=CARTESIAN_POINT('',(97.5,-138.038943780369,0.));
#11765=CARTESIAN_POINT('',(93.,-138.038943780369,0.));
#11766=CARTESIAN_POINT('',(20.6466251722766,-1.5956547764676E-016,0.));
#11767=CARTESIAN_POINT('',(19.0466251722766,-1.5956547764676E-016,0.));
#11768=CARTESIAN_POINT('',(24.,-30.4683401547756,0.));
#11769=CARTESIAN_POINT('',(22.4,-30.4683401547756,0.));
#11770=CARTESIAN_POINT('',(89.4640995660603,-137.980828280969,0.));
#11771=CARTESIAN_POINT('',(91.0154892928933,-138.372223114197,0.));
#11772=CARTESIAN_POINT('',(89.0906574217971,-136.425019499374,0.));
#11773=CARTESIAN_POINT('',(105.511378521579,-136.550553458164,0.));
#11774=CARTESIAN_POINT('',(88.0123228077763,-136.416775792403,3.46944695195361E-015));
#11775=CARTESIAN_POINT('',(88.0000064935436,-138.027836247638,0.));
#11776=CARTESIAN_POINT('',(88.0123228099563,-139.638896702857,3.46944695195361E-015));
#11777=CARTESIAN_POINT('',(105.511208700648,-139.505120335369,0.));
#11778=CARTESIAN_POINT('',(89.4652234346312,-139.627789494712,3.46944695195361E-015));
#11779=CARTESIAN_POINT('',(89.4529920333301,-138.027836247638,0.));
#11780=CARTESIAN_POINT('',(105.487686433229,-139.649644563151,0.));
#11781=CARTESIAN_POINT('',(105.534776565369,-139.650004560173,3.46944695195361E-015));
#11782=CARTESIAN_POINT('',(106.987677192224,-139.661111768335,3.46944695195361E-015));
#11783=CARTESIAN_POINT('',(106.999993506457,-138.050051313099,0.));
#11784=CARTESIAN_POINT('',(106.987677190044,-136.438990857881,3.46944695195361E-015));
#11785=CARTESIAN_POINT('',(105.48785625416,-136.450456764793,0.));
#11786=CARTESIAN_POINT('',(105.679061364226,-136.448995030301,0.));
#11787=CARTESIAN_POINT('',(105.5,-138.038943780369,0.));
#11788=CARTESIAN_POINT('',(105.15561313345,-139.601441039934,0.));
#11789=CARTESIAN_POINT('',(105.547007966671,-138.050051313099,0.));
#11790=CARTESIAN_POINT('',(105.5,-138.038943780369,0.));
#11791=CARTESIAN_POINT('',(-2.77555756156289E-014,-138.038943780369,5.));
#11792=CARTESIAN_POINT('',(-8.98072914950525E-015,-28.,5.));
#11793=CARTESIAN_POINT('',(0.,-15.,5.));
#11794=CARTESIAN_POINT('',(2.75995795163192,-28.,5.));
#11795=CARTESIAN_POINT('',(2.75995795163192,-28.,5.));
#11796=CARTESIAN_POINT('',(2.75995795163192,-49.,5.));
#11797=CARTESIAN_POINT('',(19.7976744256628,-36.7233466551125,5.));
#11798=CARTESIAN_POINT('',(81.3044902096935,-122.08339219107,5.));
#11799=CARTESIAN_POINT('',(81.3044902096935,-122.08339219107,5.));
#11800=CARTESIAN_POINT('',(64.2667737356626,-134.360045535957,5.));
#11801=CARTESIAN_POINT('',(85.0470777180584,-137.38972644312,5.));
#11802=CARTESIAN_POINT('',(89.5000000000003,-138.038943780369,5.));
#11803=CARTESIAN_POINT('',(87.6987905695285,-142.162733855965,5.));
#11804=CARTESIAN_POINT('',(83.2958341840205,-152.243109596348,5.));
#11805=CARTESIAN_POINT('',(93.3762099243931,-147.840153210815,5.));
#11806=CARTESIAN_POINT('',(97.4999999999999,-146.038943780369,5.));
#11807=CARTESIAN_POINT('',(96.923189069254,-150.501822800707,5.));
#11808=CARTESIAN_POINT('',(108.29710997419,-151.971860835233,5.));
#11809=CARTESIAN_POINT('',(108.29710997419,-151.971860835233,5.));
#11810=CARTESIAN_POINT('',(108.65601455332,-149.194958333689,5.));
#11811=CARTESIAN_POINT('',(111.432917054863,-148.83605375456,5.));
#11812=CARTESIAN_POINT('',(109.962879020338,-137.462132849626,5.));
#11813=CARTESIAN_POINT('',(109.962879020338,-137.462132849626,5.));
#11814=CARTESIAN_POINT('',(105.5,-138.038943780369,5.));
#11815=CARTESIAN_POINT('',(107.301209430472,-133.915153704774,5.));
#11816=CARTESIAN_POINT('',(111.704165815979,-123.83477796439,5.));
#11817=CARTESIAN_POINT('',(101.623790075607,-128.237734349924,5.));
#11818=CARTESIAN_POINT('',(97.5000000000004,-130.03894378037,5.));
#11819=CARTESIAN_POINT('',(98.9046753937477,-125.763796176111,5.));
#11820=CARTESIAN_POINT('',(105.459827231236,-105.813107356236,5.));
#11821=CARTESIAN_POINT('',(87.8189090313328,-117.206000099712,5.));
#11822=CARTESIAN_POINT('',(31.8514576685525,-30.5451973011203,5.));
#11823=CARTESIAN_POINT('',(31.8514576685525,-30.5451973011204,5.));
#11824=CARTESIAN_POINT('',(66.2932503445532,-8.30193051623941,5.));
#11825=CARTESIAN_POINT('',(25.2932503445532,-8.30193051623941,5.));
#11826=CARTESIAN_POINT('',(25.2932503445532,-6.09999999999999,5.));
#11827=CARTESIAN_POINT('',(25.2932503445532,-6.1,5.));
#11828=CARTESIAN_POINT('',(-4.,-6.1,5.));
#11829=CARTESIAN_POINT('',(15.,-6.09999999999999,5.));
#11830=CARTESIAN_POINT('',(15.,-138.038943780369,5.));
#11831=CARTESIAN_POINT('',(15.,-6.68629150101521,5.));
#11832=CARTESIAN_POINT('',(18.,-6.68629150101522,5.));
#11833=CARTESIAN_POINT('',(15.8786796564404,-8.80761184457486,5.));
#11834=CARTESIAN_POINT('',(125.305005796117,-118.233937984252,5.));
#11835=CARTESIAN_POINT('',(18.031222920257,-10.9601551083915,5.));
#11836=CARTESIAN_POINT('',(14.4956890143242,-14.4956890143242,5.));
#11837=CARTESIAN_POINT('',(10.9601551083915,-18.031222920257,5.));
#11838=CARTESIAN_POINT('',(118.233937984252,-125.305005796117,5.));
#11839=CARTESIAN_POINT('',(8.80761184457489,-15.8786796564404,5.));
#11840=CARTESIAN_POINT('',(6.68629150101525,-18.,5.));
#11841=CARTESIAN_POINT('',(6.68629150101525,-15.,5.));
#11842=CARTESIAN_POINT('',(105.5,-15.,5.));
#11843=CARTESIAN_POINT('',(97.4888924672697,-146.085951747039,5.));
#11844=CARTESIAN_POINT('',(99.0888457143436,-146.073720345738,5.));
#11845=CARTESIAN_POINT('',(98.8318505674702,-145.216202621655,5.));
#11846=CARTESIAN_POINT('',(99.0277993078841,-138.088422787413,5.));
#11847=CARTESIAN_POINT('',(99.099952922488,-147.526620970413,5.));
#11848=CARTESIAN_POINT('',(97.4888924672697,-147.538937286825,5.));
#11849=CARTESIAN_POINT('',(95.8778320120344,-147.526620972593,5.));
#11850=CARTESIAN_POINT('',(95.9509219701023,-137.965942505907,5.));
#11851=CARTESIAN_POINT('',(95.8867891998499,-146.354958066538,5.));
#11852=CARTESIAN_POINT('',(97.4529920333297,-146.027836247639,5.));
#11853=CARTESIAN_POINT('',(95.973135737308,-138.111775233902,5.));
#11854=CARTESIAN_POINT('',(95.900047077512,-128.551266590325,5.));
#11855=CARTESIAN_POINT('',(95.9111542856568,-130.004167215,5.));
#11856=CARTESIAN_POINT('',(97.5111075327306,-128.538950273912,5.));
#11857=CARTESIAN_POINT('',(99.122167987966,-128.551266588145,5.));
#11858=CARTESIAN_POINT('',(99.0500130750898,-137.989634594256,5.));
#11859=CARTESIAN_POINT('',(99.1110607797879,-130.004167217165,5.));
#11860=CARTESIAN_POINT('',(97.5111075327306,-129.991935813699,5.));
#11861=CARTESIAN_POINT('',(24.,-30.4683401547756,5.));
#11862=CARTESIAN_POINT('',(25.6,-30.4683401547756,5.));
#11863=CARTESIAN_POINT('',(97.5,-138.038943780369,5.));
#11864=CARTESIAN_POINT('',(102.,-138.038943780369,5.));
#11865=CARTESIAN_POINT('',(103.941399337607,-150.098087993032,5.));
#11866=CARTESIAN_POINT('',(108.463744243072,-150.682584673802,5.));
#11867=CARTESIAN_POINT('',(104.985979880578,-150.233096240507,5.));
#11868=CARTESIAN_POINT('',(105.178250190826,-148.745469900394,5.));
#11869=CARTESIAN_POINT('',(104.117590019046,-147.684809728614,5.));
#11870=CARTESIAN_POINT('',(109.631727983645,-142.170671764015,5.));
#11871=CARTESIAN_POINT('',(107.145865948245,-144.656533799415,5.));
#11872=CARTESIAN_POINT('',(108.206526120024,-145.717193971195,5.));
#11873=CARTESIAN_POINT('',(109.694152460137,-145.524923660947,5.));
#11874=CARTESIAN_POINT('',(108.673602858907,-137.628767118507,5.));
#11875=CARTESIAN_POINT('',(110.143640893432,-149.002688023441,5.));
#11876=CARTESIAN_POINT('',(108.65601455332,-149.194958333689,5.));
#11877=CARTESIAN_POINT('',(89.4529920333301,-138.027836247638,5.));
#11878=CARTESIAN_POINT('',(89.4652234346312,-139.627789494712,5.));
#11879=CARTESIAN_POINT('',(91.0154892928933,-138.372223114197,5.));
#11880=CARTESIAN_POINT('',(105.511208700648,-139.505120335369,5.));
#11881=CARTESIAN_POINT('',(88.0123228099563,-139.638896702857,5.));
#11882=CARTESIAN_POINT('',(88.0000064935436,-138.027836247638,5.));
#11883=CARTESIAN_POINT('',(88.0123228077763,-136.416775792403,5.));
#11884=CARTESIAN_POINT('',(105.511378521579,-136.550553458164,5.));
#11885=CARTESIAN_POINT('',(89.0906574217971,-136.425019499374,5.));
#11886=CARTESIAN_POINT('',(89.4640995660603,-137.980828280969,5.));
#11887=CARTESIAN_POINT('',(105.547007966671,-138.050051313099,5.));
#11888=CARTESIAN_POINT('',(105.15561313345,-139.601441039934,5.));
#11889=CARTESIAN_POINT('',(105.534776565369,-139.650004560173,5.));
#11890=CARTESIAN_POINT('',(105.5,-138.038943780369,5.));
#11891=CARTESIAN_POINT('',(105.679061364226,-136.448995030301,5.));
#11892=CARTESIAN_POINT('',(105.48785625416,-136.450456764793,5.));
#11893=CARTESIAN_POINT('',(106.987677190044,-136.438990857881,5.));
#11894=CARTESIAN_POINT('',(106.999993506457,-138.050051313099,5.));
#11895=CARTESIAN_POINT('',(106.987677192224,-139.661111768335,5.));
#11896=CARTESIAN_POINT('',(105.487686433229,-139.649644563151,5.));
#11897=CARTESIAN_POINT('',(105.5,-138.038943780369,5.));
#11898=CARTESIAN_POINT('',(105.15561313345,-139.601441039934,2.25));
#11899=CARTESIAN_POINT('',(105.679061364226,-136.448995030301,0.));
#11900=CARTESIAN_POINT('',(105.5,-138.038943780369,0.));
#11901=CARTESIAN_POINT('',(98.8318505674702,-145.216202621655,2.25));
#11902=CARTESIAN_POINT('',(95.8867891998499,-146.354958066538,0.));
#11903=CARTESIAN_POINT('',(97.4529920333297,-146.027836247639,0.));
#11904=CARTESIAN_POINT('',(91.0154892928933,-138.372223114197,2.25));
#11905=CARTESIAN_POINT('',(89.0906574217971,-136.425019499374,0.));
#11906=CARTESIAN_POINT('',(89.4640995660603,-137.980828280969,0.));
#11907=CARTESIAN_POINT('',(31.,-65.0806594612583,12.));
#11908=CARTESIAN_POINT('',(31.,-65.0806594612583,2.));
#11909=CARTESIAN_POINT('',(31.,-66.9806594612583,2.));
#11910=CARTESIAN_POINT('',(31.,-66.9806594612583,2.));
#11911=CARTESIAN_POINT('',(31.,-65.9806594612583,2.));
#11912=CARTESIAN_POINT('',(31.,-65.9806594612583,2.));
#11913=CARTESIAN_POINT('',(40.367246703911,-66.9806594612583,2.));
#11914=CARTESIAN_POINT('',(40.367246703911,-66.9806594612583,2.));
#11915=CARTESIAN_POINT('',(30.9999999999999,-53.9806594612583,2.));
#11916=CARTESIAN_POINT('',(31.,-53.9806594612583,2.));
#11917=CARTESIAN_POINT('',(31.,-65.9806594612583,2.));
#11918=CARTESIAN_POINT('',(31.,-61.8806594612583,2.));
#11919=CARTESIAN_POINT('',(34.,-61.8806594612583,2.));
#11920=CARTESIAN_POINT('',(33.9999999999951,-61.8806594612583,2.));
#11921=CARTESIAN_POINT('',(34.,-63.4806594612583,2.));
#11922=CARTESIAN_POINT('',(34.,-65.0806594612583,2.));
#11923=CARTESIAN_POINT('',(31.,-65.0806594612583,2.));
#11924=CARTESIAN_POINT('',(34.,-63.4806594612583,2.));
#11925=CARTESIAN_POINT('',(26.2932503445532,-8.30193051623941,4.));
#11926=CARTESIAN_POINT('',(26.2932503445532,-8.30193051623941,4.));
#11927=CARTESIAN_POINT('',(26.2932503445532,-8.30193051623941,1.));
#11928=CARTESIAN_POINT('',(26.2932503445532,-20.0955350931661,1.));
#11929=CARTESIAN_POINT('',(26.2932503445532,0.,1.));
#11930=CARTESIAN_POINT('',(26.2932503445532,0.,4.));
#11931=CARTESIAN_POINT('',(26.2932503445532,0.,2.50000000000001));
#11932=CARTESIAN_POINT('',(26.2932503445532,-20.0955350931661,2.50000000000001));
#11933=CARTESIAN_POINT('',(26.2932503445532,-6.1,2.50000000000001));
#11934=CARTESIAN_POINT('',(26.2932503445532,-6.1,4.));
#11935=CARTESIAN_POINT('',(26.2932503445532,-6.1,4.));
#11936=CARTESIAN_POINT('',(26.2932503445532,-8.30193051623941,4.));
#11937=CARTESIAN_POINT('',(26.2932503445532,-20.0955350931661,4.));
#11938=CARTESIAN_POINT('',(15.,-6.68629150101522,4.));
#11939=CARTESIAN_POINT('',(15.,-6.1,4.));
#11940=CARTESIAN_POINT('',(15.,-6.1,2.50000000000001));
#11941=CARTESIAN_POINT('',(15.,8.88178419700125E-016,2.50000000000001));
#11942=CARTESIAN_POINT('',(15.,5.9,2.50000000000001));
#11943=CARTESIAN_POINT('',(15.,5.9,0.));
#11944=CARTESIAN_POINT('',(15.,8.88178419700125E-016,4.));
#11945=CARTESIAN_POINT('',(110.143640893432,-149.002688023441,0.));
#11946=CARTESIAN_POINT('',(109.694152460137,-145.524923660947,4.));
#11947=CARTESIAN_POINT('',(110.392988750471,-150.931932530841,4.));
#11948=CARTESIAN_POINT('',(108.463744243072,-150.682584673802,4.));
#11949=CARTESIAN_POINT('',(104.985979880578,-150.233096240507,0.));
#11950=CARTESIAN_POINT('',(101.96035460318,-149.84204514448,4.));
#11951=CARTESIAN_POINT('',(112.424667948272,-148.707873547728,4.));
#11952=CARTESIAN_POINT('',(112.424667948272,-148.707873547728,4.));
#11953=CARTESIAN_POINT('',(112.424667948272,-148.707873547728,1.));
#11954=CARTESIAN_POINT('',(113.056349186104,-153.595292966474,1.));
#11955=CARTESIAN_POINT('',(110.954629913747,-137.333952642794,1.));
#11956=CARTESIAN_POINT('',(110.954629913747,-137.333952642794,4.));
#11957=CARTESIAN_POINT('',(110.954629913747,-137.333952642794,4.));
#11958=CARTESIAN_POINT('',(112.424667948272,-148.707873547728,4.));
#11959=CARTESIAN_POINT('',(113.056349186104,-153.595292966474,4.));
#11960=CARTESIAN_POINT('',(105.5,-138.038943780369,1.));
#11961=CARTESIAN_POINT('',(107.701478192799,-132.998755910197,1.));
#11962=CARTESIAN_POINT('',(107.701478192799,-132.998755910197,4.));
#11963=CARTESIAN_POINT('',(107.701478192799,-132.998755910197,4.));
#11964=CARTESIAN_POINT('',(105.5,-138.038943780369,4.));
#11965=CARTESIAN_POINT('',(105.5,-138.038943780369,4.));
#11966=CARTESIAN_POINT('',(111.704165815979,-123.83477796439,1.));
#11967=CARTESIAN_POINT('',(102.540187870186,-127.837465587603,1.));
#11968=CARTESIAN_POINT('',(102.540187870186,-127.837465587603,4.));
#11969=CARTESIAN_POINT('',(102.540187870186,-127.837465587603,4.));
#11970=CARTESIAN_POINT('',(111.704165815979,-123.83477796439,4.));
#11971=CARTESIAN_POINT('',(111.704165815979,-123.83477796439,4.));
#11972=CARTESIAN_POINT('',(97.5000000000004,-130.03894378037,1.));
#11973=CARTESIAN_POINT('',(99.2168254812472,-124.813763375165,1.));
#11974=CARTESIAN_POINT('',(99.2168254812472,-124.813763375165,4.));
#11975=CARTESIAN_POINT('',(99.2168254812472,-124.813763375165,4.));
#11976=CARTESIAN_POINT('',(97.5000000000004,-130.03894378037,4.));
#11977=CARTESIAN_POINT('',(97.5000000000004,-130.03894378037,4.));
#11978=CARTESIAN_POINT('',(88.6589527551377,-116.663481397642,4.));
#11979=CARTESIAN_POINT('',(88.6589527551377,-116.663481397642,4.));
#11980=CARTESIAN_POINT('',(88.6589527551377,-116.663481397642,1.));
#11981=CARTESIAN_POINT('',(90.1049434285941,-118.902474054083,1.));
#11982=CARTESIAN_POINT('',(32.6915013923574,-30.0026785990501,1.));
#11983=CARTESIAN_POINT('',(32.6915013923574,-30.0026785990501,0.));
#11984=CARTESIAN_POINT('',(32.6915013923574,-30.0026785990501,4.));
#11985=CARTESIAN_POINT('',(88.6589527551376,-116.663481397642,4.));
#11986=CARTESIAN_POINT('',(90.1049434285941,-118.902474054083,4.));
#11987=CARTESIAN_POINT('',(15.8786796564404,-8.80761184457486,4.));
#11988=CARTESIAN_POINT('',(18.031222920257,-10.9601551083915,0.));
#11989=CARTESIAN_POINT('',(15.,-7.92893218813451,4.));
#11990=CARTESIAN_POINT('',(8.80761184457489,-15.8786796564404,4.));
#11991=CARTESIAN_POINT('',(10.9601551083915,-18.031222920257,4.));
#11992=CARTESIAN_POINT('',(14.4956890143242,-21.5667568261897,4.));
#11993=CARTESIAN_POINT('',(6.68629150101525,-15.,4.));
#11994=CARTESIAN_POINT('',(0.,-15.,4.));
#11995=CARTESIAN_POINT('',(7.92893218813453,-15.,4.));
#11996=CARTESIAN_POINT('',(-8.3794674551763E-016,-23.5,-4.50000000000001));
#11997=CARTESIAN_POINT('',(-1.77635683940025E-015,-29.,1.));
#11998=CARTESIAN_POINT('',(-1.77635683940025E-015,-29.,4.));
#11999=CARTESIAN_POINT('',(-1.77635683940025E-015,-29.,4.));
#12000=CARTESIAN_POINT('',(-5.82016719913281E-016,-22.,11.));
#12001=CARTESIAN_POINT('',(6.12323399573678E-016,-15.,4.));
#12002=CARTESIAN_POINT('',(-1.77635683940025E-015,-29.,1.));
#12003=CARTESIAN_POINT('',(2.75995795163192,-29.,1.));
#12004=CARTESIAN_POINT('',(2.75995795163192,-29.,0.));
#12005=CARTESIAN_POINT('',(2.75995795163192,-29.,4.));
#12006=CARTESIAN_POINT('',(-1.77635683940025E-015,-29.,4.));
#12007=CARTESIAN_POINT('',(-1.77635683940025E-015,-29.,4.));
#12008=CARTESIAN_POINT('',(18.986354593566,-37.3079491953452,4.));
#12009=CARTESIAN_POINT('',(18.986354593566,-37.3079491953452,4.));
#12010=CARTESIAN_POINT('',(18.986354593566,-37.3079491953452,1.));
#12011=CARTESIAN_POINT('',(13.,-29.,0.999999999999995));
#12012=CARTESIAN_POINT('',(31.,-53.9806594612583,0.999999999999995));
#12013=CARTESIAN_POINT('',(31.,-53.9806594612583,2.));
#12014=CARTESIAN_POINT('',(40.367246703911,-66.9806594612583,2.));
#12015=CARTESIAN_POINT('',(40.367246703911,-66.9806594612583,1.00000000000001));
#12016=CARTESIAN_POINT('',(13.,-29.,1.00000000000001));
#12017=CARTESIAN_POINT('',(80.4931703775968,-122.667994731302,1.));
#12018=CARTESIAN_POINT('',(80.4931703775968,-122.667994731302,0.));
#12019=CARTESIAN_POINT('',(80.4931703775968,-122.667994731302,4.));
#12020=CARTESIAN_POINT('',(18.986354593566,-37.3079491953452,4.));
#12021=CARTESIAN_POINT('',(13.,-29.,4.));
#12022=CARTESIAN_POINT('',(84.0575394331824,-137.245455923731,4.));
#12023=CARTESIAN_POINT('',(84.0575394331824,-137.245455923731,4.));
#12024=CARTESIAN_POINT('',(84.0575394331824,-137.245455923731,1.));
#12025=CARTESIAN_POINT('',(89.5000000000003,-138.038943780369,1.));
#12026=CARTESIAN_POINT('',(87.2985218072015,-143.079131650542,1.));
#12027=CARTESIAN_POINT('',(87.2985218072015,-143.079131650542,4.));
#12028=CARTESIAN_POINT('',(87.2985218072015,-143.079131650542,4.));
#12029=CARTESIAN_POINT('',(89.5000000000003,-138.038943780369,4.));
#12030=CARTESIAN_POINT('',(89.5000000000003,-138.038943780369,4.));
#12031=CARTESIAN_POINT('',(83.2958341840205,-152.243109596348,1.));
#12032=CARTESIAN_POINT('',(92.4598121298137,-148.240421973136,1.));
#12033=CARTESIAN_POINT('',(92.4598121298137,-148.240421973136,4.));
#12034=CARTESIAN_POINT('',(92.4598121298137,-148.240421973136,4.));
#12035=CARTESIAN_POINT('',(83.2958341840205,-152.243109596348,4.));
#12036=CARTESIAN_POINT('',(83.2958341840205,-152.243109596348,4.));
#12037=CARTESIAN_POINT('',(97.4999999999999,-146.038943780369,1.));
#12038=CARTESIAN_POINT('',(96.7950088624216,-151.493573694116,1.));
#12039=CARTESIAN_POINT('',(96.7950088624216,-151.493573694116,4.));
#12040=CARTESIAN_POINT('',(96.7950088624216,-151.493573694116,4.));
#12041=CARTESIAN_POINT('',(97.4999999999999,-146.038943780369,4.));
#12042=CARTESIAN_POINT('',(97.4999999999999,-146.038943780369,4.));
#12043=CARTESIAN_POINT('',(96.7950088624241,-151.493573694116,1.));
#12044=CARTESIAN_POINT('',(108.168929767358,-152.963611728641,1.));
#12045=CARTESIAN_POINT('',(108.168929767358,-152.963611728641,4.));
#12046=CARTESIAN_POINT('',(108.168929767358,-152.963611728641,4.));
#12047=CARTESIAN_POINT('',(96.7950088624216,-151.493573694116,4.));
#12048=CARTESIAN_POINT('',(96.7950088624241,-151.493573694116,4.));
#12049=CARTESIAN_POINT('',(104.117590019046,-147.684809728614,4.));
#12050=CARTESIAN_POINT('',(107.145865948245,-144.656533799415,0.));
#12051=CARTESIAN_POINT('',(109.30310136411,-142.49929838355,4.));
#12052=CARTESIAN_POINT('',(14.4956890143242,-14.4956890143242,4.));
#12053=CARTESIAN_POINT('',(2.75995795163192,-49.,1.));
#12054=CARTESIAN_POINT('',(2.75995795163192,-49.,4.));
#12055=CARTESIAN_POINT('',(2.75995795163192,-49.,4.));
#12056=CARTESIAN_POINT('',(66.2932503445532,-8.30193051623941,1.));
#12057=CARTESIAN_POINT('',(66.2932503445532,-8.30193051623941,4.));
#12058=CARTESIAN_POINT('',(66.2932503445532,-8.30193051623941,4.));
#12059=CARTESIAN_POINT('',(105.459827231236,-105.813107356236,1.));
#12060=CARTESIAN_POINT('',(105.459827231236,-105.813107356236,4.));
#12061=CARTESIAN_POINT('',(105.459827231236,-105.813107356236,4.));
#12062=CARTESIAN_POINT('',(64.2667737356626,-134.360045535957,1.));
#12063=CARTESIAN_POINT('',(64.2667737356626,-134.360045535957,4.));
#12064=CARTESIAN_POINT('',(64.2667737356626,-134.360045535957,4.));
#12065=CARTESIAN_POINT('',(108.65601455332,-149.194958333689,1.));
#12066=CARTESIAN_POINT('',(108.65601455332,-149.194958333689,4.));
#12067=CARTESIAN_POINT('',(108.65601455332,-149.194958333689,4.));
#12068=CARTESIAN_POINT('',(108.206526120024,-145.717193971195,4.));
#12069=CARTESIAN_POINT('',(105.178250190826,-148.745469900394,4.));
#12070=CARTESIAN_POINT('',(108.65601455332,-149.194958333689,4.));
#12071=CARTESIAN_POINT('',(99.1110607798045,-130.004167215001,13.5));
#12072=CARTESIAN_POINT('',(95.9111542856568,-130.004167215,13.5));
#12073=CARTESIAN_POINT('',(97.5111075327306,-129.991935813699,0.));
#12074=CARTESIAN_POINT('',(97.5,-138.038943780369,0.));
#12075=CARTESIAN_POINT('',(31.,-63.3598340681204,6.48308930045789));
#12076=CARTESIAN_POINT('',(31.,-61.8806594612583,12.));
#12077=CARTESIAN_POINT('',(31.,-65.9806594612583,2.));
#12078=CARTESIAN_POINT('',(34.,-65.0806594612583,2.));
#12079=CARTESIAN_POINT('',(33.9999999999951,-61.8806594612583,12.));
#12080=CARTESIAN_POINT('',(34.,-63.4806594612583,2.));
#12081=CARTESIAN_POINT('',(11.1466251722766,-6.1,19.1466251722766));
#12082=CARTESIAN_POINT('',(-4.,-6.1,2.50000000000001));
#12083=CARTESIAN_POINT('',(-4.,-6.1,4.00000000000002));
#12084=CARTESIAN_POINT('',(20.6466251722766,-1.5956547764676E-016,2.50000000000001));
#12085=CARTESIAN_POINT('',(19.0466251722766,-1.5956547764676E-016,2.50000000000001));
#12086=CARTESIAN_POINT('',(66.030009156945,-4.58148437581083,2.50000000000001));
#12087=CARTESIAN_POINT('',(27.4276972406928,5.9,2.50000000000001));
#12088=CARTESIAN_POINT('',(7.74210704437041E-016,5.9,2.50000000000001));
#12089=CARTESIAN_POINT('',(-4.,-6.,2.50000000000001));
#12090=CARTESIAN_POINT('',(66.030009156945,-4.58148437581083,1.));
#12091=CARTESIAN_POINT('',(27.4276972406928,5.9,1.));
#12092=CARTESIAN_POINT('',(27.4276972406928,5.9,4.));
#12093=CARTESIAN_POINT('',(66.030009156945,-4.58148437581083,4.));
#12094=CARTESIAN_POINT('',(27.4276972406928,5.9,1.));
#12095=CARTESIAN_POINT('',(27.0824552584672,5.9,0.666821532888592));
#12096=CARTESIAN_POINT('',(26.7373665030141,5.9,0.333484228496398));
#12097=CARTESIAN_POINT('',(26.39241985992,5.9,0.));
#12098=CARTESIAN_POINT('',(7.74210704437041E-016,5.9,0.));
#12099=CARTESIAN_POINT('',(20.6466251722766,-1.5956547764676E-016,0.));
#12100=CARTESIAN_POINT('',(24.,-30.4683401547756,0.));
#12101=CARTESIAN_POINT('',(31.,-65.0806594612583,2.));
#12102=CARTESIAN_POINT('',(39.8779810392762,-66.9806594612583,1.39695093688219));
#12103=CARTESIAN_POINT('',(40.367246703911,-66.9806594612583,2.));
#12104=CARTESIAN_POINT('',(31.,-61.8806594612583,12.));
#12105=CARTESIAN_POINT('',(95.900047077512,-128.551266590325,13.5));
#12106=CARTESIAN_POINT('',(99.122167987966,-128.551266588145,13.5));
#12107=CARTESIAN_POINT('',(97.5111075327306,-128.538950273912,13.5));
#12108=CARTESIAN_POINT('',(95.9111542856733,-130.004167217165,13.5));
#12109=CARTESIAN_POINT('',(99.1221679879493,-128.551266590325,13.5));
#12110=CARTESIAN_POINT('',(89.4652234346312,-139.627789494712,13.5));
#12111=CARTESIAN_POINT('',(88.0123228099563,-139.638896702857,13.5));
#12112=CARTESIAN_POINT('',(89.4652234367964,-139.627789494696,13.5));
#12113=CARTESIAN_POINT('',(88.0123228077763,-136.416775792403,13.5));
#12114=CARTESIAN_POINT('',(88.0000064935436,-138.027836247638,13.5));
#12115=CARTESIAN_POINT('',(89.4529920333301,-138.027836247638,13.5));
#12116=CARTESIAN_POINT('',(88.0123228099563,-136.41677579242,13.5));
#12117=CARTESIAN_POINT('',(99.0888457143436,-146.073720345738,13.5));
#12118=CARTESIAN_POINT('',(99.099952922488,-147.526620970413,13.5));
#12119=CARTESIAN_POINT('',(99.0888457143267,-146.073720343573,13.5));
#12120=CARTESIAN_POINT('',(95.8778320120344,-147.526620972593,13.5));
#12121=CARTESIAN_POINT('',(97.4888924672697,-147.538937286825,13.5));
#12122=CARTESIAN_POINT('',(97.4888924672697,-146.085951747039,13.5));
#12123=CARTESIAN_POINT('',(95.8778320120507,-147.526620970413,13.5));
#12124=CARTESIAN_POINT('',(106.987677190044,-136.438990857881,13.5));
#12125=CARTESIAN_POINT('',(106.987677192224,-139.661111768335,13.5));
#12126=CARTESIAN_POINT('',(106.999993506457,-138.050051313099,13.5));
#12127=CARTESIAN_POINT('',(105.534776565369,-139.650004560173,13.5));
#12128=CARTESIAN_POINT('',(106.987677190044,-139.661111768318,13.5));
#12129=CARTESIAN_POINT('',(105.547007966671,-138.050051313099,13.5));
#12130=CARTESIAN_POINT('',(105.534776563204,-136.450098066042,13.5));
#12131=CARTESIAN_POINT('',(18.,-6.68629150101522,4.));
#12132=CARTESIAN_POINT('',(6.68629150101525,-18.,4.));
#12133=CARTESIAN_POINT('',(2.75995795163192,-29.,1.));
#12134=CARTESIAN_POINT('',(105.5,-28.,0.));
#12135=CARTESIAN_POINT('',(18.9863545935661,-37.3079491953452,1.));
#12136=CARTESIAN_POINT('',(2.75995795163192,-49.,0.));
#12137=CARTESIAN_POINT('',(97.1412630737689,-144.061893851223,0.));
#12138=CARTESIAN_POINT('',(80.4931703775968,-122.667994731302,1.00000000000001));
#12139=CARTESIAN_POINT('',(97.1412630737689,-144.061893851223,0.));
#12140=CARTESIAN_POINT('',(84.0575394331824,-137.245455923731,1.));
#12141=CARTESIAN_POINT('',(64.2667737356626,-134.360045535957,0.));
#12142=CARTESIAN_POINT('',(87.2985218072015,-143.079131650542,1.));
#12143=CARTESIAN_POINT('',(89.5000000000003,-138.038943780369,0.));
#12144=CARTESIAN_POINT('',(92.4598121298137,-148.240421973136,1.));
#12145=CARTESIAN_POINT('',(83.2958341840205,-152.243109596348,0.));
#12146=CARTESIAN_POINT('',(96.7950088624216,-151.493573694116,1.));
#12147=CARTESIAN_POINT('',(97.4999999999999,-146.038943780369,0.));
#12148=CARTESIAN_POINT('',(108.168929767358,-152.963611728641,1.));
#12149=CARTESIAN_POINT('',(103.774765068725,-151.387364154463,0.));
#12150=CARTESIAN_POINT('',(112.424667948272,-148.707873547728,1.));
#12151=CARTESIAN_POINT('',(108.65601455332,-149.194958333689,0.));
#12152=CARTESIAN_POINT('',(110.954629913747,-137.333952642794,1.));
#12153=CARTESIAN_POINT('',(109.962879020338,-137.462132849626,0.));
#12154=CARTESIAN_POINT('',(107.701478192799,-132.998755910197,1.));
#12155=CARTESIAN_POINT('',(105.5,-138.038943780369,0.));
#12156=CARTESIAN_POINT('',(102.540187870186,-127.837465587603,1.));
#12157=CARTESIAN_POINT('',(111.704165815979,-123.83477796439,0.));
#12158=CARTESIAN_POINT('',(99.2168254812472,-124.813763375165,1.));
#12159=CARTESIAN_POINT('',(97.5000000000004,-130.03894378037,0.));
#12160=CARTESIAN_POINT('',(88.6589527551377,-116.663481397642,1.));
#12161=CARTESIAN_POINT('',(105.459827231236,-105.813107356236,0.));
#12162=CARTESIAN_POINT('',(32.6915013923574,-30.0026785990501,1.));
#12163=CARTESIAN_POINT('',(102.517317289889,-139.965225837746,0.));
#12164=CARTESIAN_POINT('',(26.2932503445532,-8.30193051623941,1.));
#12165=CARTESIAN_POINT('',(66.2932503445532,-8.30193051623941,0.));
#12166=CARTESIAN_POINT('',(26.2932503445532,0.,1.));
#12167=CARTESIAN_POINT('',(25.9599204027709,0.0191523450791212,0.666670058217694));
#12168=CARTESIAN_POINT('',(25.6265870071053,0.0381848152097097,0.333336662552137));
#12169=CARTESIAN_POINT('',(25.2932503445532,0.0571017731159163,0.));
#12170=CARTESIAN_POINT('',(25.2932503445532,-138.038943780369,0.));
#12171=CARTESIAN_POINT('',(66.030009156945,-4.58148437581083,1.));
#12172=CARTESIAN_POINT('',(26.2932503445532,-8.30193051623941,4.));
#12173=CARTESIAN_POINT('',(26.2932503445532,-20.0955350931661,4.));
#12174=CARTESIAN_POINT('',(32.6915013923574,-30.0026785990501,4.));
#12175=CARTESIAN_POINT('',(66.2932503445532,-8.30193051623941,5.));
#12176=CARTESIAN_POINT('',(88.6589527551377,-116.663481397642,4.));
#12177=CARTESIAN_POINT('',(90.1049434285941,-118.902474054083,4.));
#12178=CARTESIAN_POINT('',(99.2168254812472,-124.813763375165,4.));
#12179=CARTESIAN_POINT('',(105.459827231236,-105.813107356236,5.));
#12180=CARTESIAN_POINT('',(102.540187870186,-127.837465587603,4.));
#12181=CARTESIAN_POINT('',(97.5000000000004,-130.03894378037,4.));
#12182=CARTESIAN_POINT('',(107.701478192799,-132.998755910197,4.));
#12183=CARTESIAN_POINT('',(111.704165815979,-123.83477796439,4.));
#12184=CARTESIAN_POINT('',(110.954629913747,-137.333952642794,4.));
#12185=CARTESIAN_POINT('',(105.5,-138.038943780369,4.));
#12186=CARTESIAN_POINT('',(112.424667948272,-148.707873547728,4.));
#12187=CARTESIAN_POINT('',(113.056349186104,-153.595292966474,4.));
#12188=CARTESIAN_POINT('',(108.168929767358,-152.963611728641,4.));
#12189=CARTESIAN_POINT('',(108.65601455332,-149.194958333689,5.));
#12190=CARTESIAN_POINT('',(96.7950088624216,-151.493573694116,4.));
#12191=CARTESIAN_POINT('',(96.7950088624241,-151.493573694116,4.));
#12192=CARTESIAN_POINT('',(92.4598121298138,-148.240421973136,4.));
#12193=CARTESIAN_POINT('',(97.4999999999999,-146.038943780369,4.));
#12194=CARTESIAN_POINT('',(87.2985218072015,-143.079131650542,4.));
#12195=CARTESIAN_POINT('',(83.2958341840205,-152.243109596348,4.));
#12196=CARTESIAN_POINT('',(84.0575394331824,-137.245455923731,4.));
#12197=CARTESIAN_POINT('',(89.5000000000003,-138.038943780369,4.));
#12198=CARTESIAN_POINT('',(80.4931703775968,-122.667994731302,4.));
#12199=CARTESIAN_POINT('',(64.2667737356626,-134.360045535957,5.));
#12200=CARTESIAN_POINT('',(18.986354593566,-37.3079491953452,4.));
#12201=CARTESIAN_POINT('',(13.,-29.,4.));
#12202=CARTESIAN_POINT('',(2.75995795163192,-29.,4.));
#12203=CARTESIAN_POINT('',(2.75995795163192,-49.,5.));
#12204=CARTESIAN_POINT('',(-1.77635683940025E-015,-29.,4.));
#12205=MECHANICAL_DESIGN_GEOMETRIC_PRESENTATION_REPRESENTATION('',(#32,#33,
#34,#35),#12206);
#12206=(
GEOMETRIC_REPRESENTATION_CONTEXT(3)
GLOBAL_UNCERTAINTY_ASSIGNED_CONTEXT((#12207))
GLOBAL_UNIT_ASSIGNED_CONTEXT((#12213,#12209,#12208))
REPRESENTATION_CONTEXT('center_rack','TOP_LEVEL_ASSEMBLY_PART')
);
#12207=UNCERTAINTY_MEASURE_WITH_UNIT(LENGTH_MEASURE(0.0508),#12213,
'DISTANCE_ACCURACY_VALUE','Maximum Tolerance applied to model');
#12208=(
NAMED_UNIT(*)
SI_UNIT($,.STERADIAN.)
SOLID_ANGLE_UNIT()
);
#12209=(
CONVERSION_BASED_UNIT('DEGREE',#12211)
NAMED_UNIT(#12210)
PLANE_ANGLE_UNIT()
);
#12210=DIMENSIONAL_EXPONENTS(0.,0.,0.,0.,0.,0.,0.);
#12211=PLANE_ANGLE_MEASURE_WITH_UNIT(PLANE_ANGLE_MEASURE(0.0174532925),#12212);
#12212=(
NAMED_UNIT(*)
PLANE_ANGLE_UNIT()
SI_UNIT($,.RADIAN.)
);
#12213=(
LENGTH_UNIT()
NAMED_UNIT(*)
SI_UNIT(.MILLI.,.METRE.)
);
ENDSEC;
END-ISO-10303-21;
