ISO-10303-21;
HEADER;
/* Generated by software containing ST-Developer
 * from STEP Tools, Inc. (www.steptools.com) 
 */
/* OPTION: using custom schema-name function */

FILE_DESCRIPTION(
/* description */ (''),
/* implementation_level */ '2;1');

FILE_NAME(
/* name */ 'CENTER_RACK_other.stp',
/* time_stamp */ '2025-03-03T11:23:46+08:00',
/* author */ (''),
/* organization */ (''),
/* preprocessor_version */ 'ST-DEVELOPER v14',
/* originating_system */ 'SIEMENS PLM Software NX 8.0',
/* authorisation */ '');

FILE_SCHEMA (('AUTOMOTIVE_DESIGN { 1 0 10303 214 3 1 1 1 }'));
ENDSEC;

DATA;
#10=PROPERTY_DEFINITION_REPRESENTATION(#14,#12);
#11=PROPERTY_DEFINITION_REPRESENTATION(#15,#13);
#12=REPRESENTATION('',(#16),#17478);
#13=REPRESENTATION('',(#17),#17478);
#14=PROPERTY_DEFINITION('pmi validation property','',#21);
#15=PROPERTY_DEFINITION('pmi validation property','',#21);
#16=VALUE_REPRESENTATION_ITEM('number of annotations',COUNT_MEASURE(0.));
#17=VALUE_REPRESENTATION_ITEM('number of views',COUNT_MEASURE(0.));
#18=SHAPE_REPRESENTATION_RELATIONSHIP('None',
'relationship between AUSA08A8EE52j24v-None and AUSA08A8EE52j24v-None',#30,
#19);
#19=ADVANCED_BREP_SHAPE_REPRESENTATION('AUSA08A8EE52j24v-None',(#69,#70,
#71,#72,#73),#17478);
#20=SHAPE_DEFINITION_REPRESENTATION(#21,#30);
#21=PRODUCT_DEFINITION_SHAPE('','',#22);
#22=PRODUCT_DEFINITION(' ','',#24,#23);
#23=PRODUCT_DEFINITION_CONTEXT('part definition',#29,'design');
#24=PRODUCT_DEFINITION_FORMATION_WITH_SPECIFIED_SOURCE(' ',' ',#26,
 .NOT_KNOWN.);
#25=PRODUCT_RELATED_PRODUCT_CATEGORY('part','',(#26));
#26=PRODUCT('AUSA08A8EE52j24v','AUSA08A8EE52j24v',' ',(#27));
#27=PRODUCT_CONTEXT(' ',#29,'mechanical');
#28=APPLICATION_PROTOCOL_DEFINITION('international standard',
'automotive_design',2010,#29);
#29=APPLICATION_CONTEXT(
'core data for automotive mechanical design processes');
#30=SHAPE_REPRESENTATION('AUSA08A8EE52j24v-None',(#10314),#17478);
#31=PRESENTATION_LAYER_ASSIGNMENT('1','Layer 1',(#69,#70,#71,#72,#73));
#32=STYLED_ITEM('',(#37),#69);
#33=STYLED_ITEM('',(#38),#70);
#34=STYLED_ITEM('',(#39),#71);
#35=STYLED_ITEM('',(#40),#72);
#36=STYLED_ITEM('',(#41),#73);
#37=PRESENTATION_STYLE_ASSIGNMENT((#42));
#38=PRESENTATION_STYLE_ASSIGNMENT((#43));
#39=PRESENTATION_STYLE_ASSIGNMENT((#44));
#40=PRESENTATION_STYLE_ASSIGNMENT((#45));
#41=PRESENTATION_STYLE_ASSIGNMENT((#46));
#42=SURFACE_STYLE_USAGE(.BOTH.,#47);
#43=SURFACE_STYLE_USAGE(.BOTH.,#48);
#44=SURFACE_STYLE_USAGE(.BOTH.,#49);
#45=SURFACE_STYLE_USAGE(.BOTH.,#50);
#46=SURFACE_STYLE_USAGE(.BOTH.,#51);
#47=SURFACE_SIDE_STYLE('',(#52));
#48=SURFACE_SIDE_STYLE('',(#53));
#49=SURFACE_SIDE_STYLE('',(#54));
#50=SURFACE_SIDE_STYLE('',(#55));
#51=SURFACE_SIDE_STYLE('',(#56));
#52=SURFACE_STYLE_FILL_AREA(#57);
#53=SURFACE_STYLE_FILL_AREA(#58);
#54=SURFACE_STYLE_FILL_AREA(#59);
#55=SURFACE_STYLE_FILL_AREA(#60);
#56=SURFACE_STYLE_FILL_AREA(#61);
#57=FILL_AREA_STYLE('',(#62));
#58=FILL_AREA_STYLE('',(#63));
#59=FILL_AREA_STYLE('',(#64));
#60=FILL_AREA_STYLE('',(#65));
#61=FILL_AREA_STYLE('',(#66));
#62=FILL_AREA_STYLE_COLOUR('',#67);
#63=FILL_AREA_STYLE_COLOUR('',#67);
#64=FILL_AREA_STYLE_COLOUR('',#68);
#65=FILL_AREA_STYLE_COLOUR('',#68);
#66=FILL_AREA_STYLE_COLOUR('',#68);
#67=COLOUR_RGB('Orange',1.,0.6,0.);
#68=COLOUR_RGB('Granite Gray',0.4,0.4,0.4);
#69=MANIFOLD_SOLID_BREP('',#74);
#70=MANIFOLD_SOLID_BREP('',#75);
#71=MANIFOLD_SOLID_BREP('',#76);
#72=MANIFOLD_SOLID_BREP('',#77);
#73=MANIFOLD_SOLID_BREP('',#78);
#74=CLOSED_SHELL('',(#1336,#1337,#1338,#1339,#1340,#1341,#1342,#1343,#1344,
#1345,#1346,#1347,#1348,#1349,#1350,#1351,#1352,#1353,#1354,#1355,#1356,
#1357,#1358,#1359,#1360,#1361,#1362,#1363,#1364,#1365,#1366,#1367,#1368,
#1369,#1370,#1371,#1372,#1373,#1374,#1375,#1376,#1377,#1378,#1379,#1380,
#1381,#1382,#1383,#1384,#1385,#1386,#1387,#1388,#1389,#1390,#1391,#1392,
#1393,#1394,#1395,#1396,#1397,#1398,#1399,#1400,#1401,#1402,#1403,#1404,
#1405,#1406,#1407,#1408,#1409));
#75=CLOSED_SHELL('',(#1410,#1411,#1412,#1413,#1414,#1415,#1416,#1417,#1418,
#1419,#1420,#1421,#1422,#1423,#1424,#1425,#1426,#1427,#1428,#1429,#1430,
#1431,#1432,#1433,#1434,#1435,#1436,#1437,#1438,#1439,#1440,#1441,#1442,
#1443,#1444,#1445,#1446,#1447,#1448,#1449,#1450,#1451,#1452,#1453,#1454,
#1455,#1456,#1457,#1458,#1459,#1460,#1461,#1462,#1463,#1464,#1465,#1466,
#1467,#1468,#1469,#1470,#1471,#1472,#1473,#1474,#1475,#1476,#1477,#1478,
#1479,#1480,#1481,#1482,#1483));
#76=CLOSED_SHELL('',(#1484,#1485,#1486,#1487,#1488,#1489,#1490,#1491,#1492,
#1493,#1494,#1495,#1496,#1497,#1498,#1499,#1500,#1501,#1502,#1503,#1504,
#1505,#1506,#1507,#1508,#1509,#1510,#1511,#1512,#1513,#1514,#1515,#1516,
#1517,#1518,#1519,#1520,#1521,#1522,#1523,#1524,#1525,#1526,#1527,#1528,
#1529,#1530,#1531,#1532,#1533,#1534,#1535,#1536,#1537,#1538,#1539,#1540,
#1541,#1542,#1543,#1544,#1545,#1546,#1547,#1548,#1549,#1550,#1551,#1552,
#1553,#1554,#1555,#1556,#1557,#1558,#1559,#1560,#1561,#1562,#1563,#1564,
#1565,#1566,#1567,#1568,#1569,#1570,#1571,#1572,#1573,#1574,#1575,#1576,
#1577,#1578,#1579,#1580,#1581,#1582,#1583,#1584,#1585,#1586,#1587,#1588,
#1589,#1590,#1591,#1592,#1593,#1594,#1595,#1596,#1597,#1598,#1599,#1600,
#1601,#1602,#1603,#1604,#1605,#1606,#1607,#1608,#1609,#1610,#1611,#1612,
#1613,#1614,#1615,#1616,#1617,#1618,#1619,#1620,#1621,#1622,#1623,#1624,
#1625,#1626,#1627,#1628,#1629,#1630,#1631,#1632,#1633,#1634,#1635,#1636,
#1637,#1638));
#77=CLOSED_SHELL('',(#1639,#1640,#1641,#1642,#1643,#1644,#1645,#1646,#1647,
#1648,#1649,#1650,#1651,#1652,#1653,#1654,#1655,#1656,#1657,#1658,#1659,
#1660,#1661,#1662,#1663,#1664,#1665,#1666,#1667,#1668,#1669,#1670,#1671,
#1672,#1673,#1674,#1675,#1676,#1677,#1678));
#78=CLOSED_SHELL('',(#1679,#1680,#1681,#1682,#1683,#1684,#1685,#1686,#1687,
#1688,#1689,#1690,#1691,#1692,#1693,#1694,#1695,#1696,#1697,#1698,#1699,
#1700,#1701,#1702,#1703,#1704,#1705,#1706,#1707,#1708,#1709,#1710,#1711,
#1712,#1713,#1714,#1715,#1716,#1717,#1718,#1719,#1720,#1721,#1722,#1723,
#1724,#1725,#1726,#1727,#1728,#1729,#1730,#1731,#1732,#1733,#1734,#1735,
#1736,#1737,#1738,#1739,#1740,#1741,#1742,#1743,#1744,#1745,#1746,#1747,
#1748,#1749,#1750,#1751,#1752,#1753,#1754,#1755,#1756,#1757,#1758,#1759,
#1760,#1761,#1762,#1763,#1764,#1765,#1766,#1767,#1768,#1769,#1770,#1771,
#1772,#1773,#1774,#1775,#1776,#1777,#1778,#1779,#1780,#1781,#1782,#1783,
#1784,#1785,#1786,#1787,#1788,#1789,#1790,#1791,#1792,#1793,#1794,#1795,
#1796,#1797,#1798,#1799,#1800,#1801,#1802,#1803,#1804,#1805,#1806,#1807,
#1808,#1809,#1810,#1811,#1812,#1813,#1814,#1815,#1816,#1817,#1818,#1819,
#1820,#1821,#1822,#1823,#1824,#1825,#1826,#1827,#1828,#1829,#1830,#1831,
#1832,#1833,#1834,#1835,#1836,#1837,#1838,#1839,#1840,#1841,#1842,#1843,
#1844,#1845,#1846,#1847,#1848,#1849,#1850,#1851,#1852,#1853,#1854,#1855,
#1856,#1857,#1858,#1859,#1860,#1861,#1862,#1863,#1864,#1865,#1866,#1867,
#1868,#1869,#1870));
#79=CONICAL_SURFACE('',#10441,3.,45.);
#80=CONICAL_SURFACE('',#10444,5.,45.);
#81=CONICAL_SURFACE('',#10445,3.,45.);
#82=CONICAL_SURFACE('',#10448,3.,45.);
#83=CONICAL_SURFACE('',#10449,5.,45.);
#84=CONICAL_SURFACE('',#10452,3.,45.);
#85=CONICAL_SURFACE('',#10453,3.,45.);
#86=CONICAL_SURFACE('',#10456,5.,45.0000000000001);
#87=CONICAL_SURFACE('',#10457,3.,45.0000000000001);
#88=CONICAL_SURFACE('',#10460,3.,45.);
#89=CONICAL_SURFACE('',#10461,5.,45.0000000000001);
#90=CONICAL_SURFACE('',#10464,3.,45.);
#91=CONICAL_SURFACE('',#10591,3.1,45.);
#92=CONICAL_SURFACE('',#10594,3.1,45.0000000000001);
#93=CONICAL_SURFACE('',#10595,4.9,45.0000000000001);
#94=CONICAL_SURFACE('',#10598,4.9,45.0000000000001);
#95=CONICAL_SURFACE('',#10599,3.1,45.0000000000001);
#96=CONICAL_SURFACE('',#10602,3.1,45.0000000000001);
#97=CONICAL_SURFACE('',#10603,3.1,45.);
#98=CONICAL_SURFACE('',#10606,3.1,45.0000000000001);
#99=CONICAL_SURFACE('',#10607,4.9,45.0000000000001);
#100=CONICAL_SURFACE('',#10610,4.9,45.0000000000001);
#101=CONICAL_SURFACE('',#10611,3.1,45.0000000000001);
#102=CONICAL_SURFACE('',#10614,3.1,45.0000000000001);
#103=CONICAL_SURFACE('',#11312,1.35,45.);
#104=CONICAL_SURFACE('',#11313,1.35,45.);
#105=CONICAL_SURFACE('',#11314,1.35,45.0000000000001);
#106=CONICAL_SURFACE('',#11315,1.35,45.0000000000001);
#107=CONICAL_SURFACE('',#11424,3.2,45.);
#108=CONICAL_SURFACE('',#11425,3.2,45.);
#109=CONICAL_SURFACE('',#11426,3.2,45.);
#110=CONICAL_SURFACE('',#11427,3.2,45.);
#111=CONICAL_SURFACE('',#11428,3.2,45.);
#112=CONICAL_SURFACE('',#11429,3.2,45.);
#113=CONICAL_SURFACE('',#11430,3.2,45.);
#114=CONICAL_SURFACE('',#11431,3.2,45.);
#115=CONICAL_SURFACE('',#11432,3.2,45.);
#116=CONICAL_SURFACE('',#11433,3.2,45.);
#117=CONICAL_SURFACE('',#11434,3.2,45.);
#118=FACE_BOUND('',#2565,.T.);
#119=FACE_BOUND('',#2566,.T.);
#120=FACE_BOUND('',#2567,.T.);
#121=FACE_BOUND('',#2568,.T.);
#122=FACE_BOUND('',#2569,.T.);
#123=FACE_BOUND('',#2570,.T.);
#124=FACE_BOUND('',#2571,.T.);
#125=FACE_BOUND('',#2572,.T.);
#126=FACE_BOUND('',#2573,.T.);
#127=FACE_BOUND('',#2574,.T.);
#128=FACE_BOUND('',#2575,.T.);
#129=FACE_BOUND('',#2576,.T.);
#130=FACE_BOUND('',#2577,.T.);
#131=FACE_BOUND('',#2578,.T.);
#132=FACE_BOUND('',#2579,.T.);
#133=FACE_BOUND('',#2580,.T.);
#134=FACE_BOUND('',#2582,.T.);
#135=FACE_BOUND('',#2583,.T.);
#136=FACE_BOUND('',#2584,.T.);
#137=FACE_BOUND('',#2585,.T.);
#138=FACE_BOUND('',#2586,.T.);
#139=FACE_BOUND('',#2587,.T.);
#140=FACE_BOUND('',#2588,.T.);
#141=FACE_BOUND('',#2589,.T.);
#142=FACE_BOUND('',#2590,.T.);
#143=FACE_BOUND('',#2591,.T.);
#144=FACE_BOUND('',#2592,.T.);
#145=FACE_BOUND('',#2593,.T.);
#146=FACE_BOUND('',#2594,.T.);
#147=FACE_BOUND('',#2595,.T.);
#148=FACE_BOUND('',#2596,.T.);
#149=FACE_BOUND('',#2597,.T.);
#150=FACE_BOUND('',#2598,.T.);
#151=FACE_BOUND('',#2599,.T.);
#152=FACE_BOUND('',#2600,.T.);
#153=FACE_BOUND('',#2601,.T.);
#154=FACE_BOUND('',#2676,.T.);
#155=FACE_BOUND('',#2677,.T.);
#156=FACE_BOUND('',#2678,.T.);
#157=FACE_BOUND('',#2679,.T.);
#158=FACE_BOUND('',#2680,.T.);
#159=FACE_BOUND('',#2681,.T.);
#160=FACE_BOUND('',#2682,.T.);
#161=FACE_BOUND('',#2683,.T.);
#162=FACE_BOUND('',#2684,.T.);
#163=FACE_BOUND('',#2685,.T.);
#164=FACE_BOUND('',#2686,.T.);
#165=FACE_BOUND('',#2687,.T.);
#166=FACE_BOUND('',#2688,.T.);
#167=FACE_BOUND('',#2689,.T.);
#168=FACE_BOUND('',#2692,.T.);
#169=FACE_BOUND('',#2693,.T.);
#170=FACE_BOUND('',#2694,.T.);
#171=FACE_BOUND('',#2695,.T.);
#172=FACE_BOUND('',#2696,.T.);
#173=FACE_BOUND('',#2697,.T.);
#174=FACE_BOUND('',#2698,.T.);
#175=FACE_BOUND('',#2699,.T.);
#176=FACE_BOUND('',#2700,.T.);
#177=FACE_BOUND('',#2701,.T.);
#178=FACE_BOUND('',#2702,.T.);
#179=FACE_BOUND('',#2703,.T.);
#180=FACE_BOUND('',#2704,.T.);
#181=FACE_BOUND('',#2705,.T.);
#182=FACE_BOUND('',#2706,.T.);
#183=FACE_BOUND('',#2707,.T.);
#184=FACE_BOUND('',#2708,.T.);
#185=FACE_BOUND('',#2709,.T.);
#186=FACE_BOUND('',#2710,.T.);
#187=FACE_BOUND('',#2711,.T.);
#188=FACE_BOUND('',#2712,.T.);
#189=FACE_BOUND('',#2713,.T.);
#190=FACE_BOUND('',#2738,.T.);
#191=FACE_BOUND('',#2739,.T.);
#192=FACE_BOUND('',#2740,.T.);
#193=FACE_BOUND('',#2741,.T.);
#194=FACE_BOUND('',#2742,.T.);
#195=FACE_BOUND('',#2743,.T.);
#196=FACE_BOUND('',#2744,.T.);
#197=FACE_BOUND('',#2745,.T.);
#198=FACE_BOUND('',#2746,.T.);
#199=FACE_BOUND('',#2747,.T.);
#200=FACE_BOUND('',#2748,.T.);
#201=FACE_BOUND('',#2749,.T.);
#202=FACE_BOUND('',#2750,.T.);
#203=FACE_BOUND('',#2751,.T.);
#204=FACE_BOUND('',#2752,.T.);
#205=FACE_BOUND('',#2753,.T.);
#206=FACE_BOUND('',#2754,.T.);
#207=FACE_BOUND('',#2755,.T.);
#208=FACE_BOUND('',#2756,.T.);
#209=FACE_BOUND('',#2757,.T.);
#210=FACE_BOUND('',#2758,.T.);
#211=FACE_BOUND('',#2759,.T.);
#212=FACE_BOUND('',#2760,.T.);
#213=FACE_BOUND('',#2761,.T.);
#214=FACE_BOUND('',#2762,.T.);
#215=FACE_BOUND('',#2763,.T.);
#216=FACE_BOUND('',#2764,.T.);
#217=FACE_BOUND('',#2765,.T.);
#218=FACE_BOUND('',#2766,.T.);
#219=FACE_BOUND('',#2767,.T.);
#220=FACE_BOUND('',#2768,.T.);
#221=FACE_BOUND('',#2769,.T.);
#222=FACE_BOUND('',#2770,.T.);
#223=FACE_BOUND('',#2771,.T.);
#224=FACE_BOUND('',#2772,.T.);
#225=FACE_BOUND('',#2773,.T.);
#226=FACE_BOUND('',#2774,.T.);
#227=FACE_BOUND('',#2776,.T.);
#228=FACE_BOUND('',#2777,.T.);
#229=FACE_BOUND('',#2778,.T.);
#230=FACE_BOUND('',#2779,.T.);
#231=FACE_BOUND('',#2780,.T.);
#232=FACE_BOUND('',#2781,.T.);
#233=FACE_BOUND('',#2782,.T.);
#234=FACE_BOUND('',#2783,.T.);
#235=FACE_BOUND('',#2784,.T.);
#236=FACE_BOUND('',#2785,.T.);
#237=FACE_BOUND('',#2786,.T.);
#238=FACE_BOUND('',#2787,.T.);
#239=FACE_BOUND('',#2788,.T.);
#240=FACE_BOUND('',#2789,.T.);
#241=FACE_BOUND('',#2790,.T.);
#242=FACE_BOUND('',#2791,.T.);
#243=FACE_BOUND('',#2792,.T.);
#244=FACE_BOUND('',#2793,.T.);
#245=FACE_BOUND('',#2794,.T.);
#246=FACE_BOUND('',#2795,.T.);
#247=FACE_BOUND('',#2796,.T.);
#248=FACE_BOUND('',#2797,.T.);
#249=FACE_BOUND('',#2798,.T.);
#250=FACE_BOUND('',#2799,.T.);
#251=FACE_BOUND('',#2800,.T.);
#252=FACE_BOUND('',#2801,.T.);
#253=FACE_BOUND('',#2802,.T.);
#254=FACE_BOUND('',#2803,.T.);
#255=FACE_BOUND('',#2804,.T.);
#256=FACE_BOUND('',#2805,.T.);
#257=FACE_BOUND('',#2806,.T.);
#258=FACE_BOUND('',#2807,.T.);
#259=FACE_BOUND('',#2808,.T.);
#260=FACE_BOUND('',#2809,.T.);
#261=FACE_BOUND('',#2810,.T.);
#262=FACE_BOUND('',#2811,.T.);
#263=FACE_BOUND('',#2812,.T.);
#264=FACE_BOUND('',#2818,.T.);
#265=FACE_BOUND('',#2819,.T.);
#266=FACE_BOUND('',#2820,.T.);
#267=FACE_BOUND('',#2821,.T.);
#268=FACE_BOUND('',#2822,.T.);
#269=FACE_BOUND('',#2823,.T.);
#270=FACE_BOUND('',#2824,.T.);
#271=FACE_BOUND('',#2825,.T.);
#272=FACE_BOUND('',#2826,.T.);
#273=FACE_BOUND('',#2827,.T.);
#274=FACE_BOUND('',#2828,.T.);
#275=FACE_BOUND('',#2829,.T.);
#276=FACE_BOUND('',#2830,.T.);
#277=FACE_BOUND('',#2831,.T.);
#278=FACE_BOUND('',#2832,.T.);
#279=FACE_BOUND('',#2833,.T.);
#280=FACE_BOUND('',#2834,.T.);
#281=FACE_BOUND('',#2835,.T.);
#282=FACE_BOUND('',#2836,.T.);
#283=FACE_BOUND('',#2837,.T.);
#284=FACE_BOUND('',#2838,.T.);
#285=FACE_BOUND('',#2839,.T.);
#286=FACE_BOUND('',#2840,.T.);
#287=FACE_BOUND('',#2841,.T.);
#288=FACE_BOUND('',#2842,.T.);
#289=FACE_BOUND('',#2843,.T.);
#290=FACE_BOUND('',#2844,.T.);
#291=FACE_BOUND('',#2845,.T.);
#292=FACE_BOUND('',#2846,.T.);
#293=FACE_BOUND('',#2847,.T.);
#294=FACE_BOUND('',#2848,.T.);
#295=FACE_BOUND('',#2849,.T.);
#296=FACE_BOUND('',#2851,.T.);
#297=FACE_BOUND('',#2852,.T.);
#298=FACE_BOUND('',#2853,.T.);
#299=FACE_BOUND('',#2854,.T.);
#300=FACE_BOUND('',#2855,.T.);
#301=FACE_BOUND('',#2856,.T.);
#302=FACE_BOUND('',#2857,.T.);
#303=FACE_BOUND('',#2858,.T.);
#304=FACE_BOUND('',#2859,.T.);
#305=FACE_BOUND('',#2860,.T.);
#306=FACE_BOUND('',#2861,.T.);
#307=FACE_BOUND('',#2862,.T.);
#308=FACE_BOUND('',#2879,.T.);
#309=FACE_BOUND('',#2880,.T.);
#310=FACE_BOUND('',#2881,.T.);
#311=FACE_BOUND('',#2882,.T.);
#312=FACE_BOUND('',#2947,.T.);
#313=FACE_BOUND('',#2948,.T.);
#314=FACE_BOUND('',#2992,.T.);
#315=FACE_BOUND('',#2993,.T.);
#316=FACE_BOUND('',#2994,.T.);
#317=FACE_BOUND('',#2995,.T.);
#318=FACE_BOUND('',#2996,.T.);
#319=FACE_BOUND('',#2997,.T.);
#320=FACE_BOUND('',#2998,.T.);
#321=FACE_BOUND('',#2999,.T.);
#322=FACE_BOUND('',#3015,.T.);
#323=FACE_BOUND('',#3016,.T.);
#324=FACE_BOUND('',#3017,.T.);
#325=FACE_BOUND('',#3018,.T.);
#326=FACE_BOUND('',#3019,.T.);
#327=FACE_BOUND('',#3020,.T.);
#328=FACE_BOUND('',#3021,.T.);
#329=FACE_BOUND('',#3022,.T.);
#330=FACE_BOUND('',#3023,.T.);
#331=FACE_BOUND('',#3024,.T.);
#332=FACE_BOUND('',#3025,.T.);
#333=FACE_BOUND('',#3026,.T.);
#334=FACE_BOUND('',#3027,.T.);
#335=FACE_BOUND('',#3028,.T.);
#336=FACE_BOUND('',#3029,.T.);
#337=FACE_BOUND('',#3030,.T.);
#338=FACE_BOUND('',#3031,.T.);
#339=FACE_BOUND('',#3032,.T.);
#340=FACE_BOUND('',#3033,.T.);
#341=FACE_BOUND('',#3034,.T.);
#342=FACE_BOUND('',#3054,.T.);
#343=FACE_BOUND('',#3055,.T.);
#344=FACE_BOUND('',#3056,.T.);
#345=FACE_BOUND('',#3057,.T.);
#346=FACE_BOUND('',#3058,.T.);
#347=FACE_BOUND('',#3059,.T.);
#348=FACE_BOUND('',#3060,.T.);
#349=FACE_BOUND('',#3061,.T.);
#350=FACE_BOUND('',#3062,.T.);
#351=FACE_BOUND('',#3063,.T.);
#352=FACE_BOUND('',#3064,.T.);
#353=FACE_BOUND('',#3065,.T.);
#354=FACE_BOUND('',#3066,.T.);
#355=FACE_BOUND('',#3067,.T.);
#356=FACE_BOUND('',#3068,.T.);
#357=FACE_BOUND('',#3069,.T.);
#358=FACE_BOUND('',#3070,.T.);
#359=FACE_BOUND('',#3071,.T.);
#360=FACE_BOUND('',#3072,.T.);
#361=FACE_BOUND('',#3073,.T.);
#362=FACE_BOUND('',#3074,.T.);
#363=FACE_BOUND('',#3075,.T.);
#364=FACE_BOUND('',#3076,.T.);
#365=FACE_BOUND('',#3077,.T.);
#366=FACE_BOUND('',#3078,.T.);
#367=FACE_BOUND('',#3079,.T.);
#368=FACE_BOUND('',#3080,.T.);
#369=FACE_BOUND('',#3081,.T.);
#370=FACE_BOUND('',#3082,.T.);
#371=FACE_BOUND('',#3083,.T.);
#372=FACE_BOUND('',#3084,.T.);
#373=FACE_BOUND('',#3085,.T.);
#374=FACE_BOUND('',#3086,.T.);
#375=FACE_BOUND('',#3087,.T.);
#376=FACE_BOUND('',#3088,.T.);
#377=FACE_BOUND('',#3089,.T.);
#378=FACE_BOUND('',#3090,.T.);
#379=FACE_BOUND('',#3091,.T.);
#380=FACE_BOUND('',#3092,.T.);
#381=FACE_BOUND('',#3093,.T.);
#382=FACE_BOUND('',#3094,.T.);
#383=FACE_BOUND('',#3095,.T.);
#384=FACE_BOUND('',#3096,.T.);
#385=FACE_BOUND('',#3097,.T.);
#386=FACE_BOUND('',#3098,.T.);
#387=FACE_BOUND('',#3099,.T.);
#388=FACE_BOUND('',#3100,.T.);
#389=FACE_BOUND('',#3101,.T.);
#390=FACE_BOUND('',#3102,.T.);
#391=FACE_BOUND('',#3103,.T.);
#392=FACE_BOUND('',#3104,.T.);
#393=FACE_BOUND('',#3105,.T.);
#394=FACE_BOUND('',#3106,.T.);
#395=FACE_BOUND('',#3107,.T.);
#396=FACE_BOUND('',#3108,.T.);
#397=FACE_BOUND('',#3109,.T.);
#398=FACE_BOUND('',#3110,.T.);
#399=FACE_BOUND('',#3111,.T.);
#400=FACE_BOUND('',#3112,.T.);
#401=FACE_BOUND('',#3113,.T.);
#402=FACE_BOUND('',#3114,.T.);
#403=FACE_BOUND('',#3115,.T.);
#404=FACE_BOUND('',#3116,.T.);
#405=FACE_BOUND('',#3117,.T.);
#406=FACE_BOUND('',#3118,.T.);
#407=FACE_BOUND('',#3119,.T.);
#408=FACE_BOUND('',#3120,.T.);
#409=FACE_BOUND('',#3121,.T.);
#410=FACE_BOUND('',#3126,.T.);
#411=FACE_BOUND('',#3127,.T.);
#412=FACE_BOUND('',#3128,.T.);
#413=FACE_BOUND('',#3129,.T.);
#414=FACE_BOUND('',#3130,.T.);
#415=FACE_BOUND('',#3131,.T.);
#416=FACE_BOUND('',#3132,.T.);
#417=FACE_BOUND('',#3133,.T.);
#418=FACE_BOUND('',#3134,.T.);
#419=FACE_BOUND('',#3135,.T.);
#420=FACE_BOUND('',#3136,.T.);
#421=FACE_BOUND('',#3137,.T.);
#422=FACE_BOUND('',#3138,.T.);
#423=FACE_BOUND('',#3139,.T.);
#424=FACE_BOUND('',#3140,.T.);
#425=FACE_BOUND('',#3141,.T.);
#426=FACE_BOUND('',#3142,.T.);
#427=FACE_BOUND('',#3143,.T.);
#428=FACE_BOUND('',#3144,.T.);
#429=FACE_BOUND('',#3145,.T.);
#430=FACE_BOUND('',#3146,.T.);
#431=FACE_BOUND('',#3147,.T.);
#432=FACE_BOUND('',#3148,.T.);
#433=FACE_BOUND('',#3149,.T.);
#434=FACE_BOUND('',#3150,.T.);
#435=FACE_BOUND('',#3151,.T.);
#436=FACE_BOUND('',#3152,.T.);
#437=FACE_BOUND('',#3153,.T.);
#438=FACE_BOUND('',#3202,.T.);
#439=FACE_BOUND('',#3203,.T.);
#440=FACE_BOUND('',#3204,.T.);
#441=FACE_BOUND('',#3205,.T.);
#442=FACE_BOUND('',#3206,.T.);
#443=FACE_BOUND('',#3207,.T.);
#444=FACE_BOUND('',#3208,.T.);
#445=FACE_BOUND('',#3209,.T.);
#446=FACE_BOUND('',#3310,.T.);
#447=FACE_BOUND('',#3311,.T.);
#448=FACE_BOUND('',#3312,.T.);
#449=FACE_BOUND('',#3313,.T.);
#450=FACE_BOUND('',#3314,.T.);
#451=FACE_BOUND('',#3315,.T.);
#452=FACE_BOUND('',#3316,.T.);
#453=FACE_BOUND('',#3317,.T.);
#454=FACE_BOUND('',#3318,.T.);
#455=FACE_BOUND('',#3319,.T.);
#456=FACE_BOUND('',#3320,.T.);
#457=FACE_BOUND('',#3321,.T.);
#458=FACE_BOUND('',#3322,.T.);
#459=FACE_BOUND('',#3323,.T.);
#460=FACE_BOUND('',#3324,.T.);
#461=FACE_BOUND('',#3325,.T.);
#462=FACE_BOUND('',#3326,.T.);
#463=FACE_BOUND('',#3327,.T.);
#464=FACE_BOUND('',#3328,.T.);
#465=FACE_BOUND('',#3329,.T.);
#466=FACE_BOUND('',#3330,.T.);
#467=FACE_BOUND('',#3331,.T.);
#468=FACE_BOUND('',#3332,.T.);
#469=FACE_BOUND('',#3333,.T.);
#470=FACE_BOUND('',#3334,.T.);
#471=FACE_BOUND('',#3335,.T.);
#472=FACE_BOUND('',#3336,.T.);
#473=FACE_BOUND('',#3337,.T.);
#474=FACE_BOUND('',#3338,.T.);
#475=FACE_BOUND('',#3339,.T.);
#476=FACE_BOUND('',#3340,.T.);
#477=FACE_BOUND('',#3341,.T.);
#478=CYLINDRICAL_SURFACE('',#10321,3.1);
#479=CYLINDRICAL_SURFACE('',#10325,4.9);
#480=CYLINDRICAL_SURFACE('',#10329,3.1);
#481=CYLINDRICAL_SURFACE('',#10333,3.1);
#482=CYLINDRICAL_SURFACE('',#10337,4.9);
#483=CYLINDRICAL_SURFACE('',#10341,3.1);
#484=CYLINDRICAL_SURFACE('',#10345,3.1);
#485=CYLINDRICAL_SURFACE('',#10349,4.9);
#486=CYLINDRICAL_SURFACE('',#10353,3.1);
#487=CYLINDRICAL_SURFACE('',#10357,3.1);
#488=CYLINDRICAL_SURFACE('',#10361,4.9);
#489=CYLINDRICAL_SURFACE('',#10365,3.1);
#490=CYLINDRICAL_SURFACE('',#10368,1.6);
#491=CYLINDRICAL_SURFACE('',#10371,1.6);
#492=CYLINDRICAL_SURFACE('',#10374,1.1);
#493=CYLINDRICAL_SURFACE('',#10377,1.1);
#494=CYLINDRICAL_SURFACE('',#10380,1.1);
#495=CYLINDRICAL_SURFACE('',#10383,1.1);
#496=CYLINDRICAL_SURFACE('',#10386,1.6);
#497=CYLINDRICAL_SURFACE('',#10389,1.6);
#498=CYLINDRICAL_SURFACE('',#10429,3.);
#499=CYLINDRICAL_SURFACE('',#10430,3.);
#500=CYLINDRICAL_SURFACE('',#10431,3.);
#501=CYLINDRICAL_SURFACE('',#10432,3.);
#502=CYLINDRICAL_SURFACE('',#10433,3.);
#503=CYLINDRICAL_SURFACE('',#10434,3.);
#504=CYLINDRICAL_SURFACE('',#10435,3.);
#505=CYLINDRICAL_SURFACE('',#10436,3.);
#506=CYLINDRICAL_SURFACE('',#10437,1.);
#507=CYLINDRICAL_SURFACE('',#10438,1.);
#508=CYLINDRICAL_SURFACE('',#10439,1.);
#509=CYLINDRICAL_SURFACE('',#10440,1.);
#510=CYLINDRICAL_SURFACE('',#10468,3.);
#511=CYLINDRICAL_SURFACE('',#10471,1.);
#512=CYLINDRICAL_SURFACE('',#10474,3.);
#513=CYLINDRICAL_SURFACE('',#10478,3.);
#514=CYLINDRICAL_SURFACE('',#10481,1.);
#515=CYLINDRICAL_SURFACE('',#10484,3.);
#516=CYLINDRICAL_SURFACE('',#10488,3.);
#517=CYLINDRICAL_SURFACE('',#10491,1.);
#518=CYLINDRICAL_SURFACE('',#10494,3.);
#519=CYLINDRICAL_SURFACE('',#10498,3.);
#520=CYLINDRICAL_SURFACE('',#10501,1.);
#521=CYLINDRICAL_SURFACE('',#10505,3.1);
#522=CYLINDRICAL_SURFACE('',#10509,3.1);
#523=CYLINDRICAL_SURFACE('',#10513,4.9);
#524=CYLINDRICAL_SURFACE('',#10517,3.1);
#525=CYLINDRICAL_SURFACE('',#10521,3.1);
#526=CYLINDRICAL_SURFACE('',#10525,4.9);
#527=CYLINDRICAL_SURFACE('',#10529,3.1);
#528=CYLINDRICAL_SURFACE('',#10533,3.1);
#529=CYLINDRICAL_SURFACE('',#10537,4.9);
#530=CYLINDRICAL_SURFACE('',#10541,3.1);
#531=CYLINDRICAL_SURFACE('',#10545,3.1);
#532=CYLINDRICAL_SURFACE('',#10549,2.1375);
#533=CYLINDRICAL_SURFACE('',#10552,1.1);
#534=CYLINDRICAL_SURFACE('',#10555,1.1);
#535=CYLINDRICAL_SURFACE('',#10558,1.1);
#536=CYLINDRICAL_SURFACE('',#10561,1.1);
#537=CYLINDRICAL_SURFACE('',#10564,2.1375);
#538=CYLINDRICAL_SURFACE('',#10567,2.1375);
#539=CYLINDRICAL_SURFACE('',#10570,3.);
#540=CYLINDRICAL_SURFACE('',#10573,4.9);
#541=CYLINDRICAL_SURFACE('',#10576,2.1375);
#542=CYLINDRICAL_SURFACE('',#10802,3.5);
#543=CYLINDRICAL_SURFACE('',#10803,3.5);
#544=CYLINDRICAL_SURFACE('',#10807,1.6);
#545=CYLINDRICAL_SURFACE('',#10808,1.6);
#546=CYLINDRICAL_SURFACE('',#10809,2.1);
#547=CYLINDRICAL_SURFACE('',#10810,2.1);
#548=CYLINDRICAL_SURFACE('',#10811,2.1);
#549=CYLINDRICAL_SURFACE('',#10812,2.1);
#550=CYLINDRICAL_SURFACE('',#10813,1.6);
#551=CYLINDRICAL_SURFACE('',#10814,1.6);
#552=CYLINDRICAL_SURFACE('',#10815,1.6);
#553=CYLINDRICAL_SURFACE('',#10816,1.6);
#554=CYLINDRICAL_SURFACE('',#10817,1.6);
#555=CYLINDRICAL_SURFACE('',#10818,1.6);
#556=CYLINDRICAL_SURFACE('',#10819,1.6);
#557=CYLINDRICAL_SURFACE('',#10820,1.6);
#558=CYLINDRICAL_SURFACE('',#10821,1.6);
#559=CYLINDRICAL_SURFACE('',#10822,1.6);
#560=CYLINDRICAL_SURFACE('',#10824,1.6);
#561=CYLINDRICAL_SURFACE('',#10825,1.6);
#562=CYLINDRICAL_SURFACE('',#10826,1.6);
#563=CYLINDRICAL_SURFACE('',#10827,1.6);
#564=CYLINDRICAL_SURFACE('',#10828,1.6);
#565=CYLINDRICAL_SURFACE('',#10829,1.6);
#566=CYLINDRICAL_SURFACE('',#10830,7.);
#567=CYLINDRICAL_SURFACE('',#10831,7.);
#568=CYLINDRICAL_SURFACE('',#10838,5.);
#569=CYLINDRICAL_SURFACE('',#10839,5.);
#570=CYLINDRICAL_SURFACE('',#10840,2.);
#571=CYLINDRICAL_SURFACE('',#10841,2.);
#572=CYLINDRICAL_SURFACE('',#10842,1.);
#573=CYLINDRICAL_SURFACE('',#10843,1.);
#574=CYLINDRICAL_SURFACE('',#10844,40.);
#575=CYLINDRICAL_SURFACE('',#10845,40.);
#576=CYLINDRICAL_SURFACE('',#10846,1.6);
#577=CYLINDRICAL_SURFACE('',#10847,1.6);
#578=CYLINDRICAL_SURFACE('',#10849,45.);
#579=CYLINDRICAL_SURFACE('',#10862,1.99999999999999);
#580=CYLINDRICAL_SURFACE('',#10864,2.);
#581=CYLINDRICAL_SURFACE('',#10866,7.);
#582=CYLINDRICAL_SURFACE('',#10875,45.);
#583=CYLINDRICAL_SURFACE('',#10882,7.);
#584=CYLINDRICAL_SURFACE('',#10884,2.);
#585=CYLINDRICAL_SURFACE('',#10886,1.99999999999998);
#586=CYLINDRICAL_SURFACE('',#10896,2.5);
#587=CYLINDRICAL_SURFACE('',#10898,2.5);
#588=CYLINDRICAL_SURFACE('',#10900,2.5);
#589=CYLINDRICAL_SURFACE('',#10902,2.5);
#590=CYLINDRICAL_SURFACE('',#10904,2.);
#591=CYLINDRICAL_SURFACE('',#10906,2.);
#592=CYLINDRICAL_SURFACE('',#10912,14.5);
#593=CYLINDRICAL_SURFACE('',#10913,1.5);
#594=CYLINDRICAL_SURFACE('',#10914,1.5);
#595=CYLINDRICAL_SURFACE('',#10915,1.5);
#596=CYLINDRICAL_SURFACE('',#10916,1.5);
#597=CYLINDRICAL_SURFACE('',#10917,1.5);
#598=CYLINDRICAL_SURFACE('',#10918,1.5);
#599=CYLINDRICAL_SURFACE('',#10919,1.5);
#600=CYLINDRICAL_SURFACE('',#10920,1.5);
#601=CYLINDRICAL_SURFACE('',#10921,1.5);
#602=CYLINDRICAL_SURFACE('',#10922,1.5);
#603=CYLINDRICAL_SURFACE('',#10923,1.5);
#604=CYLINDRICAL_SURFACE('',#10924,1.5);
#605=CYLINDRICAL_SURFACE('',#10925,1.5);
#606=CYLINDRICAL_SURFACE('',#10926,1.5);
#607=CYLINDRICAL_SURFACE('',#10927,2.);
#608=CYLINDRICAL_SURFACE('',#10928,2.);
#609=CYLINDRICAL_SURFACE('',#10929,2.);
#610=CYLINDRICAL_SURFACE('',#10930,2.);
#611=CYLINDRICAL_SURFACE('',#10931,2.);
#612=CYLINDRICAL_SURFACE('',#10932,2.);
#613=CYLINDRICAL_SURFACE('',#10933,2.);
#614=CYLINDRICAL_SURFACE('',#10934,2.);
#615=CYLINDRICAL_SURFACE('',#10935,2.);
#616=CYLINDRICAL_SURFACE('',#10936,2.);
#617=CYLINDRICAL_SURFACE('',#10937,2.);
#618=CYLINDRICAL_SURFACE('',#10938,2.);
#619=CYLINDRICAL_SURFACE('',#10939,2.);
#620=CYLINDRICAL_SURFACE('',#10940,2.);
#621=CYLINDRICAL_SURFACE('',#10941,2.);
#622=CYLINDRICAL_SURFACE('',#10942,2.);
#623=CYLINDRICAL_SURFACE('',#10943,2.);
#624=CYLINDRICAL_SURFACE('',#10944,2.);
#625=CYLINDRICAL_SURFACE('',#10945,2.);
#626=CYLINDRICAL_SURFACE('',#10946,2.);
#627=CYLINDRICAL_SURFACE('',#10947,2.);
#628=CYLINDRICAL_SURFACE('',#10948,2.);
#629=CYLINDRICAL_SURFACE('',#10949,2.);
#630=CYLINDRICAL_SURFACE('',#10950,5.);
#631=CYLINDRICAL_SURFACE('',#10951,5.);
#632=CYLINDRICAL_SURFACE('',#10952,1.);
#633=CYLINDRICAL_SURFACE('',#10953,1.);
#634=CYLINDRICAL_SURFACE('',#10956,5.);
#635=CYLINDRICAL_SURFACE('',#10959,5.);
#636=CYLINDRICAL_SURFACE('',#10983,3.);
#637=CYLINDRICAL_SURFACE('',#10986,3.);
#638=CYLINDRICAL_SURFACE('',#10989,5.);
#639=CYLINDRICAL_SURFACE('',#10994,5.);
#640=CYLINDRICAL_SURFACE('',#10997,3.);
#641=CYLINDRICAL_SURFACE('',#11000,3.);
#642=CYLINDRICAL_SURFACE('',#11017,2.125);
#643=CYLINDRICAL_SURFACE('',#11018,2.125);
#644=CYLINDRICAL_SURFACE('',#11019,2.125);
#645=CYLINDRICAL_SURFACE('',#11020,2.125);
#646=CYLINDRICAL_SURFACE('',#11021,2.125);
#647=CYLINDRICAL_SURFACE('',#11022,2.125);
#648=CYLINDRICAL_SURFACE('',#11026,3.5);
#649=CYLINDRICAL_SURFACE('',#11027,3.5);
#650=CYLINDRICAL_SURFACE('',#11032,5.);
#651=CYLINDRICAL_SURFACE('',#11033,5.);
#652=CYLINDRICAL_SURFACE('',#11034,5.);
#653=CYLINDRICAL_SURFACE('',#11035,5.);
#654=CYLINDRICAL_SURFACE('',#11036,2.);
#655=CYLINDRICAL_SURFACE('',#11037,2.);
#656=CYLINDRICAL_SURFACE('',#11239,1.35);
#657=CYLINDRICAL_SURFACE('',#11241,1.35);
#658=CYLINDRICAL_SURFACE('',#11243,1.35);
#659=CYLINDRICAL_SURFACE('',#11245,1.35);
#660=CYLINDRICAL_SURFACE('',#11247,1.6);
#661=CYLINDRICAL_SURFACE('',#11249,1.6);
#662=CYLINDRICAL_SURFACE('',#11251,1.6);
#663=CYLINDRICAL_SURFACE('',#11253,1.6);
#664=CYLINDRICAL_SURFACE('',#11255,1.6);
#665=CYLINDRICAL_SURFACE('',#11257,1.6);
#666=CYLINDRICAL_SURFACE('',#11258,1.1);
#667=CYLINDRICAL_SURFACE('',#11259,1.1);
#668=CYLINDRICAL_SURFACE('',#11261,1.6);
#669=CYLINDRICAL_SURFACE('',#11263,1.6);
#670=CYLINDRICAL_SURFACE('',#11264,7.);
#671=CYLINDRICAL_SURFACE('',#11265,7.);
#672=CYLINDRICAL_SURFACE('',#11266,7.);
#673=CYLINDRICAL_SURFACE('',#11267,7.);
#674=CYLINDRICAL_SURFACE('',#11288,2.);
#675=CYLINDRICAL_SURFACE('',#11289,2.);
#676=CYLINDRICAL_SURFACE('',#11290,2.);
#677=CYLINDRICAL_SURFACE('',#11291,2.);
#678=CYLINDRICAL_SURFACE('',#11292,2.);
#679=CYLINDRICAL_SURFACE('',#11293,2.);
#680=CYLINDRICAL_SURFACE('',#11294,2.);
#681=CYLINDRICAL_SURFACE('',#11295,2.);
#682=CYLINDRICAL_SURFACE('',#11296,3.);
#683=CYLINDRICAL_SURFACE('',#11297,3.);
#684=CYLINDRICAL_SURFACE('',#11298,3.);
#685=CYLINDRICAL_SURFACE('',#11299,3.);
#686=CYLINDRICAL_SURFACE('',#11300,3.);
#687=CYLINDRICAL_SURFACE('',#11301,3.);
#688=CYLINDRICAL_SURFACE('',#11302,3.);
#689=CYLINDRICAL_SURFACE('',#11303,3.);
#690=CYLINDRICAL_SURFACE('',#11304,4.);
#691=CYLINDRICAL_SURFACE('',#11305,4.);
#692=CYLINDRICAL_SURFACE('',#11306,4.);
#693=CYLINDRICAL_SURFACE('',#11307,4.);
#694=CYLINDRICAL_SURFACE('',#11308,4.);
#695=CYLINDRICAL_SURFACE('',#11309,4.);
#696=CYLINDRICAL_SURFACE('',#11310,4.);
#697=CYLINDRICAL_SURFACE('',#11311,4.);
#698=CYLINDRICAL_SURFACE('',#11368,2.);
#699=CYLINDRICAL_SURFACE('',#11369,2.);
#700=CYLINDRICAL_SURFACE('',#11370,2.);
#701=CYLINDRICAL_SURFACE('',#11371,2.);
#702=CYLINDRICAL_SURFACE('',#11372,2.);
#703=CYLINDRICAL_SURFACE('',#11373,2.);
#704=CYLINDRICAL_SURFACE('',#11374,2.);
#705=CYLINDRICAL_SURFACE('',#11375,2.);
#706=CYLINDRICAL_SURFACE('',#11376,2.);
#707=CYLINDRICAL_SURFACE('',#11377,2.);
#708=CYLINDRICAL_SURFACE('',#11378,2.);
#709=CYLINDRICAL_SURFACE('',#11379,2.);
#710=CYLINDRICAL_SURFACE('',#11380,2.);
#711=CYLINDRICAL_SURFACE('',#11381,2.);
#712=CYLINDRICAL_SURFACE('',#11382,2.);
#713=CYLINDRICAL_SURFACE('',#11383,2.);
#714=CYLINDRICAL_SURFACE('',#11384,2.);
#715=CYLINDRICAL_SURFACE('',#11385,2.);
#716=CYLINDRICAL_SURFACE('',#11386,2.);
#717=CYLINDRICAL_SURFACE('',#11387,2.);
#718=CYLINDRICAL_SURFACE('',#11388,2.);
#719=CYLINDRICAL_SURFACE('',#11389,2.);
#720=CYLINDRICAL_SURFACE('',#11390,2.);
#721=CYLINDRICAL_SURFACE('',#11391,2.);
#722=CYLINDRICAL_SURFACE('',#11392,2.);
#723=CYLINDRICAL_SURFACE('',#11393,2.);
#724=CYLINDRICAL_SURFACE('',#11394,2.);
#725=CYLINDRICAL_SURFACE('',#11395,2.);
#726=CYLINDRICAL_SURFACE('',#11396,2.);
#727=CYLINDRICAL_SURFACE('',#11397,2.);
#728=CYLINDRICAL_SURFACE('',#11398,2.);
#729=CYLINDRICAL_SURFACE('',#11399,2.);
#730=CYLINDRICAL_SURFACE('',#11400,2.);
#731=CYLINDRICAL_SURFACE('',#11401,2.);
#732=CYLINDRICAL_SURFACE('',#11402,2.);
#733=CYLINDRICAL_SURFACE('',#11403,2.);
#734=CYLINDRICAL_SURFACE('',#11404,2.);
#735=CYLINDRICAL_SURFACE('',#11405,2.);
#736=CYLINDRICAL_SURFACE('',#11406,2.);
#737=CYLINDRICAL_SURFACE('',#11407,2.);
#738=CYLINDRICAL_SURFACE('',#11408,2.);
#739=CYLINDRICAL_SURFACE('',#11409,2.);
#740=CYLINDRICAL_SURFACE('',#11410,2.);
#741=CYLINDRICAL_SURFACE('',#11411,2.);
#742=CYLINDRICAL_SURFACE('',#11412,2.);
#743=CYLINDRICAL_SURFACE('',#11413,2.);
#744=CYLINDRICAL_SURFACE('',#11414,2.);
#745=CYLINDRICAL_SURFACE('',#11415,2.);
#746=CYLINDRICAL_SURFACE('',#11417,1.6);
#747=CYLINDRICAL_SURFACE('',#11419,1.6);
#748=CYLINDRICAL_SURFACE('',#11420,1.6);
#749=CYLINDRICAL_SURFACE('',#11421,1.6);
#750=CYLINDRICAL_SURFACE('',#11423,1.6);
#751=CIRCLE('',#10319,3.1);
#752=CIRCLE('',#10320,3.1);
#753=CIRCLE('',#10323,4.9);
#754=CIRCLE('',#10324,4.9);
#755=CIRCLE('',#10327,3.1);
#756=CIRCLE('',#10328,3.1);
#757=CIRCLE('',#10331,3.1);
#758=CIRCLE('',#10332,3.1);
#759=CIRCLE('',#10335,4.9);
#760=CIRCLE('',#10336,4.9);
#761=CIRCLE('',#10339,3.1);
#762=CIRCLE('',#10340,3.1);
#763=CIRCLE('',#10343,3.1);
#764=CIRCLE('',#10344,3.1);
#765=CIRCLE('',#10347,4.9);
#766=CIRCLE('',#10348,4.9);
#767=CIRCLE('',#10351,3.1);
#768=CIRCLE('',#10352,3.1);
#769=CIRCLE('',#10355,3.1);
#770=CIRCLE('',#10356,3.1);
#771=CIRCLE('',#10359,4.9);
#772=CIRCLE('',#10360,4.9);
#773=CIRCLE('',#10363,3.1);
#774=CIRCLE('',#10364,3.1);
#775=CIRCLE('',#10366,1.6);
#776=CIRCLE('',#10367,1.6);
#777=CIRCLE('',#10369,1.6);
#778=CIRCLE('',#10370,1.6);
#779=CIRCLE('',#10372,1.1);
#780=CIRCLE('',#10373,1.1);
#781=CIRCLE('',#10375,1.1);
#782=CIRCLE('',#10376,1.1);
#783=CIRCLE('',#10378,1.1);
#784=CIRCLE('',#10379,1.1);
#785=CIRCLE('',#10381,1.1);
#786=CIRCLE('',#10382,1.1);
#787=CIRCLE('',#10384,1.6);
#788=CIRCLE('',#10385,1.6);
#789=CIRCLE('',#10387,1.6);
#790=CIRCLE('',#10388,1.6);
#791=CIRCLE('',#10391,3.5);
#792=CIRCLE('',#10392,3.5);
#793=CIRCLE('',#10393,4.5);
#794=CIRCLE('',#10394,3.5);
#795=CIRCLE('',#10395,3.5);
#796=CIRCLE('',#10396,4.5);
#797=CIRCLE('',#10397,3.5);
#798=CIRCLE('',#10398,3.5);
#799=CIRCLE('',#10399,4.5);
#800=CIRCLE('',#10400,3.5);
#801=CIRCLE('',#10401,3.5);
#802=CIRCLE('',#10402,4.5);
#803=CIRCLE('',#10403,3.);
#804=CIRCLE('',#10404,1.);
#805=CIRCLE('',#10405,3.);
#806=CIRCLE('',#10406,3.);
#807=CIRCLE('',#10407,1.);
#808=CIRCLE('',#10408,3.);
#809=CIRCLE('',#10409,3.);
#810=CIRCLE('',#10410,1.);
#811=CIRCLE('',#10411,3.);
#812=CIRCLE('',#10412,3.);
#813=CIRCLE('',#10413,1.);
#814=CIRCLE('',#10414,3.);
#815=CIRCLE('',#10416,3.);
#816=CIRCLE('',#10417,1.);
#817=CIRCLE('',#10418,3.);
#818=CIRCLE('',#10419,3.);
#819=CIRCLE('',#10420,1.);
#820=CIRCLE('',#10421,3.);
#821=CIRCLE('',#10422,3.);
#822=CIRCLE('',#10423,1.);
#823=CIRCLE('',#10424,3.);
#824=CIRCLE('',#10425,3.);
#825=CIRCLE('',#10426,1.);
#826=CIRCLE('',#10427,3.);
#827=CIRCLE('',#10466,3.);
#828=CIRCLE('',#10467,3.);
#829=CIRCLE('',#10469,1.);
#830=CIRCLE('',#10470,1.);
#831=CIRCLE('',#10472,3.);
#832=CIRCLE('',#10473,3.);
#833=CIRCLE('',#10476,3.);
#834=CIRCLE('',#10477,3.);
#835=CIRCLE('',#10479,1.);
#836=CIRCLE('',#10480,1.);
#837=CIRCLE('',#10482,3.);
#838=CIRCLE('',#10483,3.);
#839=CIRCLE('',#10486,3.);
#840=CIRCLE('',#10487,3.);
#841=CIRCLE('',#10489,1.);
#842=CIRCLE('',#10490,1.);
#843=CIRCLE('',#10492,3.);
#844=CIRCLE('',#10493,3.);
#845=CIRCLE('',#10496,3.);
#846=CIRCLE('',#10497,3.);
#847=CIRCLE('',#10499,1.);
#848=CIRCLE('',#10500,1.);
#849=CIRCLE('',#10503,3.1);
#850=CIRCLE('',#10504,3.1);
#851=CIRCLE('',#10507,3.1);
#852=CIRCLE('',#10508,3.1);
#853=CIRCLE('',#10511,4.9);
#854=CIRCLE('',#10512,4.9);
#855=CIRCLE('',#10515,3.1);
#856=CIRCLE('',#10516,3.1);
#857=CIRCLE('',#10519,3.1);
#858=CIRCLE('',#10520,3.1);
#859=CIRCLE('',#10523,4.9);
#860=CIRCLE('',#10524,4.9);
#861=CIRCLE('',#10527,3.1);
#862=CIRCLE('',#10528,3.1);
#863=CIRCLE('',#10531,3.1);
#864=CIRCLE('',#10532,3.1);
#865=CIRCLE('',#10535,4.9);
#866=CIRCLE('',#10536,4.9);
#867=CIRCLE('',#10539,3.1);
#868=CIRCLE('',#10540,3.1);
#869=CIRCLE('',#10543,3.1);
#870=CIRCLE('',#10544,3.1);
#871=CIRCLE('',#10547,2.1375);
#872=CIRCLE('',#10548,2.1375);
#873=CIRCLE('',#10550,1.1);
#874=CIRCLE('',#10551,1.1);
#875=CIRCLE('',#10553,1.1);
#876=CIRCLE('',#10554,1.1);
#877=CIRCLE('',#10556,1.1);
#878=CIRCLE('',#10557,1.1);
#879=CIRCLE('',#10559,1.1);
#880=CIRCLE('',#10560,1.1);
#881=CIRCLE('',#10562,2.1375);
#882=CIRCLE('',#10563,2.1375);
#883=CIRCLE('',#10565,2.1375);
#884=CIRCLE('',#10566,2.1375);
#885=CIRCLE('',#10568,3.);
#886=CIRCLE('',#10569,3.);
#887=CIRCLE('',#10571,4.9);
#888=CIRCLE('',#10572,4.9);
#889=CIRCLE('',#10574,2.1375);
#890=CIRCLE('',#10575,2.1375);
#891=CIRCLE('',#10577,3.6);
#892=CIRCLE('',#10578,4.4);
#893=CIRCLE('',#10579,3.6);
#894=CIRCLE('',#10580,3.6);
#895=CIRCLE('',#10581,4.4);
#896=CIRCLE('',#10582,3.6);
#897=CIRCLE('',#10583,3.6);
#898=CIRCLE('',#10584,4.4);
#899=CIRCLE('',#10585,3.6);
#900=CIRCLE('',#10586,3.6);
#901=CIRCLE('',#10587,4.4);
#902=CIRCLE('',#10588,3.6);
#903=CIRCLE('',#10615,2.);
#904=CIRCLE('',#10616,2.);
#905=CIRCLE('',#10617,2.);
#906=CIRCLE('',#10618,2.);
#907=CIRCLE('',#10619,2.);
#908=CIRCLE('',#10620,2.);
#909=CIRCLE('',#10621,2.);
#910=CIRCLE('',#10622,2.);
#911=CIRCLE('',#10623,1.5);
#912=CIRCLE('',#10624,3.5);
#913=CIRCLE('',#10625,1.5);
#914=CIRCLE('',#10626,1.5);
#915=CIRCLE('',#10627,1.5);
#916=CIRCLE('',#10628,1.5);
#917=CIRCLE('',#10629,1.5);
#918=CIRCLE('',#10630,1.5);
#919=CIRCLE('',#10631,45.);
#920=CIRCLE('',#10632,2.);
#921=CIRCLE('',#10633,5.);
#922=CIRCLE('',#10634,7.);
#923=CIRCLE('',#10635,2.);
#924=CIRCLE('',#10636,1.99999999999999);
#925=CIRCLE('',#10637,2.);
#926=CIRCLE('',#10638,2.);
#927=CIRCLE('',#10639,2.);
#928=CIRCLE('',#10640,1.6);
#929=CIRCLE('',#10641,1.6);
#930=CIRCLE('',#10642,1.6);
#931=CIRCLE('',#10643,2.1);
#932=CIRCLE('',#10644,2.1);
#933=CIRCLE('',#10645,2.1);
#934=CIRCLE('',#10646,2.1);
#935=CIRCLE('',#10647,1.6);
#936=CIRCLE('',#10648,1.6);
#937=CIRCLE('',#10649,1.6);
#938=CIRCLE('',#10650,1.6);
#939=CIRCLE('',#10651,1.6);
#940=CIRCLE('',#10652,1.6);
#941=CIRCLE('',#10653,1.6);
#942=CIRCLE('',#10654,1.6);
#943=CIRCLE('',#10655,1.6);
#944=CIRCLE('',#10656,1.6);
#945=CIRCLE('',#10657,1.6);
#946=CIRCLE('',#10658,1.6);
#947=CIRCLE('',#10659,1.6);
#948=CIRCLE('',#10660,1.6);
#949=CIRCLE('',#10661,1.6);
#950=CIRCLE('',#10662,1.6);
#951=CIRCLE('',#10663,1.6);
#952=CIRCLE('',#10664,1.5);
#953=CIRCLE('',#10665,3.5);
#954=CIRCLE('',#10666,1.5);
#955=CIRCLE('',#10667,45.);
#956=CIRCLE('',#10668,1.5);
#957=CIRCLE('',#10669,1.5);
#958=CIRCLE('',#10670,1.5);
#959=CIRCLE('',#10671,1.5);
#960=CIRCLE('',#10672,1.5);
#961=CIRCLE('',#10673,2.);
#962=CIRCLE('',#10674,2.);
#963=CIRCLE('',#10675,2.);
#964=CIRCLE('',#10676,2.);
#965=CIRCLE('',#10677,2.);
#966=CIRCLE('',#10678,2.);
#967=CIRCLE('',#10679,2.);
#968=CIRCLE('',#10680,2.);
#969=CIRCLE('',#10681,1.99999999999998);
#970=CIRCLE('',#10682,2.);
#971=CIRCLE('',#10683,7.);
#972=CIRCLE('',#10684,5.);
#973=CIRCLE('',#10685,2.);
#974=CIRCLE('',#10686,2.);
#975=CIRCLE('',#10687,2.);
#976=CIRCLE('',#10688,2.5);
#977=CIRCLE('',#10689,2.);
#978=CIRCLE('',#10690,2.);
#979=CIRCLE('',#10691,2.5);
#980=CIRCLE('',#10692,14.5);
#981=CIRCLE('',#10693,1.);
#982=CIRCLE('',#10694,1.);
#983=CIRCLE('',#10695,2.);
#984=CIRCLE('',#10696,5.);
#985=CIRCLE('',#10697,40.);
#986=CIRCLE('',#10698,7.);
#987=CIRCLE('',#10699,7.);
#988=CIRCLE('',#10700,40.);
#989=CIRCLE('',#10701,5.);
#990=CIRCLE('',#10702,2.);
#991=CIRCLE('',#10703,1.);
#992=CIRCLE('',#10704,1.);
#993=CIRCLE('',#10705,2.5);
#994=CIRCLE('',#10706,2.5);
#995=CIRCLE('',#10709,1.);
#996=CIRCLE('',#10710,2.5);
#997=CIRCLE('',#10711,2.5);
#998=CIRCLE('',#10712,1.);
#999=CIRCLE('',#10713,1.);
#1000=CIRCLE('',#10714,2.);
#1001=CIRCLE('',#10715,5.);
#1002=CIRCLE('',#10716,40.);
#1003=CIRCLE('',#10717,7.);
#1004=CIRCLE('',#10718,7.);
#1005=CIRCLE('',#10719,40.);
#1006=CIRCLE('',#10720,5.);
#1007=CIRCLE('',#10721,2.);
#1008=CIRCLE('',#10722,1.);
#1009=CIRCLE('',#10723,14.5);
#1010=CIRCLE('',#10724,2.5);
#1011=CIRCLE('',#10725,2.5);
#1012=CIRCLE('',#10726,2.);
#1013=CIRCLE('',#10727,2.);
#1014=CIRCLE('',#10728,2.);
#1015=CIRCLE('',#10729,2.);
#1016=CIRCLE('',#10730,2.);
#1017=CIRCLE('',#10731,2.);
#1018=CIRCLE('',#10732,5.);
#1019=CIRCLE('',#10733,7.);
#1020=CIRCLE('',#10734,2.);
#1021=CIRCLE('',#10735,1.99999999999998);
#1022=CIRCLE('',#10736,2.);
#1023=CIRCLE('',#10737,2.);
#1024=CIRCLE('',#10738,2.);
#1025=CIRCLE('',#10739,2.);
#1026=CIRCLE('',#10740,2.);
#1027=CIRCLE('',#10741,2.);
#1028=CIRCLE('',#10742,2.);
#1029=CIRCLE('',#10743,3.5);
#1030=CIRCLE('',#10744,1.5);
#1031=CIRCLE('',#10745,1.5);
#1032=CIRCLE('',#10746,1.5);
#1033=CIRCLE('',#10747,1.5);
#1034=CIRCLE('',#10748,1.5);
#1035=CIRCLE('',#10749,1.5);
#1036=CIRCLE('',#10750,45.);
#1037=CIRCLE('',#10751,1.5);
#1038=CIRCLE('',#10752,1.6);
#1039=CIRCLE('',#10753,1.6);
#1040=CIRCLE('',#10754,1.6);
#1041=CIRCLE('',#10755,1.6);
#1042=CIRCLE('',#10756,1.6);
#1043=CIRCLE('',#10757,1.6);
#1044=CIRCLE('',#10758,1.6);
#1045=CIRCLE('',#10759,1.6);
#1046=CIRCLE('',#10760,1.6);
#1047=CIRCLE('',#10761,1.6);
#1048=CIRCLE('',#10762,1.6);
#1049=CIRCLE('',#10763,1.6);
#1050=CIRCLE('',#10764,1.6);
#1051=CIRCLE('',#10765,1.6);
#1052=CIRCLE('',#10766,1.6);
#1053=CIRCLE('',#10767,1.6);
#1054=CIRCLE('',#10768,1.6);
#1055=CIRCLE('',#10769,2.1);
#1056=CIRCLE('',#10770,2.1);
#1057=CIRCLE('',#10771,2.1);
#1058=CIRCLE('',#10772,2.1);
#1059=CIRCLE('',#10773,1.6);
#1060=CIRCLE('',#10774,1.6);
#1061=CIRCLE('',#10775,1.6);
#1062=CIRCLE('',#10776,2.);
#1063=CIRCLE('',#10777,2.);
#1064=CIRCLE('',#10778,2.);
#1065=CIRCLE('',#10779,5.);
#1066=CIRCLE('',#10780,2.);
#1067=CIRCLE('',#10781,1.99999999999999);
#1068=CIRCLE('',#10782,2.);
#1069=CIRCLE('',#10783,7.);
#1070=CIRCLE('',#10784,3.5);
#1071=CIRCLE('',#10785,1.5);
#1072=CIRCLE('',#10786,45.);
#1073=CIRCLE('',#10787,1.5);
#1074=CIRCLE('',#10788,1.5);
#1075=CIRCLE('',#10789,1.5);
#1076=CIRCLE('',#10790,1.5);
#1077=CIRCLE('',#10791,1.5);
#1078=CIRCLE('',#10792,1.5);
#1079=CIRCLE('',#10793,2.);
#1080=CIRCLE('',#10794,2.);
#1081=CIRCLE('',#10795,2.);
#1082=CIRCLE('',#10796,2.);
#1083=CIRCLE('',#10797,2.);
#1084=CIRCLE('',#10798,2.);
#1085=CIRCLE('',#10799,2.);
#1086=CIRCLE('',#10800,2.);
#1087=CIRCLE('',#10954,5.);
#1088=CIRCLE('',#10955,5.);
#1089=CIRCLE('',#10957,5.);
#1090=CIRCLE('',#10958,5.);
#1091=CIRCLE('',#10960,2.125);
#1092=CIRCLE('',#10961,2.125);
#1093=CIRCLE('',#10962,2.125);
#1094=CIRCLE('',#10963,2.125);
#1095=CIRCLE('',#10964,2.125);
#1096=CIRCLE('',#10965,2.125);
#1097=CIRCLE('',#10966,2.);
#1098=CIRCLE('',#10967,5.);
#1099=CIRCLE('',#10968,3.);
#1100=CIRCLE('',#10969,3.);
#1101=CIRCLE('',#10970,3.5);
#1102=CIRCLE('',#10971,3.5);
#1103=CIRCLE('',#10972,3.);
#1104=CIRCLE('',#10973,3.);
#1105=CIRCLE('',#10974,5.);
#1106=CIRCLE('',#10975,2.);
#1107=CIRCLE('',#10976,5.);
#1108=CIRCLE('',#10977,5.);
#1109=CIRCLE('',#10978,5.);
#1110=CIRCLE('',#10979,5.);
#1111=CIRCLE('',#10982,3.);
#1112=CIRCLE('',#10985,3.);
#1113=CIRCLE('',#10988,5.);
#1114=CIRCLE('',#10993,5.);
#1115=CIRCLE('',#10996,3.);
#1116=CIRCLE('',#10999,3.);
#1117=CIRCLE('',#11002,2.125);
#1118=CIRCLE('',#11003,2.125);
#1119=CIRCLE('',#11004,2.125);
#1120=CIRCLE('',#11005,2.125);
#1121=CIRCLE('',#11006,2.125);
#1122=CIRCLE('',#11007,2.125);
#1123=CIRCLE('',#11008,2.);
#1124=CIRCLE('',#11009,2.);
#1125=CIRCLE('',#11010,3.5);
#1126=CIRCLE('',#11011,3.5);
#1127=CIRCLE('',#11012,5.);
#1128=CIRCLE('',#11013,5.);
#1129=CIRCLE('',#11014,5.);
#1130=CIRCLE('',#11015,5.);
#1131=CIRCLE('',#11042,3.2);
#1132=CIRCLE('',#11043,3.2);
#1133=CIRCLE('',#11044,3.2);
#1134=CIRCLE('',#11045,3.2);
#1135=CIRCLE('',#11046,3.2);
#1136=CIRCLE('',#11047,3.2);
#1137=CIRCLE('',#11048,3.2);
#1138=CIRCLE('',#11049,3.2);
#1139=CIRCLE('',#11050,3.2);
#1140=CIRCLE('',#11051,3.2);
#1141=CIRCLE('',#11052,3.2);
#1142=CIRCLE('',#11053,1.6);
#1143=CIRCLE('',#11054,1.6);
#1144=CIRCLE('',#11055,2.);
#1145=CIRCLE('',#11056,2.);
#1146=CIRCLE('',#11057,2.);
#1147=CIRCLE('',#11058,2.);
#1148=CIRCLE('',#11059,2.);
#1149=CIRCLE('',#11060,2.);
#1150=CIRCLE('',#11061,2.);
#1151=CIRCLE('',#11062,2.);
#1152=CIRCLE('',#11063,2.);
#1153=CIRCLE('',#11064,2.);
#1154=CIRCLE('',#11065,2.);
#1155=CIRCLE('',#11066,2.);
#1156=CIRCLE('',#11067,2.);
#1157=CIRCLE('',#11068,2.);
#1158=CIRCLE('',#11069,2.);
#1159=CIRCLE('',#11070,2.);
#1160=CIRCLE('',#11071,2.);
#1161=CIRCLE('',#11072,2.);
#1162=CIRCLE('',#11073,2.);
#1163=CIRCLE('',#11074,2.);
#1164=CIRCLE('',#11075,2.);
#1165=CIRCLE('',#11076,2.);
#1166=CIRCLE('',#11077,2.);
#1167=CIRCLE('',#11078,2.);
#1168=CIRCLE('',#11079,2.);
#1169=CIRCLE('',#11080,2.);
#1170=CIRCLE('',#11081,2.);
#1171=CIRCLE('',#11082,2.);
#1172=CIRCLE('',#11083,2.);
#1173=CIRCLE('',#11084,2.);
#1174=CIRCLE('',#11085,2.);
#1175=CIRCLE('',#11086,2.);
#1176=CIRCLE('',#11087,2.);
#1177=CIRCLE('',#11088,2.);
#1178=CIRCLE('',#11089,2.);
#1179=CIRCLE('',#11090,2.);
#1180=CIRCLE('',#11091,2.);
#1181=CIRCLE('',#11092,2.);
#1182=CIRCLE('',#11093,2.);
#1183=CIRCLE('',#11094,2.);
#1184=CIRCLE('',#11095,2.);
#1185=CIRCLE('',#11096,2.);
#1186=CIRCLE('',#11097,2.);
#1187=CIRCLE('',#11098,2.);
#1188=CIRCLE('',#11099,2.);
#1189=CIRCLE('',#11100,2.);
#1190=CIRCLE('',#11101,2.);
#1191=CIRCLE('',#11102,2.);
#1192=CIRCLE('',#11103,2.65);
#1193=CIRCLE('',#11104,2.65);
#1194=CIRCLE('',#11105,2.65);
#1195=CIRCLE('',#11106,2.65);
#1196=CIRCLE('',#11107,2.);
#1197=CIRCLE('',#11108,2.);
#1198=CIRCLE('',#11109,2.);
#1199=CIRCLE('',#11110,2.);
#1200=CIRCLE('',#11111,2.);
#1201=CIRCLE('',#11112,2.);
#1202=CIRCLE('',#11113,2.);
#1203=CIRCLE('',#11114,2.);
#1204=CIRCLE('',#11115,1.1);
#1205=CIRCLE('',#11116,1.1);
#1206=CIRCLE('',#11117,4.);
#1207=CIRCLE('',#11118,4.);
#1208=CIRCLE('',#11119,3.);
#1209=CIRCLE('',#11120,3.);
#1210=CIRCLE('',#11121,4.);
#1211=CIRCLE('',#11122,4.);
#1212=CIRCLE('',#11123,3.);
#1213=CIRCLE('',#11124,7.);
#1214=CIRCLE('',#11125,7.);
#1215=CIRCLE('',#11126,3.);
#1216=CIRCLE('',#11127,4.);
#1217=CIRCLE('',#11128,4.);
#1218=CIRCLE('',#11129,3.);
#1219=CIRCLE('',#11130,3.);
#1220=CIRCLE('',#11131,4.);
#1221=CIRCLE('',#11132,4.);
#1222=CIRCLE('',#11133,3.);
#1223=CIRCLE('',#11134,7.);
#1224=CIRCLE('',#11135,7.);
#1225=CIRCLE('',#11136,3.);
#1226=CIRCLE('',#11138,1.6);
#1227=CIRCLE('',#11139,1.6);
#1228=CIRCLE('',#11140,1.6);
#1229=CIRCLE('',#11141,1.6);
#1230=CIRCLE('',#11142,1.6);
#1231=CIRCLE('',#11143,2.);
#1232=CIRCLE('',#11144,2.);
#1233=CIRCLE('',#11145,2.);
#1234=CIRCLE('',#11146,2.);
#1235=CIRCLE('',#11147,2.);
#1236=CIRCLE('',#11148,2.);
#1237=CIRCLE('',#11149,2.);
#1238=CIRCLE('',#11150,2.);
#1239=CIRCLE('',#11151,2.);
#1240=CIRCLE('',#11152,2.);
#1241=CIRCLE('',#11153,2.);
#1242=CIRCLE('',#11154,2.);
#1243=CIRCLE('',#11155,2.);
#1244=CIRCLE('',#11156,2.);
#1245=CIRCLE('',#11157,2.);
#1246=CIRCLE('',#11158,2.);
#1247=CIRCLE('',#11159,2.);
#1248=CIRCLE('',#11160,2.);
#1249=CIRCLE('',#11161,2.);
#1250=CIRCLE('',#11162,2.);
#1251=CIRCLE('',#11163,2.);
#1252=CIRCLE('',#11164,2.);
#1253=CIRCLE('',#11165,2.);
#1254=CIRCLE('',#11166,2.);
#1255=CIRCLE('',#11167,2.);
#1256=CIRCLE('',#11168,2.);
#1257=CIRCLE('',#11169,2.);
#1258=CIRCLE('',#11170,2.);
#1259=CIRCLE('',#11171,2.);
#1260=CIRCLE('',#11172,2.);
#1261=CIRCLE('',#11173,2.);
#1262=CIRCLE('',#11174,2.);
#1263=CIRCLE('',#11175,2.);
#1264=CIRCLE('',#11176,2.);
#1265=CIRCLE('',#11177,2.);
#1266=CIRCLE('',#11178,2.);
#1267=CIRCLE('',#11179,2.);
#1268=CIRCLE('',#11180,2.);
#1269=CIRCLE('',#11181,2.);
#1270=CIRCLE('',#11182,2.);
#1271=CIRCLE('',#11183,2.);
#1272=CIRCLE('',#11184,2.);
#1273=CIRCLE('',#11185,2.);
#1274=CIRCLE('',#11186,2.);
#1275=CIRCLE('',#11187,2.);
#1276=CIRCLE('',#11188,2.);
#1277=CIRCLE('',#11189,2.);
#1278=CIRCLE('',#11190,2.);
#1279=CIRCLE('',#11191,2.);
#1280=CIRCLE('',#11192,2.);
#1281=CIRCLE('',#11193,2.);
#1282=CIRCLE('',#11194,2.);
#1283=CIRCLE('',#11195,2.);
#1284=CIRCLE('',#11196,2.);
#1285=CIRCLE('',#11197,2.);
#1286=CIRCLE('',#11198,2.);
#1287=CIRCLE('',#11199,1.6);
#1288=CIRCLE('',#11200,1.6);
#1289=CIRCLE('',#11201,1.1);
#1290=CIRCLE('',#11202,1.1);
#1291=CIRCLE('',#11203,1.6);
#1292=CIRCLE('',#11204,1.6);
#1293=CIRCLE('',#11205,1.6);
#1294=CIRCLE('',#11206,1.6);
#1295=CIRCLE('',#11207,1.6);
#1296=CIRCLE('',#11208,1.6);
#1297=CIRCLE('',#11209,1.35);
#1298=CIRCLE('',#11210,1.35);
#1299=CIRCLE('',#11211,4.);
#1300=CIRCLE('',#11212,3.);
#1301=CIRCLE('',#11213,7.);
#1302=CIRCLE('',#11214,7.);
#1303=CIRCLE('',#11215,3.);
#1304=CIRCLE('',#11216,4.);
#1305=CIRCLE('',#11217,4.);
#1306=CIRCLE('',#11218,3.);
#1307=CIRCLE('',#11219,3.);
#1308=CIRCLE('',#11220,4.);
#1309=CIRCLE('',#11221,4.);
#1310=CIRCLE('',#11222,3.);
#1311=CIRCLE('',#11223,7.);
#1312=CIRCLE('',#11224,7.);
#1313=CIRCLE('',#11225,3.);
#1314=CIRCLE('',#11226,4.);
#1315=CIRCLE('',#11227,4.);
#1316=CIRCLE('',#11228,3.);
#1317=CIRCLE('',#11229,3.);
#1318=CIRCLE('',#11230,4.);
#1319=CIRCLE('',#11231,1.35);
#1320=CIRCLE('',#11232,1.35);
#1321=CIRCLE('',#11238,1.35);
#1322=CIRCLE('',#11240,1.35);
#1323=CIRCLE('',#11242,1.35);
#1324=CIRCLE('',#11244,1.35);
#1325=CIRCLE('',#11246,1.6);
#1326=CIRCLE('',#11248,1.6);
#1327=CIRCLE('',#11250,1.6);
#1328=CIRCLE('',#11252,1.6);
#1329=CIRCLE('',#11254,1.6);
#1330=CIRCLE('',#11256,1.6);
#1331=CIRCLE('',#11260,1.6);
#1332=CIRCLE('',#11262,1.6);
#1333=CIRCLE('',#11416,1.6);
#1334=CIRCLE('',#11418,1.6);
#1335=CIRCLE('',#11422,1.6);
#1336=ADVANCED_FACE('',(#2094),#1871,.F.);
#1337=ADVANCED_FACE('',(#2095),#1872,.F.);
#1338=ADVANCED_FACE('',(#2096),#1873,.F.);
#1339=ADVANCED_FACE('',(#2097),#1874,.F.);
#1340=ADVANCED_FACE('',(#2098),#478,.F.);
#1341=ADVANCED_FACE('',(#2099),#1875,.T.);
#1342=ADVANCED_FACE('',(#2100),#479,.T.);
#1343=ADVANCED_FACE('',(#2101),#1876,.T.);
#1344=ADVANCED_FACE('',(#2102),#480,.F.);
#1345=ADVANCED_FACE('',(#2103),#1877,.T.);
#1346=ADVANCED_FACE('',(#2104),#481,.F.);
#1347=ADVANCED_FACE('',(#2105),#1878,.T.);
#1348=ADVANCED_FACE('',(#2106),#482,.T.);
#1349=ADVANCED_FACE('',(#2107),#1879,.T.);
#1350=ADVANCED_FACE('',(#2108),#483,.F.);
#1351=ADVANCED_FACE('',(#2109),#1880,.T.);
#1352=ADVANCED_FACE('',(#2110),#484,.F.);
#1353=ADVANCED_FACE('',(#2111),#1881,.T.);
#1354=ADVANCED_FACE('',(#2112),#485,.T.);
#1355=ADVANCED_FACE('',(#2113),#1882,.T.);
#1356=ADVANCED_FACE('',(#2114),#486,.F.);
#1357=ADVANCED_FACE('',(#2115),#1883,.T.);
#1358=ADVANCED_FACE('',(#2116),#487,.F.);
#1359=ADVANCED_FACE('',(#2117),#1884,.T.);
#1360=ADVANCED_FACE('',(#2118),#488,.T.);
#1361=ADVANCED_FACE('',(#2119),#1885,.T.);
#1362=ADVANCED_FACE('',(#2120),#489,.F.);
#1363=ADVANCED_FACE('',(#118,#119),#490,.F.);
#1364=ADVANCED_FACE('',(#120,#121),#491,.F.);
#1365=ADVANCED_FACE('',(#122,#123),#492,.F.);
#1366=ADVANCED_FACE('',(#124,#125),#493,.F.);
#1367=ADVANCED_FACE('',(#126,#127),#494,.F.);
#1368=ADVANCED_FACE('',(#128,#129),#495,.F.);
#1369=ADVANCED_FACE('',(#130,#131),#496,.F.);
#1370=ADVANCED_FACE('',(#132,#133),#497,.F.);
#1371=ADVANCED_FACE('',(#2121),#1886,.T.);
#1372=ADVANCED_FACE('',(#134,#135,#136,#137,#138,#139,#140,#141,#142,#143),
#1887,.T.);
#1373=ADVANCED_FACE('',(#144,#145,#146,#147,#148,#149,#150,#151,#152,#153),
#1888,.F.);
#1374=ADVANCED_FACE('',(#2122),#498,.F.);
#1375=ADVANCED_FACE('',(#2123),#499,.F.);
#1376=ADVANCED_FACE('',(#2124),#500,.F.);
#1377=ADVANCED_FACE('',(#2125),#501,.F.);
#1378=ADVANCED_FACE('',(#2126),#502,.F.);
#1379=ADVANCED_FACE('',(#2127),#503,.F.);
#1380=ADVANCED_FACE('',(#2128),#504,.F.);
#1381=ADVANCED_FACE('',(#2129),#505,.F.);
#1382=ADVANCED_FACE('',(#2130),#506,.T.);
#1383=ADVANCED_FACE('',(#2131),#507,.T.);
#1384=ADVANCED_FACE('',(#2132),#508,.T.);
#1385=ADVANCED_FACE('',(#2133),#509,.T.);
#1386=ADVANCED_FACE('',(#2134),#79,.F.);
#1387=ADVANCED_FACE('',(#2135),#1889,.F.);
#1388=ADVANCED_FACE('',(#2136),#1890,.F.);
#1389=ADVANCED_FACE('',(#2137),#80,.T.);
#1390=ADVANCED_FACE('',(#2138),#81,.F.);
#1391=ADVANCED_FACE('',(#2139),#1891,.F.);
#1392=ADVANCED_FACE('',(#2140),#1892,.F.);
#1393=ADVANCED_FACE('',(#2141),#82,.F.);
#1394=ADVANCED_FACE('',(#2142),#83,.T.);
#1395=ADVANCED_FACE('',(#2143),#1893,.F.);
#1396=ADVANCED_FACE('',(#2144),#1894,.F.);
#1397=ADVANCED_FACE('',(#2145),#84,.F.);
#1398=ADVANCED_FACE('',(#2146),#85,.F.);
#1399=ADVANCED_FACE('',(#2147),#1895,.F.);
#1400=ADVANCED_FACE('',(#2148),#1896,.F.);
#1401=ADVANCED_FACE('',(#2149),#86,.T.);
#1402=ADVANCED_FACE('',(#2150),#87,.F.);
#1403=ADVANCED_FACE('',(#2151),#1897,.F.);
#1404=ADVANCED_FACE('',(#2152),#1898,.F.);
#1405=ADVANCED_FACE('',(#2153),#88,.F.);
#1406=ADVANCED_FACE('',(#2154),#89,.T.);
#1407=ADVANCED_FACE('',(#2155),#1899,.F.);
#1408=ADVANCED_FACE('',(#2156),#1900,.F.);
#1409=ADVANCED_FACE('',(#2157),#90,.F.);
#1410=ADVANCED_FACE('',(#2158),#1901,.T.);
#1411=ADVANCED_FACE('',(#2159),#510,.F.);
#1412=ADVANCED_FACE('',(#2160),#511,.T.);
#1413=ADVANCED_FACE('',(#2161),#512,.F.);
#1414=ADVANCED_FACE('',(#2162),#1902,.T.);
#1415=ADVANCED_FACE('',(#2163),#513,.F.);
#1416=ADVANCED_FACE('',(#2164),#514,.T.);
#1417=ADVANCED_FACE('',(#2165),#515,.F.);
#1418=ADVANCED_FACE('',(#2166),#1903,.T.);
#1419=ADVANCED_FACE('',(#2167),#516,.F.);
#1420=ADVANCED_FACE('',(#2168),#517,.T.);
#1421=ADVANCED_FACE('',(#2169),#518,.F.);
#1422=ADVANCED_FACE('',(#2170),#1904,.T.);
#1423=ADVANCED_FACE('',(#2171),#519,.F.);
#1424=ADVANCED_FACE('',(#2172),#520,.T.);
#1425=ADVANCED_FACE('',(#2173),#1905,.T.);
#1426=ADVANCED_FACE('',(#2174),#521,.F.);
#1427=ADVANCED_FACE('',(#2175),#1906,.T.);
#1428=ADVANCED_FACE('',(#2176),#522,.F.);
#1429=ADVANCED_FACE('',(#2177),#1907,.T.);
#1430=ADVANCED_FACE('',(#2178),#523,.T.);
#1431=ADVANCED_FACE('',(#2179),#1908,.T.);
#1432=ADVANCED_FACE('',(#2180),#524,.F.);
#1433=ADVANCED_FACE('',(#2181),#1909,.T.);
#1434=ADVANCED_FACE('',(#2182),#525,.F.);
#1435=ADVANCED_FACE('',(#2183),#1910,.T.);
#1436=ADVANCED_FACE('',(#2184),#526,.T.);
#1437=ADVANCED_FACE('',(#2185),#1911,.T.);
#1438=ADVANCED_FACE('',(#2186),#527,.F.);
#1439=ADVANCED_FACE('',(#2187),#1912,.T.);
#1440=ADVANCED_FACE('',(#2188),#528,.F.);
#1441=ADVANCED_FACE('',(#2189),#1913,.T.);
#1442=ADVANCED_FACE('',(#2190),#529,.T.);
#1443=ADVANCED_FACE('',(#2191),#1914,.T.);
#1444=ADVANCED_FACE('',(#2192),#530,.F.);
#1445=ADVANCED_FACE('',(#2193),#1915,.T.);
#1446=ADVANCED_FACE('',(#2194),#531,.F.);
#1447=ADVANCED_FACE('',(#2195),#1916,.T.);
#1448=ADVANCED_FACE('',(#154,#155),#532,.F.);
#1449=ADVANCED_FACE('',(#156,#157),#533,.F.);
#1450=ADVANCED_FACE('',(#158,#159),#534,.F.);
#1451=ADVANCED_FACE('',(#160,#161),#535,.F.);
#1452=ADVANCED_FACE('',(#162,#163),#536,.F.);
#1453=ADVANCED_FACE('',(#164,#165),#537,.F.);
#1454=ADVANCED_FACE('',(#166,#167),#538,.F.);
#1455=ADVANCED_FACE('',(#2196),#539,.F.);
#1456=ADVANCED_FACE('',(#2197),#540,.T.);
#1457=ADVANCED_FACE('',(#168,#169),#541,.F.);
#1458=ADVANCED_FACE('',(#170,#171,#172,#173,#174,#175,#176,#177,#178,#179),
#1917,.T.);
#1459=ADVANCED_FACE('',(#180,#181,#182,#183,#184,#185,#186,#187,#188,#189),
#1918,.F.);
#1460=ADVANCED_FACE('',(#2198),#91,.F.);
#1461=ADVANCED_FACE('',(#2199),#1919,.F.);
#1462=ADVANCED_FACE('',(#2200),#1920,.F.);
#1463=ADVANCED_FACE('',(#2201),#92,.F.);
#1464=ADVANCED_FACE('',(#2202),#93,.T.);
#1465=ADVANCED_FACE('',(#2203),#1921,.F.);
#1466=ADVANCED_FACE('',(#2204),#1922,.F.);
#1467=ADVANCED_FACE('',(#2205),#94,.T.);
#1468=ADVANCED_FACE('',(#2206),#95,.F.);
#1469=ADVANCED_FACE('',(#2207),#1923,.F.);
#1470=ADVANCED_FACE('',(#2208),#1924,.F.);
#1471=ADVANCED_FACE('',(#2209),#96,.F.);
#1472=ADVANCED_FACE('',(#2210),#97,.F.);
#1473=ADVANCED_FACE('',(#2211),#1925,.F.);
#1474=ADVANCED_FACE('',(#2212),#1926,.F.);
#1475=ADVANCED_FACE('',(#2213),#98,.F.);
#1476=ADVANCED_FACE('',(#2214),#99,.T.);
#1477=ADVANCED_FACE('',(#2215),#1927,.F.);
#1478=ADVANCED_FACE('',(#2216),#1928,.F.);
#1479=ADVANCED_FACE('',(#2217),#100,.T.);
#1480=ADVANCED_FACE('',(#2218),#101,.F.);
#1481=ADVANCED_FACE('',(#2219),#1929,.F.);
#1482=ADVANCED_FACE('',(#2220),#1930,.F.);
#1483=ADVANCED_FACE('',(#2221),#102,.F.);
#1484=ADVANCED_FACE('',(#190,#191,#192,#193,#194,#195,#196,#197,#198,#199,
#200,#201,#202,#203,#204,#205,#206,#207,#208,#209,#210,#211,#212,#213,#214,
#215,#216,#217,#218,#219,#220,#221,#222,#223,#224,#225,#226),#1931,.F.);
#1485=ADVANCED_FACE('',(#2222),#1932,.T.);
#1486=ADVANCED_FACE('',(#227,#228,#229,#230,#231,#232,#233,#234,#235,#236,
#237,#238,#239,#240,#241,#242,#243,#244,#245,#246,#247,#248,#249,#250,#251,
#252,#253,#254,#255,#256,#257,#258,#259,#260,#261,#262,#263),#1933,.T.);
#1487=ADVANCED_FACE('',(#2223),#542,.F.);
#1488=ADVANCED_FACE('',(#2224),#543,.F.);
#1489=ADVANCED_FACE('',(#2225),#1934,.T.);
#1490=ADVANCED_FACE('',(#2226),#1935,.T.);
#1491=ADVANCED_FACE('',(#2227),#1936,.T.);
#1492=ADVANCED_FACE('',(#264,#265),#544,.F.);
#1493=ADVANCED_FACE('',(#266,#267),#545,.F.);
#1494=ADVANCED_FACE('',(#268,#269),#546,.F.);
#1495=ADVANCED_FACE('',(#270,#271),#547,.F.);
#1496=ADVANCED_FACE('',(#272,#273),#548,.F.);
#1497=ADVANCED_FACE('',(#274,#275),#549,.F.);
#1498=ADVANCED_FACE('',(#276,#277),#550,.F.);
#1499=ADVANCED_FACE('',(#278,#279),#551,.F.);
#1500=ADVANCED_FACE('',(#280,#281),#552,.F.);
#1501=ADVANCED_FACE('',(#282,#283),#553,.F.);
#1502=ADVANCED_FACE('',(#284,#285),#554,.F.);
#1503=ADVANCED_FACE('',(#286,#287),#555,.F.);
#1504=ADVANCED_FACE('',(#288,#289),#556,.F.);
#1505=ADVANCED_FACE('',(#290,#291),#557,.F.);
#1506=ADVANCED_FACE('',(#292,#293),#558,.F.);
#1507=ADVANCED_FACE('',(#294,#295),#559,.F.);
#1508=ADVANCED_FACE('',(#2228),#1937,.T.);
#1509=ADVANCED_FACE('',(#296,#297),#560,.F.);
#1510=ADVANCED_FACE('',(#298,#299),#561,.F.);
#1511=ADVANCED_FACE('',(#300,#301),#562,.F.);
#1512=ADVANCED_FACE('',(#302,#303),#563,.F.);
#1513=ADVANCED_FACE('',(#304,#305),#564,.F.);
#1514=ADVANCED_FACE('',(#306,#307),#565,.F.);
#1515=ADVANCED_FACE('',(#2229),#566,.T.);
#1516=ADVANCED_FACE('',(#2230),#567,.T.);
#1517=ADVANCED_FACE('',(#2231),#1938,.T.);
#1518=ADVANCED_FACE('',(#2232),#1939,.T.);
#1519=ADVANCED_FACE('',(#2233),#1940,.T.);
#1520=ADVANCED_FACE('',(#2234),#1941,.T.);
#1521=ADVANCED_FACE('',(#2235),#1942,.T.);
#1522=ADVANCED_FACE('',(#2236),#1943,.T.);
#1523=ADVANCED_FACE('',(#2237),#568,.T.);
#1524=ADVANCED_FACE('',(#2238),#569,.T.);
#1525=ADVANCED_FACE('',(#2239),#570,.T.);
#1526=ADVANCED_FACE('',(#2240),#571,.T.);
#1527=ADVANCED_FACE('',(#2241),#572,.F.);
#1528=ADVANCED_FACE('',(#2242),#573,.F.);
#1529=ADVANCED_FACE('',(#2243),#574,.F.);
#1530=ADVANCED_FACE('',(#2244),#575,.F.);
#1531=ADVANCED_FACE('',(#308,#309),#576,.F.);
#1532=ADVANCED_FACE('',(#310,#311),#577,.F.);
#1533=ADVANCED_FACE('',(#2245),#1944,.T.);
#1534=ADVANCED_FACE('',(#2246),#578,.T.);
#1535=ADVANCED_FACE('',(#2247),#1945,.T.);
#1536=ADVANCED_FACE('',(#2248),#1946,.T.);
#1537=ADVANCED_FACE('',(#2249),#1947,.T.);
#1538=ADVANCED_FACE('',(#2250),#1948,.T.);
#1539=ADVANCED_FACE('',(#2251),#1949,.T.);
#1540=ADVANCED_FACE('',(#2252),#1950,.T.);
#1541=ADVANCED_FACE('',(#2253),#1951,.T.);
#1542=ADVANCED_FACE('',(#2254),#1952,.T.);
#1543=ADVANCED_FACE('',(#2255),#1953,.T.);
#1544=ADVANCED_FACE('',(#2256),#1954,.T.);
#1545=ADVANCED_FACE('',(#2257),#1955,.T.);
#1546=ADVANCED_FACE('',(#2258),#1956,.T.);
#1547=ADVANCED_FACE('',(#2259),#579,.F.);
#1548=ADVANCED_FACE('',(#2260),#1957,.T.);
#1549=ADVANCED_FACE('',(#2261),#580,.F.);
#1550=ADVANCED_FACE('',(#2262),#1958,.T.);
#1551=ADVANCED_FACE('',(#2263),#581,.F.);
#1552=ADVANCED_FACE('',(#2264),#1959,.T.);
#1553=ADVANCED_FACE('',(#2265),#1960,.T.);
#1554=ADVANCED_FACE('',(#2266),#1961,.T.);
#1555=ADVANCED_FACE('',(#2267),#1962,.T.);
#1556=ADVANCED_FACE('',(#2268),#1963,.T.);
#1557=ADVANCED_FACE('',(#2269),#1964,.T.);
#1558=ADVANCED_FACE('',(#2270),#1965,.T.);
#1559=ADVANCED_FACE('',(#2271),#1966,.T.);
#1560=ADVANCED_FACE('',(#2272),#582,.T.);
#1561=ADVANCED_FACE('',(#2273),#1967,.T.);
#1562=ADVANCED_FACE('',(#2274),#1968,.T.);
#1563=ADVANCED_FACE('',(#2275),#1969,.T.);
#1564=ADVANCED_FACE('',(#2276),#1970,.T.);
#1565=ADVANCED_FACE('',(#2277),#1971,.T.);
#1566=ADVANCED_FACE('',(#2278),#1972,.T.);
#1567=ADVANCED_FACE('',(#2279),#583,.F.);
#1568=ADVANCED_FACE('',(#2280),#1973,.T.);
#1569=ADVANCED_FACE('',(#2281),#584,.F.);
#1570=ADVANCED_FACE('',(#2282),#1974,.T.);
#1571=ADVANCED_FACE('',(#2283),#585,.F.);
#1572=ADVANCED_FACE('',(#2284),#1975,.T.);
#1573=ADVANCED_FACE('',(#2285),#1976,.T.);
#1574=ADVANCED_FACE('',(#2286),#1977,.T.);
#1575=ADVANCED_FACE('',(#2287),#1978,.T.);
#1576=ADVANCED_FACE('',(#2288),#1979,.T.);
#1577=ADVANCED_FACE('',(#2289),#1980,.T.);
#1578=ADVANCED_FACE('',(#2290),#1981,.T.);
#1579=ADVANCED_FACE('',(#2291),#1982,.T.);
#1580=ADVANCED_FACE('',(#2292),#1983,.T.);
#1581=ADVANCED_FACE('',(#2293),#586,.F.);
#1582=ADVANCED_FACE('',(#2294),#1984,.T.);
#1583=ADVANCED_FACE('',(#2295),#587,.F.);
#1584=ADVANCED_FACE('',(#2296),#1985,.T.);
#1585=ADVANCED_FACE('',(#2297),#588,.F.);
#1586=ADVANCED_FACE('',(#2298),#1986,.T.);
#1587=ADVANCED_FACE('',(#2299),#589,.F.);
#1588=ADVANCED_FACE('',(#2300),#1987,.T.);
#1589=ADVANCED_FACE('',(#2301),#590,.F.);
#1590=ADVANCED_FACE('',(#2302),#1988,.T.);
#1591=ADVANCED_FACE('',(#2303),#591,.F.);
#1592=ADVANCED_FACE('',(#2304),#1989,.T.);
#1593=ADVANCED_FACE('',(#2305),#1990,.T.);
#1594=ADVANCED_FACE('',(#2306),#1991,.T.);
#1595=ADVANCED_FACE('',(#2307),#1992,.T.);
#1596=ADVANCED_FACE('',(#2308),#1993,.T.);
#1597=ADVANCED_FACE('',(#312,#313),#592,.F.);
#1598=ADVANCED_FACE('',(#2309),#593,.T.);
#1599=ADVANCED_FACE('',(#2310),#594,.F.);
#1600=ADVANCED_FACE('',(#2311),#595,.F.);
#1601=ADVANCED_FACE('',(#2312),#596,.T.);
#1602=ADVANCED_FACE('',(#2313),#597,.T.);
#1603=ADVANCED_FACE('',(#2314),#598,.T.);
#1604=ADVANCED_FACE('',(#2315),#599,.F.);
#1605=ADVANCED_FACE('',(#2316),#600,.F.);
#1606=ADVANCED_FACE('',(#2317),#601,.F.);
#1607=ADVANCED_FACE('',(#2318),#602,.F.);
#1608=ADVANCED_FACE('',(#2319),#603,.F.);
#1609=ADVANCED_FACE('',(#2320),#604,.F.);
#1610=ADVANCED_FACE('',(#2321),#605,.F.);
#1611=ADVANCED_FACE('',(#2322),#606,.F.);
#1612=ADVANCED_FACE('',(#2323),#607,.F.);
#1613=ADVANCED_FACE('',(#2324),#608,.F.);
#1614=ADVANCED_FACE('',(#2325),#609,.F.);
#1615=ADVANCED_FACE('',(#2326),#610,.F.);
#1616=ADVANCED_FACE('',(#2327),#611,.F.);
#1617=ADVANCED_FACE('',(#2328),#612,.F.);
#1618=ADVANCED_FACE('',(#2329),#613,.F.);
#1619=ADVANCED_FACE('',(#2330),#614,.F.);
#1620=ADVANCED_FACE('',(#2331),#615,.F.);
#1621=ADVANCED_FACE('',(#2332),#616,.F.);
#1622=ADVANCED_FACE('',(#2333),#617,.F.);
#1623=ADVANCED_FACE('',(#2334),#618,.F.);
#1624=ADVANCED_FACE('',(#2335),#619,.F.);
#1625=ADVANCED_FACE('',(#2336),#620,.F.);
#1626=ADVANCED_FACE('',(#2337),#621,.F.);
#1627=ADVANCED_FACE('',(#2338),#622,.F.);
#1628=ADVANCED_FACE('',(#2339),#623,.F.);
#1629=ADVANCED_FACE('',(#2340),#624,.F.);
#1630=ADVANCED_FACE('',(#2341),#625,.F.);
#1631=ADVANCED_FACE('',(#2342),#626,.F.);
#1632=ADVANCED_FACE('',(#2343),#627,.F.);
#1633=ADVANCED_FACE('',(#2344),#628,.F.);
#1634=ADVANCED_FACE('',(#2345),#629,.F.);
#1635=ADVANCED_FACE('',(#2346),#630,.F.);
#1636=ADVANCED_FACE('',(#2347),#631,.F.);
#1637=ADVANCED_FACE('',(#2348),#632,.T.);
#1638=ADVANCED_FACE('',(#2349),#633,.T.);
#1639=ADVANCED_FACE('',(#2350),#634,.F.);
#1640=ADVANCED_FACE('',(#2351),#635,.F.);
#1641=ADVANCED_FACE('',(#314,#315,#316,#317,#318,#319,#320,#321),#1994,.T.);
#1642=ADVANCED_FACE('',(#2352),#1995,.F.);
#1643=ADVANCED_FACE('',(#2353),#636,.T.);
#1644=ADVANCED_FACE('',(#2354),#1996,.F.);
#1645=ADVANCED_FACE('',(#2355),#637,.T.);
#1646=ADVANCED_FACE('',(#2356),#1997,.F.);
#1647=ADVANCED_FACE('',(#2357),#638,.F.);
#1648=ADVANCED_FACE('',(#2358),#1998,.F.);
#1649=ADVANCED_FACE('',(#2359),#1999,.F.);
#1650=ADVANCED_FACE('',(#2360),#2000,.F.);
#1651=ADVANCED_FACE('',(#2361),#639,.F.);
#1652=ADVANCED_FACE('',(#2362),#2001,.F.);
#1653=ADVANCED_FACE('',(#2363),#640,.T.);
#1654=ADVANCED_FACE('',(#2364),#2002,.F.);
#1655=ADVANCED_FACE('',(#2365),#641,.T.);
#1656=ADVANCED_FACE('',(#2366),#2003,.F.);
#1657=ADVANCED_FACE('',(#322,#323,#324,#325,#326,#327,#328,#329),#2004,.F.);
#1658=ADVANCED_FACE('',(#330,#331),#642,.F.);
#1659=ADVANCED_FACE('',(#332,#333),#643,.F.);
#1660=ADVANCED_FACE('',(#334,#335),#644,.F.);
#1661=ADVANCED_FACE('',(#336,#337),#645,.F.);
#1662=ADVANCED_FACE('',(#338,#339),#646,.F.);
#1663=ADVANCED_FACE('',(#340,#341),#647,.F.);
#1664=ADVANCED_FACE('',(#2367),#2005,.T.);
#1665=ADVANCED_FACE('',(#2368),#2006,.T.);
#1666=ADVANCED_FACE('',(#2369),#2007,.F.);
#1667=ADVANCED_FACE('',(#2370),#648,.F.);
#1668=ADVANCED_FACE('',(#2371),#649,.F.);
#1669=ADVANCED_FACE('',(#2372),#2008,.F.);
#1670=ADVANCED_FACE('',(#2373),#2009,.F.);
#1671=ADVANCED_FACE('',(#2374),#2010,.F.);
#1672=ADVANCED_FACE('',(#2375),#2011,.F.);
#1673=ADVANCED_FACE('',(#2376),#650,.T.);
#1674=ADVANCED_FACE('',(#2377),#651,.T.);
#1675=ADVANCED_FACE('',(#2378),#652,.T.);
#1676=ADVANCED_FACE('',(#2379),#653,.T.);
#1677=ADVANCED_FACE('',(#2380),#654,.T.);
#1678=ADVANCED_FACE('',(#2381),#655,.T.);
#1679=ADVANCED_FACE('',(#2382),#2012,.T.);
#1680=ADVANCED_FACE('',(#2383),#2013,.T.);
#1681=ADVANCED_FACE('',(#2384),#2014,.T.);
#1682=ADVANCED_FACE('',(#2385),#2015,.T.);
#1683=ADVANCED_FACE('',(#342,#343,#344,#345,#346,#347,#348,#349,#350,#351,
#352,#353,#354,#355,#356,#357,#358,#359,#360,#361,#362,#363,#364,#365,#366,
#367,#368,#369,#370,#371,#372,#373,#374,#375),#2016,.F.);
#1684=ADVANCED_FACE('',(#376,#377,#378,#379,#380,#381,#382,#383,#384,#385,
#386,#387,#388,#389,#390,#391,#392,#393,#394,#395,#396,#397,#398,#399,#400,
#401,#402,#403,#404,#405,#406,#407,#408,#409),#2017,.T.);
#1685=ADVANCED_FACE('',(#2386),#2018,.T.);
#1686=ADVANCED_FACE('',(#2387),#2019,.T.);
#1687=ADVANCED_FACE('',(#2388),#2020,.T.);
#1688=ADVANCED_FACE('',(#2389),#2021,.T.);
#1689=ADVANCED_FACE('',(#410,#411),#656,.F.);
#1690=ADVANCED_FACE('',(#412,#413),#657,.F.);
#1691=ADVANCED_FACE('',(#414,#415),#658,.F.);
#1692=ADVANCED_FACE('',(#416,#417),#659,.F.);
#1693=ADVANCED_FACE('',(#418,#419),#660,.F.);
#1694=ADVANCED_FACE('',(#420,#421),#661,.F.);
#1695=ADVANCED_FACE('',(#422,#423),#662,.F.);
#1696=ADVANCED_FACE('',(#424,#425),#663,.F.);
#1697=ADVANCED_FACE('',(#426,#427),#664,.F.);
#1698=ADVANCED_FACE('',(#428,#429),#665,.F.);
#1699=ADVANCED_FACE('',(#430,#431),#666,.F.);
#1700=ADVANCED_FACE('',(#432,#433),#667,.F.);
#1701=ADVANCED_FACE('',(#434,#435),#668,.F.);
#1702=ADVANCED_FACE('',(#436,#437),#669,.F.);
#1703=ADVANCED_FACE('',(#2390),#670,.T.);
#1704=ADVANCED_FACE('',(#2391),#671,.T.);
#1705=ADVANCED_FACE('',(#2392),#672,.T.);
#1706=ADVANCED_FACE('',(#2393),#673,.T.);
#1707=ADVANCED_FACE('',(#2394),#2022,.T.);
#1708=ADVANCED_FACE('',(#2395),#2023,.T.);
#1709=ADVANCED_FACE('',(#2396),#2024,.T.);
#1710=ADVANCED_FACE('',(#2397),#2025,.T.);
#1711=ADVANCED_FACE('',(#2398),#2026,.T.);
#1712=ADVANCED_FACE('',(#2399),#2027,.T.);
#1713=ADVANCED_FACE('',(#2400),#2028,.F.);
#1714=ADVANCED_FACE('',(#2401),#2029,.F.);
#1715=ADVANCED_FACE('',(#2402),#2030,.F.);
#1716=ADVANCED_FACE('',(#2403),#2031,.F.);
#1717=ADVANCED_FACE('',(#2404),#2032,.F.);
#1718=ADVANCED_FACE('',(#2405),#2033,.F.);
#1719=ADVANCED_FACE('',(#2406),#2034,.T.);
#1720=ADVANCED_FACE('',(#2407),#2035,.T.);
#1721=ADVANCED_FACE('',(#2408),#2036,.T.);
#1722=ADVANCED_FACE('',(#2409),#2037,.T.);
#1723=ADVANCED_FACE('',(#2410),#2038,.T.);
#1724=ADVANCED_FACE('',(#2411),#2039,.T.);
#1725=ADVANCED_FACE('',(#2412),#2040,.T.);
#1726=ADVANCED_FACE('',(#2413),#2041,.T.);
#1727=ADVANCED_FACE('',(#2414),#674,.F.);
#1728=ADVANCED_FACE('',(#2415),#675,.F.);
#1729=ADVANCED_FACE('',(#2416),#676,.F.);
#1730=ADVANCED_FACE('',(#2417),#677,.F.);
#1731=ADVANCED_FACE('',(#2418),#678,.F.);
#1732=ADVANCED_FACE('',(#2419),#679,.F.);
#1733=ADVANCED_FACE('',(#2420),#680,.F.);
#1734=ADVANCED_FACE('',(#2421),#681,.F.);
#1735=ADVANCED_FACE('',(#2422),#682,.F.);
#1736=ADVANCED_FACE('',(#2423),#683,.F.);
#1737=ADVANCED_FACE('',(#2424),#684,.F.);
#1738=ADVANCED_FACE('',(#2425),#685,.F.);
#1739=ADVANCED_FACE('',(#2426),#686,.F.);
#1740=ADVANCED_FACE('',(#2427),#687,.F.);
#1741=ADVANCED_FACE('',(#2428),#688,.F.);
#1742=ADVANCED_FACE('',(#2429),#689,.F.);
#1743=ADVANCED_FACE('',(#2430),#690,.T.);
#1744=ADVANCED_FACE('',(#2431),#691,.T.);
#1745=ADVANCED_FACE('',(#2432),#692,.T.);
#1746=ADVANCED_FACE('',(#2433),#693,.T.);
#1747=ADVANCED_FACE('',(#2434),#694,.T.);
#1748=ADVANCED_FACE('',(#2435),#695,.T.);
#1749=ADVANCED_FACE('',(#2436),#696,.T.);
#1750=ADVANCED_FACE('',(#2437),#697,.T.);
#1751=ADVANCED_FACE('',(#438,#439),#103,.F.);
#1752=ADVANCED_FACE('',(#440,#441),#104,.F.);
#1753=ADVANCED_FACE('',(#442,#443),#105,.F.);
#1754=ADVANCED_FACE('',(#444,#445),#106,.F.);
#1755=ADVANCED_FACE('',(#2438),#2042,.T.);
#1756=ADVANCED_FACE('',(#2439),#2043,.T.);
#1757=ADVANCED_FACE('',(#2440),#2044,.T.);
#1758=ADVANCED_FACE('',(#2441),#2045,.T.);
#1759=ADVANCED_FACE('',(#2442),#2046,.T.);
#1760=ADVANCED_FACE('',(#2443),#2047,.T.);
#1761=ADVANCED_FACE('',(#2444),#2048,.T.);
#1762=ADVANCED_FACE('',(#2445),#2049,.T.);
#1763=ADVANCED_FACE('',(#2446),#2050,.T.);
#1764=ADVANCED_FACE('',(#2447),#2051,.T.);
#1765=ADVANCED_FACE('',(#2448),#2052,.T.);
#1766=ADVANCED_FACE('',(#2449),#2053,.T.);
#1767=ADVANCED_FACE('',(#2450),#2054,.T.);
#1768=ADVANCED_FACE('',(#2451),#2055,.T.);
#1769=ADVANCED_FACE('',(#2452),#2056,.T.);
#1770=ADVANCED_FACE('',(#2453),#2057,.T.);
#1771=ADVANCED_FACE('',(#2454),#2058,.T.);
#1772=ADVANCED_FACE('',(#2455),#2059,.T.);
#1773=ADVANCED_FACE('',(#2456),#2060,.T.);
#1774=ADVANCED_FACE('',(#2457),#2061,.T.);
#1775=ADVANCED_FACE('',(#2458),#2062,.T.);
#1776=ADVANCED_FACE('',(#2459),#2063,.T.);
#1777=ADVANCED_FACE('',(#2460),#2064,.T.);
#1778=ADVANCED_FACE('',(#2461),#2065,.T.);
#1779=ADVANCED_FACE('',(#2462),#2066,.T.);
#1780=ADVANCED_FACE('',(#2463),#2067,.T.);
#1781=ADVANCED_FACE('',(#2464),#2068,.T.);
#1782=ADVANCED_FACE('',(#2465),#2069,.T.);
#1783=ADVANCED_FACE('',(#2466),#2070,.T.);
#1784=ADVANCED_FACE('',(#2467),#2071,.T.);
#1785=ADVANCED_FACE('',(#2468),#2072,.T.);
#1786=ADVANCED_FACE('',(#2469),#2073,.T.);
#1787=ADVANCED_FACE('',(#2470),#2074,.T.);
#1788=ADVANCED_FACE('',(#2471),#2075,.T.);
#1789=ADVANCED_FACE('',(#2472),#2076,.T.);
#1790=ADVANCED_FACE('',(#2473),#2077,.T.);
#1791=ADVANCED_FACE('',(#2474),#2078,.T.);
#1792=ADVANCED_FACE('',(#2475),#2079,.T.);
#1793=ADVANCED_FACE('',(#2476),#2080,.T.);
#1794=ADVANCED_FACE('',(#2477),#2081,.T.);
#1795=ADVANCED_FACE('',(#2478),#2082,.T.);
#1796=ADVANCED_FACE('',(#2479),#2083,.T.);
#1797=ADVANCED_FACE('',(#2480),#2084,.T.);
#1798=ADVANCED_FACE('',(#2481),#2085,.T.);
#1799=ADVANCED_FACE('',(#2482),#2086,.T.);
#1800=ADVANCED_FACE('',(#2483),#2087,.T.);
#1801=ADVANCED_FACE('',(#2484),#2088,.T.);
#1802=ADVANCED_FACE('',(#2485),#2089,.T.);
#1803=ADVANCED_FACE('',(#2486),#2090,.T.);
#1804=ADVANCED_FACE('',(#2487),#2091,.T.);
#1805=ADVANCED_FACE('',(#2488),#2092,.T.);
#1806=ADVANCED_FACE('',(#2489),#2093,.T.);
#1807=ADVANCED_FACE('',(#2490),#698,.F.);
#1808=ADVANCED_FACE('',(#2491),#699,.F.);
#1809=ADVANCED_FACE('',(#2492),#700,.F.);
#1810=ADVANCED_FACE('',(#2493),#701,.F.);
#1811=ADVANCED_FACE('',(#2494),#702,.F.);
#1812=ADVANCED_FACE('',(#2495),#703,.F.);
#1813=ADVANCED_FACE('',(#2496),#704,.F.);
#1814=ADVANCED_FACE('',(#2497),#705,.F.);
#1815=ADVANCED_FACE('',(#2498),#706,.F.);
#1816=ADVANCED_FACE('',(#2499),#707,.F.);
#1817=ADVANCED_FACE('',(#2500),#708,.F.);
#1818=ADVANCED_FACE('',(#2501),#709,.F.);
#1819=ADVANCED_FACE('',(#2502),#710,.F.);
#1820=ADVANCED_FACE('',(#2503),#711,.F.);
#1821=ADVANCED_FACE('',(#2504),#712,.F.);
#1822=ADVANCED_FACE('',(#2505),#713,.F.);
#1823=ADVANCED_FACE('',(#2506),#714,.F.);
#1824=ADVANCED_FACE('',(#2507),#715,.F.);
#1825=ADVANCED_FACE('',(#2508),#716,.F.);
#1826=ADVANCED_FACE('',(#2509),#717,.F.);
#1827=ADVANCED_FACE('',(#2510),#718,.F.);
#1828=ADVANCED_FACE('',(#2511),#719,.F.);
#1829=ADVANCED_FACE('',(#2512),#720,.F.);
#1830=ADVANCED_FACE('',(#2513),#721,.F.);
#1831=ADVANCED_FACE('',(#2514),#722,.F.);
#1832=ADVANCED_FACE('',(#2515),#723,.F.);
#1833=ADVANCED_FACE('',(#2516),#724,.F.);
#1834=ADVANCED_FACE('',(#2517),#725,.F.);
#1835=ADVANCED_FACE('',(#2518),#726,.F.);
#1836=ADVANCED_FACE('',(#2519),#727,.F.);
#1837=ADVANCED_FACE('',(#2520),#728,.F.);
#1838=ADVANCED_FACE('',(#2521),#729,.F.);
#1839=ADVANCED_FACE('',(#2522),#730,.F.);
#1840=ADVANCED_FACE('',(#2523),#731,.F.);
#1841=ADVANCED_FACE('',(#2524),#732,.F.);
#1842=ADVANCED_FACE('',(#2525),#733,.F.);
#1843=ADVANCED_FACE('',(#2526),#734,.F.);
#1844=ADVANCED_FACE('',(#2527),#735,.F.);
#1845=ADVANCED_FACE('',(#2528),#736,.F.);
#1846=ADVANCED_FACE('',(#2529),#737,.F.);
#1847=ADVANCED_FACE('',(#2530),#738,.F.);
#1848=ADVANCED_FACE('',(#2531),#739,.F.);
#1849=ADVANCED_FACE('',(#2532),#740,.F.);
#1850=ADVANCED_FACE('',(#2533),#741,.F.);
#1851=ADVANCED_FACE('',(#2534),#742,.F.);
#1852=ADVANCED_FACE('',(#2535),#743,.F.);
#1853=ADVANCED_FACE('',(#2536),#744,.F.);
#1854=ADVANCED_FACE('',(#2537),#745,.F.);
#1855=ADVANCED_FACE('',(#446,#447),#746,.F.);
#1856=ADVANCED_FACE('',(#448,#449),#747,.F.);
#1857=ADVANCED_FACE('',(#450,#451),#748,.F.);
#1858=ADVANCED_FACE('',(#452,#453),#749,.F.);
#1859=ADVANCED_FACE('',(#454,#455),#750,.F.);
#1860=ADVANCED_FACE('',(#456,#457),#107,.F.);
#1861=ADVANCED_FACE('',(#458,#459),#108,.F.);
#1862=ADVANCED_FACE('',(#460,#461),#109,.F.);
#1863=ADVANCED_FACE('',(#462,#463),#110,.F.);
#1864=ADVANCED_FACE('',(#464,#465),#111,.F.);
#1865=ADVANCED_FACE('',(#466,#467),#112,.F.);
#1866=ADVANCED_FACE('',(#468,#469),#113,.F.);
#1867=ADVANCED_FACE('',(#470,#471),#114,.F.);
#1868=ADVANCED_FACE('',(#472,#473),#115,.F.);
#1869=ADVANCED_FACE('',(#474,#475),#116,.F.);
#1870=ADVANCED_FACE('',(#476,#477),#117,.F.);
#1871=PLANE('',#10315);
#1872=PLANE('',#10316);
#1873=PLANE('',#10317);
#1874=PLANE('',#10318);
#1875=PLANE('',#10322);
#1876=PLANE('',#10326);
#1877=PLANE('',#10330);
#1878=PLANE('',#10334);
#1879=PLANE('',#10338);
#1880=PLANE('',#10342);
#1881=PLANE('',#10346);
#1882=PLANE('',#10350);
#1883=PLANE('',#10354);
#1884=PLANE('',#10358);
#1885=PLANE('',#10362);
#1886=PLANE('',#10390);
#1887=PLANE('',#10415);
#1888=PLANE('',#10428);
#1889=PLANE('',#10442);
#1890=PLANE('',#10443);
#1891=PLANE('',#10446);
#1892=PLANE('',#10447);
#1893=PLANE('',#10450);
#1894=PLANE('',#10451);
#1895=PLANE('',#10454);
#1896=PLANE('',#10455);
#1897=PLANE('',#10458);
#1898=PLANE('',#10459);
#1899=PLANE('',#10462);
#1900=PLANE('',#10463);
#1901=PLANE('',#10465);
#1902=PLANE('',#10475);
#1903=PLANE('',#10485);
#1904=PLANE('',#10495);
#1905=PLANE('',#10502);
#1906=PLANE('',#10506);
#1907=PLANE('',#10510);
#1908=PLANE('',#10514);
#1909=PLANE('',#10518);
#1910=PLANE('',#10522);
#1911=PLANE('',#10526);
#1912=PLANE('',#10530);
#1913=PLANE('',#10534);
#1914=PLANE('',#10538);
#1915=PLANE('',#10542);
#1916=PLANE('',#10546);
#1917=PLANE('',#10589);
#1918=PLANE('',#10590);
#1919=PLANE('',#10592);
#1920=PLANE('',#10593);
#1921=PLANE('',#10596);
#1922=PLANE('',#10597);
#1923=PLANE('',#10600);
#1924=PLANE('',#10601);
#1925=PLANE('',#10604);
#1926=PLANE('',#10605);
#1927=PLANE('',#10608);
#1928=PLANE('',#10609);
#1929=PLANE('',#10612);
#1930=PLANE('',#10613);
#1931=PLANE('',#10707);
#1932=PLANE('',#10708);
#1933=PLANE('',#10801);
#1934=PLANE('',#10804);
#1935=PLANE('',#10805);
#1936=PLANE('',#10806);
#1937=PLANE('',#10823);
#1938=PLANE('',#10832);
#1939=PLANE('',#10833);
#1940=PLANE('',#10834);
#1941=PLANE('',#10835);
#1942=PLANE('',#10836);
#1943=PLANE('',#10837);
#1944=PLANE('',#10848);
#1945=PLANE('',#10850);
#1946=PLANE('',#10851);
#1947=PLANE('',#10852);
#1948=PLANE('',#10853);
#1949=PLANE('',#10854);
#1950=PLANE('',#10855);
#1951=PLANE('',#10856);
#1952=PLANE('',#10857);
#1953=PLANE('',#10858);
#1954=PLANE('',#10859);
#1955=PLANE('',#10860);
#1956=PLANE('',#10861);
#1957=PLANE('',#10863);
#1958=PLANE('',#10865);
#1959=PLANE('',#10867);
#1960=PLANE('',#10868);
#1961=PLANE('',#10869);
#1962=PLANE('',#10870);
#1963=PLANE('',#10871);
#1964=PLANE('',#10872);
#1965=PLANE('',#10873);
#1966=PLANE('',#10874);
#1967=PLANE('',#10876);
#1968=PLANE('',#10877);
#1969=PLANE('',#10878);
#1970=PLANE('',#10879);
#1971=PLANE('',#10880);
#1972=PLANE('',#10881);
#1973=PLANE('',#10883);
#1974=PLANE('',#10885);
#1975=PLANE('',#10887);
#1976=PLANE('',#10888);
#1977=PLANE('',#10889);
#1978=PLANE('',#10890);
#1979=PLANE('',#10891);
#1980=PLANE('',#10892);
#1981=PLANE('',#10893);
#1982=PLANE('',#10894);
#1983=PLANE('',#10895);
#1984=PLANE('',#10897);
#1985=PLANE('',#10899);
#1986=PLANE('',#10901);
#1987=PLANE('',#10903);
#1988=PLANE('',#10905);
#1989=PLANE('',#10907);
#1990=PLANE('',#10908);
#1991=PLANE('',#10909);
#1992=PLANE('',#10910);
#1993=PLANE('',#10911);
#1994=PLANE('',#10980);
#1995=PLANE('',#10981);
#1996=PLANE('',#10984);
#1997=PLANE('',#10987);
#1998=PLANE('',#10990);
#1999=PLANE('',#10991);
#2000=PLANE('',#10992);
#2001=PLANE('',#10995);
#2002=PLANE('',#10998);
#2003=PLANE('',#11001);
#2004=PLANE('',#11016);
#2005=PLANE('',#11023);
#2006=PLANE('',#11024);
#2007=PLANE('',#11025);
#2008=PLANE('',#11028);
#2009=PLANE('',#11029);
#2010=PLANE('',#11030);
#2011=PLANE('',#11031);
#2012=PLANE('',#11038);
#2013=PLANE('',#11039);
#2014=PLANE('',#11040);
#2015=PLANE('',#11041);
#2016=PLANE('',#11137);
#2017=PLANE('',#11233);
#2018=PLANE('',#11234);
#2019=PLANE('',#11235);
#2020=PLANE('',#11236);
#2021=PLANE('',#11237);
#2022=PLANE('',#11268);
#2023=PLANE('',#11269);
#2024=PLANE('',#11270);
#2025=PLANE('',#11271);
#2026=PLANE('',#11272);
#2027=PLANE('',#11273);
#2028=PLANE('',#11274);
#2029=PLANE('',#11275);
#2030=PLANE('',#11276);
#2031=PLANE('',#11277);
#2032=PLANE('',#11278);
#2033=PLANE('',#11279);
#2034=PLANE('',#11280);
#2035=PLANE('',#11281);
#2036=PLANE('',#11282);
#2037=PLANE('',#11283);
#2038=PLANE('',#11284);
#2039=PLANE('',#11285);
#2040=PLANE('',#11286);
#2041=PLANE('',#11287);
#2042=PLANE('',#11316);
#2043=PLANE('',#11317);
#2044=PLANE('',#11318);
#2045=PLANE('',#11319);
#2046=PLANE('',#11320);
#2047=PLANE('',#11321);
#2048=PLANE('',#11322);
#2049=PLANE('',#11323);
#2050=PLANE('',#11324);
#2051=PLANE('',#11325);
#2052=PLANE('',#11326);
#2053=PLANE('',#11327);
#2054=PLANE('',#11328);
#2055=PLANE('',#11329);
#2056=PLANE('',#11330);
#2057=PLANE('',#11331);
#2058=PLANE('',#11332);
#2059=PLANE('',#11333);
#2060=PLANE('',#11334);
#2061=PLANE('',#11335);
#2062=PLANE('',#11336);
#2063=PLANE('',#11337);
#2064=PLANE('',#11338);
#2065=PLANE('',#11339);
#2066=PLANE('',#11340);
#2067=PLANE('',#11341);
#2068=PLANE('',#11342);
#2069=PLANE('',#11343);
#2070=PLANE('',#11344);
#2071=PLANE('',#11345);
#2072=PLANE('',#11346);
#2073=PLANE('',#11347);
#2074=PLANE('',#11348);
#2075=PLANE('',#11349);
#2076=PLANE('',#11350);
#2077=PLANE('',#11351);
#2078=PLANE('',#11352);
#2079=PLANE('',#11353);
#2080=PLANE('',#11354);
#2081=PLANE('',#11355);
#2082=PLANE('',#11356);
#2083=PLANE('',#11357);
#2084=PLANE('',#11358);
#2085=PLANE('',#11359);
#2086=PLANE('',#11360);
#2087=PLANE('',#11361);
#2088=PLANE('',#11362);
#2089=PLANE('',#11363);
#2090=PLANE('',#11364);
#2091=PLANE('',#11365);
#2092=PLANE('',#11366);
#2093=PLANE('',#11367);
#2094=FACE_OUTER_BOUND('',#2538,.T.);
#2095=FACE_OUTER_BOUND('',#2539,.T.);
#2096=FACE_OUTER_BOUND('',#2540,.T.);
#2097=FACE_OUTER_BOUND('',#2541,.T.);
#2098=FACE_OUTER_BOUND('',#2542,.T.);
#2099=FACE_OUTER_BOUND('',#2543,.T.);
#2100=FACE_OUTER_BOUND('',#2544,.T.);
#2101=FACE_OUTER_BOUND('',#2545,.T.);
#2102=FACE_OUTER_BOUND('',#2546,.T.);
#2103=FACE_OUTER_BOUND('',#2547,.T.);
#2104=FACE_OUTER_BOUND('',#2548,.T.);
#2105=FACE_OUTER_BOUND('',#2549,.T.);
#2106=FACE_OUTER_BOUND('',#2550,.T.);
#2107=FACE_OUTER_BOUND('',#2551,.T.);
#2108=FACE_OUTER_BOUND('',#2552,.T.);
#2109=FACE_OUTER_BOUND('',#2553,.T.);
#2110=FACE_OUTER_BOUND('',#2554,.T.);
#2111=FACE_OUTER_BOUND('',#2555,.T.);
#2112=FACE_OUTER_BOUND('',#2556,.T.);
#2113=FACE_OUTER_BOUND('',#2557,.T.);
#2114=FACE_OUTER_BOUND('',#2558,.T.);
#2115=FACE_OUTER_BOUND('',#2559,.T.);
#2116=FACE_OUTER_BOUND('',#2560,.T.);
#2117=FACE_OUTER_BOUND('',#2561,.T.);
#2118=FACE_OUTER_BOUND('',#2562,.T.);
#2119=FACE_OUTER_BOUND('',#2563,.T.);
#2120=FACE_OUTER_BOUND('',#2564,.T.);
#2121=FACE_OUTER_BOUND('',#2581,.T.);
#2122=FACE_OUTER_BOUND('',#2602,.T.);
#2123=FACE_OUTER_BOUND('',#2603,.T.);
#2124=FACE_OUTER_BOUND('',#2604,.T.);
#2125=FACE_OUTER_BOUND('',#2605,.T.);
#2126=FACE_OUTER_BOUND('',#2606,.T.);
#2127=FACE_OUTER_BOUND('',#2607,.T.);
#2128=FACE_OUTER_BOUND('',#2608,.T.);
#2129=FACE_OUTER_BOUND('',#2609,.T.);
#2130=FACE_OUTER_BOUND('',#2610,.T.);
#2131=FACE_OUTER_BOUND('',#2611,.T.);
#2132=FACE_OUTER_BOUND('',#2612,.T.);
#2133=FACE_OUTER_BOUND('',#2613,.T.);
#2134=FACE_OUTER_BOUND('',#2614,.T.);
#2135=FACE_OUTER_BOUND('',#2615,.T.);
#2136=FACE_OUTER_BOUND('',#2616,.T.);
#2137=FACE_OUTER_BOUND('',#2617,.T.);
#2138=FACE_OUTER_BOUND('',#2618,.T.);
#2139=FACE_OUTER_BOUND('',#2619,.T.);
#2140=FACE_OUTER_BOUND('',#2620,.T.);
#2141=FACE_OUTER_BOUND('',#2621,.T.);
#2142=FACE_OUTER_BOUND('',#2622,.T.);
#2143=FACE_OUTER_BOUND('',#2623,.T.);
#2144=FACE_OUTER_BOUND('',#2624,.T.);
#2145=FACE_OUTER_BOUND('',#2625,.T.);
#2146=FACE_OUTER_BOUND('',#2626,.T.);
#2147=FACE_OUTER_BOUND('',#2627,.T.);
#2148=FACE_OUTER_BOUND('',#2628,.T.);
#2149=FACE_OUTER_BOUND('',#2629,.T.);
#2150=FACE_OUTER_BOUND('',#2630,.T.);
#2151=FACE_OUTER_BOUND('',#2631,.T.);
#2152=FACE_OUTER_BOUND('',#2632,.T.);
#2153=FACE_OUTER_BOUND('',#2633,.T.);
#2154=FACE_OUTER_BOUND('',#2634,.T.);
#2155=FACE_OUTER_BOUND('',#2635,.T.);
#2156=FACE_OUTER_BOUND('',#2636,.T.);
#2157=FACE_OUTER_BOUND('',#2637,.T.);
#2158=FACE_OUTER_BOUND('',#2638,.T.);
#2159=FACE_OUTER_BOUND('',#2639,.T.);
#2160=FACE_OUTER_BOUND('',#2640,.T.);
#2161=FACE_OUTER_BOUND('',#2641,.T.);
#2162=FACE_OUTER_BOUND('',#2642,.T.);
#2163=FACE_OUTER_BOUND('',#2643,.T.);
#2164=FACE_OUTER_BOUND('',#2644,.T.);
#2165=FACE_OUTER_BOUND('',#2645,.T.);
#2166=FACE_OUTER_BOUND('',#2646,.T.);
#2167=FACE_OUTER_BOUND('',#2647,.T.);
#2168=FACE_OUTER_BOUND('',#2648,.T.);
#2169=FACE_OUTER_BOUND('',#2649,.T.);
#2170=FACE_OUTER_BOUND('',#2650,.T.);
#2171=FACE_OUTER_BOUND('',#2651,.T.);
#2172=FACE_OUTER_BOUND('',#2652,.T.);
#2173=FACE_OUTER_BOUND('',#2653,.T.);
#2174=FACE_OUTER_BOUND('',#2654,.T.);
#2175=FACE_OUTER_BOUND('',#2655,.T.);
#2176=FACE_OUTER_BOUND('',#2656,.T.);
#2177=FACE_OUTER_BOUND('',#2657,.T.);
#2178=FACE_OUTER_BOUND('',#2658,.T.);
#2179=FACE_OUTER_BOUND('',#2659,.T.);
#2180=FACE_OUTER_BOUND('',#2660,.T.);
#2181=FACE_OUTER_BOUND('',#2661,.T.);
#2182=FACE_OUTER_BOUND('',#2662,.T.);
#2183=FACE_OUTER_BOUND('',#2663,.T.);
#2184=FACE_OUTER_BOUND('',#2664,.T.);
#2185=FACE_OUTER_BOUND('',#2665,.T.);
#2186=FACE_OUTER_BOUND('',#2666,.T.);
#2187=FACE_OUTER_BOUND('',#2667,.T.);
#2188=FACE_OUTER_BOUND('',#2668,.T.);
#2189=FACE_OUTER_BOUND('',#2669,.T.);
#2190=FACE_OUTER_BOUND('',#2670,.T.);
#2191=FACE_OUTER_BOUND('',#2671,.T.);
#2192=FACE_OUTER_BOUND('',#2672,.T.);
#2193=FACE_OUTER_BOUND('',#2673,.T.);
#2194=FACE_OUTER_BOUND('',#2674,.T.);
#2195=FACE_OUTER_BOUND('',#2675,.T.);
#2196=FACE_OUTER_BOUND('',#2690,.T.);
#2197=FACE_OUTER_BOUND('',#2691,.T.);
#2198=FACE_OUTER_BOUND('',#2714,.T.);
#2199=FACE_OUTER_BOUND('',#2715,.T.);
#2200=FACE_OUTER_BOUND('',#2716,.T.);
#2201=FACE_OUTER_BOUND('',#2717,.T.);
#2202=FACE_OUTER_BOUND('',#2718,.T.);
#2203=FACE_OUTER_BOUND('',#2719,.T.);
#2204=FACE_OUTER_BOUND('',#2720,.T.);
#2205=FACE_OUTER_BOUND('',#2721,.T.);
#2206=FACE_OUTER_BOUND('',#2722,.T.);
#2207=FACE_OUTER_BOUND('',#2723,.T.);
#2208=FACE_OUTER_BOUND('',#2724,.T.);
#2209=FACE_OUTER_BOUND('',#2725,.T.);
#2210=FACE_OUTER_BOUND('',#2726,.T.);
#2211=FACE_OUTER_BOUND('',#2727,.T.);
#2212=FACE_OUTER_BOUND('',#2728,.T.);
#2213=FACE_OUTER_BOUND('',#2729,.T.);
#2214=FACE_OUTER_BOUND('',#2730,.T.);
#2215=FACE_OUTER_BOUND('',#2731,.T.);
#2216=FACE_OUTER_BOUND('',#2732,.T.);
#2217=FACE_OUTER_BOUND('',#2733,.T.);
#2218=FACE_OUTER_BOUND('',#2734,.T.);
#2219=FACE_OUTER_BOUND('',#2735,.T.);
#2220=FACE_OUTER_BOUND('',#2736,.T.);
#2221=FACE_OUTER_BOUND('',#2737,.T.);
#2222=FACE_OUTER_BOUND('',#2775,.T.);
#2223=FACE_OUTER_BOUND('',#2813,.T.);
#2224=FACE_OUTER_BOUND('',#2814,.T.);
#2225=FACE_OUTER_BOUND('',#2815,.T.);
#2226=FACE_OUTER_BOUND('',#2816,.T.);
#2227=FACE_OUTER_BOUND('',#2817,.T.);
#2228=FACE_OUTER_BOUND('',#2850,.T.);
#2229=FACE_OUTER_BOUND('',#2863,.T.);
#2230=FACE_OUTER_BOUND('',#2864,.T.);
#2231=FACE_OUTER_BOUND('',#2865,.T.);
#2232=FACE_OUTER_BOUND('',#2866,.T.);
#2233=FACE_OUTER_BOUND('',#2867,.T.);
#2234=FACE_OUTER_BOUND('',#2868,.T.);
#2235=FACE_OUTER_BOUND('',#2869,.T.);
#2236=FACE_OUTER_BOUND('',#2870,.T.);
#2237=FACE_OUTER_BOUND('',#2871,.T.);
#2238=FACE_OUTER_BOUND('',#2872,.T.);
#2239=FACE_OUTER_BOUND('',#2873,.T.);
#2240=FACE_OUTER_BOUND('',#2874,.T.);
#2241=FACE_OUTER_BOUND('',#2875,.T.);
#2242=FACE_OUTER_BOUND('',#2876,.T.);
#2243=FACE_OUTER_BOUND('',#2877,.T.);
#2244=FACE_OUTER_BOUND('',#2878,.T.);
#2245=FACE_OUTER_BOUND('',#2883,.T.);
#2246=FACE_OUTER_BOUND('',#2884,.T.);
#2247=FACE_OUTER_BOUND('',#2885,.T.);
#2248=FACE_OUTER_BOUND('',#2886,.T.);
#2249=FACE_OUTER_BOUND('',#2887,.T.);
#2250=FACE_OUTER_BOUND('',#2888,.T.);
#2251=FACE_OUTER_BOUND('',#2889,.T.);
#2252=FACE_OUTER_BOUND('',#2890,.T.);
#2253=FACE_OUTER_BOUND('',#2891,.T.);
#2254=FACE_OUTER_BOUND('',#2892,.T.);
#2255=FACE_OUTER_BOUND('',#2893,.T.);
#2256=FACE_OUTER_BOUND('',#2894,.T.);
#2257=FACE_OUTER_BOUND('',#2895,.T.);
#2258=FACE_OUTER_BOUND('',#2896,.T.);
#2259=FACE_OUTER_BOUND('',#2897,.T.);
#2260=FACE_OUTER_BOUND('',#2898,.T.);
#2261=FACE_OUTER_BOUND('',#2899,.T.);
#2262=FACE_OUTER_BOUND('',#2900,.T.);
#2263=FACE_OUTER_BOUND('',#2901,.T.);
#2264=FACE_OUTER_BOUND('',#2902,.T.);
#2265=FACE_OUTER_BOUND('',#2903,.T.);
#2266=FACE_OUTER_BOUND('',#2904,.T.);
#2267=FACE_OUTER_BOUND('',#2905,.T.);
#2268=FACE_OUTER_BOUND('',#2906,.T.);
#2269=FACE_OUTER_BOUND('',#2907,.T.);
#2270=FACE_OUTER_BOUND('',#2908,.T.);
#2271=FACE_OUTER_BOUND('',#2909,.T.);
#2272=FACE_OUTER_BOUND('',#2910,.T.);
#2273=FACE_OUTER_BOUND('',#2911,.T.);
#2274=FACE_OUTER_BOUND('',#2912,.T.);
#2275=FACE_OUTER_BOUND('',#2913,.T.);
#2276=FACE_OUTER_BOUND('',#2914,.T.);
#2277=FACE_OUTER_BOUND('',#2915,.T.);
#2278=FACE_OUTER_BOUND('',#2916,.T.);
#2279=FACE_OUTER_BOUND('',#2917,.T.);
#2280=FACE_OUTER_BOUND('',#2918,.T.);
#2281=FACE_OUTER_BOUND('',#2919,.T.);
#2282=FACE_OUTER_BOUND('',#2920,.T.);
#2283=FACE_OUTER_BOUND('',#2921,.T.);
#2284=FACE_OUTER_BOUND('',#2922,.T.);
#2285=FACE_OUTER_BOUND('',#2923,.T.);
#2286=FACE_OUTER_BOUND('',#2924,.T.);
#2287=FACE_OUTER_BOUND('',#2925,.T.);
#2288=FACE_OUTER_BOUND('',#2926,.T.);
#2289=FACE_OUTER_BOUND('',#2927,.T.);
#2290=FACE_OUTER_BOUND('',#2928,.T.);
#2291=FACE_OUTER_BOUND('',#2929,.T.);
#2292=FACE_OUTER_BOUND('',#2930,.T.);
#2293=FACE_OUTER_BOUND('',#2931,.T.);
#2294=FACE_OUTER_BOUND('',#2932,.T.);
#2295=FACE_OUTER_BOUND('',#2933,.T.);
#2296=FACE_OUTER_BOUND('',#2934,.T.);
#2297=FACE_OUTER_BOUND('',#2935,.T.);
#2298=FACE_OUTER_BOUND('',#2936,.T.);
#2299=FACE_OUTER_BOUND('',#2937,.T.);
#2300=FACE_OUTER_BOUND('',#2938,.T.);
#2301=FACE_OUTER_BOUND('',#2939,.T.);
#2302=FACE_OUTER_BOUND('',#2940,.T.);
#2303=FACE_OUTER_BOUND('',#2941,.T.);
#2304=FACE_OUTER_BOUND('',#2942,.T.);
#2305=FACE_OUTER_BOUND('',#2943,.T.);
#2306=FACE_OUTER_BOUND('',#2944,.T.);
#2307=FACE_OUTER_BOUND('',#2945,.T.);
#2308=FACE_OUTER_BOUND('',#2946,.T.);
#2309=FACE_OUTER_BOUND('',#2949,.T.);
#2310=FACE_OUTER_BOUND('',#2950,.T.);
#2311=FACE_OUTER_BOUND('',#2951,.T.);
#2312=FACE_OUTER_BOUND('',#2952,.T.);
#2313=FACE_OUTER_BOUND('',#2953,.T.);
#2314=FACE_OUTER_BOUND('',#2954,.T.);
#2315=FACE_OUTER_BOUND('',#2955,.T.);
#2316=FACE_OUTER_BOUND('',#2956,.T.);
#2317=FACE_OUTER_BOUND('',#2957,.T.);
#2318=FACE_OUTER_BOUND('',#2958,.T.);
#2319=FACE_OUTER_BOUND('',#2959,.T.);
#2320=FACE_OUTER_BOUND('',#2960,.T.);
#2321=FACE_OUTER_BOUND('',#2961,.T.);
#2322=FACE_OUTER_BOUND('',#2962,.T.);
#2323=FACE_OUTER_BOUND('',#2963,.T.);
#2324=FACE_OUTER_BOUND('',#2964,.T.);
#2325=FACE_OUTER_BOUND('',#2965,.T.);
#2326=FACE_OUTER_BOUND('',#2966,.T.);
#2327=FACE_OUTER_BOUND('',#2967,.T.);
#2328=FACE_OUTER_BOUND('',#2968,.T.);
#2329=FACE_OUTER_BOUND('',#2969,.T.);
#2330=FACE_OUTER_BOUND('',#2970,.T.);
#2331=FACE_OUTER_BOUND('',#2971,.T.);
#2332=FACE_OUTER_BOUND('',#2972,.T.);
#2333=FACE_OUTER_BOUND('',#2973,.T.);
#2334=FACE_OUTER_BOUND('',#2974,.T.);
#2335=FACE_OUTER_BOUND('',#2975,.T.);
#2336=FACE_OUTER_BOUND('',#2976,.T.);
#2337=FACE_OUTER_BOUND('',#2977,.T.);
#2338=FACE_OUTER_BOUND('',#2978,.T.);
#2339=FACE_OUTER_BOUND('',#2979,.T.);
#2340=FACE_OUTER_BOUND('',#2980,.T.);
#2341=FACE_OUTER_BOUND('',#2981,.T.);
#2342=FACE_OUTER_BOUND('',#2982,.T.);
#2343=FACE_OUTER_BOUND('',#2983,.T.);
#2344=FACE_OUTER_BOUND('',#2984,.T.);
#2345=FACE_OUTER_BOUND('',#2985,.T.);
#2346=FACE_OUTER_BOUND('',#2986,.T.);
#2347=FACE_OUTER_BOUND('',#2987,.T.);
#2348=FACE_OUTER_BOUND('',#2988,.T.);
#2349=FACE_OUTER_BOUND('',#2989,.T.);
#2350=FACE_OUTER_BOUND('',#2990,.T.);
#2351=FACE_OUTER_BOUND('',#2991,.T.);
#2352=FACE_OUTER_BOUND('',#3000,.T.);
#2353=FACE_OUTER_BOUND('',#3001,.T.);
#2354=FACE_OUTER_BOUND('',#3002,.T.);
#2355=FACE_OUTER_BOUND('',#3003,.T.);
#2356=FACE_OUTER_BOUND('',#3004,.T.);
#2357=FACE_OUTER_BOUND('',#3005,.T.);
#2358=FACE_OUTER_BOUND('',#3006,.T.);
#2359=FACE_OUTER_BOUND('',#3007,.T.);
#2360=FACE_OUTER_BOUND('',#3008,.T.);
#2361=FACE_OUTER_BOUND('',#3009,.T.);
#2362=FACE_OUTER_BOUND('',#3010,.T.);
#2363=FACE_OUTER_BOUND('',#3011,.T.);
#2364=FACE_OUTER_BOUND('',#3012,.T.);
#2365=FACE_OUTER_BOUND('',#3013,.T.);
#2366=FACE_OUTER_BOUND('',#3014,.T.);
#2367=FACE_OUTER_BOUND('',#3035,.T.);
#2368=FACE_OUTER_BOUND('',#3036,.T.);
#2369=FACE_OUTER_BOUND('',#3037,.T.);
#2370=FACE_OUTER_BOUND('',#3038,.T.);
#2371=FACE_OUTER_BOUND('',#3039,.T.);
#2372=FACE_OUTER_BOUND('',#3040,.T.);
#2373=FACE_OUTER_BOUND('',#3041,.T.);
#2374=FACE_OUTER_BOUND('',#3042,.T.);
#2375=FACE_OUTER_BOUND('',#3043,.T.);
#2376=FACE_OUTER_BOUND('',#3044,.T.);
#2377=FACE_OUTER_BOUND('',#3045,.T.);
#2378=FACE_OUTER_BOUND('',#3046,.T.);
#2379=FACE_OUTER_BOUND('',#3047,.T.);
#2380=FACE_OUTER_BOUND('',#3048,.T.);
#2381=FACE_OUTER_BOUND('',#3049,.T.);
#2382=FACE_OUTER_BOUND('',#3050,.T.);
#2383=FACE_OUTER_BOUND('',#3051,.T.);
#2384=FACE_OUTER_BOUND('',#3052,.T.);
#2385=FACE_OUTER_BOUND('',#3053,.T.);
#2386=FACE_OUTER_BOUND('',#3122,.T.);
#2387=FACE_OUTER_BOUND('',#3123,.T.);
#2388=FACE_OUTER_BOUND('',#3124,.T.);
#2389=FACE_OUTER_BOUND('',#3125,.T.);
#2390=FACE_OUTER_BOUND('',#3154,.T.);
#2391=FACE_OUTER_BOUND('',#3155,.T.);
#2392=FACE_OUTER_BOUND('',#3156,.T.);
#2393=FACE_OUTER_BOUND('',#3157,.T.);
#2394=FACE_OUTER_BOUND('',#3158,.T.);
#2395=FACE_OUTER_BOUND('',#3159,.T.);
#2396=FACE_OUTER_BOUND('',#3160,.T.);
#2397=FACE_OUTER_BOUND('',#3161,.T.);
#2398=FACE_OUTER_BOUND('',#3162,.T.);
#2399=FACE_OUTER_BOUND('',#3163,.T.);
#2400=FACE_OUTER_BOUND('',#3164,.T.);
#2401=FACE_OUTER_BOUND('',#3165,.T.);
#2402=FACE_OUTER_BOUND('',#3166,.T.);
#2403=FACE_OUTER_BOUND('',#3167,.T.);
#2404=FACE_OUTER_BOUND('',#3168,.T.);
#2405=FACE_OUTER_BOUND('',#3169,.T.);
#2406=FACE_OUTER_BOUND('',#3170,.T.);
#2407=FACE_OUTER_BOUND('',#3171,.T.);
#2408=FACE_OUTER_BOUND('',#3172,.T.);
#2409=FACE_OUTER_BOUND('',#3173,.T.);
#2410=FACE_OUTER_BOUND('',#3174,.T.);
#2411=FACE_OUTER_BOUND('',#3175,.T.);
#2412=FACE_OUTER_BOUND('',#3176,.T.);
#2413=FACE_OUTER_BOUND('',#3177,.T.);
#2414=FACE_OUTER_BOUND('',#3178,.T.);
#2415=FACE_OUTER_BOUND('',#3179,.T.);
#2416=FACE_OUTER_BOUND('',#3180,.T.);
#2417=FACE_OUTER_BOUND('',#3181,.T.);
#2418=FACE_OUTER_BOUND('',#3182,.T.);
#2419=FACE_OUTER_BOUND('',#3183,.T.);
#2420=FACE_OUTER_BOUND('',#3184,.T.);
#2421=FACE_OUTER_BOUND('',#3185,.T.);
#2422=FACE_OUTER_BOUND('',#3186,.T.);
#2423=FACE_OUTER_BOUND('',#3187,.T.);
#2424=FACE_OUTER_BOUND('',#3188,.T.);
#2425=FACE_OUTER_BOUND('',#3189,.T.);
#2426=FACE_OUTER_BOUND('',#3190,.T.);
#2427=FACE_OUTER_BOUND('',#3191,.T.);
#2428=FACE_OUTER_BOUND('',#3192,.T.);
#2429=FACE_OUTER_BOUND('',#3193,.T.);
#2430=FACE_OUTER_BOUND('',#3194,.T.);
#2431=FACE_OUTER_BOUND('',#3195,.T.);
#2432=FACE_OUTER_BOUND('',#3196,.T.);
#2433=FACE_OUTER_BOUND('',#3197,.T.);
#2434=FACE_OUTER_BOUND('',#3198,.T.);
#2435=FACE_OUTER_BOUND('',#3199,.T.);
#2436=FACE_OUTER_BOUND('',#3200,.T.);
#2437=FACE_OUTER_BOUND('',#3201,.T.);
#2438=FACE_OUTER_BOUND('',#3210,.T.);
#2439=FACE_OUTER_BOUND('',#3211,.T.);
#2440=FACE_OUTER_BOUND('',#3212,.T.);
#2441=FACE_OUTER_BOUND('',#3213,.T.);
#2442=FACE_OUTER_BOUND('',#3214,.T.);
#2443=FACE_OUTER_BOUND('',#3215,.T.);
#2444=FACE_OUTER_BOUND('',#3216,.T.);
#2445=FACE_OUTER_BOUND('',#3217,.T.);
#2446=FACE_OUTER_BOUND('',#3218,.T.);
#2447=FACE_OUTER_BOUND('',#3219,.T.);
#2448=FACE_OUTER_BOUND('',#3220,.T.);
#2449=FACE_OUTER_BOUND('',#3221,.T.);
#2450=FACE_OUTER_BOUND('',#3222,.T.);
#2451=FACE_OUTER_BOUND('',#3223,.T.);
#2452=FACE_OUTER_BOUND('',#3224,.T.);
#2453=FACE_OUTER_BOUND('',#3225,.T.);
#2454=FACE_OUTER_BOUND('',#3226,.T.);
#2455=FACE_OUTER_BOUND('',#3227,.T.);
#2456=FACE_OUTER_BOUND('',#3228,.T.);
#2457=FACE_OUTER_BOUND('',#3229,.T.);
#2458=FACE_OUTER_BOUND('',#3230,.T.);
#2459=FACE_OUTER_BOUND('',#3231,.T.);
#2460=FACE_OUTER_BOUND('',#3232,.T.);
#2461=FACE_OUTER_BOUND('',#3233,.T.);
#2462=FACE_OUTER_BOUND('',#3234,.T.);
#2463=FACE_OUTER_BOUND('',#3235,.T.);
#2464=FACE_OUTER_BOUND('',#3236,.T.);
#2465=FACE_OUTER_BOUND('',#3237,.T.);
#2466=FACE_OUTER_BOUND('',#3238,.T.);
#2467=FACE_OUTER_BOUND('',#3239,.T.);
#2468=FACE_OUTER_BOUND('',#3240,.T.);
#2469=FACE_OUTER_BOUND('',#3241,.T.);
#2470=FACE_OUTER_BOUND('',#3242,.T.);
#2471=FACE_OUTER_BOUND('',#3243,.T.);
#2472=FACE_OUTER_BOUND('',#3244,.T.);
#2473=FACE_OUTER_BOUND('',#3245,.T.);
#2474=FACE_OUTER_BOUND('',#3246,.T.);
#2475=FACE_OUTER_BOUND('',#3247,.T.);
#2476=FACE_OUTER_BOUND('',#3248,.T.);
#2477=FACE_OUTER_BOUND('',#3249,.T.);
#2478=FACE_OUTER_BOUND('',#3250,.T.);
#2479=FACE_OUTER_BOUND('',#3251,.T.);
#2480=FACE_OUTER_BOUND('',#3252,.T.);
#2481=FACE_OUTER_BOUND('',#3253,.T.);
#2482=FACE_OUTER_BOUND('',#3254,.T.);
#2483=FACE_OUTER_BOUND('',#3255,.T.);
#2484=FACE_OUTER_BOUND('',#3256,.T.);
#2485=FACE_OUTER_BOUND('',#3257,.T.);
#2486=FACE_OUTER_BOUND('',#3258,.T.);
#2487=FACE_OUTER_BOUND('',#3259,.T.);
#2488=FACE_OUTER_BOUND('',#3260,.T.);
#2489=FACE_OUTER_BOUND('',#3261,.T.);
#2490=FACE_OUTER_BOUND('',#3262,.T.);
#2491=FACE_OUTER_BOUND('',#3263,.T.);
#2492=FACE_OUTER_BOUND('',#3264,.T.);
#2493=FACE_OUTER_BOUND('',#3265,.T.);
#2494=FACE_OUTER_BOUND('',#3266,.T.);
#2495=FACE_OUTER_BOUND('',#3267,.T.);
#2496=FACE_OUTER_BOUND('',#3268,.T.);
#2497=FACE_OUTER_BOUND('',#3269,.T.);
#2498=FACE_OUTER_BOUND('',#3270,.T.);
#2499=FACE_OUTER_BOUND('',#3271,.T.);
#2500=FACE_OUTER_BOUND('',#3272,.T.);
#2501=FACE_OUTER_BOUND('',#3273,.T.);
#2502=FACE_OUTER_BOUND('',#3274,.T.);
#2503=FACE_OUTER_BOUND('',#3275,.T.);
#2504=FACE_OUTER_BOUND('',#3276,.T.);
#2505=FACE_OUTER_BOUND('',#3277,.T.);
#2506=FACE_OUTER_BOUND('',#3278,.T.);
#2507=FACE_OUTER_BOUND('',#3279,.T.);
#2508=FACE_OUTER_BOUND('',#3280,.T.);
#2509=FACE_OUTER_BOUND('',#3281,.T.);
#2510=FACE_OUTER_BOUND('',#3282,.T.);
#2511=FACE_OUTER_BOUND('',#3283,.T.);
#2512=FACE_OUTER_BOUND('',#3284,.T.);
#2513=FACE_OUTER_BOUND('',#3285,.T.);
#2514=FACE_OUTER_BOUND('',#3286,.T.);
#2515=FACE_OUTER_BOUND('',#3287,.T.);
#2516=FACE_OUTER_BOUND('',#3288,.T.);
#2517=FACE_OUTER_BOUND('',#3289,.T.);
#2518=FACE_OUTER_BOUND('',#3290,.T.);
#2519=FACE_OUTER_BOUND('',#3291,.T.);
#2520=FACE_OUTER_BOUND('',#3292,.T.);
#2521=FACE_OUTER_BOUND('',#3293,.T.);
#2522=FACE_OUTER_BOUND('',#3294,.T.);
#2523=FACE_OUTER_BOUND('',#3295,.T.);
#2524=FACE_OUTER_BOUND('',#3296,.T.);
#2525=FACE_OUTER_BOUND('',#3297,.T.);
#2526=FACE_OUTER_BOUND('',#3298,.T.);
#2527=FACE_OUTER_BOUND('',#3299,.T.);
#2528=FACE_OUTER_BOUND('',#3300,.T.);
#2529=FACE_OUTER_BOUND('',#3301,.T.);
#2530=FACE_OUTER_BOUND('',#3302,.T.);
#2531=FACE_OUTER_BOUND('',#3303,.T.);
#2532=FACE_OUTER_BOUND('',#3304,.T.);
#2533=FACE_OUTER_BOUND('',#3305,.T.);
#2534=FACE_OUTER_BOUND('',#3306,.T.);
#2535=FACE_OUTER_BOUND('',#3307,.T.);
#2536=FACE_OUTER_BOUND('',#3308,.T.);
#2537=FACE_OUTER_BOUND('',#3309,.T.);
#2538=EDGE_LOOP('',(#3342,#3343,#3344,#3345));
#2539=EDGE_LOOP('',(#3346,#3347,#3348,#3349));
#2540=EDGE_LOOP('',(#3350,#3351,#3352,#3353));
#2541=EDGE_LOOP('',(#3354,#3355,#3356,#3357));
#2542=EDGE_LOOP('',(#3358,#3359,#3360,#3361));
#2543=EDGE_LOOP('',(#3362,#3363,#3364,#3365));
#2544=EDGE_LOOP('',(#3366,#3367,#3368,#3369));
#2545=EDGE_LOOP('',(#3370,#3371,#3372,#3373));
#2546=EDGE_LOOP('',(#3374,#3375,#3376,#3377));
#2547=EDGE_LOOP('',(#3378,#3379,#3380,#3381));
#2548=EDGE_LOOP('',(#3382,#3383,#3384,#3385));
#2549=EDGE_LOOP('',(#3386,#3387,#3388,#3389));
#2550=EDGE_LOOP('',(#3390,#3391,#3392,#3393));
#2551=EDGE_LOOP('',(#3394,#3395,#3396,#3397));
#2552=EDGE_LOOP('',(#3398,#3399,#3400,#3401));
#2553=EDGE_LOOP('',(#3402,#3403,#3404,#3405));
#2554=EDGE_LOOP('',(#3406,#3407,#3408,#3409));
#2555=EDGE_LOOP('',(#3410,#3411,#3412,#3413));
#2556=EDGE_LOOP('',(#3414,#3415,#3416,#3417));
#2557=EDGE_LOOP('',(#3418,#3419,#3420,#3421));
#2558=EDGE_LOOP('',(#3422,#3423,#3424,#3425));
#2559=EDGE_LOOP('',(#3426,#3427,#3428,#3429));
#2560=EDGE_LOOP('',(#3430,#3431,#3432,#3433));
#2561=EDGE_LOOP('',(#3434,#3435,#3436,#3437));
#2562=EDGE_LOOP('',(#3438,#3439,#3440,#3441));
#2563=EDGE_LOOP('',(#3442,#3443,#3444,#3445));
#2564=EDGE_LOOP('',(#3446,#3447,#3448,#3449));
#2565=EDGE_LOOP('',(#3450));
#2566=EDGE_LOOP('',(#3451));
#2567=EDGE_LOOP('',(#3452));
#2568=EDGE_LOOP('',(#3453));
#2569=EDGE_LOOP('',(#3454));
#2570=EDGE_LOOP('',(#3455));
#2571=EDGE_LOOP('',(#3456));
#2572=EDGE_LOOP('',(#3457));
#2573=EDGE_LOOP('',(#3458));
#2574=EDGE_LOOP('',(#3459));
#2575=EDGE_LOOP('',(#3460));
#2576=EDGE_LOOP('',(#3461));
#2577=EDGE_LOOP('',(#3462));
#2578=EDGE_LOOP('',(#3463));
#2579=EDGE_LOOP('',(#3464));
#2580=EDGE_LOOP('',(#3465));
#2581=EDGE_LOOP('',(#3466,#3467,#3468,#3469));
#2582=EDGE_LOOP('',(#3470,#3471,#3472,#3473,#3474,#3475,#3476,#3477,#3478,
#3479,#3480,#3481,#3482,#3483,#3484,#3485,#3486,#3487,#3488,#3489,#3490,
#3491,#3492,#3493));
#2583=EDGE_LOOP('',(#3494));
#2584=EDGE_LOOP('',(#3495));
#2585=EDGE_LOOP('',(#3496));
#2586=EDGE_LOOP('',(#3497));
#2587=EDGE_LOOP('',(#3498));
#2588=EDGE_LOOP('',(#3499));
#2589=EDGE_LOOP('',(#3500));
#2590=EDGE_LOOP('',(#3501));
#2591=EDGE_LOOP('',(#3502,#3503,#3504,#3505,#3506,#3507,#3508,#3509,#3510,
#3511,#3512,#3513,#3514,#3515,#3516,#3517));
#2592=EDGE_LOOP('',(#3518,#3519,#3520,#3521,#3522,#3523,#3524,#3525,#3526,
#3527,#3528,#3529,#3530,#3531,#3532,#3533,#3534,#3535,#3536,#3537,#3538,
#3539,#3540,#3541));
#2593=EDGE_LOOP('',(#3542));
#2594=EDGE_LOOP('',(#3543));
#2595=EDGE_LOOP('',(#3544));
#2596=EDGE_LOOP('',(#3545));
#2597=EDGE_LOOP('',(#3546));
#2598=EDGE_LOOP('',(#3547));
#2599=EDGE_LOOP('',(#3548));
#2600=EDGE_LOOP('',(#3549));
#2601=EDGE_LOOP('',(#3550,#3551,#3552,#3553,#3554,#3555,#3556,#3557,#3558,
#3559,#3560,#3561,#3562,#3563,#3564,#3565));
#2602=EDGE_LOOP('',(#3566,#3567,#3568,#3569));
#2603=EDGE_LOOP('',(#3570,#3571,#3572,#3573));
#2604=EDGE_LOOP('',(#3574,#3575,#3576,#3577));
#2605=EDGE_LOOP('',(#3578,#3579,#3580,#3581));
#2606=EDGE_LOOP('',(#3582,#3583,#3584,#3585));
#2607=EDGE_LOOP('',(#3586,#3587,#3588,#3589));
#2608=EDGE_LOOP('',(#3590,#3591,#3592,#3593));
#2609=EDGE_LOOP('',(#3594,#3595,#3596,#3597));
#2610=EDGE_LOOP('',(#3598,#3599,#3600,#3601));
#2611=EDGE_LOOP('',(#3602,#3603,#3604,#3605));
#2612=EDGE_LOOP('',(#3606,#3607,#3608,#3609));
#2613=EDGE_LOOP('',(#3610,#3611,#3612,#3613));
#2614=EDGE_LOOP('',(#3614,#3615,#3616,#3617));
#2615=EDGE_LOOP('',(#3618,#3619,#3620,#3621));
#2616=EDGE_LOOP('',(#3622,#3623,#3624,#3625));
#2617=EDGE_LOOP('',(#3626,#3627,#3628,#3629));
#2618=EDGE_LOOP('',(#3630,#3631,#3632,#3633));
#2619=EDGE_LOOP('',(#3634,#3635,#3636,#3637));
#2620=EDGE_LOOP('',(#3638,#3639,#3640,#3641));
#2621=EDGE_LOOP('',(#3642,#3643,#3644,#3645));
#2622=EDGE_LOOP('',(#3646,#3647,#3648,#3649));
#2623=EDGE_LOOP('',(#3650,#3651,#3652,#3653));
#2624=EDGE_LOOP('',(#3654,#3655,#3656,#3657));
#2625=EDGE_LOOP('',(#3658,#3659,#3660,#3661));
#2626=EDGE_LOOP('',(#3662,#3663,#3664,#3665));
#2627=EDGE_LOOP('',(#3666,#3667,#3668,#3669));
#2628=EDGE_LOOP('',(#3670,#3671,#3672,#3673));
#2629=EDGE_LOOP('',(#3674,#3675,#3676,#3677));
#2630=EDGE_LOOP('',(#3678,#3679,#3680,#3681));
#2631=EDGE_LOOP('',(#3682,#3683,#3684,#3685));
#2632=EDGE_LOOP('',(#3686,#3687,#3688,#3689));
#2633=EDGE_LOOP('',(#3690,#3691,#3692,#3693));
#2634=EDGE_LOOP('',(#3694,#3695,#3696,#3697));
#2635=EDGE_LOOP('',(#3698,#3699,#3700,#3701));
#2636=EDGE_LOOP('',(#3702,#3703,#3704,#3705));
#2637=EDGE_LOOP('',(#3706,#3707,#3708,#3709));
#2638=EDGE_LOOP('',(#3710,#3711,#3712,#3713));
#2639=EDGE_LOOP('',(#3714,#3715,#3716,#3717));
#2640=EDGE_LOOP('',(#3718,#3719,#3720,#3721));
#2641=EDGE_LOOP('',(#3722,#3723,#3724,#3725));
#2642=EDGE_LOOP('',(#3726,#3727,#3728,#3729));
#2643=EDGE_LOOP('',(#3730,#3731,#3732,#3733));
#2644=EDGE_LOOP('',(#3734,#3735,#3736,#3737));
#2645=EDGE_LOOP('',(#3738,#3739,#3740,#3741));
#2646=EDGE_LOOP('',(#3742,#3743,#3744,#3745));
#2647=EDGE_LOOP('',(#3746,#3747,#3748,#3749));
#2648=EDGE_LOOP('',(#3750,#3751,#3752,#3753));
#2649=EDGE_LOOP('',(#3754,#3755,#3756,#3757));
#2650=EDGE_LOOP('',(#3758,#3759,#3760,#3761));
#2651=EDGE_LOOP('',(#3762,#3763,#3764,#3765));
#2652=EDGE_LOOP('',(#3766,#3767,#3768,#3769));
#2653=EDGE_LOOP('',(#3770,#3771,#3772,#3773));
#2654=EDGE_LOOP('',(#3774,#3775,#3776,#3777));
#2655=EDGE_LOOP('',(#3778,#3779,#3780,#3781));
#2656=EDGE_LOOP('',(#3782,#3783,#3784,#3785));
#2657=EDGE_LOOP('',(#3786,#3787,#3788,#3789));
#2658=EDGE_LOOP('',(#3790,#3791,#3792,#3793));
#2659=EDGE_LOOP('',(#3794,#3795,#3796,#3797));
#2660=EDGE_LOOP('',(#3798,#3799,#3800,#3801));
#2661=EDGE_LOOP('',(#3802,#3803,#3804,#3805));
#2662=EDGE_LOOP('',(#3806,#3807,#3808,#3809));
#2663=EDGE_LOOP('',(#3810,#3811,#3812,#3813));
#2664=EDGE_LOOP('',(#3814,#3815,#3816,#3817));
#2665=EDGE_LOOP('',(#3818,#3819,#3820,#3821));
#2666=EDGE_LOOP('',(#3822,#3823,#3824,#3825));
#2667=EDGE_LOOP('',(#3826,#3827,#3828,#3829));
#2668=EDGE_LOOP('',(#3830,#3831,#3832,#3833));
#2669=EDGE_LOOP('',(#3834,#3835,#3836,#3837));
#2670=EDGE_LOOP('',(#3838,#3839,#3840,#3841));
#2671=EDGE_LOOP('',(#3842,#3843,#3844,#3845));
#2672=EDGE_LOOP('',(#3846,#3847,#3848,#3849));
#2673=EDGE_LOOP('',(#3850,#3851,#3852,#3853));
#2674=EDGE_LOOP('',(#3854,#3855,#3856,#3857));
#2675=EDGE_LOOP('',(#3858,#3859,#3860,#3861));
#2676=EDGE_LOOP('',(#3862));
#2677=EDGE_LOOP('',(#3863));
#2678=EDGE_LOOP('',(#3864));
#2679=EDGE_LOOP('',(#3865));
#2680=EDGE_LOOP('',(#3866));
#2681=EDGE_LOOP('',(#3867));
#2682=EDGE_LOOP('',(#3868));
#2683=EDGE_LOOP('',(#3869));
#2684=EDGE_LOOP('',(#3870));
#2685=EDGE_LOOP('',(#3871));
#2686=EDGE_LOOP('',(#3872));
#2687=EDGE_LOOP('',(#3873));
#2688=EDGE_LOOP('',(#3874));
#2689=EDGE_LOOP('',(#3875));
#2690=EDGE_LOOP('',(#3876,#3877,#3878,#3879));
#2691=EDGE_LOOP('',(#3880,#3881,#3882,#3883));
#2692=EDGE_LOOP('',(#3884));
#2693=EDGE_LOOP('',(#3885));
#2694=EDGE_LOOP('',(#3886,#3887,#3888,#3889,#3890,#3891,#3892,#3893,#3894,
#3895,#3896,#3897,#3898,#3899,#3900,#3901,#3902,#3903,#3904,#3905,#3906,
#3907,#3908,#3909));
#2695=EDGE_LOOP('',(#3910,#3911,#3912,#3913,#3914,#3915,#3916,#3917,#3918,
#3919,#3920,#3921,#3922,#3923,#3924,#3925));
#2696=EDGE_LOOP('',(#3926));
#2697=EDGE_LOOP('',(#3927));
#2698=EDGE_LOOP('',(#3928));
#2699=EDGE_LOOP('',(#3929));
#2700=EDGE_LOOP('',(#3930));
#2701=EDGE_LOOP('',(#3931));
#2702=EDGE_LOOP('',(#3932));
#2703=EDGE_LOOP('',(#3933));
#2704=EDGE_LOOP('',(#3934,#3935,#3936,#3937,#3938,#3939,#3940,#3941,#3942,
#3943,#3944,#3945,#3946,#3947,#3948,#3949,#3950,#3951,#3952,#3953,#3954,
#3955,#3956,#3957));
#2705=EDGE_LOOP('',(#3958,#3959,#3960,#3961,#3962,#3963,#3964,#3965,#3966,
#3967,#3968,#3969,#3970,#3971,#3972,#3973));
#2706=EDGE_LOOP('',(#3974));
#2707=EDGE_LOOP('',(#3975));
#2708=EDGE_LOOP('',(#3976));
#2709=EDGE_LOOP('',(#3977));
#2710=EDGE_LOOP('',(#3978));
#2711=EDGE_LOOP('',(#3979));
#2712=EDGE_LOOP('',(#3980));
#2713=EDGE_LOOP('',(#3981));
#2714=EDGE_LOOP('',(#3982,#3983,#3984,#3985));
#2715=EDGE_LOOP('',(#3986,#3987,#3988,#3989));
#2716=EDGE_LOOP('',(#3990,#3991,#3992,#3993));
#2717=EDGE_LOOP('',(#3994,#3995,#3996,#3997));
#2718=EDGE_LOOP('',(#3998,#3999,#4000,#4001));
#2719=EDGE_LOOP('',(#4002,#4003,#4004,#4005));
#2720=EDGE_LOOP('',(#4006,#4007,#4008,#4009));
#2721=EDGE_LOOP('',(#4010,#4011,#4012,#4013));
#2722=EDGE_LOOP('',(#4014,#4015,#4016,#4017));
#2723=EDGE_LOOP('',(#4018,#4019,#4020,#4021));
#2724=EDGE_LOOP('',(#4022,#4023,#4024,#4025));
#2725=EDGE_LOOP('',(#4026,#4027,#4028,#4029));
#2726=EDGE_LOOP('',(#4030,#4031,#4032,#4033));
#2727=EDGE_LOOP('',(#4034,#4035,#4036,#4037));
#2728=EDGE_LOOP('',(#4038,#4039,#4040,#4041));
#2729=EDGE_LOOP('',(#4042,#4043,#4044,#4045));
#2730=EDGE_LOOP('',(#4046,#4047,#4048,#4049));
#2731=EDGE_LOOP('',(#4050,#4051,#4052,#4053));
#2732=EDGE_LOOP('',(#4054,#4055,#4056,#4057));
#2733=EDGE_LOOP('',(#4058,#4059,#4060,#4061));
#2734=EDGE_LOOP('',(#4062,#4063,#4064,#4065));
#2735=EDGE_LOOP('',(#4066,#4067,#4068,#4069));
#2736=EDGE_LOOP('',(#4070,#4071,#4072,#4073));
#2737=EDGE_LOOP('',(#4074,#4075,#4076,#4077));
#2738=EDGE_LOOP('',(#4078,#4079,#4080,#4081,#4082,#4083,#4084,#4085));
#2739=EDGE_LOOP('',(#4086,#4087,#4088,#4089,#4090,#4091,#4092,#4093));
#2740=EDGE_LOOP('',(#4094,#4095,#4096,#4097,#4098,#4099,#4100,#4101,#4102,
#4103,#4104,#4105,#4106,#4107,#4108));
#2741=EDGE_LOOP('',(#4109,#4110,#4111,#4112,#4113,#4114,#4115,#4116,#4117,
#4118));
#2742=EDGE_LOOP('',(#4119,#4120,#4121,#4122,#4123,#4124));
#2743=EDGE_LOOP('',(#4125));
#2744=EDGE_LOOP('',(#4126));
#2745=EDGE_LOOP('',(#4127));
#2746=EDGE_LOOP('',(#4128));
#2747=EDGE_LOOP('',(#4129));
#2748=EDGE_LOOP('',(#4130));
#2749=EDGE_LOOP('',(#4131));
#2750=EDGE_LOOP('',(#4132));
#2751=EDGE_LOOP('',(#4133));
#2752=EDGE_LOOP('',(#4134));
#2753=EDGE_LOOP('',(#4135));
#2754=EDGE_LOOP('',(#4136));
#2755=EDGE_LOOP('',(#4137));
#2756=EDGE_LOOP('',(#4138));
#2757=EDGE_LOOP('',(#4139));
#2758=EDGE_LOOP('',(#4140));
#2759=EDGE_LOOP('',(#4141));
#2760=EDGE_LOOP('',(#4142));
#2761=EDGE_LOOP('',(#4143));
#2762=EDGE_LOOP('',(#4144));
#2763=EDGE_LOOP('',(#4145));
#2764=EDGE_LOOP('',(#4146));
#2765=EDGE_LOOP('',(#4147));
#2766=EDGE_LOOP('',(#4148));
#2767=EDGE_LOOP('',(#4149,#4150,#4151,#4152,#4153,#4154,#4155,#4156,#4157,
#4158,#4159,#4160,#4161,#4162,#4163));
#2768=EDGE_LOOP('',(#4164,#4165,#4166,#4167,#4168,#4169,#4170,#4171));
#2769=EDGE_LOOP('',(#4172,#4173,#4174,#4175,#4176,#4177));
#2770=EDGE_LOOP('',(#4178,#4179,#4180,#4181,#4182,#4183,#4184,#4185,#4186,
#4187));
#2771=EDGE_LOOP('',(#4188,#4189,#4190,#4191,#4192,#4193));
#2772=EDGE_LOOP('',(#4194,#4195,#4196,#4197,#4198,#4199,#4200,#4201));
#2773=EDGE_LOOP('',(#4202));
#2774=EDGE_LOOP('',(#4203,#4204,#4205,#4206,#4207,#4208,#4209,#4210,#4211,
#4212,#4213,#4214,#4215,#4216,#4217,#4218,#4219,#4220,#4221,#4222,#4223,
#4224,#4225,#4226,#4227,#4228,#4229,#4230));
#2775=EDGE_LOOP('',(#4231,#4232,#4233,#4234));
#2776=EDGE_LOOP('',(#4235,#4236,#4237,#4238,#4239,#4240,#4241,#4242,#4243,
#4244,#4245,#4246,#4247,#4248,#4249,#4250,#4251,#4252,#4253,#4254,#4255,
#4256,#4257,#4258,#4259,#4260,#4261,#4262));
#2777=EDGE_LOOP('',(#4263));
#2778=EDGE_LOOP('',(#4264,#4265,#4266,#4267,#4268,#4269,#4270,#4271));
#2779=EDGE_LOOP('',(#4272,#4273,#4274,#4275,#4276,#4277));
#2780=EDGE_LOOP('',(#4278,#4279,#4280,#4281,#4282,#4283,#4284,#4285,#4286,
#4287));
#2781=EDGE_LOOP('',(#4288,#4289,#4290,#4291,#4292,#4293));
#2782=EDGE_LOOP('',(#4294,#4295,#4296,#4297,#4298,#4299,#4300,#4301));
#2783=EDGE_LOOP('',(#4302,#4303,#4304,#4305,#4306,#4307,#4308,#4309,#4310,
#4311,#4312,#4313,#4314,#4315,#4316));
#2784=EDGE_LOOP('',(#4317));
#2785=EDGE_LOOP('',(#4318));
#2786=EDGE_LOOP('',(#4319));
#2787=EDGE_LOOP('',(#4320));
#2788=EDGE_LOOP('',(#4321));
#2789=EDGE_LOOP('',(#4322));
#2790=EDGE_LOOP('',(#4323));
#2791=EDGE_LOOP('',(#4324));
#2792=EDGE_LOOP('',(#4325));
#2793=EDGE_LOOP('',(#4326));
#2794=EDGE_LOOP('',(#4327));
#2795=EDGE_LOOP('',(#4328));
#2796=EDGE_LOOP('',(#4329));
#2797=EDGE_LOOP('',(#4330));
#2798=EDGE_LOOP('',(#4331));
#2799=EDGE_LOOP('',(#4332));
#2800=EDGE_LOOP('',(#4333));
#2801=EDGE_LOOP('',(#4334));
#2802=EDGE_LOOP('',(#4335));
#2803=EDGE_LOOP('',(#4336));
#2804=EDGE_LOOP('',(#4337));
#2805=EDGE_LOOP('',(#4338));
#2806=EDGE_LOOP('',(#4339));
#2807=EDGE_LOOP('',(#4340));
#2808=EDGE_LOOP('',(#4341,#4342,#4343,#4344,#4345,#4346));
#2809=EDGE_LOOP('',(#4347,#4348,#4349,#4350,#4351,#4352,#4353,#4354,#4355,
#4356));
#2810=EDGE_LOOP('',(#4357,#4358,#4359,#4360,#4361,#4362,#4363,#4364,#4365,
#4366,#4367,#4368,#4369,#4370,#4371));
#2811=EDGE_LOOP('',(#4372,#4373,#4374,#4375,#4376,#4377,#4378,#4379));
#2812=EDGE_LOOP('',(#4380,#4381,#4382,#4383,#4384,#4385,#4386,#4387));
#2813=EDGE_LOOP('',(#4388,#4389,#4390,#4391));
#2814=EDGE_LOOP('',(#4392,#4393,#4394,#4395));
#2815=EDGE_LOOP('',(#4396,#4397,#4398,#4399));
#2816=EDGE_LOOP('',(#4400,#4401,#4402,#4403));
#2817=EDGE_LOOP('',(#4404,#4405,#4406,#4407));
#2818=EDGE_LOOP('',(#4408));
#2819=EDGE_LOOP('',(#4409));
#2820=EDGE_LOOP('',(#4410));
#2821=EDGE_LOOP('',(#4411));
#2822=EDGE_LOOP('',(#4412));
#2823=EDGE_LOOP('',(#4413));
#2824=EDGE_LOOP('',(#4414));
#2825=EDGE_LOOP('',(#4415));
#2826=EDGE_LOOP('',(#4416));
#2827=EDGE_LOOP('',(#4417));
#2828=EDGE_LOOP('',(#4418));
#2829=EDGE_LOOP('',(#4419));
#2830=EDGE_LOOP('',(#4420));
#2831=EDGE_LOOP('',(#4421));
#2832=EDGE_LOOP('',(#4422));
#2833=EDGE_LOOP('',(#4423));
#2834=EDGE_LOOP('',(#4424));
#2835=EDGE_LOOP('',(#4425));
#2836=EDGE_LOOP('',(#4426));
#2837=EDGE_LOOP('',(#4427));
#2838=EDGE_LOOP('',(#4428));
#2839=EDGE_LOOP('',(#4429));
#2840=EDGE_LOOP('',(#4430));
#2841=EDGE_LOOP('',(#4431));
#2842=EDGE_LOOP('',(#4432));
#2843=EDGE_LOOP('',(#4433));
#2844=EDGE_LOOP('',(#4434));
#2845=EDGE_LOOP('',(#4435));
#2846=EDGE_LOOP('',(#4436));
#2847=EDGE_LOOP('',(#4437));
#2848=EDGE_LOOP('',(#4438));
#2849=EDGE_LOOP('',(#4439));
#2850=EDGE_LOOP('',(#4440,#4441,#4442,#4443));
#2851=EDGE_LOOP('',(#4444));
#2852=EDGE_LOOP('',(#4445));
#2853=EDGE_LOOP('',(#4446));
#2854=EDGE_LOOP('',(#4447));
#2855=EDGE_LOOP('',(#4448));
#2856=EDGE_LOOP('',(#4449));
#2857=EDGE_LOOP('',(#4450));
#2858=EDGE_LOOP('',(#4451));
#2859=EDGE_LOOP('',(#4452));
#2860=EDGE_LOOP('',(#4453));
#2861=EDGE_LOOP('',(#4454));
#2862=EDGE_LOOP('',(#4455));
#2863=EDGE_LOOP('',(#4456,#4457,#4458,#4459));
#2864=EDGE_LOOP('',(#4460,#4461,#4462,#4463));
#2865=EDGE_LOOP('',(#4464,#4465,#4466,#4467));
#2866=EDGE_LOOP('',(#4468,#4469,#4470,#4471));
#2867=EDGE_LOOP('',(#4472,#4473,#4474,#4475));
#2868=EDGE_LOOP('',(#4476,#4477,#4478,#4479));
#2869=EDGE_LOOP('',(#4480,#4481,#4482,#4483));
#2870=EDGE_LOOP('',(#4484,#4485,#4486,#4487));
#2871=EDGE_LOOP('',(#4488,#4489,#4490,#4491));
#2872=EDGE_LOOP('',(#4492,#4493,#4494,#4495));
#2873=EDGE_LOOP('',(#4496,#4497,#4498,#4499));
#2874=EDGE_LOOP('',(#4500,#4501,#4502,#4503));
#2875=EDGE_LOOP('',(#4504,#4505,#4506,#4507));
#2876=EDGE_LOOP('',(#4508,#4509,#4510,#4511));
#2877=EDGE_LOOP('',(#4512,#4513,#4514,#4515));
#2878=EDGE_LOOP('',(#4516,#4517,#4518,#4519));
#2879=EDGE_LOOP('',(#4520));
#2880=EDGE_LOOP('',(#4521));
#2881=EDGE_LOOP('',(#4522));
#2882=EDGE_LOOP('',(#4523));
#2883=EDGE_LOOP('',(#4524,#4525,#4526,#4527));
#2884=EDGE_LOOP('',(#4528,#4529,#4530,#4531));
#2885=EDGE_LOOP('',(#4532,#4533,#4534,#4535));
#2886=EDGE_LOOP('',(#4536,#4537,#4538,#4539));
#2887=EDGE_LOOP('',(#4540,#4541,#4542,#4543));
#2888=EDGE_LOOP('',(#4544,#4545,#4546,#4547));
#2889=EDGE_LOOP('',(#4548,#4549,#4550,#4551));
#2890=EDGE_LOOP('',(#4552,#4553,#4554,#4555));
#2891=EDGE_LOOP('',(#4556,#4557,#4558,#4559));
#2892=EDGE_LOOP('',(#4560,#4561,#4562,#4563));
#2893=EDGE_LOOP('',(#4564,#4565,#4566,#4567));
#2894=EDGE_LOOP('',(#4568,#4569,#4570,#4571));
#2895=EDGE_LOOP('',(#4572,#4573,#4574,#4575));
#2896=EDGE_LOOP('',(#4576,#4577,#4578,#4579));
#2897=EDGE_LOOP('',(#4580,#4581,#4582,#4583));
#2898=EDGE_LOOP('',(#4584,#4585,#4586,#4587));
#2899=EDGE_LOOP('',(#4588,#4589,#4590,#4591));
#2900=EDGE_LOOP('',(#4592,#4593,#4594,#4595));
#2901=EDGE_LOOP('',(#4596,#4597,#4598,#4599));
#2902=EDGE_LOOP('',(#4600,#4601,#4602,#4603));
#2903=EDGE_LOOP('',(#4604,#4605,#4606,#4607));
#2904=EDGE_LOOP('',(#4608,#4609,#4610,#4611));
#2905=EDGE_LOOP('',(#4612,#4613,#4614,#4615));
#2906=EDGE_LOOP('',(#4616,#4617,#4618,#4619));
#2907=EDGE_LOOP('',(#4620,#4621,#4622,#4623));
#2908=EDGE_LOOP('',(#4624,#4625,#4626,#4627));
#2909=EDGE_LOOP('',(#4628,#4629,#4630,#4631));
#2910=EDGE_LOOP('',(#4632,#4633,#4634,#4635));
#2911=EDGE_LOOP('',(#4636,#4637,#4638,#4639));
#2912=EDGE_LOOP('',(#4640,#4641,#4642,#4643));
#2913=EDGE_LOOP('',(#4644,#4645,#4646,#4647));
#2914=EDGE_LOOP('',(#4648,#4649,#4650,#4651));
#2915=EDGE_LOOP('',(#4652,#4653,#4654,#4655));
#2916=EDGE_LOOP('',(#4656,#4657,#4658,#4659));
#2917=EDGE_LOOP('',(#4660,#4661,#4662,#4663));
#2918=EDGE_LOOP('',(#4664,#4665,#4666,#4667));
#2919=EDGE_LOOP('',(#4668,#4669,#4670,#4671));
#2920=EDGE_LOOP('',(#4672,#4673,#4674,#4675));
#2921=EDGE_LOOP('',(#4676,#4677,#4678,#4679));
#2922=EDGE_LOOP('',(#4680,#4681,#4682,#4683));
#2923=EDGE_LOOP('',(#4684,#4685,#4686,#4687));
#2924=EDGE_LOOP('',(#4688,#4689,#4690,#4691));
#2925=EDGE_LOOP('',(#4692,#4693,#4694,#4695));
#2926=EDGE_LOOP('',(#4696,#4697,#4698,#4699));
#2927=EDGE_LOOP('',(#4700,#4701,#4702,#4703));
#2928=EDGE_LOOP('',(#4704,#4705,#4706,#4707));
#2929=EDGE_LOOP('',(#4708,#4709,#4710,#4711));
#2930=EDGE_LOOP('',(#4712,#4713,#4714,#4715));
#2931=EDGE_LOOP('',(#4716,#4717,#4718,#4719));
#2932=EDGE_LOOP('',(#4720,#4721,#4722,#4723));
#2933=EDGE_LOOP('',(#4724,#4725,#4726,#4727));
#2934=EDGE_LOOP('',(#4728,#4729,#4730,#4731));
#2935=EDGE_LOOP('',(#4732,#4733,#4734,#4735));
#2936=EDGE_LOOP('',(#4736,#4737,#4738,#4739));
#2937=EDGE_LOOP('',(#4740,#4741,#4742,#4743));
#2938=EDGE_LOOP('',(#4744,#4745,#4746,#4747));
#2939=EDGE_LOOP('',(#4748,#4749,#4750,#4751));
#2940=EDGE_LOOP('',(#4752,#4753,#4754,#4755));
#2941=EDGE_LOOP('',(#4756,#4757,#4758,#4759));
#2942=EDGE_LOOP('',(#4760,#4761,#4762,#4763));
#2943=EDGE_LOOP('',(#4764,#4765,#4766,#4767));
#2944=EDGE_LOOP('',(#4768,#4769,#4770,#4771));
#2945=EDGE_LOOP('',(#4772,#4773,#4774,#4775));
#2946=EDGE_LOOP('',(#4776,#4777,#4778,#4779));
#2947=EDGE_LOOP('',(#4780));
#2948=EDGE_LOOP('',(#4781));
#2949=EDGE_LOOP('',(#4782,#4783,#4784,#4785));
#2950=EDGE_LOOP('',(#4786,#4787,#4788,#4789));
#2951=EDGE_LOOP('',(#4790,#4791,#4792,#4793));
#2952=EDGE_LOOP('',(#4794,#4795,#4796,#4797));
#2953=EDGE_LOOP('',(#4798,#4799,#4800,#4801));
#2954=EDGE_LOOP('',(#4802,#4803,#4804,#4805));
#2955=EDGE_LOOP('',(#4806,#4807,#4808,#4809));
#2956=EDGE_LOOP('',(#4810,#4811,#4812,#4813));
#2957=EDGE_LOOP('',(#4814,#4815,#4816,#4817));
#2958=EDGE_LOOP('',(#4818,#4819,#4820,#4821));
#2959=EDGE_LOOP('',(#4822,#4823,#4824,#4825));
#2960=EDGE_LOOP('',(#4826,#4827,#4828,#4829));
#2961=EDGE_LOOP('',(#4830,#4831,#4832,#4833));
#2962=EDGE_LOOP('',(#4834,#4835,#4836,#4837));
#2963=EDGE_LOOP('',(#4838,#4839,#4840,#4841));
#2964=EDGE_LOOP('',(#4842,#4843,#4844,#4845));
#2965=EDGE_LOOP('',(#4846,#4847,#4848,#4849));
#2966=EDGE_LOOP('',(#4850,#4851,#4852,#4853));
#2967=EDGE_LOOP('',(#4854,#4855,#4856,#4857));
#2968=EDGE_LOOP('',(#4858,#4859,#4860,#4861));
#2969=EDGE_LOOP('',(#4862,#4863,#4864,#4865));
#2970=EDGE_LOOP('',(#4866,#4867,#4868,#4869));
#2971=EDGE_LOOP('',(#4870,#4871,#4872,#4873));
#2972=EDGE_LOOP('',(#4874,#4875,#4876,#4877));
#2973=EDGE_LOOP('',(#4878,#4879,#4880,#4881));
#2974=EDGE_LOOP('',(#4882,#4883,#4884,#4885));
#2975=EDGE_LOOP('',(#4886,#4887,#4888,#4889));
#2976=EDGE_LOOP('',(#4890,#4891,#4892,#4893));
#2977=EDGE_LOOP('',(#4894,#4895,#4896,#4897));
#2978=EDGE_LOOP('',(#4898,#4899,#4900,#4901));
#2979=EDGE_LOOP('',(#4902,#4903,#4904,#4905));
#2980=EDGE_LOOP('',(#4906,#4907,#4908,#4909));
#2981=EDGE_LOOP('',(#4910,#4911,#4912,#4913));
#2982=EDGE_LOOP('',(#4914,#4915,#4916,#4917));
#2983=EDGE_LOOP('',(#4918,#4919,#4920,#4921));
#2984=EDGE_LOOP('',(#4922,#4923,#4924,#4925));
#2985=EDGE_LOOP('',(#4926,#4927,#4928,#4929));
#2986=EDGE_LOOP('',(#4930,#4931,#4932,#4933));
#2987=EDGE_LOOP('',(#4934,#4935,#4936,#4937));
#2988=EDGE_LOOP('',(#4938,#4939,#4940,#4941));
#2989=EDGE_LOOP('',(#4942,#4943,#4944,#4945));
#2990=EDGE_LOOP('',(#4946,#4947,#4948,#4949));
#2991=EDGE_LOOP('',(#4950,#4951,#4952,#4953));
#2992=EDGE_LOOP('',(#4954));
#2993=EDGE_LOOP('',(#4955));
#2994=EDGE_LOOP('',(#4956));
#2995=EDGE_LOOP('',(#4957));
#2996=EDGE_LOOP('',(#4958));
#2997=EDGE_LOOP('',(#4959));
#2998=EDGE_LOOP('',(#4960,#4961,#4962,#4963,#4964,#4965,#4966,#4967,#4968,
#4969,#4970,#4971,#4972,#4973,#4974,#4975,#4976,#4977,#4978,#4979,#4980,
#4981,#4982,#4983));
#2999=EDGE_LOOP('',(#4984,#4985,#4986,#4987,#4988,#4989,#4990,#4991));
#3000=EDGE_LOOP('',(#4992,#4993,#4994,#4995));
#3001=EDGE_LOOP('',(#4996,#4997,#4998,#4999));
#3002=EDGE_LOOP('',(#5000,#5001,#5002,#5003));
#3003=EDGE_LOOP('',(#5004,#5005,#5006,#5007));
#3004=EDGE_LOOP('',(#5008,#5009,#5010,#5011));
#3005=EDGE_LOOP('',(#5012,#5013,#5014,#5015));
#3006=EDGE_LOOP('',(#5016,#5017,#5018,#5019));
#3007=EDGE_LOOP('',(#5020,#5021,#5022,#5023));
#3008=EDGE_LOOP('',(#5024,#5025,#5026,#5027));
#3009=EDGE_LOOP('',(#5028,#5029,#5030,#5031));
#3010=EDGE_LOOP('',(#5032,#5033,#5034,#5035));
#3011=EDGE_LOOP('',(#5036,#5037,#5038,#5039));
#3012=EDGE_LOOP('',(#5040,#5041,#5042,#5043));
#3013=EDGE_LOOP('',(#5044,#5045,#5046,#5047));
#3014=EDGE_LOOP('',(#5048,#5049,#5050,#5051));
#3015=EDGE_LOOP('',(#5052));
#3016=EDGE_LOOP('',(#5053));
#3017=EDGE_LOOP('',(#5054));
#3018=EDGE_LOOP('',(#5055));
#3019=EDGE_LOOP('',(#5056));
#3020=EDGE_LOOP('',(#5057));
#3021=EDGE_LOOP('',(#5058,#5059,#5060,#5061,#5062,#5063,#5064,#5065,#5066,
#5067,#5068,#5069,#5070,#5071,#5072,#5073,#5074,#5075,#5076,#5077,#5078,
#5079,#5080,#5081));
#3022=EDGE_LOOP('',(#5082,#5083,#5084,#5085,#5086,#5087,#5088,#5089));
#3023=EDGE_LOOP('',(#5090));
#3024=EDGE_LOOP('',(#5091));
#3025=EDGE_LOOP('',(#5092));
#3026=EDGE_LOOP('',(#5093));
#3027=EDGE_LOOP('',(#5094));
#3028=EDGE_LOOP('',(#5095));
#3029=EDGE_LOOP('',(#5096));
#3030=EDGE_LOOP('',(#5097));
#3031=EDGE_LOOP('',(#5098));
#3032=EDGE_LOOP('',(#5099));
#3033=EDGE_LOOP('',(#5100));
#3034=EDGE_LOOP('',(#5101));
#3035=EDGE_LOOP('',(#5102,#5103,#5104,#5105));
#3036=EDGE_LOOP('',(#5106,#5107,#5108,#5109));
#3037=EDGE_LOOP('',(#5110,#5111,#5112,#5113));
#3038=EDGE_LOOP('',(#5114,#5115,#5116,#5117));
#3039=EDGE_LOOP('',(#5118,#5119,#5120,#5121));
#3040=EDGE_LOOP('',(#5122,#5123,#5124,#5125));
#3041=EDGE_LOOP('',(#5126,#5127,#5128,#5129));
#3042=EDGE_LOOP('',(#5130,#5131,#5132,#5133));
#3043=EDGE_LOOP('',(#5134,#5135,#5136,#5137));
#3044=EDGE_LOOP('',(#5138,#5139,#5140,#5141));
#3045=EDGE_LOOP('',(#5142,#5143,#5144,#5145));
#3046=EDGE_LOOP('',(#5146,#5147,#5148,#5149));
#3047=EDGE_LOOP('',(#5150,#5151,#5152,#5153));
#3048=EDGE_LOOP('',(#5154,#5155,#5156,#5157));
#3049=EDGE_LOOP('',(#5158,#5159,#5160,#5161));
#3050=EDGE_LOOP('',(#5162,#5163,#5164,#5165));
#3051=EDGE_LOOP('',(#5166,#5167,#5168,#5169));
#3052=EDGE_LOOP('',(#5170,#5171,#5172,#5173));
#3053=EDGE_LOOP('',(#5174,#5175,#5176,#5177));
#3054=EDGE_LOOP('',(#5178));
#3055=EDGE_LOOP('',(#5179));
#3056=EDGE_LOOP('',(#5180));
#3057=EDGE_LOOP('',(#5181));
#3058=EDGE_LOOP('',(#5182));
#3059=EDGE_LOOP('',(#5183));
#3060=EDGE_LOOP('',(#5184));
#3061=EDGE_LOOP('',(#5185));
#3062=EDGE_LOOP('',(#5186));
#3063=EDGE_LOOP('',(#5187));
#3064=EDGE_LOOP('',(#5188));
#3065=EDGE_LOOP('',(#5189));
#3066=EDGE_LOOP('',(#5190));
#3067=EDGE_LOOP('',(#5191,#5192,#5193,#5194,#5195,#5196,#5197,#5198,#5199,
#5200));
#3068=EDGE_LOOP('',(#5201,#5202,#5203,#5204,#5205,#5206,#5207,#5208,#5209));
#3069=EDGE_LOOP('',(#5210,#5211,#5212,#5213,#5214,#5215,#5216,#5217,#5218,
#5219));
#3070=EDGE_LOOP('',(#5220,#5221,#5222,#5223,#5224,#5225,#5226,#5227,#5228,
#5229,#5230));
#3071=EDGE_LOOP('',(#5231,#5232,#5233,#5234,#5235,#5236,#5237,#5238,#5239,
#5240));
#3072=EDGE_LOOP('',(#5241,#5242,#5243,#5244,#5245,#5246,#5247,#5248,#5249,
#5250));
#3073=EDGE_LOOP('',(#5251,#5252,#5253,#5254,#5255,#5256,#5257,#5258,#5259));
#3074=EDGE_LOOP('',(#5260,#5261,#5262,#5263,#5264,#5265,#5266,#5267,#5268,
#5269));
#3075=EDGE_LOOP('',(#5270,#5271,#5272,#5273,#5274,#5275,#5276,#5277,#5278,
#5279));
#3076=EDGE_LOOP('',(#5280,#5281,#5282,#5283,#5284,#5285,#5286,#5287,#5288,
#5289,#5290));
#3077=EDGE_LOOP('',(#5291));
#3078=EDGE_LOOP('',(#5292));
#3079=EDGE_LOOP('',(#5293));
#3080=EDGE_LOOP('',(#5294));
#3081=EDGE_LOOP('',(#5295,#5296,#5297,#5298));
#3082=EDGE_LOOP('',(#5299,#5300,#5301,#5302));
#3083=EDGE_LOOP('',(#5303,#5304,#5305,#5306));
#3084=EDGE_LOOP('',(#5307,#5308,#5309,#5310));
#3085=EDGE_LOOP('',(#5311));
#3086=EDGE_LOOP('',(#5312));
#3087=EDGE_LOOP('',(#5313,#5314,#5315,#5316,#5317,#5318,#5319,#5320,#5321,
#5322,#5323,#5324,#5325,#5326,#5327,#5328,#5329,#5330,#5331,#5332,#5333,
#5334,#5335,#5336,#5337,#5338,#5339,#5340,#5341,#5342,#5343,#5344,#5345,
#5346,#5347,#5348,#5349,#5350,#5351,#5352));
#3088=EDGE_LOOP('',(#5353));
#3089=EDGE_LOOP('',(#5354));
#3090=EDGE_LOOP('',(#5355));
#3091=EDGE_LOOP('',(#5356));
#3092=EDGE_LOOP('',(#5357));
#3093=EDGE_LOOP('',(#5358,#5359,#5360,#5361,#5362,#5363,#5364,#5365,#5366,
#5367));
#3094=EDGE_LOOP('',(#5368,#5369,#5370,#5371,#5372,#5373,#5374,#5375,#5376));
#3095=EDGE_LOOP('',(#5377,#5378,#5379,#5380,#5381,#5382,#5383,#5384,#5385,
#5386));
#3096=EDGE_LOOP('',(#5387,#5388,#5389,#5390,#5391,#5392,#5393,#5394,#5395,
#5396,#5397));
#3097=EDGE_LOOP('',(#5398,#5399,#5400,#5401,#5402,#5403,#5404,#5405,#5406,
#5407));
#3098=EDGE_LOOP('',(#5408,#5409,#5410,#5411,#5412,#5413,#5414,#5415,#5416,
#5417));
#3099=EDGE_LOOP('',(#5418,#5419,#5420,#5421,#5422,#5423,#5424,#5425,#5426));
#3100=EDGE_LOOP('',(#5427,#5428,#5429,#5430,#5431,#5432,#5433,#5434,#5435,
#5436));
#3101=EDGE_LOOP('',(#5437,#5438,#5439,#5440,#5441,#5442,#5443,#5444,#5445,
#5446));
#3102=EDGE_LOOP('',(#5447,#5448,#5449,#5450,#5451,#5452,#5453,#5454,#5455,
#5456,#5457));
#3103=EDGE_LOOP('',(#5458,#5459,#5460,#5461));
#3104=EDGE_LOOP('',(#5462,#5463,#5464,#5465));
#3105=EDGE_LOOP('',(#5466,#5467,#5468,#5469));
#3106=EDGE_LOOP('',(#5470,#5471,#5472,#5473));
#3107=EDGE_LOOP('',(#5474));
#3108=EDGE_LOOP('',(#5475));
#3109=EDGE_LOOP('',(#5476));
#3110=EDGE_LOOP('',(#5477));
#3111=EDGE_LOOP('',(#5478));
#3112=EDGE_LOOP('',(#5479));
#3113=EDGE_LOOP('',(#5480));
#3114=EDGE_LOOP('',(#5481));
#3115=EDGE_LOOP('',(#5482));
#3116=EDGE_LOOP('',(#5483));
#3117=EDGE_LOOP('',(#5484));
#3118=EDGE_LOOP('',(#5485));
#3119=EDGE_LOOP('',(#5486,#5487,#5488,#5489,#5490,#5491,#5492,#5493,#5494,
#5495,#5496,#5497,#5498,#5499,#5500,#5501,#5502,#5503,#5504,#5505,#5506,
#5507,#5508,#5509,#5510,#5511,#5512,#5513,#5514,#5515,#5516,#5517,#5518,
#5519,#5520,#5521,#5522,#5523,#5524,#5525));
#3120=EDGE_LOOP('',(#5526));
#3121=EDGE_LOOP('',(#5527));
#3122=EDGE_LOOP('',(#5528,#5529,#5530,#5531));
#3123=EDGE_LOOP('',(#5532,#5533,#5534,#5535));
#3124=EDGE_LOOP('',(#5536,#5537,#5538,#5539));
#3125=EDGE_LOOP('',(#5540,#5541,#5542,#5543));
#3126=EDGE_LOOP('',(#5544));
#3127=EDGE_LOOP('',(#5545));
#3128=EDGE_LOOP('',(#5546));
#3129=EDGE_LOOP('',(#5547));
#3130=EDGE_LOOP('',(#5548));
#3131=EDGE_LOOP('',(#5549));
#3132=EDGE_LOOP('',(#5550));
#3133=EDGE_LOOP('',(#5551));
#3134=EDGE_LOOP('',(#5552));
#3135=EDGE_LOOP('',(#5553));
#3136=EDGE_LOOP('',(#5554));
#3137=EDGE_LOOP('',(#5555));
#3138=EDGE_LOOP('',(#5556));
#3139=EDGE_LOOP('',(#5557));
#3140=EDGE_LOOP('',(#5558));
#3141=EDGE_LOOP('',(#5559));
#3142=EDGE_LOOP('',(#5560));
#3143=EDGE_LOOP('',(#5561));
#3144=EDGE_LOOP('',(#5562));
#3145=EDGE_LOOP('',(#5563));
#3146=EDGE_LOOP('',(#5564));
#3147=EDGE_LOOP('',(#5565));
#3148=EDGE_LOOP('',(#5566));
#3149=EDGE_LOOP('',(#5567));
#3150=EDGE_LOOP('',(#5568));
#3151=EDGE_LOOP('',(#5569));
#3152=EDGE_LOOP('',(#5570));
#3153=EDGE_LOOP('',(#5571));
#3154=EDGE_LOOP('',(#5572,#5573,#5574,#5575));
#3155=EDGE_LOOP('',(#5576,#5577,#5578,#5579));
#3156=EDGE_LOOP('',(#5580,#5581,#5582,#5583));
#3157=EDGE_LOOP('',(#5584,#5585,#5586,#5587));
#3158=EDGE_LOOP('',(#5588,#5589,#5590,#5591));
#3159=EDGE_LOOP('',(#5592,#5593,#5594,#5595));
#3160=EDGE_LOOP('',(#5596,#5597,#5598,#5599));
#3161=EDGE_LOOP('',(#5600,#5601,#5602,#5603));
#3162=EDGE_LOOP('',(#5604,#5605,#5606,#5607));
#3163=EDGE_LOOP('',(#5608,#5609,#5610,#5611));
#3164=EDGE_LOOP('',(#5612,#5613,#5614,#5615));
#3165=EDGE_LOOP('',(#5616,#5617,#5618,#5619));
#3166=EDGE_LOOP('',(#5620,#5621,#5622,#5623));
#3167=EDGE_LOOP('',(#5624,#5625,#5626,#5627));
#3168=EDGE_LOOP('',(#5628,#5629,#5630,#5631));
#3169=EDGE_LOOP('',(#5632,#5633,#5634,#5635));
#3170=EDGE_LOOP('',(#5636,#5637,#5638,#5639));
#3171=EDGE_LOOP('',(#5640,#5641,#5642,#5643));
#3172=EDGE_LOOP('',(#5644,#5645,#5646,#5647));
#3173=EDGE_LOOP('',(#5648,#5649,#5650,#5651));
#3174=EDGE_LOOP('',(#5652,#5653,#5654,#5655));
#3175=EDGE_LOOP('',(#5656,#5657,#5658,#5659));
#3176=EDGE_LOOP('',(#5660,#5661,#5662,#5663));
#3177=EDGE_LOOP('',(#5664,#5665,#5666,#5667));
#3178=EDGE_LOOP('',(#5668,#5669,#5670,#5671));
#3179=EDGE_LOOP('',(#5672,#5673,#5674,#5675));
#3180=EDGE_LOOP('',(#5676,#5677,#5678,#5679));
#3181=EDGE_LOOP('',(#5680,#5681,#5682,#5683));
#3182=EDGE_LOOP('',(#5684,#5685,#5686,#5687));
#3183=EDGE_LOOP('',(#5688,#5689,#5690,#5691));
#3184=EDGE_LOOP('',(#5692,#5693,#5694,#5695));
#3185=EDGE_LOOP('',(#5696,#5697,#5698,#5699));
#3186=EDGE_LOOP('',(#5700,#5701,#5702,#5703));
#3187=EDGE_LOOP('',(#5704,#5705,#5706,#5707));
#3188=EDGE_LOOP('',(#5708,#5709,#5710,#5711));
#3189=EDGE_LOOP('',(#5712,#5713,#5714,#5715));
#3190=EDGE_LOOP('',(#5716,#5717,#5718,#5719));
#3191=EDGE_LOOP('',(#5720,#5721,#5722,#5723));
#3192=EDGE_LOOP('',(#5724,#5725,#5726,#5727));
#3193=EDGE_LOOP('',(#5728,#5729,#5730,#5731));
#3194=EDGE_LOOP('',(#5732,#5733,#5734,#5735));
#3195=EDGE_LOOP('',(#5736,#5737,#5738,#5739));
#3196=EDGE_LOOP('',(#5740,#5741,#5742,#5743));
#3197=EDGE_LOOP('',(#5744,#5745,#5746,#5747));
#3198=EDGE_LOOP('',(#5748,#5749,#5750,#5751));
#3199=EDGE_LOOP('',(#5752,#5753,#5754,#5755));
#3200=EDGE_LOOP('',(#5756,#5757,#5758,#5759));
#3201=EDGE_LOOP('',(#5760,#5761,#5762,#5763));
#3202=EDGE_LOOP('',(#5764));
#3203=EDGE_LOOP('',(#5765));
#3204=EDGE_LOOP('',(#5766));
#3205=EDGE_LOOP('',(#5767));
#3206=EDGE_LOOP('',(#5768));
#3207=EDGE_LOOP('',(#5769));
#3208=EDGE_LOOP('',(#5770));
#3209=EDGE_LOOP('',(#5771));
#3210=EDGE_LOOP('',(#5772,#5773,#5774,#5775));
#3211=EDGE_LOOP('',(#5776,#5777,#5778,#5779));
#3212=EDGE_LOOP('',(#5780,#5781,#5782,#5783));
#3213=EDGE_LOOP('',(#5784,#5785,#5786,#5787));
#3214=EDGE_LOOP('',(#5788,#5789,#5790,#5791));
#3215=EDGE_LOOP('',(#5792,#5793,#5794,#5795));
#3216=EDGE_LOOP('',(#5796,#5797,#5798,#5799));
#3217=EDGE_LOOP('',(#5800,#5801,#5802,#5803));
#3218=EDGE_LOOP('',(#5804,#5805,#5806,#5807));
#3219=EDGE_LOOP('',(#5808,#5809,#5810,#5811));
#3220=EDGE_LOOP('',(#5812,#5813,#5814,#5815));
#3221=EDGE_LOOP('',(#5816,#5817,#5818,#5819));
#3222=EDGE_LOOP('',(#5820,#5821,#5822,#5823));
#3223=EDGE_LOOP('',(#5824,#5825,#5826,#5827));
#3224=EDGE_LOOP('',(#5828,#5829,#5830,#5831));
#3225=EDGE_LOOP('',(#5832,#5833,#5834,#5835));
#3226=EDGE_LOOP('',(#5836,#5837,#5838,#5839));
#3227=EDGE_LOOP('',(#5840,#5841,#5842,#5843));
#3228=EDGE_LOOP('',(#5844,#5845,#5846,#5847));
#3229=EDGE_LOOP('',(#5848,#5849,#5850,#5851));
#3230=EDGE_LOOP('',(#5852,#5853,#5854,#5855));
#3231=EDGE_LOOP('',(#5856,#5857,#5858,#5859));
#3232=EDGE_LOOP('',(#5860,#5861,#5862,#5863));
#3233=EDGE_LOOP('',(#5864,#5865,#5866,#5867));
#3234=EDGE_LOOP('',(#5868,#5869,#5870,#5871));
#3235=EDGE_LOOP('',(#5872,#5873,#5874,#5875));
#3236=EDGE_LOOP('',(#5876,#5877,#5878,#5879));
#3237=EDGE_LOOP('',(#5880,#5881,#5882,#5883));
#3238=EDGE_LOOP('',(#5884,#5885,#5886,#5887));
#3239=EDGE_LOOP('',(#5888,#5889,#5890,#5891));
#3240=EDGE_LOOP('',(#5892,#5893,#5894,#5895));
#3241=EDGE_LOOP('',(#5896,#5897,#5898,#5899));
#3242=EDGE_LOOP('',(#5900,#5901,#5902,#5903));
#3243=EDGE_LOOP('',(#5904,#5905,#5906,#5907));
#3244=EDGE_LOOP('',(#5908,#5909,#5910,#5911));
#3245=EDGE_LOOP('',(#5912,#5913,#5914,#5915));
#3246=EDGE_LOOP('',(#5916,#5917,#5918,#5919));
#3247=EDGE_LOOP('',(#5920,#5921,#5922,#5923));
#3248=EDGE_LOOP('',(#5924,#5925,#5926,#5927));
#3249=EDGE_LOOP('',(#5928,#5929,#5930,#5931));
#3250=EDGE_LOOP('',(#5932,#5933,#5934,#5935));
#3251=EDGE_LOOP('',(#5936,#5937,#5938,#5939));
#3252=EDGE_LOOP('',(#5940,#5941,#5942,#5943));
#3253=EDGE_LOOP('',(#5944,#5945,#5946,#5947));
#3254=EDGE_LOOP('',(#5948,#5949,#5950,#5951));
#3255=EDGE_LOOP('',(#5952,#5953,#5954,#5955));
#3256=EDGE_LOOP('',(#5956,#5957,#5958,#5959));
#3257=EDGE_LOOP('',(#5960,#5961,#5962,#5963));
#3258=EDGE_LOOP('',(#5964,#5965,#5966,#5967));
#3259=EDGE_LOOP('',(#5968,#5969,#5970,#5971));
#3260=EDGE_LOOP('',(#5972,#5973,#5974,#5975));
#3261=EDGE_LOOP('',(#5976,#5977,#5978,#5979));
#3262=EDGE_LOOP('',(#5980,#5981,#5982,#5983));
#3263=EDGE_LOOP('',(#5984,#5985,#5986,#5987));
#3264=EDGE_LOOP('',(#5988,#5989,#5990,#5991));
#3265=EDGE_LOOP('',(#5992,#5993,#5994,#5995));
#3266=EDGE_LOOP('',(#5996,#5997,#5998,#5999));
#3267=EDGE_LOOP('',(#6000,#6001,#6002,#6003));
#3268=EDGE_LOOP('',(#6004,#6005,#6006,#6007));
#3269=EDGE_LOOP('',(#6008,#6009,#6010,#6011));
#3270=EDGE_LOOP('',(#6012,#6013,#6014,#6015));
#3271=EDGE_LOOP('',(#6016,#6017,#6018,#6019));
#3272=EDGE_LOOP('',(#6020,#6021,#6022,#6023));
#3273=EDGE_LOOP('',(#6024,#6025,#6026,#6027));
#3274=EDGE_LOOP('',(#6028,#6029,#6030,#6031));
#3275=EDGE_LOOP('',(#6032,#6033,#6034,#6035));
#3276=EDGE_LOOP('',(#6036,#6037,#6038,#6039));
#3277=EDGE_LOOP('',(#6040,#6041,#6042,#6043));
#3278=EDGE_LOOP('',(#6044,#6045,#6046,#6047));
#3279=EDGE_LOOP('',(#6048,#6049,#6050,#6051));
#3280=EDGE_LOOP('',(#6052,#6053,#6054,#6055));
#3281=EDGE_LOOP('',(#6056,#6057,#6058,#6059));
#3282=EDGE_LOOP('',(#6060,#6061,#6062,#6063));
#3283=EDGE_LOOP('',(#6064,#6065,#6066,#6067));
#3284=EDGE_LOOP('',(#6068,#6069,#6070,#6071));
#3285=EDGE_LOOP('',(#6072,#6073,#6074,#6075));
#3286=EDGE_LOOP('',(#6076,#6077,#6078,#6079));
#3287=EDGE_LOOP('',(#6080,#6081,#6082,#6083));
#3288=EDGE_LOOP('',(#6084,#6085,#6086,#6087));
#3289=EDGE_LOOP('',(#6088,#6089,#6090,#6091));
#3290=EDGE_LOOP('',(#6092,#6093,#6094,#6095));
#3291=EDGE_LOOP('',(#6096,#6097,#6098,#6099));
#3292=EDGE_LOOP('',(#6100,#6101,#6102,#6103));
#3293=EDGE_LOOP('',(#6104,#6105,#6106,#6107));
#3294=EDGE_LOOP('',(#6108,#6109,#6110,#6111));
#3295=EDGE_LOOP('',(#6112,#6113,#6114,#6115));
#3296=EDGE_LOOP('',(#6116,#6117,#6118,#6119));
#3297=EDGE_LOOP('',(#6120,#6121,#6122,#6123));
#3298=EDGE_LOOP('',(#6124,#6125,#6126,#6127));
#3299=EDGE_LOOP('',(#6128,#6129,#6130,#6131));
#3300=EDGE_LOOP('',(#6132,#6133,#6134,#6135));
#3301=EDGE_LOOP('',(#6136,#6137,#6138,#6139));
#3302=EDGE_LOOP('',(#6140,#6141,#6142,#6143));
#3303=EDGE_LOOP('',(#6144,#6145,#6146,#6147));
#3304=EDGE_LOOP('',(#6148,#6149,#6150,#6151));
#3305=EDGE_LOOP('',(#6152,#6153,#6154,#6155));
#3306=EDGE_LOOP('',(#6156,#6157,#6158,#6159));
#3307=EDGE_LOOP('',(#6160,#6161,#6162,#6163));
#3308=EDGE_LOOP('',(#6164,#6165,#6166,#6167));
#3309=EDGE_LOOP('',(#6168,#6169,#6170,#6171));
#3310=EDGE_LOOP('',(#6172));
#3311=EDGE_LOOP('',(#6173));
#3312=EDGE_LOOP('',(#6174));
#3313=EDGE_LOOP('',(#6175));
#3314=EDGE_LOOP('',(#6176));
#3315=EDGE_LOOP('',(#6177));
#3316=EDGE_LOOP('',(#6178));
#3317=EDGE_LOOP('',(#6179));
#3318=EDGE_LOOP('',(#6180));
#3319=EDGE_LOOP('',(#6181));
#3320=EDGE_LOOP('',(#6182));
#3321=EDGE_LOOP('',(#6183));
#3322=EDGE_LOOP('',(#6184));
#3323=EDGE_LOOP('',(#6185));
#3324=EDGE_LOOP('',(#6186));
#3325=EDGE_LOOP('',(#6187));
#3326=EDGE_LOOP('',(#6188));
#3327=EDGE_LOOP('',(#6189));
#3328=EDGE_LOOP('',(#6190));
#3329=EDGE_LOOP('',(#6191));
#3330=EDGE_LOOP('',(#6192));
#3331=EDGE_LOOP('',(#6193));
#3332=EDGE_LOOP('',(#6194));
#3333=EDGE_LOOP('',(#6195));
#3334=EDGE_LOOP('',(#6196));
#3335=EDGE_LOOP('',(#6197));
#3336=EDGE_LOOP('',(#6198));
#3337=EDGE_LOOP('',(#6199));
#3338=EDGE_LOOP('',(#6200));
#3339=EDGE_LOOP('',(#6201));
#3340=EDGE_LOOP('',(#6202));
#3341=EDGE_LOOP('',(#6203));
#3342=ORIENTED_EDGE('',*,*,#7191,.F.);
#3343=ORIENTED_EDGE('',*,*,#7192,.T.);
#3344=ORIENTED_EDGE('',*,*,#7193,.T.);
#3345=ORIENTED_EDGE('',*,*,#7194,.T.);
#3346=ORIENTED_EDGE('',*,*,#7195,.F.);
#3347=ORIENTED_EDGE('',*,*,#7196,.T.);
#3348=ORIENTED_EDGE('',*,*,#7197,.T.);
#3349=ORIENTED_EDGE('',*,*,#7198,.T.);
#3350=ORIENTED_EDGE('',*,*,#7199,.T.);
#3351=ORIENTED_EDGE('',*,*,#7200,.T.);
#3352=ORIENTED_EDGE('',*,*,#7201,.F.);
#3353=ORIENTED_EDGE('',*,*,#7202,.T.);
#3354=ORIENTED_EDGE('',*,*,#7203,.T.);
#3355=ORIENTED_EDGE('',*,*,#7204,.T.);
#3356=ORIENTED_EDGE('',*,*,#7205,.F.);
#3357=ORIENTED_EDGE('',*,*,#7206,.T.);
#3358=ORIENTED_EDGE('',*,*,#7207,.F.);
#3359=ORIENTED_EDGE('',*,*,#7208,.T.);
#3360=ORIENTED_EDGE('',*,*,#7209,.T.);
#3361=ORIENTED_EDGE('',*,*,#7210,.F.);
#3362=ORIENTED_EDGE('',*,*,#7209,.F.);
#3363=ORIENTED_EDGE('',*,*,#7211,.T.);
#3364=ORIENTED_EDGE('',*,*,#7212,.T.);
#3365=ORIENTED_EDGE('',*,*,#7213,.F.);
#3366=ORIENTED_EDGE('',*,*,#7212,.F.);
#3367=ORIENTED_EDGE('',*,*,#7214,.T.);
#3368=ORIENTED_EDGE('',*,*,#7215,.T.);
#3369=ORIENTED_EDGE('',*,*,#7216,.F.);
#3370=ORIENTED_EDGE('',*,*,#7215,.F.);
#3371=ORIENTED_EDGE('',*,*,#7217,.T.);
#3372=ORIENTED_EDGE('',*,*,#7218,.T.);
#3373=ORIENTED_EDGE('',*,*,#7219,.F.);
#3374=ORIENTED_EDGE('',*,*,#7218,.F.);
#3375=ORIENTED_EDGE('',*,*,#7220,.T.);
#3376=ORIENTED_EDGE('',*,*,#7221,.T.);
#3377=ORIENTED_EDGE('',*,*,#7222,.F.);
#3378=ORIENTED_EDGE('',*,*,#7221,.F.);
#3379=ORIENTED_EDGE('',*,*,#7223,.T.);
#3380=ORIENTED_EDGE('',*,*,#7224,.T.);
#3381=ORIENTED_EDGE('',*,*,#7225,.F.);
#3382=ORIENTED_EDGE('',*,*,#7224,.F.);
#3383=ORIENTED_EDGE('',*,*,#7226,.T.);
#3384=ORIENTED_EDGE('',*,*,#7227,.T.);
#3385=ORIENTED_EDGE('',*,*,#7228,.F.);
#3386=ORIENTED_EDGE('',*,*,#7227,.F.);
#3387=ORIENTED_EDGE('',*,*,#7229,.T.);
#3388=ORIENTED_EDGE('',*,*,#7230,.T.);
#3389=ORIENTED_EDGE('',*,*,#7231,.F.);
#3390=ORIENTED_EDGE('',*,*,#7230,.F.);
#3391=ORIENTED_EDGE('',*,*,#7232,.T.);
#3392=ORIENTED_EDGE('',*,*,#7233,.T.);
#3393=ORIENTED_EDGE('',*,*,#7234,.F.);
#3394=ORIENTED_EDGE('',*,*,#7233,.F.);
#3395=ORIENTED_EDGE('',*,*,#7235,.T.);
#3396=ORIENTED_EDGE('',*,*,#7236,.T.);
#3397=ORIENTED_EDGE('',*,*,#7237,.F.);
#3398=ORIENTED_EDGE('',*,*,#7236,.F.);
#3399=ORIENTED_EDGE('',*,*,#7238,.T.);
#3400=ORIENTED_EDGE('',*,*,#7239,.T.);
#3401=ORIENTED_EDGE('',*,*,#7240,.F.);
#3402=ORIENTED_EDGE('',*,*,#7239,.F.);
#3403=ORIENTED_EDGE('',*,*,#7241,.T.);
#3404=ORIENTED_EDGE('',*,*,#7242,.T.);
#3405=ORIENTED_EDGE('',*,*,#7243,.F.);
#3406=ORIENTED_EDGE('',*,*,#7242,.F.);
#3407=ORIENTED_EDGE('',*,*,#7244,.T.);
#3408=ORIENTED_EDGE('',*,*,#7245,.T.);
#3409=ORIENTED_EDGE('',*,*,#7246,.F.);
#3410=ORIENTED_EDGE('',*,*,#7245,.F.);
#3411=ORIENTED_EDGE('',*,*,#7247,.T.);
#3412=ORIENTED_EDGE('',*,*,#7248,.T.);
#3413=ORIENTED_EDGE('',*,*,#7249,.F.);
#3414=ORIENTED_EDGE('',*,*,#7248,.F.);
#3415=ORIENTED_EDGE('',*,*,#7250,.T.);
#3416=ORIENTED_EDGE('',*,*,#7251,.T.);
#3417=ORIENTED_EDGE('',*,*,#7252,.F.);
#3418=ORIENTED_EDGE('',*,*,#7251,.F.);
#3419=ORIENTED_EDGE('',*,*,#7253,.T.);
#3420=ORIENTED_EDGE('',*,*,#7254,.T.);
#3421=ORIENTED_EDGE('',*,*,#7255,.F.);
#3422=ORIENTED_EDGE('',*,*,#7254,.F.);
#3423=ORIENTED_EDGE('',*,*,#7256,.T.);
#3424=ORIENTED_EDGE('',*,*,#7257,.T.);
#3425=ORIENTED_EDGE('',*,*,#7258,.F.);
#3426=ORIENTED_EDGE('',*,*,#7257,.F.);
#3427=ORIENTED_EDGE('',*,*,#7259,.T.);
#3428=ORIENTED_EDGE('',*,*,#7260,.T.);
#3429=ORIENTED_EDGE('',*,*,#7261,.F.);
#3430=ORIENTED_EDGE('',*,*,#7260,.F.);
#3431=ORIENTED_EDGE('',*,*,#7262,.T.);
#3432=ORIENTED_EDGE('',*,*,#7263,.T.);
#3433=ORIENTED_EDGE('',*,*,#7264,.F.);
#3434=ORIENTED_EDGE('',*,*,#7263,.F.);
#3435=ORIENTED_EDGE('',*,*,#7265,.T.);
#3436=ORIENTED_EDGE('',*,*,#7266,.T.);
#3437=ORIENTED_EDGE('',*,*,#7267,.F.);
#3438=ORIENTED_EDGE('',*,*,#7266,.F.);
#3439=ORIENTED_EDGE('',*,*,#7268,.T.);
#3440=ORIENTED_EDGE('',*,*,#7269,.T.);
#3441=ORIENTED_EDGE('',*,*,#7270,.F.);
#3442=ORIENTED_EDGE('',*,*,#7269,.F.);
#3443=ORIENTED_EDGE('',*,*,#7271,.T.);
#3444=ORIENTED_EDGE('',*,*,#7272,.T.);
#3445=ORIENTED_EDGE('',*,*,#7273,.F.);
#3446=ORIENTED_EDGE('',*,*,#7272,.F.);
#3447=ORIENTED_EDGE('',*,*,#7274,.T.);
#3448=ORIENTED_EDGE('',*,*,#7275,.T.);
#3449=ORIENTED_EDGE('',*,*,#7276,.F.);
#3450=ORIENTED_EDGE('',*,*,#7277,.T.);
#3451=ORIENTED_EDGE('',*,*,#7278,.F.);
#3452=ORIENTED_EDGE('',*,*,#7279,.T.);
#3453=ORIENTED_EDGE('',*,*,#7280,.F.);
#3454=ORIENTED_EDGE('',*,*,#7281,.T.);
#3455=ORIENTED_EDGE('',*,*,#7282,.F.);
#3456=ORIENTED_EDGE('',*,*,#7283,.T.);
#3457=ORIENTED_EDGE('',*,*,#7284,.F.);
#3458=ORIENTED_EDGE('',*,*,#7285,.T.);
#3459=ORIENTED_EDGE('',*,*,#7286,.F.);
#3460=ORIENTED_EDGE('',*,*,#7287,.T.);
#3461=ORIENTED_EDGE('',*,*,#7288,.F.);
#3462=ORIENTED_EDGE('',*,*,#7289,.T.);
#3463=ORIENTED_EDGE('',*,*,#7290,.F.);
#3464=ORIENTED_EDGE('',*,*,#7291,.T.);
#3465=ORIENTED_EDGE('',*,*,#7292,.F.);
#3466=ORIENTED_EDGE('',*,*,#7275,.F.);
#3467=ORIENTED_EDGE('',*,*,#7293,.T.);
#3468=ORIENTED_EDGE('',*,*,#7207,.T.);
#3469=ORIENTED_EDGE('',*,*,#7294,.F.);
#3470=ORIENTED_EDGE('',*,*,#7295,.T.);
#3471=ORIENTED_EDGE('',*,*,#7296,.T.);
#3472=ORIENTED_EDGE('',*,*,#7297,.T.);
#3473=ORIENTED_EDGE('',*,*,#7298,.T.);
#3474=ORIENTED_EDGE('',*,*,#7299,.T.);
#3475=ORIENTED_EDGE('',*,*,#7300,.T.);
#3476=ORIENTED_EDGE('',*,*,#7301,.T.);
#3477=ORIENTED_EDGE('',*,*,#7302,.T.);
#3478=ORIENTED_EDGE('',*,*,#7303,.T.);
#3479=ORIENTED_EDGE('',*,*,#7304,.T.);
#3480=ORIENTED_EDGE('',*,*,#7305,.T.);
#3481=ORIENTED_EDGE('',*,*,#7306,.T.);
#3482=ORIENTED_EDGE('',*,*,#7307,.T.);
#3483=ORIENTED_EDGE('',*,*,#7308,.T.);
#3484=ORIENTED_EDGE('',*,*,#7309,.T.);
#3485=ORIENTED_EDGE('',*,*,#7310,.T.);
#3486=ORIENTED_EDGE('',*,*,#7311,.T.);
#3487=ORIENTED_EDGE('',*,*,#7312,.T.);
#3488=ORIENTED_EDGE('',*,*,#7313,.T.);
#3489=ORIENTED_EDGE('',*,*,#7314,.T.);
#3490=ORIENTED_EDGE('',*,*,#7315,.T.);
#3491=ORIENTED_EDGE('',*,*,#7316,.T.);
#3492=ORIENTED_EDGE('',*,*,#7317,.T.);
#3493=ORIENTED_EDGE('',*,*,#7318,.T.);
#3494=ORIENTED_EDGE('',*,*,#7291,.F.);
#3495=ORIENTED_EDGE('',*,*,#7289,.F.);
#3496=ORIENTED_EDGE('',*,*,#7287,.F.);
#3497=ORIENTED_EDGE('',*,*,#7285,.F.);
#3498=ORIENTED_EDGE('',*,*,#7283,.F.);
#3499=ORIENTED_EDGE('',*,*,#7281,.F.);
#3500=ORIENTED_EDGE('',*,*,#7279,.F.);
#3501=ORIENTED_EDGE('',*,*,#7277,.F.);
#3502=ORIENTED_EDGE('',*,*,#7319,.T.);
#3503=ORIENTED_EDGE('',*,*,#7320,.T.);
#3504=ORIENTED_EDGE('',*,*,#7321,.T.);
#3505=ORIENTED_EDGE('',*,*,#7203,.F.);
#3506=ORIENTED_EDGE('',*,*,#7322,.T.);
#3507=ORIENTED_EDGE('',*,*,#7323,.T.);
#3508=ORIENTED_EDGE('',*,*,#7324,.T.);
#3509=ORIENTED_EDGE('',*,*,#7199,.F.);
#3510=ORIENTED_EDGE('',*,*,#7325,.T.);
#3511=ORIENTED_EDGE('',*,*,#7326,.T.);
#3512=ORIENTED_EDGE('',*,*,#7327,.T.);
#3513=ORIENTED_EDGE('',*,*,#7197,.F.);
#3514=ORIENTED_EDGE('',*,*,#7328,.T.);
#3515=ORIENTED_EDGE('',*,*,#7329,.T.);
#3516=ORIENTED_EDGE('',*,*,#7330,.T.);
#3517=ORIENTED_EDGE('',*,*,#7193,.F.);
#3518=ORIENTED_EDGE('',*,*,#7294,.T.);
#3519=ORIENTED_EDGE('',*,*,#7210,.T.);
#3520=ORIENTED_EDGE('',*,*,#7213,.T.);
#3521=ORIENTED_EDGE('',*,*,#7216,.T.);
#3522=ORIENTED_EDGE('',*,*,#7219,.T.);
#3523=ORIENTED_EDGE('',*,*,#7222,.T.);
#3524=ORIENTED_EDGE('',*,*,#7225,.T.);
#3525=ORIENTED_EDGE('',*,*,#7228,.T.);
#3526=ORIENTED_EDGE('',*,*,#7231,.T.);
#3527=ORIENTED_EDGE('',*,*,#7234,.T.);
#3528=ORIENTED_EDGE('',*,*,#7237,.T.);
#3529=ORIENTED_EDGE('',*,*,#7240,.T.);
#3530=ORIENTED_EDGE('',*,*,#7243,.T.);
#3531=ORIENTED_EDGE('',*,*,#7246,.T.);
#3532=ORIENTED_EDGE('',*,*,#7249,.T.);
#3533=ORIENTED_EDGE('',*,*,#7252,.T.);
#3534=ORIENTED_EDGE('',*,*,#7255,.T.);
#3535=ORIENTED_EDGE('',*,*,#7258,.T.);
#3536=ORIENTED_EDGE('',*,*,#7261,.T.);
#3537=ORIENTED_EDGE('',*,*,#7264,.T.);
#3538=ORIENTED_EDGE('',*,*,#7267,.T.);
#3539=ORIENTED_EDGE('',*,*,#7270,.T.);
#3540=ORIENTED_EDGE('',*,*,#7273,.T.);
#3541=ORIENTED_EDGE('',*,*,#7276,.T.);
#3542=ORIENTED_EDGE('',*,*,#7292,.T.);
#3543=ORIENTED_EDGE('',*,*,#7290,.T.);
#3544=ORIENTED_EDGE('',*,*,#7288,.T.);
#3545=ORIENTED_EDGE('',*,*,#7286,.T.);
#3546=ORIENTED_EDGE('',*,*,#7284,.T.);
#3547=ORIENTED_EDGE('',*,*,#7282,.T.);
#3548=ORIENTED_EDGE('',*,*,#7280,.T.);
#3549=ORIENTED_EDGE('',*,*,#7278,.T.);
#3550=ORIENTED_EDGE('',*,*,#7331,.T.);
#3551=ORIENTED_EDGE('',*,*,#7332,.T.);
#3552=ORIENTED_EDGE('',*,*,#7333,.T.);
#3553=ORIENTED_EDGE('',*,*,#7191,.T.);
#3554=ORIENTED_EDGE('',*,*,#7334,.T.);
#3555=ORIENTED_EDGE('',*,*,#7335,.T.);
#3556=ORIENTED_EDGE('',*,*,#7336,.T.);
#3557=ORIENTED_EDGE('',*,*,#7195,.T.);
#3558=ORIENTED_EDGE('',*,*,#7337,.T.);
#3559=ORIENTED_EDGE('',*,*,#7338,.T.);
#3560=ORIENTED_EDGE('',*,*,#7339,.T.);
#3561=ORIENTED_EDGE('',*,*,#7201,.T.);
#3562=ORIENTED_EDGE('',*,*,#7340,.T.);
#3563=ORIENTED_EDGE('',*,*,#7341,.T.);
#3564=ORIENTED_EDGE('',*,*,#7342,.T.);
#3565=ORIENTED_EDGE('',*,*,#7205,.T.);
#3566=ORIENTED_EDGE('',*,*,#7333,.F.);
#3567=ORIENTED_EDGE('',*,*,#7343,.T.);
#3568=ORIENTED_EDGE('',*,*,#7319,.F.);
#3569=ORIENTED_EDGE('',*,*,#7192,.F.);
#3570=ORIENTED_EDGE('',*,*,#7330,.F.);
#3571=ORIENTED_EDGE('',*,*,#7344,.T.);
#3572=ORIENTED_EDGE('',*,*,#7334,.F.);
#3573=ORIENTED_EDGE('',*,*,#7194,.F.);
#3574=ORIENTED_EDGE('',*,*,#7324,.F.);
#3575=ORIENTED_EDGE('',*,*,#7345,.T.);
#3576=ORIENTED_EDGE('',*,*,#7340,.F.);
#3577=ORIENTED_EDGE('',*,*,#7200,.F.);
#3578=ORIENTED_EDGE('',*,*,#7339,.F.);
#3579=ORIENTED_EDGE('',*,*,#7346,.T.);
#3580=ORIENTED_EDGE('',*,*,#7325,.F.);
#3581=ORIENTED_EDGE('',*,*,#7202,.F.);
#3582=ORIENTED_EDGE('',*,*,#7321,.F.);
#3583=ORIENTED_EDGE('',*,*,#7347,.T.);
#3584=ORIENTED_EDGE('',*,*,#7331,.F.);
#3585=ORIENTED_EDGE('',*,*,#7204,.F.);
#3586=ORIENTED_EDGE('',*,*,#7336,.F.);
#3587=ORIENTED_EDGE('',*,*,#7348,.T.);
#3588=ORIENTED_EDGE('',*,*,#7328,.F.);
#3589=ORIENTED_EDGE('',*,*,#7196,.F.);
#3590=ORIENTED_EDGE('',*,*,#7342,.F.);
#3591=ORIENTED_EDGE('',*,*,#7349,.T.);
#3592=ORIENTED_EDGE('',*,*,#7322,.F.);
#3593=ORIENTED_EDGE('',*,*,#7206,.F.);
#3594=ORIENTED_EDGE('',*,*,#7327,.F.);
#3595=ORIENTED_EDGE('',*,*,#7350,.T.);
#3596=ORIENTED_EDGE('',*,*,#7337,.F.);
#3597=ORIENTED_EDGE('',*,*,#7198,.F.);
#3598=ORIENTED_EDGE('',*,*,#7320,.F.);
#3599=ORIENTED_EDGE('',*,*,#7343,.F.);
#3600=ORIENTED_EDGE('',*,*,#7332,.F.);
#3601=ORIENTED_EDGE('',*,*,#7347,.F.);
#3602=ORIENTED_EDGE('',*,*,#7329,.F.);
#3603=ORIENTED_EDGE('',*,*,#7348,.F.);
#3604=ORIENTED_EDGE('',*,*,#7335,.F.);
#3605=ORIENTED_EDGE('',*,*,#7344,.F.);
#3606=ORIENTED_EDGE('',*,*,#7326,.F.);
#3607=ORIENTED_EDGE('',*,*,#7346,.F.);
#3608=ORIENTED_EDGE('',*,*,#7338,.F.);
#3609=ORIENTED_EDGE('',*,*,#7350,.F.);
#3610=ORIENTED_EDGE('',*,*,#7323,.F.);
#3611=ORIENTED_EDGE('',*,*,#7349,.F.);
#3612=ORIENTED_EDGE('',*,*,#7341,.F.);
#3613=ORIENTED_EDGE('',*,*,#7345,.F.);
#3614=ORIENTED_EDGE('',*,*,#7351,.F.);
#3615=ORIENTED_EDGE('',*,*,#7308,.F.);
#3616=ORIENTED_EDGE('',*,*,#7352,.F.);
#3617=ORIENTED_EDGE('',*,*,#7244,.F.);
#3618=ORIENTED_EDGE('',*,*,#7352,.T.);
#3619=ORIENTED_EDGE('',*,*,#7307,.F.);
#3620=ORIENTED_EDGE('',*,*,#7353,.F.);
#3621=ORIENTED_EDGE('',*,*,#7247,.F.);
#3622=ORIENTED_EDGE('',*,*,#7351,.T.);
#3623=ORIENTED_EDGE('',*,*,#7241,.F.);
#3624=ORIENTED_EDGE('',*,*,#7354,.F.);
#3625=ORIENTED_EDGE('',*,*,#7309,.F.);
#3626=ORIENTED_EDGE('',*,*,#7353,.T.);
#3627=ORIENTED_EDGE('',*,*,#7306,.F.);
#3628=ORIENTED_EDGE('',*,*,#7355,.F.);
#3629=ORIENTED_EDGE('',*,*,#7250,.F.);
#3630=ORIENTED_EDGE('',*,*,#7354,.T.);
#3631=ORIENTED_EDGE('',*,*,#7238,.F.);
#3632=ORIENTED_EDGE('',*,*,#7356,.F.);
#3633=ORIENTED_EDGE('',*,*,#7310,.F.);
#3634=ORIENTED_EDGE('',*,*,#7355,.T.);
#3635=ORIENTED_EDGE('',*,*,#7305,.F.);
#3636=ORIENTED_EDGE('',*,*,#7357,.F.);
#3637=ORIENTED_EDGE('',*,*,#7253,.F.);
#3638=ORIENTED_EDGE('',*,*,#7356,.T.);
#3639=ORIENTED_EDGE('',*,*,#7235,.F.);
#3640=ORIENTED_EDGE('',*,*,#7358,.F.);
#3641=ORIENTED_EDGE('',*,*,#7311,.F.);
#3642=ORIENTED_EDGE('',*,*,#7357,.T.);
#3643=ORIENTED_EDGE('',*,*,#7304,.F.);
#3644=ORIENTED_EDGE('',*,*,#7359,.F.);
#3645=ORIENTED_EDGE('',*,*,#7256,.F.);
#3646=ORIENTED_EDGE('',*,*,#7358,.T.);
#3647=ORIENTED_EDGE('',*,*,#7232,.F.);
#3648=ORIENTED_EDGE('',*,*,#7360,.F.);
#3649=ORIENTED_EDGE('',*,*,#7312,.F.);
#3650=ORIENTED_EDGE('',*,*,#7359,.T.);
#3651=ORIENTED_EDGE('',*,*,#7303,.F.);
#3652=ORIENTED_EDGE('',*,*,#7361,.F.);
#3653=ORIENTED_EDGE('',*,*,#7259,.F.);
#3654=ORIENTED_EDGE('',*,*,#7360,.T.);
#3655=ORIENTED_EDGE('',*,*,#7229,.F.);
#3656=ORIENTED_EDGE('',*,*,#7362,.F.);
#3657=ORIENTED_EDGE('',*,*,#7313,.F.);
#3658=ORIENTED_EDGE('',*,*,#7361,.T.);
#3659=ORIENTED_EDGE('',*,*,#7302,.F.);
#3660=ORIENTED_EDGE('',*,*,#7363,.F.);
#3661=ORIENTED_EDGE('',*,*,#7262,.F.);
#3662=ORIENTED_EDGE('',*,*,#7362,.T.);
#3663=ORIENTED_EDGE('',*,*,#7226,.F.);
#3664=ORIENTED_EDGE('',*,*,#7364,.F.);
#3665=ORIENTED_EDGE('',*,*,#7314,.F.);
#3666=ORIENTED_EDGE('',*,*,#7363,.T.);
#3667=ORIENTED_EDGE('',*,*,#7301,.F.);
#3668=ORIENTED_EDGE('',*,*,#7365,.F.);
#3669=ORIENTED_EDGE('',*,*,#7265,.F.);
#3670=ORIENTED_EDGE('',*,*,#7364,.T.);
#3671=ORIENTED_EDGE('',*,*,#7223,.F.);
#3672=ORIENTED_EDGE('',*,*,#7366,.F.);
#3673=ORIENTED_EDGE('',*,*,#7315,.F.);
#3674=ORIENTED_EDGE('',*,*,#7365,.T.);
#3675=ORIENTED_EDGE('',*,*,#7300,.F.);
#3676=ORIENTED_EDGE('',*,*,#7367,.F.);
#3677=ORIENTED_EDGE('',*,*,#7268,.F.);
#3678=ORIENTED_EDGE('',*,*,#7366,.T.);
#3679=ORIENTED_EDGE('',*,*,#7220,.F.);
#3680=ORIENTED_EDGE('',*,*,#7368,.F.);
#3681=ORIENTED_EDGE('',*,*,#7316,.F.);
#3682=ORIENTED_EDGE('',*,*,#7367,.T.);
#3683=ORIENTED_EDGE('',*,*,#7299,.F.);
#3684=ORIENTED_EDGE('',*,*,#7369,.F.);
#3685=ORIENTED_EDGE('',*,*,#7271,.F.);
#3686=ORIENTED_EDGE('',*,*,#7368,.T.);
#3687=ORIENTED_EDGE('',*,*,#7217,.F.);
#3688=ORIENTED_EDGE('',*,*,#7370,.F.);
#3689=ORIENTED_EDGE('',*,*,#7317,.F.);
#3690=ORIENTED_EDGE('',*,*,#7369,.T.);
#3691=ORIENTED_EDGE('',*,*,#7298,.F.);
#3692=ORIENTED_EDGE('',*,*,#7371,.F.);
#3693=ORIENTED_EDGE('',*,*,#7274,.F.);
#3694=ORIENTED_EDGE('',*,*,#7370,.T.);
#3695=ORIENTED_EDGE('',*,*,#7214,.F.);
#3696=ORIENTED_EDGE('',*,*,#7372,.F.);
#3697=ORIENTED_EDGE('',*,*,#7318,.F.);
#3698=ORIENTED_EDGE('',*,*,#7371,.T.);
#3699=ORIENTED_EDGE('',*,*,#7297,.F.);
#3700=ORIENTED_EDGE('',*,*,#7373,.F.);
#3701=ORIENTED_EDGE('',*,*,#7293,.F.);
#3702=ORIENTED_EDGE('',*,*,#7372,.T.);
#3703=ORIENTED_EDGE('',*,*,#7211,.F.);
#3704=ORIENTED_EDGE('',*,*,#7374,.F.);
#3705=ORIENTED_EDGE('',*,*,#7295,.F.);
#3706=ORIENTED_EDGE('',*,*,#7373,.T.);
#3707=ORIENTED_EDGE('',*,*,#7296,.F.);
#3708=ORIENTED_EDGE('',*,*,#7374,.T.);
#3709=ORIENTED_EDGE('',*,*,#7208,.F.);
#3710=ORIENTED_EDGE('',*,*,#7375,.F.);
#3711=ORIENTED_EDGE('',*,*,#7376,.F.);
#3712=ORIENTED_EDGE('',*,*,#7377,.T.);
#3713=ORIENTED_EDGE('',*,*,#7378,.T.);
#3714=ORIENTED_EDGE('',*,*,#7379,.F.);
#3715=ORIENTED_EDGE('',*,*,#7378,.F.);
#3716=ORIENTED_EDGE('',*,*,#7380,.T.);
#3717=ORIENTED_EDGE('',*,*,#7381,.T.);
#3718=ORIENTED_EDGE('',*,*,#7382,.F.);
#3719=ORIENTED_EDGE('',*,*,#7381,.F.);
#3720=ORIENTED_EDGE('',*,*,#7383,.T.);
#3721=ORIENTED_EDGE('',*,*,#7384,.T.);
#3722=ORIENTED_EDGE('',*,*,#7385,.F.);
#3723=ORIENTED_EDGE('',*,*,#7384,.F.);
#3724=ORIENTED_EDGE('',*,*,#7386,.T.);
#3725=ORIENTED_EDGE('',*,*,#7387,.T.);
#3726=ORIENTED_EDGE('',*,*,#7388,.F.);
#3727=ORIENTED_EDGE('',*,*,#7387,.F.);
#3728=ORIENTED_EDGE('',*,*,#7389,.T.);
#3729=ORIENTED_EDGE('',*,*,#7390,.T.);
#3730=ORIENTED_EDGE('',*,*,#7391,.F.);
#3731=ORIENTED_EDGE('',*,*,#7390,.F.);
#3732=ORIENTED_EDGE('',*,*,#7392,.T.);
#3733=ORIENTED_EDGE('',*,*,#7393,.T.);
#3734=ORIENTED_EDGE('',*,*,#7394,.F.);
#3735=ORIENTED_EDGE('',*,*,#7393,.F.);
#3736=ORIENTED_EDGE('',*,*,#7395,.T.);
#3737=ORIENTED_EDGE('',*,*,#7396,.T.);
#3738=ORIENTED_EDGE('',*,*,#7397,.F.);
#3739=ORIENTED_EDGE('',*,*,#7396,.F.);
#3740=ORIENTED_EDGE('',*,*,#7398,.T.);
#3741=ORIENTED_EDGE('',*,*,#7399,.T.);
#3742=ORIENTED_EDGE('',*,*,#7400,.F.);
#3743=ORIENTED_EDGE('',*,*,#7399,.F.);
#3744=ORIENTED_EDGE('',*,*,#7401,.T.);
#3745=ORIENTED_EDGE('',*,*,#7402,.T.);
#3746=ORIENTED_EDGE('',*,*,#7403,.F.);
#3747=ORIENTED_EDGE('',*,*,#7402,.F.);
#3748=ORIENTED_EDGE('',*,*,#7404,.T.);
#3749=ORIENTED_EDGE('',*,*,#7405,.T.);
#3750=ORIENTED_EDGE('',*,*,#7406,.F.);
#3751=ORIENTED_EDGE('',*,*,#7405,.F.);
#3752=ORIENTED_EDGE('',*,*,#7407,.T.);
#3753=ORIENTED_EDGE('',*,*,#7408,.T.);
#3754=ORIENTED_EDGE('',*,*,#7409,.F.);
#3755=ORIENTED_EDGE('',*,*,#7408,.F.);
#3756=ORIENTED_EDGE('',*,*,#7410,.T.);
#3757=ORIENTED_EDGE('',*,*,#7411,.T.);
#3758=ORIENTED_EDGE('',*,*,#7412,.F.);
#3759=ORIENTED_EDGE('',*,*,#7411,.F.);
#3760=ORIENTED_EDGE('',*,*,#7413,.T.);
#3761=ORIENTED_EDGE('',*,*,#7414,.T.);
#3762=ORIENTED_EDGE('',*,*,#7415,.F.);
#3763=ORIENTED_EDGE('',*,*,#7414,.F.);
#3764=ORIENTED_EDGE('',*,*,#7416,.T.);
#3765=ORIENTED_EDGE('',*,*,#7417,.T.);
#3766=ORIENTED_EDGE('',*,*,#7418,.F.);
#3767=ORIENTED_EDGE('',*,*,#7417,.F.);
#3768=ORIENTED_EDGE('',*,*,#7419,.T.);
#3769=ORIENTED_EDGE('',*,*,#7420,.T.);
#3770=ORIENTED_EDGE('',*,*,#7421,.F.);
#3771=ORIENTED_EDGE('',*,*,#7422,.T.);
#3772=ORIENTED_EDGE('',*,*,#7423,.T.);
#3773=ORIENTED_EDGE('',*,*,#7424,.F.);
#3774=ORIENTED_EDGE('',*,*,#7423,.F.);
#3775=ORIENTED_EDGE('',*,*,#7425,.T.);
#3776=ORIENTED_EDGE('',*,*,#7426,.T.);
#3777=ORIENTED_EDGE('',*,*,#7427,.F.);
#3778=ORIENTED_EDGE('',*,*,#7426,.F.);
#3779=ORIENTED_EDGE('',*,*,#7428,.T.);
#3780=ORIENTED_EDGE('',*,*,#7429,.T.);
#3781=ORIENTED_EDGE('',*,*,#7430,.F.);
#3782=ORIENTED_EDGE('',*,*,#7429,.F.);
#3783=ORIENTED_EDGE('',*,*,#7431,.T.);
#3784=ORIENTED_EDGE('',*,*,#7432,.T.);
#3785=ORIENTED_EDGE('',*,*,#7433,.F.);
#3786=ORIENTED_EDGE('',*,*,#7432,.F.);
#3787=ORIENTED_EDGE('',*,*,#7434,.T.);
#3788=ORIENTED_EDGE('',*,*,#7435,.T.);
#3789=ORIENTED_EDGE('',*,*,#7436,.F.);
#3790=ORIENTED_EDGE('',*,*,#7435,.F.);
#3791=ORIENTED_EDGE('',*,*,#7437,.T.);
#3792=ORIENTED_EDGE('',*,*,#7438,.T.);
#3793=ORIENTED_EDGE('',*,*,#7439,.F.);
#3794=ORIENTED_EDGE('',*,*,#7438,.F.);
#3795=ORIENTED_EDGE('',*,*,#7440,.T.);
#3796=ORIENTED_EDGE('',*,*,#7441,.T.);
#3797=ORIENTED_EDGE('',*,*,#7442,.F.);
#3798=ORIENTED_EDGE('',*,*,#7441,.F.);
#3799=ORIENTED_EDGE('',*,*,#7443,.T.);
#3800=ORIENTED_EDGE('',*,*,#7444,.T.);
#3801=ORIENTED_EDGE('',*,*,#7445,.F.);
#3802=ORIENTED_EDGE('',*,*,#7444,.F.);
#3803=ORIENTED_EDGE('',*,*,#7446,.T.);
#3804=ORIENTED_EDGE('',*,*,#7447,.T.);
#3805=ORIENTED_EDGE('',*,*,#7448,.F.);
#3806=ORIENTED_EDGE('',*,*,#7447,.F.);
#3807=ORIENTED_EDGE('',*,*,#7449,.T.);
#3808=ORIENTED_EDGE('',*,*,#7450,.T.);
#3809=ORIENTED_EDGE('',*,*,#7451,.F.);
#3810=ORIENTED_EDGE('',*,*,#7450,.F.);
#3811=ORIENTED_EDGE('',*,*,#7452,.T.);
#3812=ORIENTED_EDGE('',*,*,#7453,.T.);
#3813=ORIENTED_EDGE('',*,*,#7454,.F.);
#3814=ORIENTED_EDGE('',*,*,#7453,.F.);
#3815=ORIENTED_EDGE('',*,*,#7455,.T.);
#3816=ORIENTED_EDGE('',*,*,#7456,.T.);
#3817=ORIENTED_EDGE('',*,*,#7457,.F.);
#3818=ORIENTED_EDGE('',*,*,#7456,.F.);
#3819=ORIENTED_EDGE('',*,*,#7458,.T.);
#3820=ORIENTED_EDGE('',*,*,#7459,.T.);
#3821=ORIENTED_EDGE('',*,*,#7460,.F.);
#3822=ORIENTED_EDGE('',*,*,#7459,.F.);
#3823=ORIENTED_EDGE('',*,*,#7461,.T.);
#3824=ORIENTED_EDGE('',*,*,#7462,.T.);
#3825=ORIENTED_EDGE('',*,*,#7463,.F.);
#3826=ORIENTED_EDGE('',*,*,#7462,.F.);
#3827=ORIENTED_EDGE('',*,*,#7464,.T.);
#3828=ORIENTED_EDGE('',*,*,#7465,.T.);
#3829=ORIENTED_EDGE('',*,*,#7466,.F.);
#3830=ORIENTED_EDGE('',*,*,#7465,.F.);
#3831=ORIENTED_EDGE('',*,*,#7467,.T.);
#3832=ORIENTED_EDGE('',*,*,#7468,.T.);
#3833=ORIENTED_EDGE('',*,*,#7469,.F.);
#3834=ORIENTED_EDGE('',*,*,#7468,.F.);
#3835=ORIENTED_EDGE('',*,*,#7470,.T.);
#3836=ORIENTED_EDGE('',*,*,#7471,.T.);
#3837=ORIENTED_EDGE('',*,*,#7472,.F.);
#3838=ORIENTED_EDGE('',*,*,#7471,.F.);
#3839=ORIENTED_EDGE('',*,*,#7473,.T.);
#3840=ORIENTED_EDGE('',*,*,#7474,.T.);
#3841=ORIENTED_EDGE('',*,*,#7475,.F.);
#3842=ORIENTED_EDGE('',*,*,#7474,.F.);
#3843=ORIENTED_EDGE('',*,*,#7476,.T.);
#3844=ORIENTED_EDGE('',*,*,#7477,.T.);
#3845=ORIENTED_EDGE('',*,*,#7478,.F.);
#3846=ORIENTED_EDGE('',*,*,#7477,.F.);
#3847=ORIENTED_EDGE('',*,*,#7479,.T.);
#3848=ORIENTED_EDGE('',*,*,#7480,.T.);
#3849=ORIENTED_EDGE('',*,*,#7481,.F.);
#3850=ORIENTED_EDGE('',*,*,#7480,.F.);
#3851=ORIENTED_EDGE('',*,*,#7482,.T.);
#3852=ORIENTED_EDGE('',*,*,#7483,.T.);
#3853=ORIENTED_EDGE('',*,*,#7484,.F.);
#3854=ORIENTED_EDGE('',*,*,#7483,.F.);
#3855=ORIENTED_EDGE('',*,*,#7485,.T.);
#3856=ORIENTED_EDGE('',*,*,#7486,.T.);
#3857=ORIENTED_EDGE('',*,*,#7487,.F.);
#3858=ORIENTED_EDGE('',*,*,#7486,.F.);
#3859=ORIENTED_EDGE('',*,*,#7488,.T.);
#3860=ORIENTED_EDGE('',*,*,#7489,.T.);
#3861=ORIENTED_EDGE('',*,*,#7490,.F.);
#3862=ORIENTED_EDGE('',*,*,#7491,.T.);
#3863=ORIENTED_EDGE('',*,*,#7492,.F.);
#3864=ORIENTED_EDGE('',*,*,#7493,.T.);
#3865=ORIENTED_EDGE('',*,*,#7494,.F.);
#3866=ORIENTED_EDGE('',*,*,#7495,.T.);
#3867=ORIENTED_EDGE('',*,*,#7496,.F.);
#3868=ORIENTED_EDGE('',*,*,#7497,.T.);
#3869=ORIENTED_EDGE('',*,*,#7498,.F.);
#3870=ORIENTED_EDGE('',*,*,#7499,.T.);
#3871=ORIENTED_EDGE('',*,*,#7500,.F.);
#3872=ORIENTED_EDGE('',*,*,#7501,.T.);
#3873=ORIENTED_EDGE('',*,*,#7502,.F.);
#3874=ORIENTED_EDGE('',*,*,#7503,.T.);
#3875=ORIENTED_EDGE('',*,*,#7504,.F.);
#3876=ORIENTED_EDGE('',*,*,#7505,.F.);
#3877=ORIENTED_EDGE('',*,*,#7420,.F.);
#3878=ORIENTED_EDGE('',*,*,#7506,.T.);
#3879=ORIENTED_EDGE('',*,*,#7376,.T.);
#3880=ORIENTED_EDGE('',*,*,#7489,.F.);
#3881=ORIENTED_EDGE('',*,*,#7507,.T.);
#3882=ORIENTED_EDGE('',*,*,#7421,.T.);
#3883=ORIENTED_EDGE('',*,*,#7508,.F.);
#3884=ORIENTED_EDGE('',*,*,#7509,.T.);
#3885=ORIENTED_EDGE('',*,*,#7510,.F.);
#3886=ORIENTED_EDGE('',*,*,#7511,.T.);
#3887=ORIENTED_EDGE('',*,*,#7512,.T.);
#3888=ORIENTED_EDGE('',*,*,#7513,.T.);
#3889=ORIENTED_EDGE('',*,*,#7514,.T.);
#3890=ORIENTED_EDGE('',*,*,#7515,.T.);
#3891=ORIENTED_EDGE('',*,*,#7516,.T.);
#3892=ORIENTED_EDGE('',*,*,#7517,.T.);
#3893=ORIENTED_EDGE('',*,*,#7518,.T.);
#3894=ORIENTED_EDGE('',*,*,#7519,.T.);
#3895=ORIENTED_EDGE('',*,*,#7520,.T.);
#3896=ORIENTED_EDGE('',*,*,#7521,.T.);
#3897=ORIENTED_EDGE('',*,*,#7522,.T.);
#3898=ORIENTED_EDGE('',*,*,#7523,.T.);
#3899=ORIENTED_EDGE('',*,*,#7524,.T.);
#3900=ORIENTED_EDGE('',*,*,#7525,.T.);
#3901=ORIENTED_EDGE('',*,*,#7526,.T.);
#3902=ORIENTED_EDGE('',*,*,#7527,.T.);
#3903=ORIENTED_EDGE('',*,*,#7528,.T.);
#3904=ORIENTED_EDGE('',*,*,#7529,.T.);
#3905=ORIENTED_EDGE('',*,*,#7530,.T.);
#3906=ORIENTED_EDGE('',*,*,#7531,.T.);
#3907=ORIENTED_EDGE('',*,*,#7532,.T.);
#3908=ORIENTED_EDGE('',*,*,#7533,.T.);
#3909=ORIENTED_EDGE('',*,*,#7534,.T.);
#3910=ORIENTED_EDGE('',*,*,#7377,.F.);
#3911=ORIENTED_EDGE('',*,*,#7506,.F.);
#3912=ORIENTED_EDGE('',*,*,#7419,.F.);
#3913=ORIENTED_EDGE('',*,*,#7416,.F.);
#3914=ORIENTED_EDGE('',*,*,#7413,.F.);
#3915=ORIENTED_EDGE('',*,*,#7410,.F.);
#3916=ORIENTED_EDGE('',*,*,#7407,.F.);
#3917=ORIENTED_EDGE('',*,*,#7404,.F.);
#3918=ORIENTED_EDGE('',*,*,#7401,.F.);
#3919=ORIENTED_EDGE('',*,*,#7398,.F.);
#3920=ORIENTED_EDGE('',*,*,#7395,.F.);
#3921=ORIENTED_EDGE('',*,*,#7392,.F.);
#3922=ORIENTED_EDGE('',*,*,#7389,.F.);
#3923=ORIENTED_EDGE('',*,*,#7386,.F.);
#3924=ORIENTED_EDGE('',*,*,#7383,.F.);
#3925=ORIENTED_EDGE('',*,*,#7380,.F.);
#3926=ORIENTED_EDGE('',*,*,#7503,.F.);
#3927=ORIENTED_EDGE('',*,*,#7501,.F.);
#3928=ORIENTED_EDGE('',*,*,#7499,.F.);
#3929=ORIENTED_EDGE('',*,*,#7497,.F.);
#3930=ORIENTED_EDGE('',*,*,#7495,.F.);
#3931=ORIENTED_EDGE('',*,*,#7493,.F.);
#3932=ORIENTED_EDGE('',*,*,#7491,.F.);
#3933=ORIENTED_EDGE('',*,*,#7509,.F.);
#3934=ORIENTED_EDGE('',*,*,#7424,.T.);
#3935=ORIENTED_EDGE('',*,*,#7427,.T.);
#3936=ORIENTED_EDGE('',*,*,#7430,.T.);
#3937=ORIENTED_EDGE('',*,*,#7433,.T.);
#3938=ORIENTED_EDGE('',*,*,#7436,.T.);
#3939=ORIENTED_EDGE('',*,*,#7439,.T.);
#3940=ORIENTED_EDGE('',*,*,#7442,.T.);
#3941=ORIENTED_EDGE('',*,*,#7445,.T.);
#3942=ORIENTED_EDGE('',*,*,#7448,.T.);
#3943=ORIENTED_EDGE('',*,*,#7451,.T.);
#3944=ORIENTED_EDGE('',*,*,#7454,.T.);
#3945=ORIENTED_EDGE('',*,*,#7457,.T.);
#3946=ORIENTED_EDGE('',*,*,#7460,.T.);
#3947=ORIENTED_EDGE('',*,*,#7463,.T.);
#3948=ORIENTED_EDGE('',*,*,#7466,.T.);
#3949=ORIENTED_EDGE('',*,*,#7469,.T.);
#3950=ORIENTED_EDGE('',*,*,#7472,.T.);
#3951=ORIENTED_EDGE('',*,*,#7475,.T.);
#3952=ORIENTED_EDGE('',*,*,#7478,.T.);
#3953=ORIENTED_EDGE('',*,*,#7481,.T.);
#3954=ORIENTED_EDGE('',*,*,#7484,.T.);
#3955=ORIENTED_EDGE('',*,*,#7487,.T.);
#3956=ORIENTED_EDGE('',*,*,#7490,.T.);
#3957=ORIENTED_EDGE('',*,*,#7508,.T.);
#3958=ORIENTED_EDGE('',*,*,#7375,.T.);
#3959=ORIENTED_EDGE('',*,*,#7379,.T.);
#3960=ORIENTED_EDGE('',*,*,#7382,.T.);
#3961=ORIENTED_EDGE('',*,*,#7385,.T.);
#3962=ORIENTED_EDGE('',*,*,#7388,.T.);
#3963=ORIENTED_EDGE('',*,*,#7391,.T.);
#3964=ORIENTED_EDGE('',*,*,#7394,.T.);
#3965=ORIENTED_EDGE('',*,*,#7397,.T.);
#3966=ORIENTED_EDGE('',*,*,#7400,.T.);
#3967=ORIENTED_EDGE('',*,*,#7403,.T.);
#3968=ORIENTED_EDGE('',*,*,#7406,.T.);
#3969=ORIENTED_EDGE('',*,*,#7409,.T.);
#3970=ORIENTED_EDGE('',*,*,#7412,.T.);
#3971=ORIENTED_EDGE('',*,*,#7415,.T.);
#3972=ORIENTED_EDGE('',*,*,#7418,.T.);
#3973=ORIENTED_EDGE('',*,*,#7505,.T.);
#3974=ORIENTED_EDGE('',*,*,#7504,.T.);
#3975=ORIENTED_EDGE('',*,*,#7502,.T.);
#3976=ORIENTED_EDGE('',*,*,#7500,.T.);
#3977=ORIENTED_EDGE('',*,*,#7498,.T.);
#3978=ORIENTED_EDGE('',*,*,#7496,.T.);
#3979=ORIENTED_EDGE('',*,*,#7494,.T.);
#3980=ORIENTED_EDGE('',*,*,#7492,.T.);
#3981=ORIENTED_EDGE('',*,*,#7510,.T.);
#3982=ORIENTED_EDGE('',*,*,#7535,.F.);
#3983=ORIENTED_EDGE('',*,*,#7524,.F.);
#3984=ORIENTED_EDGE('',*,*,#7536,.F.);
#3985=ORIENTED_EDGE('',*,*,#7425,.F.);
#3986=ORIENTED_EDGE('',*,*,#7536,.T.);
#3987=ORIENTED_EDGE('',*,*,#7523,.F.);
#3988=ORIENTED_EDGE('',*,*,#7537,.F.);
#3989=ORIENTED_EDGE('',*,*,#7428,.F.);
#3990=ORIENTED_EDGE('',*,*,#7535,.T.);
#3991=ORIENTED_EDGE('',*,*,#7422,.F.);
#3992=ORIENTED_EDGE('',*,*,#7538,.F.);
#3993=ORIENTED_EDGE('',*,*,#7525,.F.);
#3994=ORIENTED_EDGE('',*,*,#7537,.T.);
#3995=ORIENTED_EDGE('',*,*,#7522,.F.);
#3996=ORIENTED_EDGE('',*,*,#7539,.F.);
#3997=ORIENTED_EDGE('',*,*,#7431,.F.);
#3998=ORIENTED_EDGE('',*,*,#7538,.T.);
#3999=ORIENTED_EDGE('',*,*,#7507,.F.);
#4000=ORIENTED_EDGE('',*,*,#7540,.F.);
#4001=ORIENTED_EDGE('',*,*,#7526,.F.);
#4002=ORIENTED_EDGE('',*,*,#7539,.T.);
#4003=ORIENTED_EDGE('',*,*,#7521,.F.);
#4004=ORIENTED_EDGE('',*,*,#7541,.F.);
#4005=ORIENTED_EDGE('',*,*,#7434,.F.);
#4006=ORIENTED_EDGE('',*,*,#7540,.T.);
#4007=ORIENTED_EDGE('',*,*,#7488,.F.);
#4008=ORIENTED_EDGE('',*,*,#7542,.F.);
#4009=ORIENTED_EDGE('',*,*,#7527,.F.);
#4010=ORIENTED_EDGE('',*,*,#7541,.T.);
#4011=ORIENTED_EDGE('',*,*,#7520,.F.);
#4012=ORIENTED_EDGE('',*,*,#7543,.F.);
#4013=ORIENTED_EDGE('',*,*,#7437,.F.);
#4014=ORIENTED_EDGE('',*,*,#7542,.T.);
#4015=ORIENTED_EDGE('',*,*,#7485,.F.);
#4016=ORIENTED_EDGE('',*,*,#7544,.F.);
#4017=ORIENTED_EDGE('',*,*,#7528,.F.);
#4018=ORIENTED_EDGE('',*,*,#7543,.T.);
#4019=ORIENTED_EDGE('',*,*,#7519,.F.);
#4020=ORIENTED_EDGE('',*,*,#7545,.F.);
#4021=ORIENTED_EDGE('',*,*,#7440,.F.);
#4022=ORIENTED_EDGE('',*,*,#7544,.T.);
#4023=ORIENTED_EDGE('',*,*,#7482,.F.);
#4024=ORIENTED_EDGE('',*,*,#7546,.F.);
#4025=ORIENTED_EDGE('',*,*,#7529,.F.);
#4026=ORIENTED_EDGE('',*,*,#7545,.T.);
#4027=ORIENTED_EDGE('',*,*,#7518,.F.);
#4028=ORIENTED_EDGE('',*,*,#7547,.F.);
#4029=ORIENTED_EDGE('',*,*,#7443,.F.);
#4030=ORIENTED_EDGE('',*,*,#7546,.T.);
#4031=ORIENTED_EDGE('',*,*,#7479,.F.);
#4032=ORIENTED_EDGE('',*,*,#7548,.F.);
#4033=ORIENTED_EDGE('',*,*,#7530,.F.);
#4034=ORIENTED_EDGE('',*,*,#7547,.T.);
#4035=ORIENTED_EDGE('',*,*,#7517,.F.);
#4036=ORIENTED_EDGE('',*,*,#7549,.F.);
#4037=ORIENTED_EDGE('',*,*,#7446,.F.);
#4038=ORIENTED_EDGE('',*,*,#7548,.T.);
#4039=ORIENTED_EDGE('',*,*,#7476,.F.);
#4040=ORIENTED_EDGE('',*,*,#7550,.F.);
#4041=ORIENTED_EDGE('',*,*,#7531,.F.);
#4042=ORIENTED_EDGE('',*,*,#7549,.T.);
#4043=ORIENTED_EDGE('',*,*,#7516,.F.);
#4044=ORIENTED_EDGE('',*,*,#7551,.F.);
#4045=ORIENTED_EDGE('',*,*,#7449,.F.);
#4046=ORIENTED_EDGE('',*,*,#7550,.T.);
#4047=ORIENTED_EDGE('',*,*,#7473,.F.);
#4048=ORIENTED_EDGE('',*,*,#7552,.F.);
#4049=ORIENTED_EDGE('',*,*,#7532,.F.);
#4050=ORIENTED_EDGE('',*,*,#7551,.T.);
#4051=ORIENTED_EDGE('',*,*,#7515,.F.);
#4052=ORIENTED_EDGE('',*,*,#7553,.F.);
#4053=ORIENTED_EDGE('',*,*,#7452,.F.);
#4054=ORIENTED_EDGE('',*,*,#7552,.T.);
#4055=ORIENTED_EDGE('',*,*,#7470,.F.);
#4056=ORIENTED_EDGE('',*,*,#7554,.F.);
#4057=ORIENTED_EDGE('',*,*,#7533,.F.);
#4058=ORIENTED_EDGE('',*,*,#7553,.T.);
#4059=ORIENTED_EDGE('',*,*,#7514,.F.);
#4060=ORIENTED_EDGE('',*,*,#7555,.F.);
#4061=ORIENTED_EDGE('',*,*,#7455,.F.);
#4062=ORIENTED_EDGE('',*,*,#7554,.T.);
#4063=ORIENTED_EDGE('',*,*,#7467,.F.);
#4064=ORIENTED_EDGE('',*,*,#7556,.F.);
#4065=ORIENTED_EDGE('',*,*,#7534,.F.);
#4066=ORIENTED_EDGE('',*,*,#7555,.T.);
#4067=ORIENTED_EDGE('',*,*,#7513,.F.);
#4068=ORIENTED_EDGE('',*,*,#7557,.F.);
#4069=ORIENTED_EDGE('',*,*,#7458,.F.);
#4070=ORIENTED_EDGE('',*,*,#7556,.T.);
#4071=ORIENTED_EDGE('',*,*,#7464,.F.);
#4072=ORIENTED_EDGE('',*,*,#7558,.F.);
#4073=ORIENTED_EDGE('',*,*,#7511,.F.);
#4074=ORIENTED_EDGE('',*,*,#7557,.T.);
#4075=ORIENTED_EDGE('',*,*,#7512,.F.);
#4076=ORIENTED_EDGE('',*,*,#7558,.T.);
#4077=ORIENTED_EDGE('',*,*,#7461,.F.);
#4078=ORIENTED_EDGE('',*,*,#7559,.F.);
#4079=ORIENTED_EDGE('',*,*,#7560,.T.);
#4080=ORIENTED_EDGE('',*,*,#7561,.F.);
#4081=ORIENTED_EDGE('',*,*,#7562,.T.);
#4082=ORIENTED_EDGE('',*,*,#7563,.F.);
#4083=ORIENTED_EDGE('',*,*,#7564,.T.);
#4084=ORIENTED_EDGE('',*,*,#7565,.F.);
#4085=ORIENTED_EDGE('',*,*,#7566,.T.);
#4086=ORIENTED_EDGE('',*,*,#7567,.F.);
#4087=ORIENTED_EDGE('',*,*,#7568,.T.);
#4088=ORIENTED_EDGE('',*,*,#7569,.F.);
#4089=ORIENTED_EDGE('',*,*,#7570,.T.);
#4090=ORIENTED_EDGE('',*,*,#7571,.F.);
#4091=ORIENTED_EDGE('',*,*,#7572,.T.);
#4092=ORIENTED_EDGE('',*,*,#7573,.F.);
#4093=ORIENTED_EDGE('',*,*,#7574,.T.);
#4094=ORIENTED_EDGE('',*,*,#7575,.F.);
#4095=ORIENTED_EDGE('',*,*,#7576,.T.);
#4096=ORIENTED_EDGE('',*,*,#7577,.T.);
#4097=ORIENTED_EDGE('',*,*,#7578,.T.);
#4098=ORIENTED_EDGE('',*,*,#7579,.F.);
#4099=ORIENTED_EDGE('',*,*,#7580,.T.);
#4100=ORIENTED_EDGE('',*,*,#7581,.F.);
#4101=ORIENTED_EDGE('',*,*,#7582,.T.);
#4102=ORIENTED_EDGE('',*,*,#7583,.F.);
#4103=ORIENTED_EDGE('',*,*,#7584,.T.);
#4104=ORIENTED_EDGE('',*,*,#7585,.F.);
#4105=ORIENTED_EDGE('',*,*,#7586,.T.);
#4106=ORIENTED_EDGE('',*,*,#7587,.F.);
#4107=ORIENTED_EDGE('',*,*,#7588,.T.);
#4108=ORIENTED_EDGE('',*,*,#7589,.F.);
#4109=ORIENTED_EDGE('',*,*,#7590,.F.);
#4110=ORIENTED_EDGE('',*,*,#7591,.T.);
#4111=ORIENTED_EDGE('',*,*,#7592,.F.);
#4112=ORIENTED_EDGE('',*,*,#7593,.T.);
#4113=ORIENTED_EDGE('',*,*,#7594,.F.);
#4114=ORIENTED_EDGE('',*,*,#7595,.F.);
#4115=ORIENTED_EDGE('',*,*,#7596,.F.);
#4116=ORIENTED_EDGE('',*,*,#7597,.F.);
#4117=ORIENTED_EDGE('',*,*,#7598,.F.);
#4118=ORIENTED_EDGE('',*,*,#7599,.F.);
#4119=ORIENTED_EDGE('',*,*,#7600,.F.);
#4120=ORIENTED_EDGE('',*,*,#7601,.T.);
#4121=ORIENTED_EDGE('',*,*,#7602,.F.);
#4122=ORIENTED_EDGE('',*,*,#7603,.T.);
#4123=ORIENTED_EDGE('',*,*,#7604,.F.);
#4124=ORIENTED_EDGE('',*,*,#7605,.T.);
#4125=ORIENTED_EDGE('',*,*,#7606,.T.);
#4126=ORIENTED_EDGE('',*,*,#7607,.F.);
#4127=ORIENTED_EDGE('',*,*,#7608,.F.);
#4128=ORIENTED_EDGE('',*,*,#7609,.F.);
#4129=ORIENTED_EDGE('',*,*,#7610,.F.);
#4130=ORIENTED_EDGE('',*,*,#7611,.F.);
#4131=ORIENTED_EDGE('',*,*,#7612,.F.);
#4132=ORIENTED_EDGE('',*,*,#7613,.F.);
#4133=ORIENTED_EDGE('',*,*,#7614,.F.);
#4134=ORIENTED_EDGE('',*,*,#7615,.F.);
#4135=ORIENTED_EDGE('',*,*,#7616,.T.);
#4136=ORIENTED_EDGE('',*,*,#7617,.T.);
#4137=ORIENTED_EDGE('',*,*,#7618,.T.);
#4138=ORIENTED_EDGE('',*,*,#7619,.T.);
#4139=ORIENTED_EDGE('',*,*,#7620,.T.);
#4140=ORIENTED_EDGE('',*,*,#7621,.T.);
#4141=ORIENTED_EDGE('',*,*,#7622,.T.);
#4142=ORIENTED_EDGE('',*,*,#7623,.T.);
#4143=ORIENTED_EDGE('',*,*,#7624,.T.);
#4144=ORIENTED_EDGE('',*,*,#7625,.T.);
#4145=ORIENTED_EDGE('',*,*,#7626,.T.);
#4146=ORIENTED_EDGE('',*,*,#7627,.T.);
#4147=ORIENTED_EDGE('',*,*,#7628,.T.);
#4148=ORIENTED_EDGE('',*,*,#7629,.T.);
#4149=ORIENTED_EDGE('',*,*,#7630,.F.);
#4150=ORIENTED_EDGE('',*,*,#7631,.T.);
#4151=ORIENTED_EDGE('',*,*,#7632,.F.);
#4152=ORIENTED_EDGE('',*,*,#7633,.T.);
#4153=ORIENTED_EDGE('',*,*,#7634,.F.);
#4154=ORIENTED_EDGE('',*,*,#7635,.F.);
#4155=ORIENTED_EDGE('',*,*,#7636,.T.);
#4156=ORIENTED_EDGE('',*,*,#7637,.F.);
#4157=ORIENTED_EDGE('',*,*,#7638,.T.);
#4158=ORIENTED_EDGE('',*,*,#7639,.F.);
#4159=ORIENTED_EDGE('',*,*,#7640,.T.);
#4160=ORIENTED_EDGE('',*,*,#7641,.F.);
#4161=ORIENTED_EDGE('',*,*,#7642,.T.);
#4162=ORIENTED_EDGE('',*,*,#7643,.F.);
#4163=ORIENTED_EDGE('',*,*,#7644,.T.);
#4164=ORIENTED_EDGE('',*,*,#7645,.F.);
#4165=ORIENTED_EDGE('',*,*,#7646,.T.);
#4166=ORIENTED_EDGE('',*,*,#7647,.F.);
#4167=ORIENTED_EDGE('',*,*,#7648,.T.);
#4168=ORIENTED_EDGE('',*,*,#7649,.F.);
#4169=ORIENTED_EDGE('',*,*,#7650,.T.);
#4170=ORIENTED_EDGE('',*,*,#7651,.F.);
#4171=ORIENTED_EDGE('',*,*,#7652,.T.);
#4172=ORIENTED_EDGE('',*,*,#7653,.F.);
#4173=ORIENTED_EDGE('',*,*,#7654,.T.);
#4174=ORIENTED_EDGE('',*,*,#7655,.F.);
#4175=ORIENTED_EDGE('',*,*,#7656,.T.);
#4176=ORIENTED_EDGE('',*,*,#7657,.F.);
#4177=ORIENTED_EDGE('',*,*,#7658,.T.);
#4178=ORIENTED_EDGE('',*,*,#7659,.F.);
#4179=ORIENTED_EDGE('',*,*,#7660,.T.);
#4180=ORIENTED_EDGE('',*,*,#7661,.F.);
#4181=ORIENTED_EDGE('',*,*,#7662,.F.);
#4182=ORIENTED_EDGE('',*,*,#7663,.F.);
#4183=ORIENTED_EDGE('',*,*,#7664,.F.);
#4184=ORIENTED_EDGE('',*,*,#7665,.F.);
#4185=ORIENTED_EDGE('',*,*,#7666,.F.);
#4186=ORIENTED_EDGE('',*,*,#7667,.F.);
#4187=ORIENTED_EDGE('',*,*,#7668,.T.);
#4188=ORIENTED_EDGE('',*,*,#7669,.F.);
#4189=ORIENTED_EDGE('',*,*,#7670,.T.);
#4190=ORIENTED_EDGE('',*,*,#7671,.F.);
#4191=ORIENTED_EDGE('',*,*,#7672,.T.);
#4192=ORIENTED_EDGE('',*,*,#7673,.F.);
#4193=ORIENTED_EDGE('',*,*,#7674,.T.);
#4194=ORIENTED_EDGE('',*,*,#7675,.F.);
#4195=ORIENTED_EDGE('',*,*,#7676,.F.);
#4196=ORIENTED_EDGE('',*,*,#7677,.F.);
#4197=ORIENTED_EDGE('',*,*,#7678,.F.);
#4198=ORIENTED_EDGE('',*,*,#7679,.F.);
#4199=ORIENTED_EDGE('',*,*,#7680,.F.);
#4200=ORIENTED_EDGE('',*,*,#7681,.F.);
#4201=ORIENTED_EDGE('',*,*,#7682,.F.);
#4202=ORIENTED_EDGE('',*,*,#7683,.T.);
#4203=ORIENTED_EDGE('',*,*,#7684,.F.);
#4204=ORIENTED_EDGE('',*,*,#7685,.T.);
#4205=ORIENTED_EDGE('',*,*,#7686,.F.);
#4206=ORIENTED_EDGE('',*,*,#7687,.T.);
#4207=ORIENTED_EDGE('',*,*,#7688,.T.);
#4208=ORIENTED_EDGE('',*,*,#7689,.T.);
#4209=ORIENTED_EDGE('',*,*,#7690,.T.);
#4210=ORIENTED_EDGE('',*,*,#7691,.T.);
#4211=ORIENTED_EDGE('',*,*,#7692,.T.);
#4212=ORIENTED_EDGE('',*,*,#7693,.T.);
#4213=ORIENTED_EDGE('',*,*,#7694,.F.);
#4214=ORIENTED_EDGE('',*,*,#7695,.T.);
#4215=ORIENTED_EDGE('',*,*,#7696,.F.);
#4216=ORIENTED_EDGE('',*,*,#7697,.T.);
#4217=ORIENTED_EDGE('',*,*,#7698,.F.);
#4218=ORIENTED_EDGE('',*,*,#7699,.T.);
#4219=ORIENTED_EDGE('',*,*,#7700,.T.);
#4220=ORIENTED_EDGE('',*,*,#7701,.T.);
#4221=ORIENTED_EDGE('',*,*,#7702,.T.);
#4222=ORIENTED_EDGE('',*,*,#7703,.T.);
#4223=ORIENTED_EDGE('',*,*,#7704,.T.);
#4224=ORIENTED_EDGE('',*,*,#7705,.T.);
#4225=ORIENTED_EDGE('',*,*,#7706,.F.);
#4226=ORIENTED_EDGE('',*,*,#7707,.T.);
#4227=ORIENTED_EDGE('',*,*,#7708,.F.);
#4228=ORIENTED_EDGE('',*,*,#7709,.F.);
#4229=ORIENTED_EDGE('',*,*,#7710,.F.);
#4230=ORIENTED_EDGE('',*,*,#7711,.F.);
#4231=ORIENTED_EDGE('',*,*,#7686,.T.);
#4232=ORIENTED_EDGE('',*,*,#7712,.T.);
#4233=ORIENTED_EDGE('',*,*,#7713,.F.);
#4234=ORIENTED_EDGE('',*,*,#7714,.T.);
#4235=ORIENTED_EDGE('',*,*,#7713,.T.);
#4236=ORIENTED_EDGE('',*,*,#7715,.T.);
#4237=ORIENTED_EDGE('',*,*,#7716,.T.);
#4238=ORIENTED_EDGE('',*,*,#7717,.T.);
#4239=ORIENTED_EDGE('',*,*,#7718,.T.);
#4240=ORIENTED_EDGE('',*,*,#7719,.T.);
#4241=ORIENTED_EDGE('',*,*,#7720,.T.);
#4242=ORIENTED_EDGE('',*,*,#7721,.T.);
#4243=ORIENTED_EDGE('',*,*,#7722,.T.);
#4244=ORIENTED_EDGE('',*,*,#7723,.T.);
#4245=ORIENTED_EDGE('',*,*,#7724,.F.);
#4246=ORIENTED_EDGE('',*,*,#7725,.T.);
#4247=ORIENTED_EDGE('',*,*,#7726,.F.);
#4248=ORIENTED_EDGE('',*,*,#7727,.T.);
#4249=ORIENTED_EDGE('',*,*,#7728,.F.);
#4250=ORIENTED_EDGE('',*,*,#7729,.T.);
#4251=ORIENTED_EDGE('',*,*,#7730,.T.);
#4252=ORIENTED_EDGE('',*,*,#7731,.T.);
#4253=ORIENTED_EDGE('',*,*,#7732,.T.);
#4254=ORIENTED_EDGE('',*,*,#7733,.T.);
#4255=ORIENTED_EDGE('',*,*,#7734,.T.);
#4256=ORIENTED_EDGE('',*,*,#7735,.T.);
#4257=ORIENTED_EDGE('',*,*,#7736,.F.);
#4258=ORIENTED_EDGE('',*,*,#7737,.T.);
#4259=ORIENTED_EDGE('',*,*,#7738,.F.);
#4260=ORIENTED_EDGE('',*,*,#7739,.T.);
#4261=ORIENTED_EDGE('',*,*,#7740,.F.);
#4262=ORIENTED_EDGE('',*,*,#7741,.T.);
#4263=ORIENTED_EDGE('',*,*,#7742,.F.);
#4264=ORIENTED_EDGE('',*,*,#7743,.T.);
#4265=ORIENTED_EDGE('',*,*,#7744,.T.);
#4266=ORIENTED_EDGE('',*,*,#7745,.T.);
#4267=ORIENTED_EDGE('',*,*,#7746,.T.);
#4268=ORIENTED_EDGE('',*,*,#7747,.T.);
#4269=ORIENTED_EDGE('',*,*,#7748,.T.);
#4270=ORIENTED_EDGE('',*,*,#7749,.T.);
#4271=ORIENTED_EDGE('',*,*,#7750,.T.);
#4272=ORIENTED_EDGE('',*,*,#7751,.T.);
#4273=ORIENTED_EDGE('',*,*,#7752,.T.);
#4274=ORIENTED_EDGE('',*,*,#7753,.T.);
#4275=ORIENTED_EDGE('',*,*,#7754,.T.);
#4276=ORIENTED_EDGE('',*,*,#7755,.T.);
#4277=ORIENTED_EDGE('',*,*,#7756,.T.);
#4278=ORIENTED_EDGE('',*,*,#7757,.T.);
#4279=ORIENTED_EDGE('',*,*,#7758,.T.);
#4280=ORIENTED_EDGE('',*,*,#7759,.T.);
#4281=ORIENTED_EDGE('',*,*,#7760,.T.);
#4282=ORIENTED_EDGE('',*,*,#7761,.T.);
#4283=ORIENTED_EDGE('',*,*,#7762,.T.);
#4284=ORIENTED_EDGE('',*,*,#7763,.T.);
#4285=ORIENTED_EDGE('',*,*,#7764,.T.);
#4286=ORIENTED_EDGE('',*,*,#7765,.T.);
#4287=ORIENTED_EDGE('',*,*,#7766,.T.);
#4288=ORIENTED_EDGE('',*,*,#7767,.T.);
#4289=ORIENTED_EDGE('',*,*,#7768,.T.);
#4290=ORIENTED_EDGE('',*,*,#7769,.T.);
#4291=ORIENTED_EDGE('',*,*,#7770,.T.);
#4292=ORIENTED_EDGE('',*,*,#7771,.T.);
#4293=ORIENTED_EDGE('',*,*,#7772,.T.);
#4294=ORIENTED_EDGE('',*,*,#7773,.T.);
#4295=ORIENTED_EDGE('',*,*,#7774,.T.);
#4296=ORIENTED_EDGE('',*,*,#7775,.T.);
#4297=ORIENTED_EDGE('',*,*,#7776,.T.);
#4298=ORIENTED_EDGE('',*,*,#7777,.T.);
#4299=ORIENTED_EDGE('',*,*,#7778,.T.);
#4300=ORIENTED_EDGE('',*,*,#7779,.T.);
#4301=ORIENTED_EDGE('',*,*,#7780,.T.);
#4302=ORIENTED_EDGE('',*,*,#7781,.T.);
#4303=ORIENTED_EDGE('',*,*,#7782,.T.);
#4304=ORIENTED_EDGE('',*,*,#7783,.T.);
#4305=ORIENTED_EDGE('',*,*,#7784,.T.);
#4306=ORIENTED_EDGE('',*,*,#7785,.T.);
#4307=ORIENTED_EDGE('',*,*,#7786,.T.);
#4308=ORIENTED_EDGE('',*,*,#7787,.T.);
#4309=ORIENTED_EDGE('',*,*,#7788,.T.);
#4310=ORIENTED_EDGE('',*,*,#7789,.T.);
#4311=ORIENTED_EDGE('',*,*,#7790,.T.);
#4312=ORIENTED_EDGE('',*,*,#7791,.T.);
#4313=ORIENTED_EDGE('',*,*,#7792,.T.);
#4314=ORIENTED_EDGE('',*,*,#7793,.T.);
#4315=ORIENTED_EDGE('',*,*,#7794,.T.);
#4316=ORIENTED_EDGE('',*,*,#7795,.T.);
#4317=ORIENTED_EDGE('',*,*,#7796,.F.);
#4318=ORIENTED_EDGE('',*,*,#7797,.F.);
#4319=ORIENTED_EDGE('',*,*,#7798,.F.);
#4320=ORIENTED_EDGE('',*,*,#7799,.F.);
#4321=ORIENTED_EDGE('',*,*,#7800,.F.);
#4322=ORIENTED_EDGE('',*,*,#7801,.F.);
#4323=ORIENTED_EDGE('',*,*,#7802,.F.);
#4324=ORIENTED_EDGE('',*,*,#7803,.F.);
#4325=ORIENTED_EDGE('',*,*,#7804,.F.);
#4326=ORIENTED_EDGE('',*,*,#7805,.F.);
#4327=ORIENTED_EDGE('',*,*,#7806,.F.);
#4328=ORIENTED_EDGE('',*,*,#7807,.F.);
#4329=ORIENTED_EDGE('',*,*,#7808,.F.);
#4330=ORIENTED_EDGE('',*,*,#7809,.F.);
#4331=ORIENTED_EDGE('',*,*,#7810,.T.);
#4332=ORIENTED_EDGE('',*,*,#7811,.T.);
#4333=ORIENTED_EDGE('',*,*,#7812,.T.);
#4334=ORIENTED_EDGE('',*,*,#7813,.T.);
#4335=ORIENTED_EDGE('',*,*,#7814,.T.);
#4336=ORIENTED_EDGE('',*,*,#7815,.T.);
#4337=ORIENTED_EDGE('',*,*,#7816,.T.);
#4338=ORIENTED_EDGE('',*,*,#7817,.T.);
#4339=ORIENTED_EDGE('',*,*,#7818,.T.);
#4340=ORIENTED_EDGE('',*,*,#7819,.F.);
#4341=ORIENTED_EDGE('',*,*,#7820,.T.);
#4342=ORIENTED_EDGE('',*,*,#7821,.T.);
#4343=ORIENTED_EDGE('',*,*,#7822,.T.);
#4344=ORIENTED_EDGE('',*,*,#7823,.T.);
#4345=ORIENTED_EDGE('',*,*,#7824,.T.);
#4346=ORIENTED_EDGE('',*,*,#7825,.T.);
#4347=ORIENTED_EDGE('',*,*,#7826,.T.);
#4348=ORIENTED_EDGE('',*,*,#7827,.T.);
#4349=ORIENTED_EDGE('',*,*,#7828,.T.);
#4350=ORIENTED_EDGE('',*,*,#7829,.T.);
#4351=ORIENTED_EDGE('',*,*,#7830,.T.);
#4352=ORIENTED_EDGE('',*,*,#7831,.T.);
#4353=ORIENTED_EDGE('',*,*,#7832,.T.);
#4354=ORIENTED_EDGE('',*,*,#7833,.T.);
#4355=ORIENTED_EDGE('',*,*,#7834,.T.);
#4356=ORIENTED_EDGE('',*,*,#7835,.T.);
#4357=ORIENTED_EDGE('',*,*,#7836,.F.);
#4358=ORIENTED_EDGE('',*,*,#7837,.T.);
#4359=ORIENTED_EDGE('',*,*,#7838,.T.);
#4360=ORIENTED_EDGE('',*,*,#7839,.T.);
#4361=ORIENTED_EDGE('',*,*,#7840,.T.);
#4362=ORIENTED_EDGE('',*,*,#7841,.T.);
#4363=ORIENTED_EDGE('',*,*,#7842,.T.);
#4364=ORIENTED_EDGE('',*,*,#7843,.T.);
#4365=ORIENTED_EDGE('',*,*,#7844,.T.);
#4366=ORIENTED_EDGE('',*,*,#7845,.T.);
#4367=ORIENTED_EDGE('',*,*,#7846,.T.);
#4368=ORIENTED_EDGE('',*,*,#7847,.T.);
#4369=ORIENTED_EDGE('',*,*,#7848,.T.);
#4370=ORIENTED_EDGE('',*,*,#7849,.T.);
#4371=ORIENTED_EDGE('',*,*,#7850,.T.);
#4372=ORIENTED_EDGE('',*,*,#7851,.T.);
#4373=ORIENTED_EDGE('',*,*,#7852,.T.);
#4374=ORIENTED_EDGE('',*,*,#7853,.T.);
#4375=ORIENTED_EDGE('',*,*,#7854,.T.);
#4376=ORIENTED_EDGE('',*,*,#7855,.T.);
#4377=ORIENTED_EDGE('',*,*,#7856,.T.);
#4378=ORIENTED_EDGE('',*,*,#7857,.T.);
#4379=ORIENTED_EDGE('',*,*,#7858,.T.);
#4380=ORIENTED_EDGE('',*,*,#7859,.T.);
#4381=ORIENTED_EDGE('',*,*,#7860,.T.);
#4382=ORIENTED_EDGE('',*,*,#7861,.T.);
#4383=ORIENTED_EDGE('',*,*,#7862,.T.);
#4384=ORIENTED_EDGE('',*,*,#7863,.T.);
#4385=ORIENTED_EDGE('',*,*,#7864,.T.);
#4386=ORIENTED_EDGE('',*,*,#7865,.T.);
#4387=ORIENTED_EDGE('',*,*,#7866,.T.);
#4388=ORIENTED_EDGE('',*,*,#7577,.F.);
#4389=ORIENTED_EDGE('',*,*,#7867,.T.);
#4390=ORIENTED_EDGE('',*,*,#7836,.T.);
#4391=ORIENTED_EDGE('',*,*,#7868,.T.);
#4392=ORIENTED_EDGE('',*,*,#7632,.T.);
#4393=ORIENTED_EDGE('',*,*,#7869,.T.);
#4394=ORIENTED_EDGE('',*,*,#7781,.F.);
#4395=ORIENTED_EDGE('',*,*,#7870,.T.);
#4396=ORIENTED_EDGE('',*,*,#7730,.F.);
#4397=ORIENTED_EDGE('',*,*,#7871,.T.);
#4398=ORIENTED_EDGE('',*,*,#7698,.T.);
#4399=ORIENTED_EDGE('',*,*,#7872,.T.);
#4400=ORIENTED_EDGE('',*,*,#7694,.T.);
#4401=ORIENTED_EDGE('',*,*,#7873,.T.);
#4402=ORIENTED_EDGE('',*,*,#7734,.F.);
#4403=ORIENTED_EDGE('',*,*,#7874,.T.);
#4404=ORIENTED_EDGE('',*,*,#7732,.F.);
#4405=ORIENTED_EDGE('',*,*,#7875,.T.);
#4406=ORIENTED_EDGE('',*,*,#7696,.T.);
#4407=ORIENTED_EDGE('',*,*,#7876,.T.);
#4408=ORIENTED_EDGE('',*,*,#7818,.F.);
#4409=ORIENTED_EDGE('',*,*,#7607,.T.);
#4410=ORIENTED_EDGE('',*,*,#7817,.F.);
#4411=ORIENTED_EDGE('',*,*,#7608,.T.);
#4412=ORIENTED_EDGE('',*,*,#7816,.F.);
#4413=ORIENTED_EDGE('',*,*,#7609,.T.);
#4414=ORIENTED_EDGE('',*,*,#7815,.F.);
#4415=ORIENTED_EDGE('',*,*,#7610,.T.);
#4416=ORIENTED_EDGE('',*,*,#7814,.F.);
#4417=ORIENTED_EDGE('',*,*,#7611,.T.);
#4418=ORIENTED_EDGE('',*,*,#7813,.F.);
#4419=ORIENTED_EDGE('',*,*,#7612,.T.);
#4420=ORIENTED_EDGE('',*,*,#7812,.F.);
#4421=ORIENTED_EDGE('',*,*,#7613,.T.);
#4422=ORIENTED_EDGE('',*,*,#7811,.F.);
#4423=ORIENTED_EDGE('',*,*,#7614,.T.);
#4424=ORIENTED_EDGE('',*,*,#7810,.F.);
#4425=ORIENTED_EDGE('',*,*,#7615,.T.);
#4426=ORIENTED_EDGE('',*,*,#7819,.T.);
#4427=ORIENTED_EDGE('',*,*,#7606,.F.);
#4428=ORIENTED_EDGE('',*,*,#7809,.T.);
#4429=ORIENTED_EDGE('',*,*,#7616,.F.);
#4430=ORIENTED_EDGE('',*,*,#7808,.T.);
#4431=ORIENTED_EDGE('',*,*,#7617,.F.);
#4432=ORIENTED_EDGE('',*,*,#7807,.T.);
#4433=ORIENTED_EDGE('',*,*,#7618,.F.);
#4434=ORIENTED_EDGE('',*,*,#7806,.T.);
#4435=ORIENTED_EDGE('',*,*,#7619,.F.);
#4436=ORIENTED_EDGE('',*,*,#7805,.T.);
#4437=ORIENTED_EDGE('',*,*,#7620,.F.);
#4438=ORIENTED_EDGE('',*,*,#7804,.T.);
#4439=ORIENTED_EDGE('',*,*,#7621,.F.);
#4440=ORIENTED_EDGE('',*,*,#7722,.F.);
#4441=ORIENTED_EDGE('',*,*,#7877,.T.);
#4442=ORIENTED_EDGE('',*,*,#7706,.T.);
#4443=ORIENTED_EDGE('',*,*,#7878,.T.);
#4444=ORIENTED_EDGE('',*,*,#7803,.T.);
#4445=ORIENTED_EDGE('',*,*,#7622,.F.);
#4446=ORIENTED_EDGE('',*,*,#7802,.T.);
#4447=ORIENTED_EDGE('',*,*,#7623,.F.);
#4448=ORIENTED_EDGE('',*,*,#7801,.T.);
#4449=ORIENTED_EDGE('',*,*,#7624,.F.);
#4450=ORIENTED_EDGE('',*,*,#7800,.T.);
#4451=ORIENTED_EDGE('',*,*,#7625,.F.);
#4452=ORIENTED_EDGE('',*,*,#7799,.T.);
#4453=ORIENTED_EDGE('',*,*,#7626,.F.);
#4454=ORIENTED_EDGE('',*,*,#7798,.T.);
#4455=ORIENTED_EDGE('',*,*,#7627,.F.);
#4456=ORIENTED_EDGE('',*,*,#7697,.F.);
#4457=ORIENTED_EDGE('',*,*,#7875,.F.);
#4458=ORIENTED_EDGE('',*,*,#7731,.F.);
#4459=ORIENTED_EDGE('',*,*,#7872,.F.);
#4460=ORIENTED_EDGE('',*,*,#7695,.F.);
#4461=ORIENTED_EDGE('',*,*,#7874,.F.);
#4462=ORIENTED_EDGE('',*,*,#7733,.F.);
#4463=ORIENTED_EDGE('',*,*,#7876,.F.);
#4464=ORIENTED_EDGE('',*,*,#7724,.T.);
#4465=ORIENTED_EDGE('',*,*,#7879,.T.);
#4466=ORIENTED_EDGE('',*,*,#7704,.F.);
#4467=ORIENTED_EDGE('',*,*,#7880,.T.);
#4468=ORIENTED_EDGE('',*,*,#7700,.F.);
#4469=ORIENTED_EDGE('',*,*,#7881,.T.);
#4470=ORIENTED_EDGE('',*,*,#7728,.T.);
#4471=ORIENTED_EDGE('',*,*,#7882,.T.);
#4472=ORIENTED_EDGE('',*,*,#7726,.T.);
#4473=ORIENTED_EDGE('',*,*,#7883,.T.);
#4474=ORIENTED_EDGE('',*,*,#7702,.F.);
#4475=ORIENTED_EDGE('',*,*,#7884,.T.);
#4476=ORIENTED_EDGE('',*,*,#7736,.T.);
#4477=ORIENTED_EDGE('',*,*,#7885,.T.);
#4478=ORIENTED_EDGE('',*,*,#7692,.F.);
#4479=ORIENTED_EDGE('',*,*,#7886,.T.);
#4480=ORIENTED_EDGE('',*,*,#7688,.F.);
#4481=ORIENTED_EDGE('',*,*,#7887,.T.);
#4482=ORIENTED_EDGE('',*,*,#7740,.T.);
#4483=ORIENTED_EDGE('',*,*,#7888,.T.);
#4484=ORIENTED_EDGE('',*,*,#7690,.F.);
#4485=ORIENTED_EDGE('',*,*,#7889,.T.);
#4486=ORIENTED_EDGE('',*,*,#7738,.T.);
#4487=ORIENTED_EDGE('',*,*,#7890,.T.);
#4488=ORIENTED_EDGE('',*,*,#7737,.F.);
#4489=ORIENTED_EDGE('',*,*,#7886,.F.);
#4490=ORIENTED_EDGE('',*,*,#7691,.F.);
#4491=ORIENTED_EDGE('',*,*,#7890,.F.);
#4492=ORIENTED_EDGE('',*,*,#7727,.F.);
#4493=ORIENTED_EDGE('',*,*,#7884,.F.);
#4494=ORIENTED_EDGE('',*,*,#7701,.F.);
#4495=ORIENTED_EDGE('',*,*,#7882,.F.);
#4496=ORIENTED_EDGE('',*,*,#7739,.F.);
#4497=ORIENTED_EDGE('',*,*,#7889,.F.);
#4498=ORIENTED_EDGE('',*,*,#7689,.F.);
#4499=ORIENTED_EDGE('',*,*,#7888,.F.);
#4500=ORIENTED_EDGE('',*,*,#7725,.F.);
#4501=ORIENTED_EDGE('',*,*,#7880,.F.);
#4502=ORIENTED_EDGE('',*,*,#7703,.F.);
#4503=ORIENTED_EDGE('',*,*,#7883,.F.);
#4504=ORIENTED_EDGE('',*,*,#7723,.F.);
#4505=ORIENTED_EDGE('',*,*,#7878,.F.);
#4506=ORIENTED_EDGE('',*,*,#7705,.F.);
#4507=ORIENTED_EDGE('',*,*,#7879,.F.);
#4508=ORIENTED_EDGE('',*,*,#7741,.F.);
#4509=ORIENTED_EDGE('',*,*,#7887,.F.);
#4510=ORIENTED_EDGE('',*,*,#7687,.F.);
#4511=ORIENTED_EDGE('',*,*,#7714,.F.);
#4512=ORIENTED_EDGE('',*,*,#7735,.F.);
#4513=ORIENTED_EDGE('',*,*,#7873,.F.);
#4514=ORIENTED_EDGE('',*,*,#7693,.F.);
#4515=ORIENTED_EDGE('',*,*,#7885,.F.);
#4516=ORIENTED_EDGE('',*,*,#7729,.F.);
#4517=ORIENTED_EDGE('',*,*,#7881,.F.);
#4518=ORIENTED_EDGE('',*,*,#7699,.F.);
#4519=ORIENTED_EDGE('',*,*,#7871,.F.);
#4520=ORIENTED_EDGE('',*,*,#7797,.T.);
#4521=ORIENTED_EDGE('',*,*,#7628,.F.);
#4522=ORIENTED_EDGE('',*,*,#7796,.T.);
#4523=ORIENTED_EDGE('',*,*,#7629,.F.);
#4524=ORIENTED_EDGE('',*,*,#7791,.F.);
#4525=ORIENTED_EDGE('',*,*,#7891,.T.);
#4526=ORIENTED_EDGE('',*,*,#7637,.T.);
#4527=ORIENTED_EDGE('',*,*,#7892,.T.);
#4528=ORIENTED_EDGE('',*,*,#7793,.F.);
#4529=ORIENTED_EDGE('',*,*,#7893,.T.);
#4530=ORIENTED_EDGE('',*,*,#7635,.T.);
#4531=ORIENTED_EDGE('',*,*,#7894,.F.);
#4532=ORIENTED_EDGE('',*,*,#7634,.T.);
#4533=ORIENTED_EDGE('',*,*,#7895,.T.);
#4534=ORIENTED_EDGE('',*,*,#7794,.F.);
#4535=ORIENTED_EDGE('',*,*,#7894,.T.);
#4536=ORIENTED_EDGE('',*,*,#7783,.F.);
#4537=ORIENTED_EDGE('',*,*,#7896,.T.);
#4538=ORIENTED_EDGE('',*,*,#7630,.T.);
#4539=ORIENTED_EDGE('',*,*,#7897,.T.);
#4540=ORIENTED_EDGE('',*,*,#7785,.F.);
#4541=ORIENTED_EDGE('',*,*,#7898,.T.);
#4542=ORIENTED_EDGE('',*,*,#7643,.T.);
#4543=ORIENTED_EDGE('',*,*,#7899,.T.);
#4544=ORIENTED_EDGE('',*,*,#7641,.T.);
#4545=ORIENTED_EDGE('',*,*,#7900,.T.);
#4546=ORIENTED_EDGE('',*,*,#7787,.F.);
#4547=ORIENTED_EDGE('',*,*,#7901,.T.);
#4548=ORIENTED_EDGE('',*,*,#7639,.T.);
#4549=ORIENTED_EDGE('',*,*,#7902,.T.);
#4550=ORIENTED_EDGE('',*,*,#7789,.F.);
#4551=ORIENTED_EDGE('',*,*,#7903,.T.);
#4552=ORIENTED_EDGE('',*,*,#7600,.T.);
#4553=ORIENTED_EDGE('',*,*,#7904,.T.);
#4554=ORIENTED_EDGE('',*,*,#7824,.F.);
#4555=ORIENTED_EDGE('',*,*,#7905,.T.);
#4556=ORIENTED_EDGE('',*,*,#7820,.F.);
#4557=ORIENTED_EDGE('',*,*,#7906,.T.);
#4558=ORIENTED_EDGE('',*,*,#7604,.T.);
#4559=ORIENTED_EDGE('',*,*,#7907,.T.);
#4560=ORIENTED_EDGE('',*,*,#7822,.F.);
#4561=ORIENTED_EDGE('',*,*,#7908,.T.);
#4562=ORIENTED_EDGE('',*,*,#7602,.T.);
#4563=ORIENTED_EDGE('',*,*,#7909,.T.);
#4564=ORIENTED_EDGE('',*,*,#7645,.T.);
#4565=ORIENTED_EDGE('',*,*,#7910,.T.);
#4566=ORIENTED_EDGE('',*,*,#7777,.F.);
#4567=ORIENTED_EDGE('',*,*,#7911,.T.);
#4568=ORIENTED_EDGE('',*,*,#7651,.T.);
#4569=ORIENTED_EDGE('',*,*,#7912,.T.);
#4570=ORIENTED_EDGE('',*,*,#7779,.F.);
#4571=ORIENTED_EDGE('',*,*,#7913,.T.);
#4572=ORIENTED_EDGE('',*,*,#7649,.T.);
#4573=ORIENTED_EDGE('',*,*,#7914,.T.);
#4574=ORIENTED_EDGE('',*,*,#7773,.F.);
#4575=ORIENTED_EDGE('',*,*,#7915,.T.);
#4576=ORIENTED_EDGE('',*,*,#7775,.F.);
#4577=ORIENTED_EDGE('',*,*,#7916,.T.);
#4578=ORIENTED_EDGE('',*,*,#7647,.T.);
#4579=ORIENTED_EDGE('',*,*,#7917,.T.);
#4580=ORIENTED_EDGE('',*,*,#7918,.T.);
#4581=ORIENTED_EDGE('',*,*,#7599,.T.);
#4582=ORIENTED_EDGE('',*,*,#7919,.F.);
#4583=ORIENTED_EDGE('',*,*,#7831,.F.);
#4584=ORIENTED_EDGE('',*,*,#7919,.T.);
#4585=ORIENTED_EDGE('',*,*,#7598,.T.);
#4586=ORIENTED_EDGE('',*,*,#7920,.F.);
#4587=ORIENTED_EDGE('',*,*,#7832,.F.);
#4588=ORIENTED_EDGE('',*,*,#7920,.T.);
#4589=ORIENTED_EDGE('',*,*,#7597,.T.);
#4590=ORIENTED_EDGE('',*,*,#7921,.F.);
#4591=ORIENTED_EDGE('',*,*,#7833,.F.);
#4592=ORIENTED_EDGE('',*,*,#7921,.T.);
#4593=ORIENTED_EDGE('',*,*,#7596,.T.);
#4594=ORIENTED_EDGE('',*,*,#7922,.F.);
#4595=ORIENTED_EDGE('',*,*,#7834,.F.);
#4596=ORIENTED_EDGE('',*,*,#7922,.T.);
#4597=ORIENTED_EDGE('',*,*,#7595,.T.);
#4598=ORIENTED_EDGE('',*,*,#7923,.F.);
#4599=ORIENTED_EDGE('',*,*,#7835,.F.);
#4600=ORIENTED_EDGE('',*,*,#7594,.T.);
#4601=ORIENTED_EDGE('',*,*,#7924,.T.);
#4602=ORIENTED_EDGE('',*,*,#7826,.F.);
#4603=ORIENTED_EDGE('',*,*,#7923,.T.);
#4604=ORIENTED_EDGE('',*,*,#7828,.F.);
#4605=ORIENTED_EDGE('',*,*,#7925,.T.);
#4606=ORIENTED_EDGE('',*,*,#7592,.T.);
#4607=ORIENTED_EDGE('',*,*,#7926,.T.);
#4608=ORIENTED_EDGE('',*,*,#7830,.F.);
#4609=ORIENTED_EDGE('',*,*,#7927,.T.);
#4610=ORIENTED_EDGE('',*,*,#7590,.T.);
#4611=ORIENTED_EDGE('',*,*,#7918,.F.);
#4612=ORIENTED_EDGE('',*,*,#7653,.T.);
#4613=ORIENTED_EDGE('',*,*,#7928,.T.);
#4614=ORIENTED_EDGE('',*,*,#7771,.F.);
#4615=ORIENTED_EDGE('',*,*,#7929,.T.);
#4616=ORIENTED_EDGE('',*,*,#7657,.T.);
#4617=ORIENTED_EDGE('',*,*,#7930,.T.);
#4618=ORIENTED_EDGE('',*,*,#7767,.F.);
#4619=ORIENTED_EDGE('',*,*,#7931,.T.);
#4620=ORIENTED_EDGE('',*,*,#7769,.F.);
#4621=ORIENTED_EDGE('',*,*,#7932,.T.);
#4622=ORIENTED_EDGE('',*,*,#7655,.T.);
#4623=ORIENTED_EDGE('',*,*,#7933,.T.);
#4624=ORIENTED_EDGE('',*,*,#7579,.T.);
#4625=ORIENTED_EDGE('',*,*,#7934,.T.);
#4626=ORIENTED_EDGE('',*,*,#7849,.F.);
#4627=ORIENTED_EDGE('',*,*,#7935,.T.);
#4628=ORIENTED_EDGE('',*,*,#7838,.F.);
#4629=ORIENTED_EDGE('',*,*,#7936,.T.);
#4630=ORIENTED_EDGE('',*,*,#7575,.T.);
#4631=ORIENTED_EDGE('',*,*,#7937,.F.);
#4632=ORIENTED_EDGE('',*,*,#7589,.T.);
#4633=ORIENTED_EDGE('',*,*,#7938,.T.);
#4634=ORIENTED_EDGE('',*,*,#7839,.F.);
#4635=ORIENTED_EDGE('',*,*,#7937,.T.);
#4636=ORIENTED_EDGE('',*,*,#7587,.T.);
#4637=ORIENTED_EDGE('',*,*,#7939,.T.);
#4638=ORIENTED_EDGE('',*,*,#7841,.F.);
#4639=ORIENTED_EDGE('',*,*,#7940,.T.);
#4640=ORIENTED_EDGE('',*,*,#7585,.T.);
#4641=ORIENTED_EDGE('',*,*,#7941,.T.);
#4642=ORIENTED_EDGE('',*,*,#7843,.F.);
#4643=ORIENTED_EDGE('',*,*,#7942,.T.);
#4644=ORIENTED_EDGE('',*,*,#7845,.F.);
#4645=ORIENTED_EDGE('',*,*,#7943,.T.);
#4646=ORIENTED_EDGE('',*,*,#7583,.T.);
#4647=ORIENTED_EDGE('',*,*,#7944,.T.);
#4648=ORIENTED_EDGE('',*,*,#7847,.F.);
#4649=ORIENTED_EDGE('',*,*,#7945,.T.);
#4650=ORIENTED_EDGE('',*,*,#7581,.T.);
#4651=ORIENTED_EDGE('',*,*,#7946,.T.);
#4652=ORIENTED_EDGE('',*,*,#7659,.T.);
#4653=ORIENTED_EDGE('',*,*,#7947,.T.);
#4654=ORIENTED_EDGE('',*,*,#7759,.F.);
#4655=ORIENTED_EDGE('',*,*,#7948,.T.);
#4656=ORIENTED_EDGE('',*,*,#7761,.F.);
#4657=ORIENTED_EDGE('',*,*,#7949,.T.);
#4658=ORIENTED_EDGE('',*,*,#7667,.T.);
#4659=ORIENTED_EDGE('',*,*,#7950,.F.);
#4660=ORIENTED_EDGE('',*,*,#7950,.T.);
#4661=ORIENTED_EDGE('',*,*,#7666,.T.);
#4662=ORIENTED_EDGE('',*,*,#7951,.F.);
#4663=ORIENTED_EDGE('',*,*,#7762,.F.);
#4664=ORIENTED_EDGE('',*,*,#7951,.T.);
#4665=ORIENTED_EDGE('',*,*,#7665,.T.);
#4666=ORIENTED_EDGE('',*,*,#7952,.F.);
#4667=ORIENTED_EDGE('',*,*,#7763,.F.);
#4668=ORIENTED_EDGE('',*,*,#7952,.T.);
#4669=ORIENTED_EDGE('',*,*,#7664,.T.);
#4670=ORIENTED_EDGE('',*,*,#7953,.F.);
#4671=ORIENTED_EDGE('',*,*,#7764,.F.);
#4672=ORIENTED_EDGE('',*,*,#7953,.T.);
#4673=ORIENTED_EDGE('',*,*,#7663,.T.);
#4674=ORIENTED_EDGE('',*,*,#7954,.F.);
#4675=ORIENTED_EDGE('',*,*,#7765,.F.);
#4676=ORIENTED_EDGE('',*,*,#7954,.T.);
#4677=ORIENTED_EDGE('',*,*,#7662,.T.);
#4678=ORIENTED_EDGE('',*,*,#7955,.F.);
#4679=ORIENTED_EDGE('',*,*,#7766,.F.);
#4680=ORIENTED_EDGE('',*,*,#7661,.T.);
#4681=ORIENTED_EDGE('',*,*,#7956,.T.);
#4682=ORIENTED_EDGE('',*,*,#7757,.F.);
#4683=ORIENTED_EDGE('',*,*,#7955,.T.);
#4684=ORIENTED_EDGE('',*,*,#7567,.T.);
#4685=ORIENTED_EDGE('',*,*,#7957,.T.);
#4686=ORIENTED_EDGE('',*,*,#7855,.F.);
#4687=ORIENTED_EDGE('',*,*,#7958,.T.);
#4688=ORIENTED_EDGE('',*,*,#7573,.T.);
#4689=ORIENTED_EDGE('',*,*,#7959,.T.);
#4690=ORIENTED_EDGE('',*,*,#7857,.F.);
#4691=ORIENTED_EDGE('',*,*,#7960,.T.);
#4692=ORIENTED_EDGE('',*,*,#7851,.F.);
#4693=ORIENTED_EDGE('',*,*,#7961,.T.);
#4694=ORIENTED_EDGE('',*,*,#7571,.T.);
#4695=ORIENTED_EDGE('',*,*,#7962,.T.);
#4696=ORIENTED_EDGE('',*,*,#7569,.T.);
#4697=ORIENTED_EDGE('',*,*,#7963,.T.);
#4698=ORIENTED_EDGE('',*,*,#7853,.F.);
#4699=ORIENTED_EDGE('',*,*,#7964,.T.);
#4700=ORIENTED_EDGE('',*,*,#7669,.T.);
#4701=ORIENTED_EDGE('',*,*,#7965,.T.);
#4702=ORIENTED_EDGE('',*,*,#7755,.F.);
#4703=ORIENTED_EDGE('',*,*,#7966,.T.);
#4704=ORIENTED_EDGE('',*,*,#7673,.T.);
#4705=ORIENTED_EDGE('',*,*,#7967,.T.);
#4706=ORIENTED_EDGE('',*,*,#7751,.F.);
#4707=ORIENTED_EDGE('',*,*,#7968,.T.);
#4708=ORIENTED_EDGE('',*,*,#7753,.F.);
#4709=ORIENTED_EDGE('',*,*,#7969,.T.);
#4710=ORIENTED_EDGE('',*,*,#7671,.T.);
#4711=ORIENTED_EDGE('',*,*,#7970,.T.);
#4712=ORIENTED_EDGE('',*,*,#7708,.T.);
#4713=ORIENTED_EDGE('',*,*,#7971,.T.);
#4714=ORIENTED_EDGE('',*,*,#7720,.F.);
#4715=ORIENTED_EDGE('',*,*,#7972,.T.);
#4716=ORIENTED_EDGE('',*,*,#7973,.T.);
#4717=ORIENTED_EDGE('',*,*,#7709,.T.);
#4718=ORIENTED_EDGE('',*,*,#7972,.F.);
#4719=ORIENTED_EDGE('',*,*,#7719,.F.);
#4720=ORIENTED_EDGE('',*,*,#7974,.T.);
#4721=ORIENTED_EDGE('',*,*,#7710,.T.);
#4722=ORIENTED_EDGE('',*,*,#7973,.F.);
#4723=ORIENTED_EDGE('',*,*,#7718,.F.);
#4724=ORIENTED_EDGE('',*,*,#7975,.T.);
#4725=ORIENTED_EDGE('',*,*,#7711,.T.);
#4726=ORIENTED_EDGE('',*,*,#7974,.F.);
#4727=ORIENTED_EDGE('',*,*,#7717,.F.);
#4728=ORIENTED_EDGE('',*,*,#7716,.F.);
#4729=ORIENTED_EDGE('',*,*,#7976,.T.);
#4730=ORIENTED_EDGE('',*,*,#7684,.T.);
#4731=ORIENTED_EDGE('',*,*,#7975,.F.);
#4732=ORIENTED_EDGE('',*,*,#7977,.T.);
#4733=ORIENTED_EDGE('',*,*,#7675,.T.);
#4734=ORIENTED_EDGE('',*,*,#7978,.F.);
#4735=ORIENTED_EDGE('',*,*,#7744,.F.);
#4736=ORIENTED_EDGE('',*,*,#7978,.T.);
#4737=ORIENTED_EDGE('',*,*,#7682,.T.);
#4738=ORIENTED_EDGE('',*,*,#7979,.F.);
#4739=ORIENTED_EDGE('',*,*,#7745,.F.);
#4740=ORIENTED_EDGE('',*,*,#7979,.T.);
#4741=ORIENTED_EDGE('',*,*,#7681,.T.);
#4742=ORIENTED_EDGE('',*,*,#7980,.F.);
#4743=ORIENTED_EDGE('',*,*,#7746,.F.);
#4744=ORIENTED_EDGE('',*,*,#7980,.T.);
#4745=ORIENTED_EDGE('',*,*,#7680,.T.);
#4746=ORIENTED_EDGE('',*,*,#7981,.F.);
#4747=ORIENTED_EDGE('',*,*,#7747,.F.);
#4748=ORIENTED_EDGE('',*,*,#7981,.T.);
#4749=ORIENTED_EDGE('',*,*,#7679,.T.);
#4750=ORIENTED_EDGE('',*,*,#7982,.F.);
#4751=ORIENTED_EDGE('',*,*,#7748,.F.);
#4752=ORIENTED_EDGE('',*,*,#7982,.T.);
#4753=ORIENTED_EDGE('',*,*,#7678,.T.);
#4754=ORIENTED_EDGE('',*,*,#7983,.F.);
#4755=ORIENTED_EDGE('',*,*,#7749,.F.);
#4756=ORIENTED_EDGE('',*,*,#7983,.T.);
#4757=ORIENTED_EDGE('',*,*,#7677,.T.);
#4758=ORIENTED_EDGE('',*,*,#7984,.F.);
#4759=ORIENTED_EDGE('',*,*,#7750,.F.);
#4760=ORIENTED_EDGE('',*,*,#7984,.T.);
#4761=ORIENTED_EDGE('',*,*,#7676,.T.);
#4762=ORIENTED_EDGE('',*,*,#7977,.F.);
#4763=ORIENTED_EDGE('',*,*,#7743,.F.);
#4764=ORIENTED_EDGE('',*,*,#7559,.T.);
#4765=ORIENTED_EDGE('',*,*,#7985,.T.);
#4766=ORIENTED_EDGE('',*,*,#7863,.F.);
#4767=ORIENTED_EDGE('',*,*,#7986,.T.);
#4768=ORIENTED_EDGE('',*,*,#7565,.T.);
#4769=ORIENTED_EDGE('',*,*,#7987,.T.);
#4770=ORIENTED_EDGE('',*,*,#7865,.F.);
#4771=ORIENTED_EDGE('',*,*,#7988,.T.);
#4772=ORIENTED_EDGE('',*,*,#7563,.T.);
#4773=ORIENTED_EDGE('',*,*,#7989,.T.);
#4774=ORIENTED_EDGE('',*,*,#7859,.F.);
#4775=ORIENTED_EDGE('',*,*,#7990,.T.);
#4776=ORIENTED_EDGE('',*,*,#7861,.F.);
#4777=ORIENTED_EDGE('',*,*,#7991,.T.);
#4778=ORIENTED_EDGE('',*,*,#7561,.T.);
#4779=ORIENTED_EDGE('',*,*,#7992,.T.);
#4780=ORIENTED_EDGE('',*,*,#7742,.T.);
#4781=ORIENTED_EDGE('',*,*,#7683,.F.);
#4782=ORIENTED_EDGE('',*,*,#7631,.F.);
#4783=ORIENTED_EDGE('',*,*,#7896,.F.);
#4784=ORIENTED_EDGE('',*,*,#7782,.F.);
#4785=ORIENTED_EDGE('',*,*,#7869,.F.);
#4786=ORIENTED_EDGE('',*,*,#7790,.F.);
#4787=ORIENTED_EDGE('',*,*,#7902,.F.);
#4788=ORIENTED_EDGE('',*,*,#7638,.F.);
#4789=ORIENTED_EDGE('',*,*,#7891,.F.);
#4790=ORIENTED_EDGE('',*,*,#7792,.F.);
#4791=ORIENTED_EDGE('',*,*,#7892,.F.);
#4792=ORIENTED_EDGE('',*,*,#7636,.F.);
#4793=ORIENTED_EDGE('',*,*,#7893,.F.);
#4794=ORIENTED_EDGE('',*,*,#7633,.F.);
#4795=ORIENTED_EDGE('',*,*,#7870,.F.);
#4796=ORIENTED_EDGE('',*,*,#7795,.F.);
#4797=ORIENTED_EDGE('',*,*,#7895,.F.);
#4798=ORIENTED_EDGE('',*,*,#7576,.F.);
#4799=ORIENTED_EDGE('',*,*,#7936,.F.);
#4800=ORIENTED_EDGE('',*,*,#7837,.F.);
#4801=ORIENTED_EDGE('',*,*,#7867,.F.);
#4802=ORIENTED_EDGE('',*,*,#7578,.F.);
#4803=ORIENTED_EDGE('',*,*,#7868,.F.);
#4804=ORIENTED_EDGE('',*,*,#7850,.F.);
#4805=ORIENTED_EDGE('',*,*,#7934,.F.);
#4806=ORIENTED_EDGE('',*,*,#7784,.F.);
#4807=ORIENTED_EDGE('',*,*,#7897,.F.);
#4808=ORIENTED_EDGE('',*,*,#7644,.F.);
#4809=ORIENTED_EDGE('',*,*,#7898,.F.);
#4810=ORIENTED_EDGE('',*,*,#7788,.F.);
#4811=ORIENTED_EDGE('',*,*,#7900,.F.);
#4812=ORIENTED_EDGE('',*,*,#7640,.F.);
#4813=ORIENTED_EDGE('',*,*,#7903,.F.);
#4814=ORIENTED_EDGE('',*,*,#7786,.F.);
#4815=ORIENTED_EDGE('',*,*,#7899,.F.);
#4816=ORIENTED_EDGE('',*,*,#7642,.F.);
#4817=ORIENTED_EDGE('',*,*,#7901,.F.);
#4818=ORIENTED_EDGE('',*,*,#7844,.F.);
#4819=ORIENTED_EDGE('',*,*,#7941,.F.);
#4820=ORIENTED_EDGE('',*,*,#7584,.F.);
#4821=ORIENTED_EDGE('',*,*,#7943,.F.);
#4822=ORIENTED_EDGE('',*,*,#7846,.F.);
#4823=ORIENTED_EDGE('',*,*,#7944,.F.);
#4824=ORIENTED_EDGE('',*,*,#7582,.F.);
#4825=ORIENTED_EDGE('',*,*,#7945,.F.);
#4826=ORIENTED_EDGE('',*,*,#7842,.F.);
#4827=ORIENTED_EDGE('',*,*,#7939,.F.);
#4828=ORIENTED_EDGE('',*,*,#7586,.F.);
#4829=ORIENTED_EDGE('',*,*,#7942,.F.);
#4830=ORIENTED_EDGE('',*,*,#7840,.F.);
#4831=ORIENTED_EDGE('',*,*,#7938,.F.);
#4832=ORIENTED_EDGE('',*,*,#7588,.F.);
#4833=ORIENTED_EDGE('',*,*,#7940,.F.);
#4834=ORIENTED_EDGE('',*,*,#7848,.F.);
#4835=ORIENTED_EDGE('',*,*,#7946,.F.);
#4836=ORIENTED_EDGE('',*,*,#7580,.F.);
#4837=ORIENTED_EDGE('',*,*,#7935,.F.);
#4838=ORIENTED_EDGE('',*,*,#7829,.F.);
#4839=ORIENTED_EDGE('',*,*,#7926,.F.);
#4840=ORIENTED_EDGE('',*,*,#7591,.F.);
#4841=ORIENTED_EDGE('',*,*,#7927,.F.);
#4842=ORIENTED_EDGE('',*,*,#7758,.F.);
#4843=ORIENTED_EDGE('',*,*,#7956,.F.);
#4844=ORIENTED_EDGE('',*,*,#7660,.F.);
#4845=ORIENTED_EDGE('',*,*,#7948,.F.);
#4846=ORIENTED_EDGE('',*,*,#7774,.F.);
#4847=ORIENTED_EDGE('',*,*,#7914,.F.);
#4848=ORIENTED_EDGE('',*,*,#7648,.F.);
#4849=ORIENTED_EDGE('',*,*,#7916,.F.);
#4850=ORIENTED_EDGE('',*,*,#7780,.F.);
#4851=ORIENTED_EDGE('',*,*,#7912,.F.);
#4852=ORIENTED_EDGE('',*,*,#7650,.F.);
#4853=ORIENTED_EDGE('',*,*,#7915,.F.);
#4854=ORIENTED_EDGE('',*,*,#7778,.F.);
#4855=ORIENTED_EDGE('',*,*,#7910,.F.);
#4856=ORIENTED_EDGE('',*,*,#7652,.F.);
#4857=ORIENTED_EDGE('',*,*,#7913,.F.);
#4858=ORIENTED_EDGE('',*,*,#7776,.F.);
#4859=ORIENTED_EDGE('',*,*,#7917,.F.);
#4860=ORIENTED_EDGE('',*,*,#7646,.F.);
#4861=ORIENTED_EDGE('',*,*,#7911,.F.);
#4862=ORIENTED_EDGE('',*,*,#7858,.F.);
#4863=ORIENTED_EDGE('',*,*,#7959,.F.);
#4864=ORIENTED_EDGE('',*,*,#7572,.F.);
#4865=ORIENTED_EDGE('',*,*,#7961,.F.);
#4866=ORIENTED_EDGE('',*,*,#7856,.F.);
#4867=ORIENTED_EDGE('',*,*,#7957,.F.);
#4868=ORIENTED_EDGE('',*,*,#7574,.F.);
#4869=ORIENTED_EDGE('',*,*,#7960,.F.);
#4870=ORIENTED_EDGE('',*,*,#7854,.F.);
#4871=ORIENTED_EDGE('',*,*,#7963,.F.);
#4872=ORIENTED_EDGE('',*,*,#7568,.F.);
#4873=ORIENTED_EDGE('',*,*,#7958,.F.);
#4874=ORIENTED_EDGE('',*,*,#7852,.F.);
#4875=ORIENTED_EDGE('',*,*,#7962,.F.);
#4876=ORIENTED_EDGE('',*,*,#7570,.F.);
#4877=ORIENTED_EDGE('',*,*,#7964,.F.);
#4878=ORIENTED_EDGE('',*,*,#7860,.F.);
#4879=ORIENTED_EDGE('',*,*,#7989,.F.);
#4880=ORIENTED_EDGE('',*,*,#7562,.F.);
#4881=ORIENTED_EDGE('',*,*,#7991,.F.);
#4882=ORIENTED_EDGE('',*,*,#7866,.F.);
#4883=ORIENTED_EDGE('',*,*,#7987,.F.);
#4884=ORIENTED_EDGE('',*,*,#7564,.F.);
#4885=ORIENTED_EDGE('',*,*,#7990,.F.);
#4886=ORIENTED_EDGE('',*,*,#7864,.F.);
#4887=ORIENTED_EDGE('',*,*,#7985,.F.);
#4888=ORIENTED_EDGE('',*,*,#7566,.F.);
#4889=ORIENTED_EDGE('',*,*,#7988,.F.);
#4890=ORIENTED_EDGE('',*,*,#7862,.F.);
#4891=ORIENTED_EDGE('',*,*,#7992,.F.);
#4892=ORIENTED_EDGE('',*,*,#7560,.F.);
#4893=ORIENTED_EDGE('',*,*,#7986,.F.);
#4894=ORIENTED_EDGE('',*,*,#7768,.F.);
#4895=ORIENTED_EDGE('',*,*,#7930,.F.);
#4896=ORIENTED_EDGE('',*,*,#7656,.F.);
#4897=ORIENTED_EDGE('',*,*,#7932,.F.);
#4898=ORIENTED_EDGE('',*,*,#7772,.F.);
#4899=ORIENTED_EDGE('',*,*,#7928,.F.);
#4900=ORIENTED_EDGE('',*,*,#7658,.F.);
#4901=ORIENTED_EDGE('',*,*,#7931,.F.);
#4902=ORIENTED_EDGE('',*,*,#7770,.F.);
#4903=ORIENTED_EDGE('',*,*,#7933,.F.);
#4904=ORIENTED_EDGE('',*,*,#7654,.F.);
#4905=ORIENTED_EDGE('',*,*,#7929,.F.);
#4906=ORIENTED_EDGE('',*,*,#7825,.F.);
#4907=ORIENTED_EDGE('',*,*,#7904,.F.);
#4908=ORIENTED_EDGE('',*,*,#7605,.F.);
#4909=ORIENTED_EDGE('',*,*,#7906,.F.);
#4910=ORIENTED_EDGE('',*,*,#7821,.F.);
#4911=ORIENTED_EDGE('',*,*,#7907,.F.);
#4912=ORIENTED_EDGE('',*,*,#7603,.F.);
#4913=ORIENTED_EDGE('',*,*,#7908,.F.);
#4914=ORIENTED_EDGE('',*,*,#7823,.F.);
#4915=ORIENTED_EDGE('',*,*,#7909,.F.);
#4916=ORIENTED_EDGE('',*,*,#7601,.F.);
#4917=ORIENTED_EDGE('',*,*,#7905,.F.);
#4918=ORIENTED_EDGE('',*,*,#7752,.F.);
#4919=ORIENTED_EDGE('',*,*,#7967,.F.);
#4920=ORIENTED_EDGE('',*,*,#7672,.F.);
#4921=ORIENTED_EDGE('',*,*,#7969,.F.);
#4922=ORIENTED_EDGE('',*,*,#7756,.F.);
#4923=ORIENTED_EDGE('',*,*,#7965,.F.);
#4924=ORIENTED_EDGE('',*,*,#7674,.F.);
#4925=ORIENTED_EDGE('',*,*,#7968,.F.);
#4926=ORIENTED_EDGE('',*,*,#7754,.F.);
#4927=ORIENTED_EDGE('',*,*,#7970,.F.);
#4928=ORIENTED_EDGE('',*,*,#7670,.F.);
#4929=ORIENTED_EDGE('',*,*,#7966,.F.);
#4930=ORIENTED_EDGE('',*,*,#7827,.F.);
#4931=ORIENTED_EDGE('',*,*,#7924,.F.);
#4932=ORIENTED_EDGE('',*,*,#7593,.F.);
#4933=ORIENTED_EDGE('',*,*,#7925,.F.);
#4934=ORIENTED_EDGE('',*,*,#7760,.F.);
#4935=ORIENTED_EDGE('',*,*,#7947,.F.);
#4936=ORIENTED_EDGE('',*,*,#7668,.F.);
#4937=ORIENTED_EDGE('',*,*,#7949,.F.);
#4938=ORIENTED_EDGE('',*,*,#7715,.F.);
#4939=ORIENTED_EDGE('',*,*,#7712,.F.);
#4940=ORIENTED_EDGE('',*,*,#7685,.F.);
#4941=ORIENTED_EDGE('',*,*,#7976,.F.);
#4942=ORIENTED_EDGE('',*,*,#7707,.F.);
#4943=ORIENTED_EDGE('',*,*,#7877,.F.);
#4944=ORIENTED_EDGE('',*,*,#7721,.F.);
#4945=ORIENTED_EDGE('',*,*,#7971,.F.);
#4946=ORIENTED_EDGE('',*,*,#7993,.F.);
#4947=ORIENTED_EDGE('',*,*,#7994,.F.);
#4948=ORIENTED_EDGE('',*,*,#7995,.T.);
#4949=ORIENTED_EDGE('',*,*,#7996,.T.);
#4950=ORIENTED_EDGE('',*,*,#7997,.T.);
#4951=ORIENTED_EDGE('',*,*,#7998,.T.);
#4952=ORIENTED_EDGE('',*,*,#7999,.F.);
#4953=ORIENTED_EDGE('',*,*,#8000,.F.);
#4954=ORIENTED_EDGE('',*,*,#8001,.F.);
#4955=ORIENTED_EDGE('',*,*,#8002,.F.);
#4956=ORIENTED_EDGE('',*,*,#8003,.F.);
#4957=ORIENTED_EDGE('',*,*,#8004,.F.);
#4958=ORIENTED_EDGE('',*,*,#8005,.F.);
#4959=ORIENTED_EDGE('',*,*,#8006,.F.);
#4960=ORIENTED_EDGE('',*,*,#8007,.T.);
#4961=ORIENTED_EDGE('',*,*,#8008,.T.);
#4962=ORIENTED_EDGE('',*,*,#8009,.T.);
#4963=ORIENTED_EDGE('',*,*,#8010,.T.);
#4964=ORIENTED_EDGE('',*,*,#8011,.T.);
#4965=ORIENTED_EDGE('',*,*,#8012,.T.);
#4966=ORIENTED_EDGE('',*,*,#8013,.T.);
#4967=ORIENTED_EDGE('',*,*,#8014,.T.);
#4968=ORIENTED_EDGE('',*,*,#8015,.T.);
#4969=ORIENTED_EDGE('',*,*,#7994,.T.);
#4970=ORIENTED_EDGE('',*,*,#8016,.T.);
#4971=ORIENTED_EDGE('',*,*,#8017,.T.);
#4972=ORIENTED_EDGE('',*,*,#8018,.T.);
#4973=ORIENTED_EDGE('',*,*,#8019,.T.);
#4974=ORIENTED_EDGE('',*,*,#8020,.T.);
#4975=ORIENTED_EDGE('',*,*,#8000,.T.);
#4976=ORIENTED_EDGE('',*,*,#8021,.T.);
#4977=ORIENTED_EDGE('',*,*,#8022,.T.);
#4978=ORIENTED_EDGE('',*,*,#8023,.T.);
#4979=ORIENTED_EDGE('',*,*,#8024,.T.);
#4980=ORIENTED_EDGE('',*,*,#8025,.T.);
#4981=ORIENTED_EDGE('',*,*,#8026,.T.);
#4982=ORIENTED_EDGE('',*,*,#8027,.T.);
#4983=ORIENTED_EDGE('',*,*,#8028,.T.);
#4984=ORIENTED_EDGE('',*,*,#8029,.T.);
#4985=ORIENTED_EDGE('',*,*,#8030,.T.);
#4986=ORIENTED_EDGE('',*,*,#8031,.T.);
#4987=ORIENTED_EDGE('',*,*,#8032,.T.);
#4988=ORIENTED_EDGE('',*,*,#8033,.T.);
#4989=ORIENTED_EDGE('',*,*,#8034,.T.);
#4990=ORIENTED_EDGE('',*,*,#8035,.T.);
#4991=ORIENTED_EDGE('',*,*,#8036,.T.);
#4992=ORIENTED_EDGE('',*,*,#8037,.T.);
#4993=ORIENTED_EDGE('',*,*,#8038,.F.);
#4994=ORIENTED_EDGE('',*,*,#8021,.F.);
#4995=ORIENTED_EDGE('',*,*,#7999,.T.);
#4996=ORIENTED_EDGE('',*,*,#8039,.T.);
#4997=ORIENTED_EDGE('',*,*,#8040,.F.);
#4998=ORIENTED_EDGE('',*,*,#8022,.F.);
#4999=ORIENTED_EDGE('',*,*,#8038,.T.);
#5000=ORIENTED_EDGE('',*,*,#8041,.T.);
#5001=ORIENTED_EDGE('',*,*,#8042,.F.);
#5002=ORIENTED_EDGE('',*,*,#8023,.F.);
#5003=ORIENTED_EDGE('',*,*,#8040,.T.);
#5004=ORIENTED_EDGE('',*,*,#8043,.T.);
#5005=ORIENTED_EDGE('',*,*,#8044,.F.);
#5006=ORIENTED_EDGE('',*,*,#8024,.F.);
#5007=ORIENTED_EDGE('',*,*,#8042,.T.);
#5008=ORIENTED_EDGE('',*,*,#8045,.T.);
#5009=ORIENTED_EDGE('',*,*,#8046,.F.);
#5010=ORIENTED_EDGE('',*,*,#8025,.F.);
#5011=ORIENTED_EDGE('',*,*,#8044,.T.);
#5012=ORIENTED_EDGE('',*,*,#8047,.T.);
#5013=ORIENTED_EDGE('',*,*,#8048,.F.);
#5014=ORIENTED_EDGE('',*,*,#8026,.F.);
#5015=ORIENTED_EDGE('',*,*,#8046,.T.);
#5016=ORIENTED_EDGE('',*,*,#8049,.T.);
#5017=ORIENTED_EDGE('',*,*,#8050,.T.);
#5018=ORIENTED_EDGE('',*,*,#8027,.F.);
#5019=ORIENTED_EDGE('',*,*,#8048,.T.);
#5020=ORIENTED_EDGE('',*,*,#8051,.T.);
#5021=ORIENTED_EDGE('',*,*,#8052,.T.);
#5022=ORIENTED_EDGE('',*,*,#8007,.F.);
#5023=ORIENTED_EDGE('',*,*,#8053,.T.);
#5024=ORIENTED_EDGE('',*,*,#8009,.F.);
#5025=ORIENTED_EDGE('',*,*,#8054,.T.);
#5026=ORIENTED_EDGE('',*,*,#8055,.T.);
#5027=ORIENTED_EDGE('',*,*,#8056,.F.);
#5028=ORIENTED_EDGE('',*,*,#8057,.T.);
#5029=ORIENTED_EDGE('',*,*,#8058,.F.);
#5030=ORIENTED_EDGE('',*,*,#8010,.F.);
#5031=ORIENTED_EDGE('',*,*,#8056,.T.);
#5032=ORIENTED_EDGE('',*,*,#8059,.T.);
#5033=ORIENTED_EDGE('',*,*,#8060,.F.);
#5034=ORIENTED_EDGE('',*,*,#8011,.F.);
#5035=ORIENTED_EDGE('',*,*,#8058,.T.);
#5036=ORIENTED_EDGE('',*,*,#8061,.T.);
#5037=ORIENTED_EDGE('',*,*,#8062,.F.);
#5038=ORIENTED_EDGE('',*,*,#8012,.F.);
#5039=ORIENTED_EDGE('',*,*,#8060,.T.);
#5040=ORIENTED_EDGE('',*,*,#8063,.T.);
#5041=ORIENTED_EDGE('',*,*,#8064,.F.);
#5042=ORIENTED_EDGE('',*,*,#8013,.F.);
#5043=ORIENTED_EDGE('',*,*,#8062,.T.);
#5044=ORIENTED_EDGE('',*,*,#8065,.T.);
#5045=ORIENTED_EDGE('',*,*,#8066,.F.);
#5046=ORIENTED_EDGE('',*,*,#8014,.F.);
#5047=ORIENTED_EDGE('',*,*,#8064,.T.);
#5048=ORIENTED_EDGE('',*,*,#8067,.T.);
#5049=ORIENTED_EDGE('',*,*,#7995,.F.);
#5050=ORIENTED_EDGE('',*,*,#8015,.F.);
#5051=ORIENTED_EDGE('',*,*,#8066,.T.);
#5052=ORIENTED_EDGE('',*,*,#8068,.T.);
#5053=ORIENTED_EDGE('',*,*,#8069,.T.);
#5054=ORIENTED_EDGE('',*,*,#8070,.T.);
#5055=ORIENTED_EDGE('',*,*,#8071,.T.);
#5056=ORIENTED_EDGE('',*,*,#8072,.T.);
#5057=ORIENTED_EDGE('',*,*,#8073,.T.);
#5058=ORIENTED_EDGE('',*,*,#8055,.F.);
#5059=ORIENTED_EDGE('',*,*,#8074,.T.);
#5060=ORIENTED_EDGE('',*,*,#8051,.F.);
#5061=ORIENTED_EDGE('',*,*,#8075,.T.);
#5062=ORIENTED_EDGE('',*,*,#8049,.F.);
#5063=ORIENTED_EDGE('',*,*,#8047,.F.);
#5064=ORIENTED_EDGE('',*,*,#8045,.F.);
#5065=ORIENTED_EDGE('',*,*,#8043,.F.);
#5066=ORIENTED_EDGE('',*,*,#8041,.F.);
#5067=ORIENTED_EDGE('',*,*,#8039,.F.);
#5068=ORIENTED_EDGE('',*,*,#8037,.F.);
#5069=ORIENTED_EDGE('',*,*,#7998,.F.);
#5070=ORIENTED_EDGE('',*,*,#8076,.T.);
#5071=ORIENTED_EDGE('',*,*,#8077,.T.);
#5072=ORIENTED_EDGE('',*,*,#8078,.F.);
#5073=ORIENTED_EDGE('',*,*,#8079,.T.);
#5074=ORIENTED_EDGE('',*,*,#8080,.T.);
#5075=ORIENTED_EDGE('',*,*,#7996,.F.);
#5076=ORIENTED_EDGE('',*,*,#8067,.F.);
#5077=ORIENTED_EDGE('',*,*,#8065,.F.);
#5078=ORIENTED_EDGE('',*,*,#8063,.F.);
#5079=ORIENTED_EDGE('',*,*,#8061,.F.);
#5080=ORIENTED_EDGE('',*,*,#8059,.F.);
#5081=ORIENTED_EDGE('',*,*,#8057,.F.);
#5082=ORIENTED_EDGE('',*,*,#8081,.F.);
#5083=ORIENTED_EDGE('',*,*,#8082,.T.);
#5084=ORIENTED_EDGE('',*,*,#8083,.F.);
#5085=ORIENTED_EDGE('',*,*,#8084,.T.);
#5086=ORIENTED_EDGE('',*,*,#8085,.F.);
#5087=ORIENTED_EDGE('',*,*,#8086,.T.);
#5088=ORIENTED_EDGE('',*,*,#8087,.F.);
#5089=ORIENTED_EDGE('',*,*,#8088,.T.);
#5090=ORIENTED_EDGE('',*,*,#8001,.T.);
#5091=ORIENTED_EDGE('',*,*,#8073,.F.);
#5092=ORIENTED_EDGE('',*,*,#8002,.T.);
#5093=ORIENTED_EDGE('',*,*,#8072,.F.);
#5094=ORIENTED_EDGE('',*,*,#8003,.T.);
#5095=ORIENTED_EDGE('',*,*,#8071,.F.);
#5096=ORIENTED_EDGE('',*,*,#8004,.T.);
#5097=ORIENTED_EDGE('',*,*,#8070,.F.);
#5098=ORIENTED_EDGE('',*,*,#8005,.T.);
#5099=ORIENTED_EDGE('',*,*,#8069,.F.);
#5100=ORIENTED_EDGE('',*,*,#8006,.T.);
#5101=ORIENTED_EDGE('',*,*,#8068,.F.);
#5102=ORIENTED_EDGE('',*,*,#8080,.F.);
#5103=ORIENTED_EDGE('',*,*,#8089,.T.);
#5104=ORIENTED_EDGE('',*,*,#8016,.F.);
#5105=ORIENTED_EDGE('',*,*,#7993,.T.);
#5106=ORIENTED_EDGE('',*,*,#8020,.F.);
#5107=ORIENTED_EDGE('',*,*,#8090,.T.);
#5108=ORIENTED_EDGE('',*,*,#8076,.F.);
#5109=ORIENTED_EDGE('',*,*,#7997,.F.);
#5110=ORIENTED_EDGE('',*,*,#8018,.F.);
#5111=ORIENTED_EDGE('',*,*,#8091,.T.);
#5112=ORIENTED_EDGE('',*,*,#8078,.T.);
#5113=ORIENTED_EDGE('',*,*,#8092,.T.);
#5114=ORIENTED_EDGE('',*,*,#8017,.F.);
#5115=ORIENTED_EDGE('',*,*,#8089,.F.);
#5116=ORIENTED_EDGE('',*,*,#8079,.F.);
#5117=ORIENTED_EDGE('',*,*,#8091,.F.);
#5118=ORIENTED_EDGE('',*,*,#8019,.F.);
#5119=ORIENTED_EDGE('',*,*,#8092,.F.);
#5120=ORIENTED_EDGE('',*,*,#8077,.F.);
#5121=ORIENTED_EDGE('',*,*,#8090,.F.);
#5122=ORIENTED_EDGE('',*,*,#8033,.F.);
#5123=ORIENTED_EDGE('',*,*,#8093,.T.);
#5124=ORIENTED_EDGE('',*,*,#8087,.T.);
#5125=ORIENTED_EDGE('',*,*,#8094,.T.);
#5126=ORIENTED_EDGE('',*,*,#8035,.F.);
#5127=ORIENTED_EDGE('',*,*,#8095,.T.);
#5128=ORIENTED_EDGE('',*,*,#8085,.T.);
#5129=ORIENTED_EDGE('',*,*,#8096,.T.);
#5130=ORIENTED_EDGE('',*,*,#8083,.T.);
#5131=ORIENTED_EDGE('',*,*,#8097,.T.);
#5132=ORIENTED_EDGE('',*,*,#8029,.F.);
#5133=ORIENTED_EDGE('',*,*,#8098,.T.);
#5134=ORIENTED_EDGE('',*,*,#8031,.F.);
#5135=ORIENTED_EDGE('',*,*,#8099,.T.);
#5136=ORIENTED_EDGE('',*,*,#8081,.T.);
#5137=ORIENTED_EDGE('',*,*,#8100,.T.);
#5138=ORIENTED_EDGE('',*,*,#8030,.F.);
#5139=ORIENTED_EDGE('',*,*,#8097,.F.);
#5140=ORIENTED_EDGE('',*,*,#8082,.F.);
#5141=ORIENTED_EDGE('',*,*,#8099,.F.);
#5142=ORIENTED_EDGE('',*,*,#8032,.F.);
#5143=ORIENTED_EDGE('',*,*,#8100,.F.);
#5144=ORIENTED_EDGE('',*,*,#8088,.F.);
#5145=ORIENTED_EDGE('',*,*,#8093,.F.);
#5146=ORIENTED_EDGE('',*,*,#8034,.F.);
#5147=ORIENTED_EDGE('',*,*,#8094,.F.);
#5148=ORIENTED_EDGE('',*,*,#8086,.F.);
#5149=ORIENTED_EDGE('',*,*,#8095,.F.);
#5150=ORIENTED_EDGE('',*,*,#8036,.F.);
#5151=ORIENTED_EDGE('',*,*,#8096,.F.);
#5152=ORIENTED_EDGE('',*,*,#8084,.F.);
#5153=ORIENTED_EDGE('',*,*,#8098,.F.);
#5154=ORIENTED_EDGE('',*,*,#8008,.F.);
#5155=ORIENTED_EDGE('',*,*,#8052,.F.);
#5156=ORIENTED_EDGE('',*,*,#8074,.F.);
#5157=ORIENTED_EDGE('',*,*,#8054,.F.);
#5158=ORIENTED_EDGE('',*,*,#8028,.F.);
#5159=ORIENTED_EDGE('',*,*,#8050,.F.);
#5160=ORIENTED_EDGE('',*,*,#8075,.F.);
#5161=ORIENTED_EDGE('',*,*,#8053,.F.);
#5162=ORIENTED_EDGE('',*,*,#8101,.F.);
#5163=ORIENTED_EDGE('',*,*,#8102,.T.);
#5164=ORIENTED_EDGE('',*,*,#8103,.T.);
#5165=ORIENTED_EDGE('',*,*,#8104,.T.);
#5166=ORIENTED_EDGE('',*,*,#8105,.F.);
#5167=ORIENTED_EDGE('',*,*,#8106,.T.);
#5168=ORIENTED_EDGE('',*,*,#8107,.T.);
#5169=ORIENTED_EDGE('',*,*,#8108,.T.);
#5170=ORIENTED_EDGE('',*,*,#8109,.F.);
#5171=ORIENTED_EDGE('',*,*,#8110,.T.);
#5172=ORIENTED_EDGE('',*,*,#8111,.T.);
#5173=ORIENTED_EDGE('',*,*,#8112,.T.);
#5174=ORIENTED_EDGE('',*,*,#8113,.F.);
#5175=ORIENTED_EDGE('',*,*,#8114,.T.);
#5176=ORIENTED_EDGE('',*,*,#8115,.T.);
#5177=ORIENTED_EDGE('',*,*,#8116,.T.);
#5178=ORIENTED_EDGE('',*,*,#8117,.T.);
#5179=ORIENTED_EDGE('',*,*,#8118,.T.);
#5180=ORIENTED_EDGE('',*,*,#8119,.T.);
#5181=ORIENTED_EDGE('',*,*,#8120,.T.);
#5182=ORIENTED_EDGE('',*,*,#8121,.T.);
#5183=ORIENTED_EDGE('',*,*,#8122,.T.);
#5184=ORIENTED_EDGE('',*,*,#8123,.T.);
#5185=ORIENTED_EDGE('',*,*,#8124,.T.);
#5186=ORIENTED_EDGE('',*,*,#8125,.T.);
#5187=ORIENTED_EDGE('',*,*,#8126,.T.);
#5188=ORIENTED_EDGE('',*,*,#8127,.T.);
#5189=ORIENTED_EDGE('',*,*,#8128,.T.);
#5190=ORIENTED_EDGE('',*,*,#8129,.T.);
#5191=ORIENTED_EDGE('',*,*,#8130,.T.);
#5192=ORIENTED_EDGE('',*,*,#8131,.T.);
#5193=ORIENTED_EDGE('',*,*,#8132,.T.);
#5194=ORIENTED_EDGE('',*,*,#8133,.T.);
#5195=ORIENTED_EDGE('',*,*,#8134,.T.);
#5196=ORIENTED_EDGE('',*,*,#8135,.T.);
#5197=ORIENTED_EDGE('',*,*,#8136,.T.);
#5198=ORIENTED_EDGE('',*,*,#8137,.T.);
#5199=ORIENTED_EDGE('',*,*,#8138,.T.);
#5200=ORIENTED_EDGE('',*,*,#8139,.T.);
#5201=ORIENTED_EDGE('',*,*,#8140,.T.);
#5202=ORIENTED_EDGE('',*,*,#8141,.T.);
#5203=ORIENTED_EDGE('',*,*,#8142,.T.);
#5204=ORIENTED_EDGE('',*,*,#8143,.T.);
#5205=ORIENTED_EDGE('',*,*,#8144,.T.);
#5206=ORIENTED_EDGE('',*,*,#8145,.T.);
#5207=ORIENTED_EDGE('',*,*,#8146,.T.);
#5208=ORIENTED_EDGE('',*,*,#8147,.T.);
#5209=ORIENTED_EDGE('',*,*,#8148,.T.);
#5210=ORIENTED_EDGE('',*,*,#8149,.T.);
#5211=ORIENTED_EDGE('',*,*,#8150,.T.);
#5212=ORIENTED_EDGE('',*,*,#8151,.T.);
#5213=ORIENTED_EDGE('',*,*,#8152,.T.);
#5214=ORIENTED_EDGE('',*,*,#8153,.T.);
#5215=ORIENTED_EDGE('',*,*,#8154,.T.);
#5216=ORIENTED_EDGE('',*,*,#8155,.T.);
#5217=ORIENTED_EDGE('',*,*,#8156,.T.);
#5218=ORIENTED_EDGE('',*,*,#8157,.T.);
#5219=ORIENTED_EDGE('',*,*,#8158,.T.);
#5220=ORIENTED_EDGE('',*,*,#8159,.T.);
#5221=ORIENTED_EDGE('',*,*,#8160,.T.);
#5222=ORIENTED_EDGE('',*,*,#8161,.T.);
#5223=ORIENTED_EDGE('',*,*,#8162,.T.);
#5224=ORIENTED_EDGE('',*,*,#8163,.T.);
#5225=ORIENTED_EDGE('',*,*,#8164,.T.);
#5226=ORIENTED_EDGE('',*,*,#8165,.T.);
#5227=ORIENTED_EDGE('',*,*,#8166,.T.);
#5228=ORIENTED_EDGE('',*,*,#8167,.T.);
#5229=ORIENTED_EDGE('',*,*,#8168,.T.);
#5230=ORIENTED_EDGE('',*,*,#8169,.T.);
#5231=ORIENTED_EDGE('',*,*,#8170,.T.);
#5232=ORIENTED_EDGE('',*,*,#8171,.T.);
#5233=ORIENTED_EDGE('',*,*,#8172,.T.);
#5234=ORIENTED_EDGE('',*,*,#8173,.T.);
#5235=ORIENTED_EDGE('',*,*,#8174,.T.);
#5236=ORIENTED_EDGE('',*,*,#8175,.T.);
#5237=ORIENTED_EDGE('',*,*,#8176,.T.);
#5238=ORIENTED_EDGE('',*,*,#8177,.T.);
#5239=ORIENTED_EDGE('',*,*,#8178,.T.);
#5240=ORIENTED_EDGE('',*,*,#8179,.T.);
#5241=ORIENTED_EDGE('',*,*,#8180,.T.);
#5242=ORIENTED_EDGE('',*,*,#8181,.T.);
#5243=ORIENTED_EDGE('',*,*,#8182,.T.);
#5244=ORIENTED_EDGE('',*,*,#8183,.T.);
#5245=ORIENTED_EDGE('',*,*,#8184,.T.);
#5246=ORIENTED_EDGE('',*,*,#8185,.T.);
#5247=ORIENTED_EDGE('',*,*,#8186,.T.);
#5248=ORIENTED_EDGE('',*,*,#8187,.T.);
#5249=ORIENTED_EDGE('',*,*,#8188,.T.);
#5250=ORIENTED_EDGE('',*,*,#8189,.T.);
#5251=ORIENTED_EDGE('',*,*,#8190,.T.);
#5252=ORIENTED_EDGE('',*,*,#8191,.T.);
#5253=ORIENTED_EDGE('',*,*,#8192,.T.);
#5254=ORIENTED_EDGE('',*,*,#8193,.T.);
#5255=ORIENTED_EDGE('',*,*,#8194,.T.);
#5256=ORIENTED_EDGE('',*,*,#8195,.T.);
#5257=ORIENTED_EDGE('',*,*,#8196,.T.);
#5258=ORIENTED_EDGE('',*,*,#8197,.T.);
#5259=ORIENTED_EDGE('',*,*,#8198,.T.);
#5260=ORIENTED_EDGE('',*,*,#8199,.T.);
#5261=ORIENTED_EDGE('',*,*,#8200,.T.);
#5262=ORIENTED_EDGE('',*,*,#8201,.T.);
#5263=ORIENTED_EDGE('',*,*,#8202,.T.);
#5264=ORIENTED_EDGE('',*,*,#8203,.T.);
#5265=ORIENTED_EDGE('',*,*,#8204,.T.);
#5266=ORIENTED_EDGE('',*,*,#8205,.T.);
#5267=ORIENTED_EDGE('',*,*,#8206,.T.);
#5268=ORIENTED_EDGE('',*,*,#8207,.T.);
#5269=ORIENTED_EDGE('',*,*,#8208,.T.);
#5270=ORIENTED_EDGE('',*,*,#8209,.T.);
#5271=ORIENTED_EDGE('',*,*,#8210,.T.);
#5272=ORIENTED_EDGE('',*,*,#8211,.T.);
#5273=ORIENTED_EDGE('',*,*,#8212,.T.);
#5274=ORIENTED_EDGE('',*,*,#8213,.T.);
#5275=ORIENTED_EDGE('',*,*,#8214,.T.);
#5276=ORIENTED_EDGE('',*,*,#8215,.T.);
#5277=ORIENTED_EDGE('',*,*,#8216,.T.);
#5278=ORIENTED_EDGE('',*,*,#8217,.T.);
#5279=ORIENTED_EDGE('',*,*,#8218,.T.);
#5280=ORIENTED_EDGE('',*,*,#8219,.T.);
#5281=ORIENTED_EDGE('',*,*,#8220,.T.);
#5282=ORIENTED_EDGE('',*,*,#8221,.T.);
#5283=ORIENTED_EDGE('',*,*,#8222,.T.);
#5284=ORIENTED_EDGE('',*,*,#8223,.T.);
#5285=ORIENTED_EDGE('',*,*,#8224,.T.);
#5286=ORIENTED_EDGE('',*,*,#8225,.T.);
#5287=ORIENTED_EDGE('',*,*,#8226,.T.);
#5288=ORIENTED_EDGE('',*,*,#8227,.T.);
#5289=ORIENTED_EDGE('',*,*,#8228,.T.);
#5290=ORIENTED_EDGE('',*,*,#8229,.T.);
#5291=ORIENTED_EDGE('',*,*,#8230,.T.);
#5292=ORIENTED_EDGE('',*,*,#8231,.T.);
#5293=ORIENTED_EDGE('',*,*,#8232,.T.);
#5294=ORIENTED_EDGE('',*,*,#8233,.T.);
#5295=ORIENTED_EDGE('',*,*,#8234,.T.);
#5296=ORIENTED_EDGE('',*,*,#8235,.T.);
#5297=ORIENTED_EDGE('',*,*,#8236,.T.);
#5298=ORIENTED_EDGE('',*,*,#8237,.T.);
#5299=ORIENTED_EDGE('',*,*,#8238,.T.);
#5300=ORIENTED_EDGE('',*,*,#8239,.T.);
#5301=ORIENTED_EDGE('',*,*,#8240,.T.);
#5302=ORIENTED_EDGE('',*,*,#8241,.T.);
#5303=ORIENTED_EDGE('',*,*,#8242,.T.);
#5304=ORIENTED_EDGE('',*,*,#8243,.T.);
#5305=ORIENTED_EDGE('',*,*,#8244,.T.);
#5306=ORIENTED_EDGE('',*,*,#8245,.T.);
#5307=ORIENTED_EDGE('',*,*,#8246,.T.);
#5308=ORIENTED_EDGE('',*,*,#8247,.T.);
#5309=ORIENTED_EDGE('',*,*,#8248,.T.);
#5310=ORIENTED_EDGE('',*,*,#8249,.T.);
#5311=ORIENTED_EDGE('',*,*,#8250,.T.);
#5312=ORIENTED_EDGE('',*,*,#8251,.T.);
#5313=ORIENTED_EDGE('',*,*,#8252,.F.);
#5314=ORIENTED_EDGE('',*,*,#8253,.T.);
#5315=ORIENTED_EDGE('',*,*,#8254,.F.);
#5316=ORIENTED_EDGE('',*,*,#8255,.T.);
#5317=ORIENTED_EDGE('',*,*,#8256,.F.);
#5318=ORIENTED_EDGE('',*,*,#8257,.T.);
#5319=ORIENTED_EDGE('',*,*,#8107,.F.);
#5320=ORIENTED_EDGE('',*,*,#8258,.T.);
#5321=ORIENTED_EDGE('',*,*,#8259,.F.);
#5322=ORIENTED_EDGE('',*,*,#8260,.T.);
#5323=ORIENTED_EDGE('',*,*,#8261,.F.);
#5324=ORIENTED_EDGE('',*,*,#8262,.T.);
#5325=ORIENTED_EDGE('',*,*,#8263,.F.);
#5326=ORIENTED_EDGE('',*,*,#8264,.T.);
#5327=ORIENTED_EDGE('',*,*,#8265,.F.);
#5328=ORIENTED_EDGE('',*,*,#8266,.T.);
#5329=ORIENTED_EDGE('',*,*,#8267,.F.);
#5330=ORIENTED_EDGE('',*,*,#8268,.T.);
#5331=ORIENTED_EDGE('',*,*,#8111,.F.);
#5332=ORIENTED_EDGE('',*,*,#8269,.T.);
#5333=ORIENTED_EDGE('',*,*,#8270,.T.);
#5334=ORIENTED_EDGE('',*,*,#8271,.T.);
#5335=ORIENTED_EDGE('',*,*,#8272,.T.);
#5336=ORIENTED_EDGE('',*,*,#8273,.T.);
#5337=ORIENTED_EDGE('',*,*,#8274,.T.);
#5338=ORIENTED_EDGE('',*,*,#8275,.T.);
#5339=ORIENTED_EDGE('',*,*,#8115,.F.);
#5340=ORIENTED_EDGE('',*,*,#8276,.T.);
#5341=ORIENTED_EDGE('',*,*,#8277,.T.);
#5342=ORIENTED_EDGE('',*,*,#8278,.T.);
#5343=ORIENTED_EDGE('',*,*,#8279,.T.);
#5344=ORIENTED_EDGE('',*,*,#8280,.T.);
#5345=ORIENTED_EDGE('',*,*,#8281,.T.);
#5346=ORIENTED_EDGE('',*,*,#8282,.T.);
#5347=ORIENTED_EDGE('',*,*,#8283,.F.);
#5348=ORIENTED_EDGE('',*,*,#8284,.T.);
#5349=ORIENTED_EDGE('',*,*,#8285,.F.);
#5350=ORIENTED_EDGE('',*,*,#8286,.T.);
#5351=ORIENTED_EDGE('',*,*,#8103,.F.);
#5352=ORIENTED_EDGE('',*,*,#8287,.T.);
#5353=ORIENTED_EDGE('',*,*,#8288,.T.);
#5354=ORIENTED_EDGE('',*,*,#8289,.T.);
#5355=ORIENTED_EDGE('',*,*,#8290,.T.);
#5356=ORIENTED_EDGE('',*,*,#8291,.F.);
#5357=ORIENTED_EDGE('',*,*,#8292,.F.);
#5358=ORIENTED_EDGE('',*,*,#8293,.F.);
#5359=ORIENTED_EDGE('',*,*,#8294,.T.);
#5360=ORIENTED_EDGE('',*,*,#8295,.F.);
#5361=ORIENTED_EDGE('',*,*,#8296,.T.);
#5362=ORIENTED_EDGE('',*,*,#8297,.F.);
#5363=ORIENTED_EDGE('',*,*,#8298,.T.);
#5364=ORIENTED_EDGE('',*,*,#8299,.F.);
#5365=ORIENTED_EDGE('',*,*,#8300,.T.);
#5366=ORIENTED_EDGE('',*,*,#8301,.F.);
#5367=ORIENTED_EDGE('',*,*,#8302,.T.);
#5368=ORIENTED_EDGE('',*,*,#8303,.F.);
#5369=ORIENTED_EDGE('',*,*,#8304,.T.);
#5370=ORIENTED_EDGE('',*,*,#8305,.F.);
#5371=ORIENTED_EDGE('',*,*,#8306,.T.);
#5372=ORIENTED_EDGE('',*,*,#8307,.F.);
#5373=ORIENTED_EDGE('',*,*,#8308,.T.);
#5374=ORIENTED_EDGE('',*,*,#8309,.F.);
#5375=ORIENTED_EDGE('',*,*,#8310,.F.);
#5376=ORIENTED_EDGE('',*,*,#8311,.T.);
#5377=ORIENTED_EDGE('',*,*,#8312,.F.);
#5378=ORIENTED_EDGE('',*,*,#8313,.T.);
#5379=ORIENTED_EDGE('',*,*,#8314,.F.);
#5380=ORIENTED_EDGE('',*,*,#8315,.T.);
#5381=ORIENTED_EDGE('',*,*,#8316,.F.);
#5382=ORIENTED_EDGE('',*,*,#8317,.T.);
#5383=ORIENTED_EDGE('',*,*,#8318,.F.);
#5384=ORIENTED_EDGE('',*,*,#8319,.T.);
#5385=ORIENTED_EDGE('',*,*,#8320,.F.);
#5386=ORIENTED_EDGE('',*,*,#8321,.T.);
#5387=ORIENTED_EDGE('',*,*,#8322,.F.);
#5388=ORIENTED_EDGE('',*,*,#8323,.T.);
#5389=ORIENTED_EDGE('',*,*,#8324,.F.);
#5390=ORIENTED_EDGE('',*,*,#8325,.F.);
#5391=ORIENTED_EDGE('',*,*,#8326,.T.);
#5392=ORIENTED_EDGE('',*,*,#8327,.F.);
#5393=ORIENTED_EDGE('',*,*,#8328,.T.);
#5394=ORIENTED_EDGE('',*,*,#8329,.F.);
#5395=ORIENTED_EDGE('',*,*,#8330,.T.);
#5396=ORIENTED_EDGE('',*,*,#8331,.F.);
#5397=ORIENTED_EDGE('',*,*,#8332,.T.);
#5398=ORIENTED_EDGE('',*,*,#8333,.F.);
#5399=ORIENTED_EDGE('',*,*,#8334,.T.);
#5400=ORIENTED_EDGE('',*,*,#8335,.F.);
#5401=ORIENTED_EDGE('',*,*,#8336,.T.);
#5402=ORIENTED_EDGE('',*,*,#8337,.F.);
#5403=ORIENTED_EDGE('',*,*,#8338,.T.);
#5404=ORIENTED_EDGE('',*,*,#8339,.F.);
#5405=ORIENTED_EDGE('',*,*,#8340,.T.);
#5406=ORIENTED_EDGE('',*,*,#8341,.F.);
#5407=ORIENTED_EDGE('',*,*,#8342,.T.);
#5408=ORIENTED_EDGE('',*,*,#8343,.F.);
#5409=ORIENTED_EDGE('',*,*,#8344,.T.);
#5410=ORIENTED_EDGE('',*,*,#8345,.F.);
#5411=ORIENTED_EDGE('',*,*,#8346,.T.);
#5412=ORIENTED_EDGE('',*,*,#8347,.F.);
#5413=ORIENTED_EDGE('',*,*,#8348,.T.);
#5414=ORIENTED_EDGE('',*,*,#8349,.F.);
#5415=ORIENTED_EDGE('',*,*,#8350,.T.);
#5416=ORIENTED_EDGE('',*,*,#8351,.F.);
#5417=ORIENTED_EDGE('',*,*,#8352,.T.);
#5418=ORIENTED_EDGE('',*,*,#8353,.F.);
#5419=ORIENTED_EDGE('',*,*,#8354,.T.);
#5420=ORIENTED_EDGE('',*,*,#8355,.F.);
#5421=ORIENTED_EDGE('',*,*,#8356,.T.);
#5422=ORIENTED_EDGE('',*,*,#8357,.F.);
#5423=ORIENTED_EDGE('',*,*,#8358,.T.);
#5424=ORIENTED_EDGE('',*,*,#8359,.F.);
#5425=ORIENTED_EDGE('',*,*,#8360,.F.);
#5426=ORIENTED_EDGE('',*,*,#8361,.T.);
#5427=ORIENTED_EDGE('',*,*,#8362,.F.);
#5428=ORIENTED_EDGE('',*,*,#8363,.T.);
#5429=ORIENTED_EDGE('',*,*,#8364,.F.);
#5430=ORIENTED_EDGE('',*,*,#8365,.T.);
#5431=ORIENTED_EDGE('',*,*,#8366,.F.);
#5432=ORIENTED_EDGE('',*,*,#8367,.T.);
#5433=ORIENTED_EDGE('',*,*,#8368,.F.);
#5434=ORIENTED_EDGE('',*,*,#8369,.T.);
#5435=ORIENTED_EDGE('',*,*,#8370,.F.);
#5436=ORIENTED_EDGE('',*,*,#8371,.T.);
#5437=ORIENTED_EDGE('',*,*,#8372,.F.);
#5438=ORIENTED_EDGE('',*,*,#8373,.T.);
#5439=ORIENTED_EDGE('',*,*,#8374,.F.);
#5440=ORIENTED_EDGE('',*,*,#8375,.T.);
#5441=ORIENTED_EDGE('',*,*,#8376,.F.);
#5442=ORIENTED_EDGE('',*,*,#8377,.T.);
#5443=ORIENTED_EDGE('',*,*,#8378,.F.);
#5444=ORIENTED_EDGE('',*,*,#8379,.T.);
#5445=ORIENTED_EDGE('',*,*,#8380,.F.);
#5446=ORIENTED_EDGE('',*,*,#8381,.T.);
#5447=ORIENTED_EDGE('',*,*,#8382,.F.);
#5448=ORIENTED_EDGE('',*,*,#8383,.T.);
#5449=ORIENTED_EDGE('',*,*,#8384,.F.);
#5450=ORIENTED_EDGE('',*,*,#8385,.F.);
#5451=ORIENTED_EDGE('',*,*,#8386,.T.);
#5452=ORIENTED_EDGE('',*,*,#8387,.F.);
#5453=ORIENTED_EDGE('',*,*,#8388,.T.);
#5454=ORIENTED_EDGE('',*,*,#8389,.F.);
#5455=ORIENTED_EDGE('',*,*,#8390,.T.);
#5456=ORIENTED_EDGE('',*,*,#8391,.F.);
#5457=ORIENTED_EDGE('',*,*,#8392,.T.);
#5458=ORIENTED_EDGE('',*,*,#8393,.F.);
#5459=ORIENTED_EDGE('',*,*,#8394,.T.);
#5460=ORIENTED_EDGE('',*,*,#8395,.F.);
#5461=ORIENTED_EDGE('',*,*,#8396,.T.);
#5462=ORIENTED_EDGE('',*,*,#8397,.T.);
#5463=ORIENTED_EDGE('',*,*,#8398,.F.);
#5464=ORIENTED_EDGE('',*,*,#8399,.T.);
#5465=ORIENTED_EDGE('',*,*,#8400,.F.);
#5466=ORIENTED_EDGE('',*,*,#8401,.T.);
#5467=ORIENTED_EDGE('',*,*,#8402,.F.);
#5468=ORIENTED_EDGE('',*,*,#8403,.T.);
#5469=ORIENTED_EDGE('',*,*,#8404,.F.);
#5470=ORIENTED_EDGE('',*,*,#8405,.F.);
#5471=ORIENTED_EDGE('',*,*,#8406,.T.);
#5472=ORIENTED_EDGE('',*,*,#8407,.F.);
#5473=ORIENTED_EDGE('',*,*,#8408,.T.);
#5474=ORIENTED_EDGE('',*,*,#8409,.T.);
#5475=ORIENTED_EDGE('',*,*,#8410,.T.);
#5476=ORIENTED_EDGE('',*,*,#8411,.T.);
#5477=ORIENTED_EDGE('',*,*,#8412,.T.);
#5478=ORIENTED_EDGE('',*,*,#8413,.T.);
#5479=ORIENTED_EDGE('',*,*,#8414,.T.);
#5480=ORIENTED_EDGE('',*,*,#8415,.T.);
#5481=ORIENTED_EDGE('',*,*,#8416,.T.);
#5482=ORIENTED_EDGE('',*,*,#8417,.T.);
#5483=ORIENTED_EDGE('',*,*,#8418,.T.);
#5484=ORIENTED_EDGE('',*,*,#8419,.T.);
#5485=ORIENTED_EDGE('',*,*,#8420,.T.);
#5486=ORIENTED_EDGE('',*,*,#8421,.T.);
#5487=ORIENTED_EDGE('',*,*,#8422,.T.);
#5488=ORIENTED_EDGE('',*,*,#8423,.T.);
#5489=ORIENTED_EDGE('',*,*,#8424,.T.);
#5490=ORIENTED_EDGE('',*,*,#8101,.T.);
#5491=ORIENTED_EDGE('',*,*,#8425,.T.);
#5492=ORIENTED_EDGE('',*,*,#8426,.T.);
#5493=ORIENTED_EDGE('',*,*,#8427,.T.);
#5494=ORIENTED_EDGE('',*,*,#8428,.T.);
#5495=ORIENTED_EDGE('',*,*,#8429,.T.);
#5496=ORIENTED_EDGE('',*,*,#8430,.F.);
#5497=ORIENTED_EDGE('',*,*,#8431,.T.);
#5498=ORIENTED_EDGE('',*,*,#8432,.F.);
#5499=ORIENTED_EDGE('',*,*,#8433,.T.);
#5500=ORIENTED_EDGE('',*,*,#8434,.F.);
#5501=ORIENTED_EDGE('',*,*,#8435,.T.);
#5502=ORIENTED_EDGE('',*,*,#8113,.T.);
#5503=ORIENTED_EDGE('',*,*,#8436,.T.);
#5504=ORIENTED_EDGE('',*,*,#8437,.F.);
#5505=ORIENTED_EDGE('',*,*,#8438,.T.);
#5506=ORIENTED_EDGE('',*,*,#8439,.F.);
#5507=ORIENTED_EDGE('',*,*,#8440,.T.);
#5508=ORIENTED_EDGE('',*,*,#8441,.F.);
#5509=ORIENTED_EDGE('',*,*,#8442,.T.);
#5510=ORIENTED_EDGE('',*,*,#8109,.T.);
#5511=ORIENTED_EDGE('',*,*,#8443,.T.);
#5512=ORIENTED_EDGE('',*,*,#8444,.T.);
#5513=ORIENTED_EDGE('',*,*,#8445,.T.);
#5514=ORIENTED_EDGE('',*,*,#8446,.T.);
#5515=ORIENTED_EDGE('',*,*,#8447,.T.);
#5516=ORIENTED_EDGE('',*,*,#8448,.T.);
#5517=ORIENTED_EDGE('',*,*,#8449,.T.);
#5518=ORIENTED_EDGE('',*,*,#8450,.T.);
#5519=ORIENTED_EDGE('',*,*,#8451,.T.);
#5520=ORIENTED_EDGE('',*,*,#8452,.T.);
#5521=ORIENTED_EDGE('',*,*,#8453,.T.);
#5522=ORIENTED_EDGE('',*,*,#8105,.T.);
#5523=ORIENTED_EDGE('',*,*,#8454,.T.);
#5524=ORIENTED_EDGE('',*,*,#8455,.T.);
#5525=ORIENTED_EDGE('',*,*,#8456,.T.);
#5526=ORIENTED_EDGE('',*,*,#8457,.T.);
#5527=ORIENTED_EDGE('',*,*,#8458,.T.);
#5528=ORIENTED_EDGE('',*,*,#8285,.T.);
#5529=ORIENTED_EDGE('',*,*,#8459,.T.);
#5530=ORIENTED_EDGE('',*,*,#8426,.F.);
#5531=ORIENTED_EDGE('',*,*,#8460,.T.);
#5532=ORIENTED_EDGE('',*,*,#8283,.T.);
#5533=ORIENTED_EDGE('',*,*,#8461,.T.);
#5534=ORIENTED_EDGE('',*,*,#8428,.F.);
#5535=ORIENTED_EDGE('',*,*,#8462,.T.);
#5536=ORIENTED_EDGE('',*,*,#8444,.F.);
#5537=ORIENTED_EDGE('',*,*,#8463,.T.);
#5538=ORIENTED_EDGE('',*,*,#8267,.T.);
#5539=ORIENTED_EDGE('',*,*,#8464,.T.);
#5540=ORIENTED_EDGE('',*,*,#8265,.T.);
#5541=ORIENTED_EDGE('',*,*,#8465,.T.);
#5542=ORIENTED_EDGE('',*,*,#8446,.F.);
#5543=ORIENTED_EDGE('',*,*,#8466,.T.);
#5544=ORIENTED_EDGE('',*,*,#8467,.T.);
#5545=ORIENTED_EDGE('',*,*,#8420,.F.);
#5546=ORIENTED_EDGE('',*,*,#8468,.T.);
#5547=ORIENTED_EDGE('',*,*,#8457,.F.);
#5548=ORIENTED_EDGE('',*,*,#8469,.T.);
#5549=ORIENTED_EDGE('',*,*,#8419,.F.);
#5550=ORIENTED_EDGE('',*,*,#8470,.T.);
#5551=ORIENTED_EDGE('',*,*,#8458,.F.);
#5552=ORIENTED_EDGE('',*,*,#8471,.T.);
#5553=ORIENTED_EDGE('',*,*,#8418,.F.);
#5554=ORIENTED_EDGE('',*,*,#8472,.T.);
#5555=ORIENTED_EDGE('',*,*,#8417,.F.);
#5556=ORIENTED_EDGE('',*,*,#8473,.T.);
#5557=ORIENTED_EDGE('',*,*,#8416,.F.);
#5558=ORIENTED_EDGE('',*,*,#8474,.T.);
#5559=ORIENTED_EDGE('',*,*,#8415,.F.);
#5560=ORIENTED_EDGE('',*,*,#8475,.T.);
#5561=ORIENTED_EDGE('',*,*,#8414,.F.);
#5562=ORIENTED_EDGE('',*,*,#8476,.T.);
#5563=ORIENTED_EDGE('',*,*,#8413,.F.);
#5564=ORIENTED_EDGE('',*,*,#8412,.F.);
#5565=ORIENTED_EDGE('',*,*,#8251,.F.);
#5566=ORIENTED_EDGE('',*,*,#8411,.F.);
#5567=ORIENTED_EDGE('',*,*,#8250,.F.);
#5568=ORIENTED_EDGE('',*,*,#8477,.T.);
#5569=ORIENTED_EDGE('',*,*,#8410,.F.);
#5570=ORIENTED_EDGE('',*,*,#8478,.T.);
#5571=ORIENTED_EDGE('',*,*,#8409,.F.);
#5572=ORIENTED_EDGE('',*,*,#8284,.F.);
#5573=ORIENTED_EDGE('',*,*,#8462,.F.);
#5574=ORIENTED_EDGE('',*,*,#8427,.F.);
#5575=ORIENTED_EDGE('',*,*,#8459,.F.);
#5576=ORIENTED_EDGE('',*,*,#8286,.F.);
#5577=ORIENTED_EDGE('',*,*,#8460,.F.);
#5578=ORIENTED_EDGE('',*,*,#8425,.F.);
#5579=ORIENTED_EDGE('',*,*,#8104,.F.);
#5580=ORIENTED_EDGE('',*,*,#8268,.F.);
#5581=ORIENTED_EDGE('',*,*,#8463,.F.);
#5582=ORIENTED_EDGE('',*,*,#8443,.F.);
#5583=ORIENTED_EDGE('',*,*,#8112,.F.);
#5584=ORIENTED_EDGE('',*,*,#8266,.F.);
#5585=ORIENTED_EDGE('',*,*,#8466,.F.);
#5586=ORIENTED_EDGE('',*,*,#8445,.F.);
#5587=ORIENTED_EDGE('',*,*,#8464,.F.);
#5588=ORIENTED_EDGE('',*,*,#8434,.T.);
#5589=ORIENTED_EDGE('',*,*,#8479,.T.);
#5590=ORIENTED_EDGE('',*,*,#8277,.F.);
#5591=ORIENTED_EDGE('',*,*,#8480,.T.);
#5592=ORIENTED_EDGE('',*,*,#8279,.F.);
#5593=ORIENTED_EDGE('',*,*,#8481,.T.);
#5594=ORIENTED_EDGE('',*,*,#8432,.T.);
#5595=ORIENTED_EDGE('',*,*,#8482,.T.);
#5596=ORIENTED_EDGE('',*,*,#8281,.F.);
#5597=ORIENTED_EDGE('',*,*,#8483,.T.);
#5598=ORIENTED_EDGE('',*,*,#8430,.T.);
#5599=ORIENTED_EDGE('',*,*,#8484,.T.);
#5600=ORIENTED_EDGE('',*,*,#8441,.T.);
#5601=ORIENTED_EDGE('',*,*,#8485,.T.);
#5602=ORIENTED_EDGE('',*,*,#8270,.F.);
#5603=ORIENTED_EDGE('',*,*,#8486,.T.);
#5604=ORIENTED_EDGE('',*,*,#8272,.F.);
#5605=ORIENTED_EDGE('',*,*,#8487,.T.);
#5606=ORIENTED_EDGE('',*,*,#8439,.T.);
#5607=ORIENTED_EDGE('',*,*,#8488,.T.);
#5608=ORIENTED_EDGE('',*,*,#8274,.F.);
#5609=ORIENTED_EDGE('',*,*,#8489,.T.);
#5610=ORIENTED_EDGE('',*,*,#8437,.T.);
#5611=ORIENTED_EDGE('',*,*,#8490,.T.);
#5612=ORIENTED_EDGE('',*,*,#8263,.T.);
#5613=ORIENTED_EDGE('',*,*,#8491,.T.);
#5614=ORIENTED_EDGE('',*,*,#8448,.F.);
#5615=ORIENTED_EDGE('',*,*,#8492,.T.);
#5616=ORIENTED_EDGE('',*,*,#8261,.T.);
#5617=ORIENTED_EDGE('',*,*,#8493,.T.);
#5618=ORIENTED_EDGE('',*,*,#8450,.F.);
#5619=ORIENTED_EDGE('',*,*,#8494,.T.);
#5620=ORIENTED_EDGE('',*,*,#8452,.F.);
#5621=ORIENTED_EDGE('',*,*,#8495,.T.);
#5622=ORIENTED_EDGE('',*,*,#8259,.T.);
#5623=ORIENTED_EDGE('',*,*,#8496,.T.);
#5624=ORIENTED_EDGE('',*,*,#8256,.T.);
#5625=ORIENTED_EDGE('',*,*,#8497,.T.);
#5626=ORIENTED_EDGE('',*,*,#8455,.F.);
#5627=ORIENTED_EDGE('',*,*,#8498,.T.);
#5628=ORIENTED_EDGE('',*,*,#8254,.T.);
#5629=ORIENTED_EDGE('',*,*,#8499,.T.);
#5630=ORIENTED_EDGE('',*,*,#8421,.F.);
#5631=ORIENTED_EDGE('',*,*,#8500,.T.);
#5632=ORIENTED_EDGE('',*,*,#8423,.F.);
#5633=ORIENTED_EDGE('',*,*,#8501,.T.);
#5634=ORIENTED_EDGE('',*,*,#8252,.T.);
#5635=ORIENTED_EDGE('',*,*,#8502,.T.);
#5636=ORIENTED_EDGE('',*,*,#8247,.F.);
#5637=ORIENTED_EDGE('',*,*,#8503,.T.);
#5638=ORIENTED_EDGE('',*,*,#8405,.T.);
#5639=ORIENTED_EDGE('',*,*,#8504,.T.);
#5640=ORIENTED_EDGE('',*,*,#8407,.T.);
#5641=ORIENTED_EDGE('',*,*,#8505,.T.);
#5642=ORIENTED_EDGE('',*,*,#8249,.F.);
#5643=ORIENTED_EDGE('',*,*,#8506,.T.);
#5644=ORIENTED_EDGE('',*,*,#8404,.T.);
#5645=ORIENTED_EDGE('',*,*,#8507,.T.);
#5646=ORIENTED_EDGE('',*,*,#8244,.F.);
#5647=ORIENTED_EDGE('',*,*,#8508,.T.);
#5648=ORIENTED_EDGE('',*,*,#8242,.F.);
#5649=ORIENTED_EDGE('',*,*,#8509,.T.);
#5650=ORIENTED_EDGE('',*,*,#8402,.T.);
#5651=ORIENTED_EDGE('',*,*,#8510,.T.);
#5652=ORIENTED_EDGE('',*,*,#8400,.T.);
#5653=ORIENTED_EDGE('',*,*,#8511,.T.);
#5654=ORIENTED_EDGE('',*,*,#8240,.F.);
#5655=ORIENTED_EDGE('',*,*,#8512,.T.);
#5656=ORIENTED_EDGE('',*,*,#8398,.T.);
#5657=ORIENTED_EDGE('',*,*,#8513,.T.);
#5658=ORIENTED_EDGE('',*,*,#8238,.F.);
#5659=ORIENTED_EDGE('',*,*,#8514,.T.);
#5660=ORIENTED_EDGE('',*,*,#8235,.F.);
#5661=ORIENTED_EDGE('',*,*,#8515,.T.);
#5662=ORIENTED_EDGE('',*,*,#8393,.T.);
#5663=ORIENTED_EDGE('',*,*,#8516,.T.);
#5664=ORIENTED_EDGE('',*,*,#8395,.T.);
#5665=ORIENTED_EDGE('',*,*,#8517,.T.);
#5666=ORIENTED_EDGE('',*,*,#8237,.F.);
#5667=ORIENTED_EDGE('',*,*,#8518,.T.);
#5668=ORIENTED_EDGE('',*,*,#8503,.F.);
#5669=ORIENTED_EDGE('',*,*,#8246,.F.);
#5670=ORIENTED_EDGE('',*,*,#8505,.F.);
#5671=ORIENTED_EDGE('',*,*,#8406,.F.);
#5672=ORIENTED_EDGE('',*,*,#8504,.F.);
#5673=ORIENTED_EDGE('',*,*,#8408,.F.);
#5674=ORIENTED_EDGE('',*,*,#8506,.F.);
#5675=ORIENTED_EDGE('',*,*,#8248,.F.);
#5676=ORIENTED_EDGE('',*,*,#8515,.F.);
#5677=ORIENTED_EDGE('',*,*,#8234,.F.);
#5678=ORIENTED_EDGE('',*,*,#8517,.F.);
#5679=ORIENTED_EDGE('',*,*,#8394,.F.);
#5680=ORIENTED_EDGE('',*,*,#8516,.F.);
#5681=ORIENTED_EDGE('',*,*,#8396,.F.);
#5682=ORIENTED_EDGE('',*,*,#8518,.F.);
#5683=ORIENTED_EDGE('',*,*,#8236,.F.);
#5684=ORIENTED_EDGE('',*,*,#8514,.F.);
#5685=ORIENTED_EDGE('',*,*,#8241,.F.);
#5686=ORIENTED_EDGE('',*,*,#8511,.F.);
#5687=ORIENTED_EDGE('',*,*,#8399,.F.);
#5688=ORIENTED_EDGE('',*,*,#8513,.F.);
#5689=ORIENTED_EDGE('',*,*,#8397,.F.);
#5690=ORIENTED_EDGE('',*,*,#8512,.F.);
#5691=ORIENTED_EDGE('',*,*,#8239,.F.);
#5692=ORIENTED_EDGE('',*,*,#8509,.F.);
#5693=ORIENTED_EDGE('',*,*,#8245,.F.);
#5694=ORIENTED_EDGE('',*,*,#8507,.F.);
#5695=ORIENTED_EDGE('',*,*,#8403,.F.);
#5696=ORIENTED_EDGE('',*,*,#8510,.F.);
#5697=ORIENTED_EDGE('',*,*,#8401,.F.);
#5698=ORIENTED_EDGE('',*,*,#8508,.F.);
#5699=ORIENTED_EDGE('',*,*,#8243,.F.);
#5700=ORIENTED_EDGE('',*,*,#8447,.F.);
#5701=ORIENTED_EDGE('',*,*,#8465,.F.);
#5702=ORIENTED_EDGE('',*,*,#8264,.F.);
#5703=ORIENTED_EDGE('',*,*,#8492,.F.);
#5704=ORIENTED_EDGE('',*,*,#8453,.F.);
#5705=ORIENTED_EDGE('',*,*,#8496,.F.);
#5706=ORIENTED_EDGE('',*,*,#8258,.F.);
#5707=ORIENTED_EDGE('',*,*,#8106,.F.);
#5708=ORIENTED_EDGE('',*,*,#8454,.F.);
#5709=ORIENTED_EDGE('',*,*,#8108,.F.);
#5710=ORIENTED_EDGE('',*,*,#8257,.F.);
#5711=ORIENTED_EDGE('',*,*,#8498,.F.);
#5712=ORIENTED_EDGE('',*,*,#8424,.F.);
#5713=ORIENTED_EDGE('',*,*,#8502,.F.);
#5714=ORIENTED_EDGE('',*,*,#8287,.F.);
#5715=ORIENTED_EDGE('',*,*,#8102,.F.);
#5716=ORIENTED_EDGE('',*,*,#8435,.F.);
#5717=ORIENTED_EDGE('',*,*,#8480,.F.);
#5718=ORIENTED_EDGE('',*,*,#8276,.F.);
#5719=ORIENTED_EDGE('',*,*,#8114,.F.);
#5720=ORIENTED_EDGE('',*,*,#8442,.F.);
#5721=ORIENTED_EDGE('',*,*,#8486,.F.);
#5722=ORIENTED_EDGE('',*,*,#8269,.F.);
#5723=ORIENTED_EDGE('',*,*,#8110,.F.);
#5724=ORIENTED_EDGE('',*,*,#8436,.F.);
#5725=ORIENTED_EDGE('',*,*,#8116,.F.);
#5726=ORIENTED_EDGE('',*,*,#8275,.F.);
#5727=ORIENTED_EDGE('',*,*,#8490,.F.);
#5728=ORIENTED_EDGE('',*,*,#8429,.F.);
#5729=ORIENTED_EDGE('',*,*,#8461,.F.);
#5730=ORIENTED_EDGE('',*,*,#8282,.F.);
#5731=ORIENTED_EDGE('',*,*,#8484,.F.);
#5732=ORIENTED_EDGE('',*,*,#8422,.F.);
#5733=ORIENTED_EDGE('',*,*,#8499,.F.);
#5734=ORIENTED_EDGE('',*,*,#8253,.F.);
#5735=ORIENTED_EDGE('',*,*,#8501,.F.);
#5736=ORIENTED_EDGE('',*,*,#8456,.F.);
#5737=ORIENTED_EDGE('',*,*,#8497,.F.);
#5738=ORIENTED_EDGE('',*,*,#8255,.F.);
#5739=ORIENTED_EDGE('',*,*,#8500,.F.);
#5740=ORIENTED_EDGE('',*,*,#8451,.F.);
#5741=ORIENTED_EDGE('',*,*,#8493,.F.);
#5742=ORIENTED_EDGE('',*,*,#8260,.F.);
#5743=ORIENTED_EDGE('',*,*,#8495,.F.);
#5744=ORIENTED_EDGE('',*,*,#8449,.F.);
#5745=ORIENTED_EDGE('',*,*,#8491,.F.);
#5746=ORIENTED_EDGE('',*,*,#8262,.F.);
#5747=ORIENTED_EDGE('',*,*,#8494,.F.);
#5748=ORIENTED_EDGE('',*,*,#8440,.F.);
#5749=ORIENTED_EDGE('',*,*,#8487,.F.);
#5750=ORIENTED_EDGE('',*,*,#8271,.F.);
#5751=ORIENTED_EDGE('',*,*,#8485,.F.);
#5752=ORIENTED_EDGE('',*,*,#8438,.F.);
#5753=ORIENTED_EDGE('',*,*,#8489,.F.);
#5754=ORIENTED_EDGE('',*,*,#8273,.F.);
#5755=ORIENTED_EDGE('',*,*,#8488,.F.);
#5756=ORIENTED_EDGE('',*,*,#8433,.F.);
#5757=ORIENTED_EDGE('',*,*,#8481,.F.);
#5758=ORIENTED_EDGE('',*,*,#8278,.F.);
#5759=ORIENTED_EDGE('',*,*,#8479,.F.);
#5760=ORIENTED_EDGE('',*,*,#8431,.F.);
#5761=ORIENTED_EDGE('',*,*,#8483,.F.);
#5762=ORIENTED_EDGE('',*,*,#8280,.F.);
#5763=ORIENTED_EDGE('',*,*,#8482,.F.);
#5764=ORIENTED_EDGE('',*,*,#8230,.F.);
#5765=ORIENTED_EDGE('',*,*,#8469,.F.);
#5766=ORIENTED_EDGE('',*,*,#8231,.F.);
#5767=ORIENTED_EDGE('',*,*,#8467,.F.);
#5768=ORIENTED_EDGE('',*,*,#8232,.F.);
#5769=ORIENTED_EDGE('',*,*,#8470,.F.);
#5770=ORIENTED_EDGE('',*,*,#8233,.F.);
#5771=ORIENTED_EDGE('',*,*,#8468,.F.);
#5772=ORIENTED_EDGE('',*,*,#8221,.F.);
#5773=ORIENTED_EDGE('',*,*,#8519,.T.);
#5774=ORIENTED_EDGE('',*,*,#8382,.T.);
#5775=ORIENTED_EDGE('',*,*,#8520,.T.);
#5776=ORIENTED_EDGE('',*,*,#8391,.T.);
#5777=ORIENTED_EDGE('',*,*,#8521,.T.);
#5778=ORIENTED_EDGE('',*,*,#8223,.F.);
#5779=ORIENTED_EDGE('',*,*,#8522,.T.);
#5780=ORIENTED_EDGE('',*,*,#8225,.F.);
#5781=ORIENTED_EDGE('',*,*,#8523,.T.);
#5782=ORIENTED_EDGE('',*,*,#8389,.T.);
#5783=ORIENTED_EDGE('',*,*,#8524,.T.);
#5784=ORIENTED_EDGE('',*,*,#8387,.T.);
#5785=ORIENTED_EDGE('',*,*,#8525,.T.);
#5786=ORIENTED_EDGE('',*,*,#8227,.F.);
#5787=ORIENTED_EDGE('',*,*,#8526,.T.);
#5788=ORIENTED_EDGE('',*,*,#8229,.F.);
#5789=ORIENTED_EDGE('',*,*,#8527,.T.);
#5790=ORIENTED_EDGE('',*,*,#8385,.T.);
#5791=ORIENTED_EDGE('',*,*,#8528,.F.);
#5792=ORIENTED_EDGE('',*,*,#8384,.T.);
#5793=ORIENTED_EDGE('',*,*,#8529,.T.);
#5794=ORIENTED_EDGE('',*,*,#8219,.F.);
#5795=ORIENTED_EDGE('',*,*,#8528,.T.);
#5796=ORIENTED_EDGE('',*,*,#8213,.F.);
#5797=ORIENTED_EDGE('',*,*,#8530,.T.);
#5798=ORIENTED_EDGE('',*,*,#8372,.T.);
#5799=ORIENTED_EDGE('',*,*,#8531,.T.);
#5800=ORIENTED_EDGE('',*,*,#8380,.T.);
#5801=ORIENTED_EDGE('',*,*,#8532,.T.);
#5802=ORIENTED_EDGE('',*,*,#8215,.F.);
#5803=ORIENTED_EDGE('',*,*,#8533,.T.);
#5804=ORIENTED_EDGE('',*,*,#8378,.T.);
#5805=ORIENTED_EDGE('',*,*,#8534,.T.);
#5806=ORIENTED_EDGE('',*,*,#8217,.F.);
#5807=ORIENTED_EDGE('',*,*,#8535,.T.);
#5808=ORIENTED_EDGE('',*,*,#8376,.T.);
#5809=ORIENTED_EDGE('',*,*,#8536,.T.);
#5810=ORIENTED_EDGE('',*,*,#8209,.F.);
#5811=ORIENTED_EDGE('',*,*,#8537,.T.);
#5812=ORIENTED_EDGE('',*,*,#8374,.T.);
#5813=ORIENTED_EDGE('',*,*,#8538,.T.);
#5814=ORIENTED_EDGE('',*,*,#8211,.F.);
#5815=ORIENTED_EDGE('',*,*,#8539,.T.);
#5816=ORIENTED_EDGE('',*,*,#8203,.F.);
#5817=ORIENTED_EDGE('',*,*,#8540,.T.);
#5818=ORIENTED_EDGE('',*,*,#8362,.T.);
#5819=ORIENTED_EDGE('',*,*,#8541,.T.);
#5820=ORIENTED_EDGE('',*,*,#8370,.T.);
#5821=ORIENTED_EDGE('',*,*,#8542,.T.);
#5822=ORIENTED_EDGE('',*,*,#8205,.F.);
#5823=ORIENTED_EDGE('',*,*,#8543,.T.);
#5824=ORIENTED_EDGE('',*,*,#8368,.T.);
#5825=ORIENTED_EDGE('',*,*,#8544,.T.);
#5826=ORIENTED_EDGE('',*,*,#8207,.F.);
#5827=ORIENTED_EDGE('',*,*,#8545,.T.);
#5828=ORIENTED_EDGE('',*,*,#8366,.T.);
#5829=ORIENTED_EDGE('',*,*,#8546,.T.);
#5830=ORIENTED_EDGE('',*,*,#8199,.F.);
#5831=ORIENTED_EDGE('',*,*,#8547,.T.);
#5832=ORIENTED_EDGE('',*,*,#8364,.T.);
#5833=ORIENTED_EDGE('',*,*,#8548,.T.);
#5834=ORIENTED_EDGE('',*,*,#8201,.F.);
#5835=ORIENTED_EDGE('',*,*,#8549,.T.);
#5836=ORIENTED_EDGE('',*,*,#8194,.F.);
#5837=ORIENTED_EDGE('',*,*,#8550,.T.);
#5838=ORIENTED_EDGE('',*,*,#8353,.T.);
#5839=ORIENTED_EDGE('',*,*,#8551,.T.);
#5840=ORIENTED_EDGE('',*,*,#8196,.F.);
#5841=ORIENTED_EDGE('',*,*,#8552,.T.);
#5842=ORIENTED_EDGE('',*,*,#8360,.T.);
#5843=ORIENTED_EDGE('',*,*,#8553,.F.);
#5844=ORIENTED_EDGE('',*,*,#8359,.T.);
#5845=ORIENTED_EDGE('',*,*,#8554,.T.);
#5846=ORIENTED_EDGE('',*,*,#8197,.F.);
#5847=ORIENTED_EDGE('',*,*,#8553,.T.);
#5848=ORIENTED_EDGE('',*,*,#8357,.T.);
#5849=ORIENTED_EDGE('',*,*,#8555,.T.);
#5850=ORIENTED_EDGE('',*,*,#8190,.F.);
#5851=ORIENTED_EDGE('',*,*,#8556,.T.);
#5852=ORIENTED_EDGE('',*,*,#8355,.T.);
#5853=ORIENTED_EDGE('',*,*,#8557,.T.);
#5854=ORIENTED_EDGE('',*,*,#8192,.F.);
#5855=ORIENTED_EDGE('',*,*,#8558,.T.);
#5856=ORIENTED_EDGE('',*,*,#8184,.F.);
#5857=ORIENTED_EDGE('',*,*,#8559,.T.);
#5858=ORIENTED_EDGE('',*,*,#8343,.T.);
#5859=ORIENTED_EDGE('',*,*,#8560,.T.);
#5860=ORIENTED_EDGE('',*,*,#8351,.T.);
#5861=ORIENTED_EDGE('',*,*,#8561,.T.);
#5862=ORIENTED_EDGE('',*,*,#8186,.F.);
#5863=ORIENTED_EDGE('',*,*,#8562,.T.);
#5864=ORIENTED_EDGE('',*,*,#8349,.T.);
#5865=ORIENTED_EDGE('',*,*,#8563,.T.);
#5866=ORIENTED_EDGE('',*,*,#8188,.F.);
#5867=ORIENTED_EDGE('',*,*,#8564,.T.);
#5868=ORIENTED_EDGE('',*,*,#8347,.T.);
#5869=ORIENTED_EDGE('',*,*,#8565,.T.);
#5870=ORIENTED_EDGE('',*,*,#8180,.F.);
#5871=ORIENTED_EDGE('',*,*,#8566,.T.);
#5872=ORIENTED_EDGE('',*,*,#8345,.T.);
#5873=ORIENTED_EDGE('',*,*,#8567,.T.);
#5874=ORIENTED_EDGE('',*,*,#8182,.F.);
#5875=ORIENTED_EDGE('',*,*,#8568,.T.);
#5876=ORIENTED_EDGE('',*,*,#8174,.F.);
#5877=ORIENTED_EDGE('',*,*,#8569,.T.);
#5878=ORIENTED_EDGE('',*,*,#8333,.T.);
#5879=ORIENTED_EDGE('',*,*,#8570,.T.);
#5880=ORIENTED_EDGE('',*,*,#8341,.T.);
#5881=ORIENTED_EDGE('',*,*,#8571,.T.);
#5882=ORIENTED_EDGE('',*,*,#8176,.F.);
#5883=ORIENTED_EDGE('',*,*,#8572,.T.);
#5884=ORIENTED_EDGE('',*,*,#8339,.T.);
#5885=ORIENTED_EDGE('',*,*,#8573,.T.);
#5886=ORIENTED_EDGE('',*,*,#8178,.F.);
#5887=ORIENTED_EDGE('',*,*,#8574,.T.);
#5888=ORIENTED_EDGE('',*,*,#8337,.T.);
#5889=ORIENTED_EDGE('',*,*,#8575,.T.);
#5890=ORIENTED_EDGE('',*,*,#8170,.F.);
#5891=ORIENTED_EDGE('',*,*,#8576,.T.);
#5892=ORIENTED_EDGE('',*,*,#8335,.T.);
#5893=ORIENTED_EDGE('',*,*,#8577,.T.);
#5894=ORIENTED_EDGE('',*,*,#8172,.F.);
#5895=ORIENTED_EDGE('',*,*,#8578,.T.);
#5896=ORIENTED_EDGE('',*,*,#8161,.F.);
#5897=ORIENTED_EDGE('',*,*,#8579,.T.);
#5898=ORIENTED_EDGE('',*,*,#8322,.T.);
#5899=ORIENTED_EDGE('',*,*,#8580,.T.);
#5900=ORIENTED_EDGE('',*,*,#8331,.T.);
#5901=ORIENTED_EDGE('',*,*,#8581,.T.);
#5902=ORIENTED_EDGE('',*,*,#8163,.F.);
#5903=ORIENTED_EDGE('',*,*,#8582,.T.);
#5904=ORIENTED_EDGE('',*,*,#8165,.F.);
#5905=ORIENTED_EDGE('',*,*,#8583,.T.);
#5906=ORIENTED_EDGE('',*,*,#8329,.T.);
#5907=ORIENTED_EDGE('',*,*,#8584,.T.);
#5908=ORIENTED_EDGE('',*,*,#8327,.T.);
#5909=ORIENTED_EDGE('',*,*,#8585,.T.);
#5910=ORIENTED_EDGE('',*,*,#8167,.F.);
#5911=ORIENTED_EDGE('',*,*,#8586,.T.);
#5912=ORIENTED_EDGE('',*,*,#8169,.F.);
#5913=ORIENTED_EDGE('',*,*,#8587,.T.);
#5914=ORIENTED_EDGE('',*,*,#8325,.T.);
#5915=ORIENTED_EDGE('',*,*,#8588,.F.);
#5916=ORIENTED_EDGE('',*,*,#8324,.T.);
#5917=ORIENTED_EDGE('',*,*,#8589,.T.);
#5918=ORIENTED_EDGE('',*,*,#8159,.F.);
#5919=ORIENTED_EDGE('',*,*,#8588,.T.);
#5920=ORIENTED_EDGE('',*,*,#8153,.F.);
#5921=ORIENTED_EDGE('',*,*,#8590,.T.);
#5922=ORIENTED_EDGE('',*,*,#8312,.T.);
#5923=ORIENTED_EDGE('',*,*,#8591,.T.);
#5924=ORIENTED_EDGE('',*,*,#8320,.T.);
#5925=ORIENTED_EDGE('',*,*,#8592,.T.);
#5926=ORIENTED_EDGE('',*,*,#8155,.F.);
#5927=ORIENTED_EDGE('',*,*,#8593,.T.);
#5928=ORIENTED_EDGE('',*,*,#8318,.T.);
#5929=ORIENTED_EDGE('',*,*,#8594,.T.);
#5930=ORIENTED_EDGE('',*,*,#8157,.F.);
#5931=ORIENTED_EDGE('',*,*,#8595,.T.);
#5932=ORIENTED_EDGE('',*,*,#8316,.T.);
#5933=ORIENTED_EDGE('',*,*,#8596,.T.);
#5934=ORIENTED_EDGE('',*,*,#8149,.F.);
#5935=ORIENTED_EDGE('',*,*,#8597,.T.);
#5936=ORIENTED_EDGE('',*,*,#8314,.T.);
#5937=ORIENTED_EDGE('',*,*,#8598,.T.);
#5938=ORIENTED_EDGE('',*,*,#8151,.F.);
#5939=ORIENTED_EDGE('',*,*,#8599,.T.);
#5940=ORIENTED_EDGE('',*,*,#8144,.F.);
#5941=ORIENTED_EDGE('',*,*,#8600,.T.);
#5942=ORIENTED_EDGE('',*,*,#8303,.T.);
#5943=ORIENTED_EDGE('',*,*,#8601,.T.);
#5944=ORIENTED_EDGE('',*,*,#8146,.F.);
#5945=ORIENTED_EDGE('',*,*,#8602,.T.);
#5946=ORIENTED_EDGE('',*,*,#8310,.T.);
#5947=ORIENTED_EDGE('',*,*,#8603,.F.);
#5948=ORIENTED_EDGE('',*,*,#8309,.T.);
#5949=ORIENTED_EDGE('',*,*,#8604,.T.);
#5950=ORIENTED_EDGE('',*,*,#8147,.F.);
#5951=ORIENTED_EDGE('',*,*,#8603,.T.);
#5952=ORIENTED_EDGE('',*,*,#8307,.T.);
#5953=ORIENTED_EDGE('',*,*,#8605,.T.);
#5954=ORIENTED_EDGE('',*,*,#8140,.F.);
#5955=ORIENTED_EDGE('',*,*,#8606,.T.);
#5956=ORIENTED_EDGE('',*,*,#8305,.T.);
#5957=ORIENTED_EDGE('',*,*,#8607,.T.);
#5958=ORIENTED_EDGE('',*,*,#8142,.F.);
#5959=ORIENTED_EDGE('',*,*,#8608,.T.);
#5960=ORIENTED_EDGE('',*,*,#8134,.F.);
#5961=ORIENTED_EDGE('',*,*,#8609,.T.);
#5962=ORIENTED_EDGE('',*,*,#8293,.T.);
#5963=ORIENTED_EDGE('',*,*,#8610,.T.);
#5964=ORIENTED_EDGE('',*,*,#8301,.T.);
#5965=ORIENTED_EDGE('',*,*,#8611,.T.);
#5966=ORIENTED_EDGE('',*,*,#8136,.F.);
#5967=ORIENTED_EDGE('',*,*,#8612,.T.);
#5968=ORIENTED_EDGE('',*,*,#8299,.T.);
#5969=ORIENTED_EDGE('',*,*,#8613,.T.);
#5970=ORIENTED_EDGE('',*,*,#8138,.F.);
#5971=ORIENTED_EDGE('',*,*,#8614,.T.);
#5972=ORIENTED_EDGE('',*,*,#8297,.T.);
#5973=ORIENTED_EDGE('',*,*,#8615,.T.);
#5974=ORIENTED_EDGE('',*,*,#8130,.F.);
#5975=ORIENTED_EDGE('',*,*,#8616,.T.);
#5976=ORIENTED_EDGE('',*,*,#8295,.T.);
#5977=ORIENTED_EDGE('',*,*,#8617,.T.);
#5978=ORIENTED_EDGE('',*,*,#8132,.F.);
#5979=ORIENTED_EDGE('',*,*,#8618,.T.);
#5980=ORIENTED_EDGE('',*,*,#8224,.F.);
#5981=ORIENTED_EDGE('',*,*,#8521,.F.);
#5982=ORIENTED_EDGE('',*,*,#8390,.F.);
#5983=ORIENTED_EDGE('',*,*,#8523,.F.);
#5984=ORIENTED_EDGE('',*,*,#8164,.F.);
#5985=ORIENTED_EDGE('',*,*,#8581,.F.);
#5986=ORIENTED_EDGE('',*,*,#8330,.F.);
#5987=ORIENTED_EDGE('',*,*,#8583,.F.);
#5988=ORIENTED_EDGE('',*,*,#8133,.F.);
#5989=ORIENTED_EDGE('',*,*,#8617,.F.);
#5990=ORIENTED_EDGE('',*,*,#8294,.F.);
#5991=ORIENTED_EDGE('',*,*,#8609,.F.);
#5992=ORIENTED_EDGE('',*,*,#8131,.F.);
#5993=ORIENTED_EDGE('',*,*,#8615,.F.);
#5994=ORIENTED_EDGE('',*,*,#8296,.F.);
#5995=ORIENTED_EDGE('',*,*,#8618,.F.);
#5996=ORIENTED_EDGE('',*,*,#8139,.F.);
#5997=ORIENTED_EDGE('',*,*,#8613,.F.);
#5998=ORIENTED_EDGE('',*,*,#8298,.F.);
#5999=ORIENTED_EDGE('',*,*,#8616,.F.);
#6000=ORIENTED_EDGE('',*,*,#8137,.F.);
#6001=ORIENTED_EDGE('',*,*,#8611,.F.);
#6002=ORIENTED_EDGE('',*,*,#8300,.F.);
#6003=ORIENTED_EDGE('',*,*,#8614,.F.);
#6004=ORIENTED_EDGE('',*,*,#8135,.F.);
#6005=ORIENTED_EDGE('',*,*,#8610,.F.);
#6006=ORIENTED_EDGE('',*,*,#8302,.F.);
#6007=ORIENTED_EDGE('',*,*,#8612,.F.);
#6008=ORIENTED_EDGE('',*,*,#8143,.F.);
#6009=ORIENTED_EDGE('',*,*,#8607,.F.);
#6010=ORIENTED_EDGE('',*,*,#8304,.F.);
#6011=ORIENTED_EDGE('',*,*,#8600,.F.);
#6012=ORIENTED_EDGE('',*,*,#8141,.F.);
#6013=ORIENTED_EDGE('',*,*,#8605,.F.);
#6014=ORIENTED_EDGE('',*,*,#8306,.F.);
#6015=ORIENTED_EDGE('',*,*,#8608,.F.);
#6016=ORIENTED_EDGE('',*,*,#8148,.F.);
#6017=ORIENTED_EDGE('',*,*,#8604,.F.);
#6018=ORIENTED_EDGE('',*,*,#8308,.F.);
#6019=ORIENTED_EDGE('',*,*,#8606,.F.);
#6020=ORIENTED_EDGE('',*,*,#8145,.F.);
#6021=ORIENTED_EDGE('',*,*,#8601,.F.);
#6022=ORIENTED_EDGE('',*,*,#8311,.F.);
#6023=ORIENTED_EDGE('',*,*,#8602,.F.);
#6024=ORIENTED_EDGE('',*,*,#8152,.F.);
#6025=ORIENTED_EDGE('',*,*,#8598,.F.);
#6026=ORIENTED_EDGE('',*,*,#8313,.F.);
#6027=ORIENTED_EDGE('',*,*,#8590,.F.);
#6028=ORIENTED_EDGE('',*,*,#8150,.F.);
#6029=ORIENTED_EDGE('',*,*,#8596,.F.);
#6030=ORIENTED_EDGE('',*,*,#8315,.F.);
#6031=ORIENTED_EDGE('',*,*,#8599,.F.);
#6032=ORIENTED_EDGE('',*,*,#8158,.F.);
#6033=ORIENTED_EDGE('',*,*,#8594,.F.);
#6034=ORIENTED_EDGE('',*,*,#8317,.F.);
#6035=ORIENTED_EDGE('',*,*,#8597,.F.);
#6036=ORIENTED_EDGE('',*,*,#8156,.F.);
#6037=ORIENTED_EDGE('',*,*,#8592,.F.);
#6038=ORIENTED_EDGE('',*,*,#8319,.F.);
#6039=ORIENTED_EDGE('',*,*,#8595,.F.);
#6040=ORIENTED_EDGE('',*,*,#8154,.F.);
#6041=ORIENTED_EDGE('',*,*,#8591,.F.);
#6042=ORIENTED_EDGE('',*,*,#8321,.F.);
#6043=ORIENTED_EDGE('',*,*,#8593,.F.);
#6044=ORIENTED_EDGE('',*,*,#8160,.F.);
#6045=ORIENTED_EDGE('',*,*,#8589,.F.);
#6046=ORIENTED_EDGE('',*,*,#8323,.F.);
#6047=ORIENTED_EDGE('',*,*,#8579,.F.);
#6048=ORIENTED_EDGE('',*,*,#8168,.F.);
#6049=ORIENTED_EDGE('',*,*,#8585,.F.);
#6050=ORIENTED_EDGE('',*,*,#8326,.F.);
#6051=ORIENTED_EDGE('',*,*,#8587,.F.);
#6052=ORIENTED_EDGE('',*,*,#8166,.F.);
#6053=ORIENTED_EDGE('',*,*,#8584,.F.);
#6054=ORIENTED_EDGE('',*,*,#8328,.F.);
#6055=ORIENTED_EDGE('',*,*,#8586,.F.);
#6056=ORIENTED_EDGE('',*,*,#8162,.F.);
#6057=ORIENTED_EDGE('',*,*,#8580,.F.);
#6058=ORIENTED_EDGE('',*,*,#8332,.F.);
#6059=ORIENTED_EDGE('',*,*,#8582,.F.);
#6060=ORIENTED_EDGE('',*,*,#8173,.F.);
#6061=ORIENTED_EDGE('',*,*,#8577,.F.);
#6062=ORIENTED_EDGE('',*,*,#8334,.F.);
#6063=ORIENTED_EDGE('',*,*,#8569,.F.);
#6064=ORIENTED_EDGE('',*,*,#8171,.F.);
#6065=ORIENTED_EDGE('',*,*,#8575,.F.);
#6066=ORIENTED_EDGE('',*,*,#8336,.F.);
#6067=ORIENTED_EDGE('',*,*,#8578,.F.);
#6068=ORIENTED_EDGE('',*,*,#8179,.F.);
#6069=ORIENTED_EDGE('',*,*,#8573,.F.);
#6070=ORIENTED_EDGE('',*,*,#8338,.F.);
#6071=ORIENTED_EDGE('',*,*,#8576,.F.);
#6072=ORIENTED_EDGE('',*,*,#8177,.F.);
#6073=ORIENTED_EDGE('',*,*,#8571,.F.);
#6074=ORIENTED_EDGE('',*,*,#8340,.F.);
#6075=ORIENTED_EDGE('',*,*,#8574,.F.);
#6076=ORIENTED_EDGE('',*,*,#8175,.F.);
#6077=ORIENTED_EDGE('',*,*,#8570,.F.);
#6078=ORIENTED_EDGE('',*,*,#8342,.F.);
#6079=ORIENTED_EDGE('',*,*,#8572,.F.);
#6080=ORIENTED_EDGE('',*,*,#8183,.F.);
#6081=ORIENTED_EDGE('',*,*,#8567,.F.);
#6082=ORIENTED_EDGE('',*,*,#8344,.F.);
#6083=ORIENTED_EDGE('',*,*,#8559,.F.);
#6084=ORIENTED_EDGE('',*,*,#8181,.F.);
#6085=ORIENTED_EDGE('',*,*,#8565,.F.);
#6086=ORIENTED_EDGE('',*,*,#8346,.F.);
#6087=ORIENTED_EDGE('',*,*,#8568,.F.);
#6088=ORIENTED_EDGE('',*,*,#8189,.F.);
#6089=ORIENTED_EDGE('',*,*,#8563,.F.);
#6090=ORIENTED_EDGE('',*,*,#8348,.F.);
#6091=ORIENTED_EDGE('',*,*,#8566,.F.);
#6092=ORIENTED_EDGE('',*,*,#8187,.F.);
#6093=ORIENTED_EDGE('',*,*,#8561,.F.);
#6094=ORIENTED_EDGE('',*,*,#8350,.F.);
#6095=ORIENTED_EDGE('',*,*,#8564,.F.);
#6096=ORIENTED_EDGE('',*,*,#8185,.F.);
#6097=ORIENTED_EDGE('',*,*,#8560,.F.);
#6098=ORIENTED_EDGE('',*,*,#8352,.F.);
#6099=ORIENTED_EDGE('',*,*,#8562,.F.);
#6100=ORIENTED_EDGE('',*,*,#8193,.F.);
#6101=ORIENTED_EDGE('',*,*,#8557,.F.);
#6102=ORIENTED_EDGE('',*,*,#8354,.F.);
#6103=ORIENTED_EDGE('',*,*,#8550,.F.);
#6104=ORIENTED_EDGE('',*,*,#8191,.F.);
#6105=ORIENTED_EDGE('',*,*,#8555,.F.);
#6106=ORIENTED_EDGE('',*,*,#8356,.F.);
#6107=ORIENTED_EDGE('',*,*,#8558,.F.);
#6108=ORIENTED_EDGE('',*,*,#8198,.F.);
#6109=ORIENTED_EDGE('',*,*,#8554,.F.);
#6110=ORIENTED_EDGE('',*,*,#8358,.F.);
#6111=ORIENTED_EDGE('',*,*,#8556,.F.);
#6112=ORIENTED_EDGE('',*,*,#8195,.F.);
#6113=ORIENTED_EDGE('',*,*,#8551,.F.);
#6114=ORIENTED_EDGE('',*,*,#8361,.F.);
#6115=ORIENTED_EDGE('',*,*,#8552,.F.);
#6116=ORIENTED_EDGE('',*,*,#8202,.F.);
#6117=ORIENTED_EDGE('',*,*,#8548,.F.);
#6118=ORIENTED_EDGE('',*,*,#8363,.F.);
#6119=ORIENTED_EDGE('',*,*,#8540,.F.);
#6120=ORIENTED_EDGE('',*,*,#8200,.F.);
#6121=ORIENTED_EDGE('',*,*,#8546,.F.);
#6122=ORIENTED_EDGE('',*,*,#8365,.F.);
#6123=ORIENTED_EDGE('',*,*,#8549,.F.);
#6124=ORIENTED_EDGE('',*,*,#8208,.F.);
#6125=ORIENTED_EDGE('',*,*,#8544,.F.);
#6126=ORIENTED_EDGE('',*,*,#8367,.F.);
#6127=ORIENTED_EDGE('',*,*,#8547,.F.);
#6128=ORIENTED_EDGE('',*,*,#8206,.F.);
#6129=ORIENTED_EDGE('',*,*,#8542,.F.);
#6130=ORIENTED_EDGE('',*,*,#8369,.F.);
#6131=ORIENTED_EDGE('',*,*,#8545,.F.);
#6132=ORIENTED_EDGE('',*,*,#8204,.F.);
#6133=ORIENTED_EDGE('',*,*,#8541,.F.);
#6134=ORIENTED_EDGE('',*,*,#8371,.F.);
#6135=ORIENTED_EDGE('',*,*,#8543,.F.);
#6136=ORIENTED_EDGE('',*,*,#8212,.F.);
#6137=ORIENTED_EDGE('',*,*,#8538,.F.);
#6138=ORIENTED_EDGE('',*,*,#8373,.F.);
#6139=ORIENTED_EDGE('',*,*,#8530,.F.);
#6140=ORIENTED_EDGE('',*,*,#8210,.F.);
#6141=ORIENTED_EDGE('',*,*,#8536,.F.);
#6142=ORIENTED_EDGE('',*,*,#8375,.F.);
#6143=ORIENTED_EDGE('',*,*,#8539,.F.);
#6144=ORIENTED_EDGE('',*,*,#8218,.F.);
#6145=ORIENTED_EDGE('',*,*,#8534,.F.);
#6146=ORIENTED_EDGE('',*,*,#8377,.F.);
#6147=ORIENTED_EDGE('',*,*,#8537,.F.);
#6148=ORIENTED_EDGE('',*,*,#8216,.F.);
#6149=ORIENTED_EDGE('',*,*,#8532,.F.);
#6150=ORIENTED_EDGE('',*,*,#8379,.F.);
#6151=ORIENTED_EDGE('',*,*,#8535,.F.);
#6152=ORIENTED_EDGE('',*,*,#8214,.F.);
#6153=ORIENTED_EDGE('',*,*,#8531,.F.);
#6154=ORIENTED_EDGE('',*,*,#8381,.F.);
#6155=ORIENTED_EDGE('',*,*,#8533,.F.);
#6156=ORIENTED_EDGE('',*,*,#8220,.F.);
#6157=ORIENTED_EDGE('',*,*,#8529,.F.);
#6158=ORIENTED_EDGE('',*,*,#8383,.F.);
#6159=ORIENTED_EDGE('',*,*,#8519,.F.);
#6160=ORIENTED_EDGE('',*,*,#8228,.F.);
#6161=ORIENTED_EDGE('',*,*,#8525,.F.);
#6162=ORIENTED_EDGE('',*,*,#8386,.F.);
#6163=ORIENTED_EDGE('',*,*,#8527,.F.);
#6164=ORIENTED_EDGE('',*,*,#8226,.F.);
#6165=ORIENTED_EDGE('',*,*,#8524,.F.);
#6166=ORIENTED_EDGE('',*,*,#8388,.F.);
#6167=ORIENTED_EDGE('',*,*,#8526,.F.);
#6168=ORIENTED_EDGE('',*,*,#8222,.F.);
#6169=ORIENTED_EDGE('',*,*,#8520,.F.);
#6170=ORIENTED_EDGE('',*,*,#8392,.F.);
#6171=ORIENTED_EDGE('',*,*,#8522,.F.);
#6172=ORIENTED_EDGE('',*,*,#8619,.T.);
#6173=ORIENTED_EDGE('',*,*,#8292,.T.);
#6174=ORIENTED_EDGE('',*,*,#8620,.T.);
#6175=ORIENTED_EDGE('',*,*,#8291,.T.);
#6176=ORIENTED_EDGE('',*,*,#8290,.F.);
#6177=ORIENTED_EDGE('',*,*,#8129,.F.);
#6178=ORIENTED_EDGE('',*,*,#8289,.F.);
#6179=ORIENTED_EDGE('',*,*,#8128,.F.);
#6180=ORIENTED_EDGE('',*,*,#8621,.T.);
#6181=ORIENTED_EDGE('',*,*,#8288,.F.);
#6182=ORIENTED_EDGE('',*,*,#8621,.F.);
#6183=ORIENTED_EDGE('',*,*,#8117,.F.);
#6184=ORIENTED_EDGE('',*,*,#8474,.F.);
#6185=ORIENTED_EDGE('',*,*,#8118,.F.);
#6186=ORIENTED_EDGE('',*,*,#8473,.F.);
#6187=ORIENTED_EDGE('',*,*,#8119,.F.);
#6188=ORIENTED_EDGE('',*,*,#8472,.F.);
#6189=ORIENTED_EDGE('',*,*,#8120,.F.);
#6190=ORIENTED_EDGE('',*,*,#8475,.F.);
#6191=ORIENTED_EDGE('',*,*,#8121,.F.);
#6192=ORIENTED_EDGE('',*,*,#8476,.F.);
#6193=ORIENTED_EDGE('',*,*,#8122,.F.);
#6194=ORIENTED_EDGE('',*,*,#8471,.F.);
#6195=ORIENTED_EDGE('',*,*,#8123,.F.);
#6196=ORIENTED_EDGE('',*,*,#8620,.F.);
#6197=ORIENTED_EDGE('',*,*,#8124,.F.);
#6198=ORIENTED_EDGE('',*,*,#8619,.F.);
#6199=ORIENTED_EDGE('',*,*,#8125,.F.);
#6200=ORIENTED_EDGE('',*,*,#8477,.F.);
#6201=ORIENTED_EDGE('',*,*,#8126,.F.);
#6202=ORIENTED_EDGE('',*,*,#8478,.F.);
#6203=ORIENTED_EDGE('',*,*,#8127,.F.);
#6204=VERTEX_POINT('',#14525);
#6205=VERTEX_POINT('',#14526);
#6206=VERTEX_POINT('',#14528);
#6207=VERTEX_POINT('',#14530);
#6208=VERTEX_POINT('',#14534);
#6209=VERTEX_POINT('',#14535);
#6210=VERTEX_POINT('',#14537);
#6211=VERTEX_POINT('',#14539);
#6212=VERTEX_POINT('',#14543);
#6213=VERTEX_POINT('',#14544);
#6214=VERTEX_POINT('',#14546);
#6215=VERTEX_POINT('',#14548);
#6216=VERTEX_POINT('',#14552);
#6217=VERTEX_POINT('',#14553);
#6218=VERTEX_POINT('',#14555);
#6219=VERTEX_POINT('',#14557);
#6220=VERTEX_POINT('',#14561);
#6221=VERTEX_POINT('',#14562);
#6222=VERTEX_POINT('',#14564);
#6223=VERTEX_POINT('',#14566);
#6224=VERTEX_POINT('',#14570);
#6225=VERTEX_POINT('',#14572);
#6226=VERTEX_POINT('',#14576);
#6227=VERTEX_POINT('',#14578);
#6228=VERTEX_POINT('',#14582);
#6229=VERTEX_POINT('',#14584);
#6230=VERTEX_POINT('',#14588);
#6231=VERTEX_POINT('',#14590);
#6232=VERTEX_POINT('',#14594);
#6233=VERTEX_POINT('',#14596);
#6234=VERTEX_POINT('',#14600);
#6235=VERTEX_POINT('',#14602);
#6236=VERTEX_POINT('',#14606);
#6237=VERTEX_POINT('',#14608);
#6238=VERTEX_POINT('',#14612);
#6239=VERTEX_POINT('',#14614);
#6240=VERTEX_POINT('',#14618);
#6241=VERTEX_POINT('',#14620);
#6242=VERTEX_POINT('',#14624);
#6243=VERTEX_POINT('',#14626);
#6244=VERTEX_POINT('',#14630);
#6245=VERTEX_POINT('',#14632);
#6246=VERTEX_POINT('',#14636);
#6247=VERTEX_POINT('',#14638);
#6248=VERTEX_POINT('',#14642);
#6249=VERTEX_POINT('',#14644);
#6250=VERTEX_POINT('',#14648);
#6251=VERTEX_POINT('',#14650);
#6252=VERTEX_POINT('',#14654);
#6253=VERTEX_POINT('',#14656);
#6254=VERTEX_POINT('',#14660);
#6255=VERTEX_POINT('',#14662);
#6256=VERTEX_POINT('',#14666);
#6257=VERTEX_POINT('',#14668);
#6258=VERTEX_POINT('',#14672);
#6259=VERTEX_POINT('',#14674);
#6260=VERTEX_POINT('',#14678);
#6261=VERTEX_POINT('',#14680);
#6262=VERTEX_POINT('',#14684);
#6263=VERTEX_POINT('',#14686);
#6264=VERTEX_POINT('',#14690);
#6265=VERTEX_POINT('',#14692);
#6266=VERTEX_POINT('',#14696);
#6267=VERTEX_POINT('',#14698);
#6268=VERTEX_POINT('',#14702);
#6269=VERTEX_POINT('',#14704);
#6270=VERTEX_POINT('',#14707);
#6271=VERTEX_POINT('',#14709);
#6272=VERTEX_POINT('',#14712);
#6273=VERTEX_POINT('',#14714);
#6274=VERTEX_POINT('',#14717);
#6275=VERTEX_POINT('',#14719);
#6276=VERTEX_POINT('',#14722);
#6277=VERTEX_POINT('',#14724);
#6278=VERTEX_POINT('',#14727);
#6279=VERTEX_POINT('',#14729);
#6280=VERTEX_POINT('',#14732);
#6281=VERTEX_POINT('',#14734);
#6282=VERTEX_POINT('',#14737);
#6283=VERTEX_POINT('',#14739);
#6284=VERTEX_POINT('',#14745);
#6285=VERTEX_POINT('',#14746);
#6286=VERTEX_POINT('',#14748);
#6287=VERTEX_POINT('',#14750);
#6288=VERTEX_POINT('',#14752);
#6289=VERTEX_POINT('',#14754);
#6290=VERTEX_POINT('',#14756);
#6291=VERTEX_POINT('',#14758);
#6292=VERTEX_POINT('',#14760);
#6293=VERTEX_POINT('',#14762);
#6294=VERTEX_POINT('',#14764);
#6295=VERTEX_POINT('',#14766);
#6296=VERTEX_POINT('',#14768);
#6297=VERTEX_POINT('',#14770);
#6298=VERTEX_POINT('',#14772);
#6299=VERTEX_POINT('',#14774);
#6300=VERTEX_POINT('',#14776);
#6301=VERTEX_POINT('',#14778);
#6302=VERTEX_POINT('',#14780);
#6303=VERTEX_POINT('',#14782);
#6304=VERTEX_POINT('',#14784);
#6305=VERTEX_POINT('',#14786);
#6306=VERTEX_POINT('',#14788);
#6307=VERTEX_POINT('',#14790);
#6308=VERTEX_POINT('',#14793);
#6309=VERTEX_POINT('',#14795);
#6310=VERTEX_POINT('',#14798);
#6311=VERTEX_POINT('',#14800);
#6312=VERTEX_POINT('',#14803);
#6313=VERTEX_POINT('',#14805);
#6314=VERTEX_POINT('',#14808);
#6315=VERTEX_POINT('',#14810);
#6316=VERTEX_POINT('',#14814);
#6317=VERTEX_POINT('',#14816);
#6318=VERTEX_POINT('',#14819);
#6319=VERTEX_POINT('',#14821);
#6320=VERTEX_POINT('',#14824);
#6321=VERTEX_POINT('',#14826);
#6322=VERTEX_POINT('',#14829);
#6323=VERTEX_POINT('',#14831);
#6324=VERTEX_POINT('',#14903);
#6325=VERTEX_POINT('',#14904);
#6326=VERTEX_POINT('',#14906);
#6327=VERTEX_POINT('',#14908);
#6328=VERTEX_POINT('',#14912);
#6329=VERTEX_POINT('',#14914);
#6330=VERTEX_POINT('',#14918);
#6331=VERTEX_POINT('',#14920);
#6332=VERTEX_POINT('',#14924);
#6333=VERTEX_POINT('',#14926);
#6334=VERTEX_POINT('',#14930);
#6335=VERTEX_POINT('',#14932);
#6336=VERTEX_POINT('',#14936);
#6337=VERTEX_POINT('',#14938);
#6338=VERTEX_POINT('',#14942);
#6339=VERTEX_POINT('',#14944);
#6340=VERTEX_POINT('',#14948);
#6341=VERTEX_POINT('',#14950);
#6342=VERTEX_POINT('',#14954);
#6343=VERTEX_POINT('',#14956);
#6344=VERTEX_POINT('',#14960);
#6345=VERTEX_POINT('',#14962);
#6346=VERTEX_POINT('',#14966);
#6347=VERTEX_POINT('',#14968);
#6348=VERTEX_POINT('',#14972);
#6349=VERTEX_POINT('',#14974);
#6350=VERTEX_POINT('',#14978);
#6351=VERTEX_POINT('',#14980);
#6352=VERTEX_POINT('',#14984);
#6353=VERTEX_POINT('',#14986);
#6354=VERTEX_POINT('',#14990);
#6355=VERTEX_POINT('',#14992);
#6356=VERTEX_POINT('',#14996);
#6357=VERTEX_POINT('',#14997);
#6358=VERTEX_POINT('',#14999);
#6359=VERTEX_POINT('',#15001);
#6360=VERTEX_POINT('',#15005);
#6361=VERTEX_POINT('',#15007);
#6362=VERTEX_POINT('',#15011);
#6363=VERTEX_POINT('',#15013);
#6364=VERTEX_POINT('',#15017);
#6365=VERTEX_POINT('',#15019);
#6366=VERTEX_POINT('',#15023);
#6367=VERTEX_POINT('',#15025);
#6368=VERTEX_POINT('',#15029);
#6369=VERTEX_POINT('',#15031);
#6370=VERTEX_POINT('',#15035);
#6371=VERTEX_POINT('',#15037);
#6372=VERTEX_POINT('',#15041);
#6373=VERTEX_POINT('',#15043);
#6374=VERTEX_POINT('',#15047);
#6375=VERTEX_POINT('',#15049);
#6376=VERTEX_POINT('',#15053);
#6377=VERTEX_POINT('',#15055);
#6378=VERTEX_POINT('',#15059);
#6379=VERTEX_POINT('',#15061);
#6380=VERTEX_POINT('',#15065);
#6381=VERTEX_POINT('',#15067);
#6382=VERTEX_POINT('',#15071);
#6383=VERTEX_POINT('',#15073);
#6384=VERTEX_POINT('',#15077);
#6385=VERTEX_POINT('',#15079);
#6386=VERTEX_POINT('',#15083);
#6387=VERTEX_POINT('',#15085);
#6388=VERTEX_POINT('',#15089);
#6389=VERTEX_POINT('',#15091);
#6390=VERTEX_POINT('',#15095);
#6391=VERTEX_POINT('',#15097);
#6392=VERTEX_POINT('',#15101);
#6393=VERTEX_POINT('',#15103);
#6394=VERTEX_POINT('',#15107);
#6395=VERTEX_POINT('',#15109);
#6396=VERTEX_POINT('',#15113);
#6397=VERTEX_POINT('',#15115);
#6398=VERTEX_POINT('',#15119);
#6399=VERTEX_POINT('',#15121);
#6400=VERTEX_POINT('',#15125);
#6401=VERTEX_POINT('',#15127);
#6402=VERTEX_POINT('',#15131);
#6403=VERTEX_POINT('',#15133);
#6404=VERTEX_POINT('',#15137);
#6405=VERTEX_POINT('',#15139);
#6406=VERTEX_POINT('',#15142);
#6407=VERTEX_POINT('',#15144);
#6408=VERTEX_POINT('',#15147);
#6409=VERTEX_POINT('',#15149);
#6410=VERTEX_POINT('',#15152);
#6411=VERTEX_POINT('',#15154);
#6412=VERTEX_POINT('',#15157);
#6413=VERTEX_POINT('',#15159);
#6414=VERTEX_POINT('',#15162);
#6415=VERTEX_POINT('',#15164);
#6416=VERTEX_POINT('',#15167);
#6417=VERTEX_POINT('',#15169);
#6418=VERTEX_POINT('',#15178);
#6419=VERTEX_POINT('',#15180);
#6420=VERTEX_POINT('',#15183);
#6421=VERTEX_POINT('',#15184);
#6422=VERTEX_POINT('',#15186);
#6423=VERTEX_POINT('',#15188);
#6424=VERTEX_POINT('',#15190);
#6425=VERTEX_POINT('',#15192);
#6426=VERTEX_POINT('',#15194);
#6427=VERTEX_POINT('',#15196);
#6428=VERTEX_POINT('',#15198);
#6429=VERTEX_POINT('',#15200);
#6430=VERTEX_POINT('',#15202);
#6431=VERTEX_POINT('',#15204);
#6432=VERTEX_POINT('',#15206);
#6433=VERTEX_POINT('',#15208);
#6434=VERTEX_POINT('',#15210);
#6435=VERTEX_POINT('',#15212);
#6436=VERTEX_POINT('',#15214);
#6437=VERTEX_POINT('',#15216);
#6438=VERTEX_POINT('',#15218);
#6439=VERTEX_POINT('',#15220);
#6440=VERTEX_POINT('',#15222);
#6441=VERTEX_POINT('',#15224);
#6442=VERTEX_POINT('',#15226);
#6443=VERTEX_POINT('',#15228);
#6444=VERTEX_POINT('',#15281);
#6445=VERTEX_POINT('',#15282);
#6446=VERTEX_POINT('',#15284);
#6447=VERTEX_POINT('',#15286);
#6448=VERTEX_POINT('',#15288);
#6449=VERTEX_POINT('',#15290);
#6450=VERTEX_POINT('',#15292);
#6451=VERTEX_POINT('',#15294);
#6452=VERTEX_POINT('',#15297);
#6453=VERTEX_POINT('',#15298);
#6454=VERTEX_POINT('',#15300);
#6455=VERTEX_POINT('',#15302);
#6456=VERTEX_POINT('',#15304);
#6457=VERTEX_POINT('',#15306);
#6458=VERTEX_POINT('',#15308);
#6459=VERTEX_POINT('',#15310);
#6460=VERTEX_POINT('',#15313);
#6461=VERTEX_POINT('',#15314);
#6462=VERTEX_POINT('',#15316);
#6463=VERTEX_POINT('',#15318);
#6464=VERTEX_POINT('',#15320);
#6465=VERTEX_POINT('',#15322);
#6466=VERTEX_POINT('',#15324);
#6467=VERTEX_POINT('',#15326);
#6468=VERTEX_POINT('',#15328);
#6469=VERTEX_POINT('',#15330);
#6470=VERTEX_POINT('',#15332);
#6471=VERTEX_POINT('',#15334);
#6472=VERTEX_POINT('',#15336);
#6473=VERTEX_POINT('',#15338);
#6474=VERTEX_POINT('',#15340);
#6475=VERTEX_POINT('',#15343);
#6476=VERTEX_POINT('',#15344);
#6477=VERTEX_POINT('',#15346);
#6478=VERTEX_POINT('',#15348);
#6479=VERTEX_POINT('',#15350);
#6480=VERTEX_POINT('',#15352);
#6481=VERTEX_POINT('',#15354);
#6482=VERTEX_POINT('',#15356);
#6483=VERTEX_POINT('',#15358);
#6484=VERTEX_POINT('',#15360);
#6485=VERTEX_POINT('',#15363);
#6486=VERTEX_POINT('',#15364);
#6487=VERTEX_POINT('',#15366);
#6488=VERTEX_POINT('',#15368);
#6489=VERTEX_POINT('',#15370);
#6490=VERTEX_POINT('',#15372);
#6491=VERTEX_POINT('',#15375);
#6492=VERTEX_POINT('',#15377);
#6493=VERTEX_POINT('',#15379);
#6494=VERTEX_POINT('',#15381);
#6495=VERTEX_POINT('',#15383);
#6496=VERTEX_POINT('',#15385);
#6497=VERTEX_POINT('',#15387);
#6498=VERTEX_POINT('',#15389);
#6499=VERTEX_POINT('',#15391);
#6500=VERTEX_POINT('',#15393);
#6501=VERTEX_POINT('',#15395);
#6502=VERTEX_POINT('',#15397);
#6503=VERTEX_POINT('',#15399);
#6504=VERTEX_POINT('',#15401);
#6505=VERTEX_POINT('',#15403);
#6506=VERTEX_POINT('',#15405);
#6507=VERTEX_POINT('',#15407);
#6508=VERTEX_POINT('',#15409);
#6509=VERTEX_POINT('',#15411);
#6510=VERTEX_POINT('',#15413);
#6511=VERTEX_POINT('',#15415);
#6512=VERTEX_POINT('',#15417);
#6513=VERTEX_POINT('',#15419);
#6514=VERTEX_POINT('',#15421);
#6515=VERTEX_POINT('',#15423);
#6516=VERTEX_POINT('',#15424);
#6517=VERTEX_POINT('',#15426);
#6518=VERTEX_POINT('',#15428);
#6519=VERTEX_POINT('',#15430);
#6520=VERTEX_POINT('',#15432);
#6521=VERTEX_POINT('',#15434);
#6522=VERTEX_POINT('',#15436);
#6523=VERTEX_POINT('',#15438);
#6524=VERTEX_POINT('',#15440);
#6525=VERTEX_POINT('',#15442);
#6526=VERTEX_POINT('',#15444);
#6527=VERTEX_POINT('',#15446);
#6528=VERTEX_POINT('',#15448);
#6529=VERTEX_POINT('',#15450);
#6530=VERTEX_POINT('',#15453);
#6531=VERTEX_POINT('',#15454);
#6532=VERTEX_POINT('',#15456);
#6533=VERTEX_POINT('',#15458);
#6534=VERTEX_POINT('',#15460);
#6535=VERTEX_POINT('',#15462);
#6536=VERTEX_POINT('',#15464);
#6537=VERTEX_POINT('',#15466);
#6538=VERTEX_POINT('',#15469);
#6539=VERTEX_POINT('',#15470);
#6540=VERTEX_POINT('',#15472);
#6541=VERTEX_POINT('',#15474);
#6542=VERTEX_POINT('',#15476);
#6543=VERTEX_POINT('',#15478);
#6544=VERTEX_POINT('',#15481);
#6545=VERTEX_POINT('',#15482);
#6546=VERTEX_POINT('',#15484);
#6547=VERTEX_POINT('',#15486);
#6548=VERTEX_POINT('',#15488);
#6549=VERTEX_POINT('',#15490);
#6550=VERTEX_POINT('',#15492);
#6551=VERTEX_POINT('',#15494);
#6552=VERTEX_POINT('',#15496);
#6553=VERTEX_POINT('',#15498);
#6554=VERTEX_POINT('',#15501);
#6555=VERTEX_POINT('',#15502);
#6556=VERTEX_POINT('',#15504);
#6557=VERTEX_POINT('',#15506);
#6558=VERTEX_POINT('',#15508);
#6559=VERTEX_POINT('',#15510);
#6560=VERTEX_POINT('',#15513);
#6561=VERTEX_POINT('',#15514);
#6562=VERTEX_POINT('',#15516);
#6563=VERTEX_POINT('',#15518);
#6564=VERTEX_POINT('',#15520);
#6565=VERTEX_POINT('',#15522);
#6566=VERTEX_POINT('',#15524);
#6567=VERTEX_POINT('',#15526);
#6568=VERTEX_POINT('',#15529);
#6569=VERTEX_POINT('',#15531);
#6570=VERTEX_POINT('',#15532);
#6571=VERTEX_POINT('',#15534);
#6572=VERTEX_POINT('',#15536);
#6573=VERTEX_POINT('',#15538);
#6574=VERTEX_POINT('',#15540);
#6575=VERTEX_POINT('',#15542);
#6576=VERTEX_POINT('',#15544);
#6577=VERTEX_POINT('',#15546);
#6578=VERTEX_POINT('',#15548);
#6579=VERTEX_POINT('',#15550);
#6580=VERTEX_POINT('',#15552);
#6581=VERTEX_POINT('',#15554);
#6582=VERTEX_POINT('',#15556);
#6583=VERTEX_POINT('',#15558);
#6584=VERTEX_POINT('',#15560);
#6585=VERTEX_POINT('',#15562);
#6586=VERTEX_POINT('',#15564);
#6587=VERTEX_POINT('',#15566);
#6588=VERTEX_POINT('',#15568);
#6589=VERTEX_POINT('',#15570);
#6590=VERTEX_POINT('',#15572);
#6591=VERTEX_POINT('',#15574);
#6592=VERTEX_POINT('',#15576);
#6593=VERTEX_POINT('',#15578);
#6594=VERTEX_POINT('',#15580);
#6595=VERTEX_POINT('',#15582);
#6596=VERTEX_POINT('',#15584);
#6597=VERTEX_POINT('',#15588);
#6598=VERTEX_POINT('',#15590);
#6599=VERTEX_POINT('',#15594);
#6600=VERTEX_POINT('',#15596);
#6601=VERTEX_POINT('',#15598);
#6602=VERTEX_POINT('',#15600);
#6603=VERTEX_POINT('',#15602);
#6604=VERTEX_POINT('',#15604);
#6605=VERTEX_POINT('',#15606);
#6606=VERTEX_POINT('',#15608);
#6607=VERTEX_POINT('',#15610);
#6608=VERTEX_POINT('',#15612);
#6609=VERTEX_POINT('',#15614);
#6610=VERTEX_POINT('',#15616);
#6611=VERTEX_POINT('',#15618);
#6612=VERTEX_POINT('',#15620);
#6613=VERTEX_POINT('',#15622);
#6614=VERTEX_POINT('',#15624);
#6615=VERTEX_POINT('',#15626);
#6616=VERTEX_POINT('',#15628);
#6617=VERTEX_POINT('',#15630);
#6618=VERTEX_POINT('',#15632);
#6619=VERTEX_POINT('',#15634);
#6620=VERTEX_POINT('',#15636);
#6621=VERTEX_POINT('',#15638);
#6622=VERTEX_POINT('',#15640);
#6623=VERTEX_POINT('',#15642);
#6624=VERTEX_POINT('',#15644);
#6625=VERTEX_POINT('',#15647);
#6626=VERTEX_POINT('',#15649);
#6627=VERTEX_POINT('',#15650);
#6628=VERTEX_POINT('',#15652);
#6629=VERTEX_POINT('',#15654);
#6630=VERTEX_POINT('',#15656);
#6631=VERTEX_POINT('',#15658);
#6632=VERTEX_POINT('',#15660);
#6633=VERTEX_POINT('',#15662);
#6634=VERTEX_POINT('',#15665);
#6635=VERTEX_POINT('',#15666);
#6636=VERTEX_POINT('',#15668);
#6637=VERTEX_POINT('',#15670);
#6638=VERTEX_POINT('',#15672);
#6639=VERTEX_POINT('',#15674);
#6640=VERTEX_POINT('',#15677);
#6641=VERTEX_POINT('',#15678);
#6642=VERTEX_POINT('',#15680);
#6643=VERTEX_POINT('',#15682);
#6644=VERTEX_POINT('',#15684);
#6645=VERTEX_POINT('',#15686);
#6646=VERTEX_POINT('',#15688);
#6647=VERTEX_POINT('',#15690);
#6648=VERTEX_POINT('',#15692);
#6649=VERTEX_POINT('',#15694);
#6650=VERTEX_POINT('',#15697);
#6651=VERTEX_POINT('',#15698);
#6652=VERTEX_POINT('',#15700);
#6653=VERTEX_POINT('',#15702);
#6654=VERTEX_POINT('',#15704);
#6655=VERTEX_POINT('',#15706);
#6656=VERTEX_POINT('',#15709);
#6657=VERTEX_POINT('',#15710);
#6658=VERTEX_POINT('',#15712);
#6659=VERTEX_POINT('',#15714);
#6660=VERTEX_POINT('',#15716);
#6661=VERTEX_POINT('',#15718);
#6662=VERTEX_POINT('',#15720);
#6663=VERTEX_POINT('',#15722);
#6664=VERTEX_POINT('',#15725);
#6665=VERTEX_POINT('',#15726);
#6666=VERTEX_POINT('',#15728);
#6667=VERTEX_POINT('',#15730);
#6668=VERTEX_POINT('',#15732);
#6669=VERTEX_POINT('',#15734);
#6670=VERTEX_POINT('',#15736);
#6671=VERTEX_POINT('',#15738);
#6672=VERTEX_POINT('',#15740);
#6673=VERTEX_POINT('',#15742);
#6674=VERTEX_POINT('',#15744);
#6675=VERTEX_POINT('',#15746);
#6676=VERTEX_POINT('',#15748);
#6677=VERTEX_POINT('',#15750);
#6678=VERTEX_POINT('',#15752);
#6679=VERTEX_POINT('',#15755);
#6680=VERTEX_POINT('',#15757);
#6681=VERTEX_POINT('',#15759);
#6682=VERTEX_POINT('',#15761);
#6683=VERTEX_POINT('',#15763);
#6684=VERTEX_POINT('',#15765);
#6685=VERTEX_POINT('',#15767);
#6686=VERTEX_POINT('',#15769);
#6687=VERTEX_POINT('',#15771);
#6688=VERTEX_POINT('',#15773);
#6689=VERTEX_POINT('',#15775);
#6690=VERTEX_POINT('',#15777);
#6691=VERTEX_POINT('',#15779);
#6692=VERTEX_POINT('',#15781);
#6693=VERTEX_POINT('',#15783);
#6694=VERTEX_POINT('',#15785);
#6695=VERTEX_POINT('',#15787);
#6696=VERTEX_POINT('',#15789);
#6697=VERTEX_POINT('',#15791);
#6698=VERTEX_POINT('',#15793);
#6699=VERTEX_POINT('',#15795);
#6700=VERTEX_POINT('',#15797);
#6701=VERTEX_POINT('',#15799);
#6702=VERTEX_POINT('',#15801);
#6703=VERTEX_POINT('',#15803);
#6704=VERTEX_POINT('',#15804);
#6705=VERTEX_POINT('',#15806);
#6706=VERTEX_POINT('',#15808);
#6707=VERTEX_POINT('',#15810);
#6708=VERTEX_POINT('',#15812);
#6709=VERTEX_POINT('',#15815);
#6710=VERTEX_POINT('',#15816);
#6711=VERTEX_POINT('',#15818);
#6712=VERTEX_POINT('',#15820);
#6713=VERTEX_POINT('',#15822);
#6714=VERTEX_POINT('',#15824);
#6715=VERTEX_POINT('',#15826);
#6716=VERTEX_POINT('',#15828);
#6717=VERTEX_POINT('',#15830);
#6718=VERTEX_POINT('',#15832);
#6719=VERTEX_POINT('',#15835);
#6720=VERTEX_POINT('',#15836);
#6721=VERTEX_POINT('',#15838);
#6722=VERTEX_POINT('',#15840);
#6723=VERTEX_POINT('',#15842);
#6724=VERTEX_POINT('',#15844);
#6725=VERTEX_POINT('',#15846);
#6726=VERTEX_POINT('',#15848);
#6727=VERTEX_POINT('',#15850);
#6728=VERTEX_POINT('',#15852);
#6729=VERTEX_POINT('',#15854);
#6730=VERTEX_POINT('',#15856);
#6731=VERTEX_POINT('',#15858);
#6732=VERTEX_POINT('',#15860);
#6733=VERTEX_POINT('',#15862);
#6734=VERTEX_POINT('',#15865);
#6735=VERTEX_POINT('',#15866);
#6736=VERTEX_POINT('',#15868);
#6737=VERTEX_POINT('',#15870);
#6738=VERTEX_POINT('',#15872);
#6739=VERTEX_POINT('',#15874);
#6740=VERTEX_POINT('',#15876);
#6741=VERTEX_POINT('',#15878);
#6742=VERTEX_POINT('',#15881);
#6743=VERTEX_POINT('',#15882);
#6744=VERTEX_POINT('',#15884);
#6745=VERTEX_POINT('',#15886);
#6746=VERTEX_POINT('',#15888);
#6747=VERTEX_POINT('',#15890);
#6748=VERTEX_POINT('',#15892);
#6749=VERTEX_POINT('',#15894);
#6750=VERTEX_POINT('',#16176);
#6751=VERTEX_POINT('',#16177);
#6752=VERTEX_POINT('',#16179);
#6753=VERTEX_POINT('',#16181);
#6754=VERTEX_POINT('',#16185);
#6755=VERTEX_POINT('',#16186);
#6756=VERTEX_POINT('',#16188);
#6757=VERTEX_POINT('',#16190);
#6758=VERTEX_POINT('',#16194);
#6759=VERTEX_POINT('',#16196);
#6760=VERTEX_POINT('',#16198);
#6761=VERTEX_POINT('',#16200);
#6762=VERTEX_POINT('',#16202);
#6763=VERTEX_POINT('',#16204);
#6764=VERTEX_POINT('',#16206);
#6765=VERTEX_POINT('',#16207);
#6766=VERTEX_POINT('',#16209);
#6767=VERTEX_POINT('',#16211);
#6768=VERTEX_POINT('',#16213);
#6769=VERTEX_POINT('',#16215);
#6770=VERTEX_POINT('',#16217);
#6771=VERTEX_POINT('',#16219);
#6772=VERTEX_POINT('',#16221);
#6773=VERTEX_POINT('',#16224);
#6774=VERTEX_POINT('',#16226);
#6775=VERTEX_POINT('',#16228);
#6776=VERTEX_POINT('',#16230);
#6777=VERTEX_POINT('',#16233);
#6778=VERTEX_POINT('',#16235);
#6779=VERTEX_POINT('',#16237);
#6780=VERTEX_POINT('',#16239);
#6781=VERTEX_POINT('',#16241);
#6782=VERTEX_POINT('',#16243);
#6783=VERTEX_POINT('',#16245);
#6784=VERTEX_POINT('',#16248);
#6785=VERTEX_POINT('',#16249);
#6786=VERTEX_POINT('',#16251);
#6787=VERTEX_POINT('',#16253);
#6788=VERTEX_POINT('',#16255);
#6789=VERTEX_POINT('',#16257);
#6790=VERTEX_POINT('',#16259);
#6791=VERTEX_POINT('',#16261);
#6792=VERTEX_POINT('',#16265);
#6793=VERTEX_POINT('',#16269);
#6794=VERTEX_POINT('',#16273);
#6795=VERTEX_POINT('',#16277);
#6796=VERTEX_POINT('',#16281);
#6797=VERTEX_POINT('',#16285);
#6798=VERTEX_POINT('',#16289);
#6799=VERTEX_POINT('',#16293);
#6800=VERTEX_POINT('',#16294);
#6801=VERTEX_POINT('',#16299);
#6802=VERTEX_POINT('',#16301);
#6803=VERTEX_POINT('',#16305);
#6804=VERTEX_POINT('',#16309);
#6805=VERTEX_POINT('',#16313);
#6806=VERTEX_POINT('',#16317);
#6807=VERTEX_POINT('',#16321);
#6808=VERTEX_POINT('',#16327);
#6809=VERTEX_POINT('',#16329);
#6810=VERTEX_POINT('',#16331);
#6811=VERTEX_POINT('',#16333);
#6812=VERTEX_POINT('',#16335);
#6813=VERTEX_POINT('',#16337);
#6814=VERTEX_POINT('',#16341);
#6815=VERTEX_POINT('',#16343);
#6816=VERTEX_POINT('',#16345);
#6817=VERTEX_POINT('',#16347);
#6818=VERTEX_POINT('',#16350);
#6819=VERTEX_POINT('',#16351);
#6820=VERTEX_POINT('',#16353);
#6821=VERTEX_POINT('',#16355);
#6822=VERTEX_POINT('',#16357);
#6823=VERTEX_POINT('',#16359);
#6824=VERTEX_POINT('',#16361);
#6825=VERTEX_POINT('',#16363);
#6826=VERTEX_POINT('',#16400);
#6827=VERTEX_POINT('',#16401);
#6828=VERTEX_POINT('',#16403);
#6829=VERTEX_POINT('',#16405);
#6830=VERTEX_POINT('',#16409);
#6831=VERTEX_POINT('',#16410);
#6832=VERTEX_POINT('',#16412);
#6833=VERTEX_POINT('',#16414);
#6834=VERTEX_POINT('',#16418);
#6835=VERTEX_POINT('',#16419);
#6836=VERTEX_POINT('',#16421);
#6837=VERTEX_POINT('',#16423);
#6838=VERTEX_POINT('',#16427);
#6839=VERTEX_POINT('',#16428);
#6840=VERTEX_POINT('',#16430);
#6841=VERTEX_POINT('',#16432);
#6842=VERTEX_POINT('',#16436);
#6843=VERTEX_POINT('',#16438);
#6844=VERTEX_POINT('',#16440);
#6845=VERTEX_POINT('',#16442);
#6846=VERTEX_POINT('',#16444);
#6847=VERTEX_POINT('',#16446);
#6848=VERTEX_POINT('',#16448);
#6849=VERTEX_POINT('',#16450);
#6850=VERTEX_POINT('',#16452);
#6851=VERTEX_POINT('',#16454);
#6852=VERTEX_POINT('',#16456);
#6853=VERTEX_POINT('',#16458);
#6854=VERTEX_POINT('',#16460);
#6855=VERTEX_POINT('',#16462);
#6856=VERTEX_POINT('',#16463);
#6857=VERTEX_POINT('',#16465);
#6858=VERTEX_POINT('',#16467);
#6859=VERTEX_POINT('',#16469);
#6860=VERTEX_POINT('',#16471);
#6861=VERTEX_POINT('',#16473);
#6862=VERTEX_POINT('',#16475);
#6863=VERTEX_POINT('',#16477);
#6864=VERTEX_POINT('',#16479);
#6865=VERTEX_POINT('',#16482);
#6866=VERTEX_POINT('',#16483);
#6867=VERTEX_POINT('',#16485);
#6868=VERTEX_POINT('',#16487);
#6869=VERTEX_POINT('',#16489);
#6870=VERTEX_POINT('',#16491);
#6871=VERTEX_POINT('',#16493);
#6872=VERTEX_POINT('',#16495);
#6873=VERTEX_POINT('',#16497);
#6874=VERTEX_POINT('',#16500);
#6875=VERTEX_POINT('',#16501);
#6876=VERTEX_POINT('',#16503);
#6877=VERTEX_POINT('',#16505);
#6878=VERTEX_POINT('',#16507);
#6879=VERTEX_POINT('',#16509);
#6880=VERTEX_POINT('',#16511);
#6881=VERTEX_POINT('',#16513);
#6882=VERTEX_POINT('',#16515);
#6883=VERTEX_POINT('',#16517);
#6884=VERTEX_POINT('',#16520);
#6885=VERTEX_POINT('',#16521);
#6886=VERTEX_POINT('',#16523);
#6887=VERTEX_POINT('',#16525);
#6888=VERTEX_POINT('',#16527);
#6889=VERTEX_POINT('',#16529);
#6890=VERTEX_POINT('',#16531);
#6891=VERTEX_POINT('',#16533);
#6892=VERTEX_POINT('',#16535);
#6893=VERTEX_POINT('',#16537);
#6894=VERTEX_POINT('',#16539);
#6895=VERTEX_POINT('',#16542);
#6896=VERTEX_POINT('',#16543);
#6897=VERTEX_POINT('',#16545);
#6898=VERTEX_POINT('',#16547);
#6899=VERTEX_POINT('',#16549);
#6900=VERTEX_POINT('',#16551);
#6901=VERTEX_POINT('',#16553);
#6902=VERTEX_POINT('',#16555);
#6903=VERTEX_POINT('',#16557);
#6904=VERTEX_POINT('',#16559);
#6905=VERTEX_POINT('',#16562);
#6906=VERTEX_POINT('',#16563);
#6907=VERTEX_POINT('',#16565);
#6908=VERTEX_POINT('',#16567);
#6909=VERTEX_POINT('',#16569);
#6910=VERTEX_POINT('',#16571);
#6911=VERTEX_POINT('',#16573);
#6912=VERTEX_POINT('',#16575);
#6913=VERTEX_POINT('',#16577);
#6914=VERTEX_POINT('',#16579);
#6915=VERTEX_POINT('',#16582);
#6916=VERTEX_POINT('',#16583);
#6917=VERTEX_POINT('',#16585);
#6918=VERTEX_POINT('',#16587);
#6919=VERTEX_POINT('',#16589);
#6920=VERTEX_POINT('',#16591);
#6921=VERTEX_POINT('',#16593);
#6922=VERTEX_POINT('',#16595);
#6923=VERTEX_POINT('',#16597);
#6924=VERTEX_POINT('',#16600);
#6925=VERTEX_POINT('',#16601);
#6926=VERTEX_POINT('',#16603);
#6927=VERTEX_POINT('',#16605);
#6928=VERTEX_POINT('',#16607);
#6929=VERTEX_POINT('',#16609);
#6930=VERTEX_POINT('',#16611);
#6931=VERTEX_POINT('',#16613);
#6932=VERTEX_POINT('',#16615);
#6933=VERTEX_POINT('',#16617);
#6934=VERTEX_POINT('',#16620);
#6935=VERTEX_POINT('',#16621);
#6936=VERTEX_POINT('',#16623);
#6937=VERTEX_POINT('',#16625);
#6938=VERTEX_POINT('',#16627);
#6939=VERTEX_POINT('',#16629);
#6940=VERTEX_POINT('',#16631);
#6941=VERTEX_POINT('',#16633);
#6942=VERTEX_POINT('',#16635);
#6943=VERTEX_POINT('',#16637);
#6944=VERTEX_POINT('',#16640);
#6945=VERTEX_POINT('',#16641);
#6946=VERTEX_POINT('',#16643);
#6947=VERTEX_POINT('',#16645);
#6948=VERTEX_POINT('',#16647);
#6949=VERTEX_POINT('',#16649);
#6950=VERTEX_POINT('',#16651);
#6951=VERTEX_POINT('',#16653);
#6952=VERTEX_POINT('',#16655);
#6953=VERTEX_POINT('',#16657);
#6954=VERTEX_POINT('',#16659);
#6955=VERTEX_POINT('',#16662);
#6956=VERTEX_POINT('',#16664);
#6957=VERTEX_POINT('',#16666);
#6958=VERTEX_POINT('',#16668);
#6959=VERTEX_POINT('',#16670);
#6960=VERTEX_POINT('',#16671);
#6961=VERTEX_POINT('',#16673);
#6962=VERTEX_POINT('',#16675);
#6963=VERTEX_POINT('',#16678);
#6964=VERTEX_POINT('',#16679);
#6965=VERTEX_POINT('',#16681);
#6966=VERTEX_POINT('',#16683);
#6967=VERTEX_POINT('',#16686);
#6968=VERTEX_POINT('',#16687);
#6969=VERTEX_POINT('',#16689);
#6970=VERTEX_POINT('',#16691);
#6971=VERTEX_POINT('',#16694);
#6972=VERTEX_POINT('',#16695);
#6973=VERTEX_POINT('',#16697);
#6974=VERTEX_POINT('',#16699);
#6975=VERTEX_POINT('',#16702);
#6976=VERTEX_POINT('',#16704);
#6977=VERTEX_POINT('',#16706);
#6978=VERTEX_POINT('',#16707);
#6979=VERTEX_POINT('',#16709);
#6980=VERTEX_POINT('',#16711);
#6981=VERTEX_POINT('',#16713);
#6982=VERTEX_POINT('',#16715);
#6983=VERTEX_POINT('',#16718);
#6984=VERTEX_POINT('',#16720);
#6985=VERTEX_POINT('',#16722);
#6986=VERTEX_POINT('',#16724);
#6987=VERTEX_POINT('',#16726);
#6988=VERTEX_POINT('',#16728);
#6989=VERTEX_POINT('',#16730);
#6990=VERTEX_POINT('',#16732);
#6991=VERTEX_POINT('',#16734);
#6992=VERTEX_POINT('',#16736);
#6993=VERTEX_POINT('',#16739);
#6994=VERTEX_POINT('',#16741);
#6995=VERTEX_POINT('',#16743);
#6996=VERTEX_POINT('',#16745);
#6997=VERTEX_POINT('',#16747);
#6998=VERTEX_POINT('',#16749);
#6999=VERTEX_POINT('',#16752);
#7000=VERTEX_POINT('',#16754);
#7001=VERTEX_POINT('',#16756);
#7002=VERTEX_POINT('',#16758);
#7003=VERTEX_POINT('',#16760);
#7004=VERTEX_POINT('',#16762);
#7005=VERTEX_POINT('',#16764);
#7006=VERTEX_POINT('',#16766);
#7007=VERTEX_POINT('',#16768);
#7008=VERTEX_POINT('',#16770);
#7009=VERTEX_POINT('',#16775);
#7010=VERTEX_POINT('',#16777);
#7011=VERTEX_POINT('',#16779);
#7012=VERTEX_POINT('',#16781);
#7013=VERTEX_POINT('',#16783);
#7014=VERTEX_POINT('',#16785);
#7015=VERTEX_POINT('',#16786);
#7016=VERTEX_POINT('',#16788);
#7017=VERTEX_POINT('',#16790);
#7018=VERTEX_POINT('',#16792);
#7019=VERTEX_POINT('',#16794);
#7020=VERTEX_POINT('',#16796);
#7021=VERTEX_POINT('',#16798);
#7022=VERTEX_POINT('',#16800);
#7023=VERTEX_POINT('',#16802);
#7024=VERTEX_POINT('',#16805);
#7025=VERTEX_POINT('',#16806);
#7026=VERTEX_POINT('',#16808);
#7027=VERTEX_POINT('',#16810);
#7028=VERTEX_POINT('',#16812);
#7029=VERTEX_POINT('',#16814);
#7030=VERTEX_POINT('',#16816);
#7031=VERTEX_POINT('',#16818);
#7032=VERTEX_POINT('',#16820);
#7033=VERTEX_POINT('',#16823);
#7034=VERTEX_POINT('',#16824);
#7035=VERTEX_POINT('',#16826);
#7036=VERTEX_POINT('',#16828);
#7037=VERTEX_POINT('',#16830);
#7038=VERTEX_POINT('',#16832);
#7039=VERTEX_POINT('',#16834);
#7040=VERTEX_POINT('',#16836);
#7041=VERTEX_POINT('',#16838);
#7042=VERTEX_POINT('',#16840);
#7043=VERTEX_POINT('',#16843);
#7044=VERTEX_POINT('',#16844);
#7045=VERTEX_POINT('',#16846);
#7046=VERTEX_POINT('',#16848);
#7047=VERTEX_POINT('',#16850);
#7048=VERTEX_POINT('',#16852);
#7049=VERTEX_POINT('',#16854);
#7050=VERTEX_POINT('',#16856);
#7051=VERTEX_POINT('',#16858);
#7052=VERTEX_POINT('',#16860);
#7053=VERTEX_POINT('',#16862);
#7054=VERTEX_POINT('',#16865);
#7055=VERTEX_POINT('',#16866);
#7056=VERTEX_POINT('',#16868);
#7057=VERTEX_POINT('',#16870);
#7058=VERTEX_POINT('',#16872);
#7059=VERTEX_POINT('',#16874);
#7060=VERTEX_POINT('',#16876);
#7061=VERTEX_POINT('',#16878);
#7062=VERTEX_POINT('',#16880);
#7063=VERTEX_POINT('',#16882);
#7064=VERTEX_POINT('',#16885);
#7065=VERTEX_POINT('',#16886);
#7066=VERTEX_POINT('',#16888);
#7067=VERTEX_POINT('',#16890);
#7068=VERTEX_POINT('',#16892);
#7069=VERTEX_POINT('',#16894);
#7070=VERTEX_POINT('',#16896);
#7071=VERTEX_POINT('',#16898);
#7072=VERTEX_POINT('',#16900);
#7073=VERTEX_POINT('',#16902);
#7074=VERTEX_POINT('',#16905);
#7075=VERTEX_POINT('',#16906);
#7076=VERTEX_POINT('',#16908);
#7077=VERTEX_POINT('',#16910);
#7078=VERTEX_POINT('',#16912);
#7079=VERTEX_POINT('',#16914);
#7080=VERTEX_POINT('',#16916);
#7081=VERTEX_POINT('',#16918);
#7082=VERTEX_POINT('',#16920);
#7083=VERTEX_POINT('',#16923);
#7084=VERTEX_POINT('',#16924);
#7085=VERTEX_POINT('',#16926);
#7086=VERTEX_POINT('',#16928);
#7087=VERTEX_POINT('',#16930);
#7088=VERTEX_POINT('',#16932);
#7089=VERTEX_POINT('',#16934);
#7090=VERTEX_POINT('',#16936);
#7091=VERTEX_POINT('',#16938);
#7092=VERTEX_POINT('',#16940);
#7093=VERTEX_POINT('',#16943);
#7094=VERTEX_POINT('',#16944);
#7095=VERTEX_POINT('',#16946);
#7096=VERTEX_POINT('',#16948);
#7097=VERTEX_POINT('',#16950);
#7098=VERTEX_POINT('',#16952);
#7099=VERTEX_POINT('',#16954);
#7100=VERTEX_POINT('',#16956);
#7101=VERTEX_POINT('',#16958);
#7102=VERTEX_POINT('',#16960);
#7103=VERTEX_POINT('',#16963);
#7104=VERTEX_POINT('',#16964);
#7105=VERTEX_POINT('',#16966);
#7106=VERTEX_POINT('',#16968);
#7107=VERTEX_POINT('',#16970);
#7108=VERTEX_POINT('',#16972);
#7109=VERTEX_POINT('',#16974);
#7110=VERTEX_POINT('',#16976);
#7111=VERTEX_POINT('',#16978);
#7112=VERTEX_POINT('',#16980);
#7113=VERTEX_POINT('',#16982);
#7114=VERTEX_POINT('',#16985);
#7115=VERTEX_POINT('',#16986);
#7116=VERTEX_POINT('',#16988);
#7117=VERTEX_POINT('',#16990);
#7118=VERTEX_POINT('',#16993);
#7119=VERTEX_POINT('',#16994);
#7120=VERTEX_POINT('',#16996);
#7121=VERTEX_POINT('',#16998);
#7122=VERTEX_POINT('',#17001);
#7123=VERTEX_POINT('',#17002);
#7124=VERTEX_POINT('',#17004);
#7125=VERTEX_POINT('',#17006);
#7126=VERTEX_POINT('',#17009);
#7127=VERTEX_POINT('',#17010);
#7128=VERTEX_POINT('',#17012);
#7129=VERTEX_POINT('',#17014);
#7130=VERTEX_POINT('',#17017);
#7131=VERTEX_POINT('',#17019);
#7132=VERTEX_POINT('',#17021);
#7133=VERTEX_POINT('',#17023);
#7134=VERTEX_POINT('',#17025);
#7135=VERTEX_POINT('',#17027);
#7136=VERTEX_POINT('',#17029);
#7137=VERTEX_POINT('',#17031);
#7138=VERTEX_POINT('',#17033);
#7139=VERTEX_POINT('',#17035);
#7140=VERTEX_POINT('',#17037);
#7141=VERTEX_POINT('',#17039);
#7142=VERTEX_POINT('',#17041);
#7143=VERTEX_POINT('',#17042);
#7144=VERTEX_POINT('',#17044);
#7145=VERTEX_POINT('',#17046);
#7146=VERTEX_POINT('',#17049);
#7147=VERTEX_POINT('',#17051);
#7148=VERTEX_POINT('',#17053);
#7149=VERTEX_POINT('',#17055);
#7150=VERTEX_POINT('',#17057);
#7151=VERTEX_POINT('',#17059);
#7152=VERTEX_POINT('',#17061);
#7153=VERTEX_POINT('',#17063);
#7154=VERTEX_POINT('',#17065);
#7155=VERTEX_POINT('',#17067);
#7156=VERTEX_POINT('',#17070);
#7157=VERTEX_POINT('',#17072);
#7158=VERTEX_POINT('',#17074);
#7159=VERTEX_POINT('',#17076);
#7160=VERTEX_POINT('',#17078);
#7161=VERTEX_POINT('',#17080);
#7162=VERTEX_POINT('',#17083);
#7163=VERTEX_POINT('',#17085);
#7164=VERTEX_POINT('',#17087);
#7165=VERTEX_POINT('',#17089);
#7166=VERTEX_POINT('',#17091);
#7167=VERTEX_POINT('',#17093);
#7168=VERTEX_POINT('',#17095);
#7169=VERTEX_POINT('',#17097);
#7170=VERTEX_POINT('',#17099);
#7171=VERTEX_POINT('',#17101);
#7172=VERTEX_POINT('',#17104);
#7173=VERTEX_POINT('',#17106);
#7174=VERTEX_POINT('',#17109);
#7175=VERTEX_POINT('',#17111);
#7176=VERTEX_POINT('',#17126);
#7177=VERTEX_POINT('',#17129);
#7178=VERTEX_POINT('',#17132);
#7179=VERTEX_POINT('',#17135);
#7180=VERTEX_POINT('',#17138);
#7181=VERTEX_POINT('',#17141);
#7182=VERTEX_POINT('',#17144);
#7183=VERTEX_POINT('',#17147);
#7184=VERTEX_POINT('',#17150);
#7185=VERTEX_POINT('',#17153);
#7186=VERTEX_POINT('',#17158);
#7187=VERTEX_POINT('',#17161);
#7188=VERTEX_POINT('',#17456);
#7189=VERTEX_POINT('',#17459);
#7190=VERTEX_POINT('',#17464);
#7191=EDGE_CURVE('',#6204,#6205,#8622,.T.);
#7192=EDGE_CURVE('',#6204,#6206,#8623,.T.);
#7193=EDGE_CURVE('',#6206,#6207,#8624,.T.);
#7194=EDGE_CURVE('',#6207,#6205,#8625,.T.);
#7195=EDGE_CURVE('',#6208,#6209,#8626,.T.);
#7196=EDGE_CURVE('',#6208,#6210,#8627,.T.);
#7197=EDGE_CURVE('',#6210,#6211,#8628,.T.);
#7198=EDGE_CURVE('',#6211,#6209,#8629,.T.);
#7199=EDGE_CURVE('',#6212,#6213,#8630,.T.);
#7200=EDGE_CURVE('',#6213,#6214,#8631,.T.);
#7201=EDGE_CURVE('',#6215,#6214,#8632,.T.);
#7202=EDGE_CURVE('',#6215,#6212,#8633,.T.);
#7203=EDGE_CURVE('',#6216,#6217,#8634,.T.);
#7204=EDGE_CURVE('',#6217,#6218,#8635,.T.);
#7205=EDGE_CURVE('',#6219,#6218,#8636,.T.);
#7206=EDGE_CURVE('',#6219,#6216,#8637,.T.);
#7207=EDGE_CURVE('',#6220,#6221,#8638,.T.);
#7208=EDGE_CURVE('',#6220,#6222,#751,.T.);
#7209=EDGE_CURVE('',#6222,#6223,#8639,.T.);
#7210=EDGE_CURVE('',#6221,#6223,#752,.T.);
#7211=EDGE_CURVE('',#6222,#6224,#8640,.T.);
#7212=EDGE_CURVE('',#6224,#6225,#8641,.T.);
#7213=EDGE_CURVE('',#6223,#6225,#8642,.T.);
#7214=EDGE_CURVE('',#6224,#6226,#753,.T.);
#7215=EDGE_CURVE('',#6226,#6227,#8643,.T.);
#7216=EDGE_CURVE('',#6225,#6227,#754,.T.);
#7217=EDGE_CURVE('',#6226,#6228,#8644,.T.);
#7218=EDGE_CURVE('',#6228,#6229,#8645,.T.);
#7219=EDGE_CURVE('',#6227,#6229,#8646,.T.);
#7220=EDGE_CURVE('',#6228,#6230,#755,.T.);
#7221=EDGE_CURVE('',#6230,#6231,#8647,.T.);
#7222=EDGE_CURVE('',#6229,#6231,#756,.T.);
#7223=EDGE_CURVE('',#6230,#6232,#8648,.T.);
#7224=EDGE_CURVE('',#6232,#6233,#8649,.T.);
#7225=EDGE_CURVE('',#6231,#6233,#8650,.T.);
#7226=EDGE_CURVE('',#6232,#6234,#757,.T.);
#7227=EDGE_CURVE('',#6234,#6235,#8651,.T.);
#7228=EDGE_CURVE('',#6233,#6235,#758,.T.);
#7229=EDGE_CURVE('',#6234,#6236,#8652,.T.);
#7230=EDGE_CURVE('',#6236,#6237,#8653,.T.);
#7231=EDGE_CURVE('',#6235,#6237,#8654,.T.);
#7232=EDGE_CURVE('',#6236,#6238,#759,.T.);
#7233=EDGE_CURVE('',#6238,#6239,#8655,.T.);
#7234=EDGE_CURVE('',#6237,#6239,#760,.T.);
#7235=EDGE_CURVE('',#6238,#6240,#8656,.T.);
#7236=EDGE_CURVE('',#6240,#6241,#8657,.T.);
#7237=EDGE_CURVE('',#6239,#6241,#8658,.T.);
#7238=EDGE_CURVE('',#6240,#6242,#761,.T.);
#7239=EDGE_CURVE('',#6242,#6243,#8659,.T.);
#7240=EDGE_CURVE('',#6241,#6243,#762,.T.);
#7241=EDGE_CURVE('',#6242,#6244,#8660,.T.);
#7242=EDGE_CURVE('',#6244,#6245,#8661,.T.);
#7243=EDGE_CURVE('',#6243,#6245,#8662,.T.);
#7244=EDGE_CURVE('',#6244,#6246,#763,.T.);
#7245=EDGE_CURVE('',#6246,#6247,#8663,.T.);
#7246=EDGE_CURVE('',#6245,#6247,#764,.T.);
#7247=EDGE_CURVE('',#6246,#6248,#8664,.T.);
#7248=EDGE_CURVE('',#6248,#6249,#8665,.T.);
#7249=EDGE_CURVE('',#6247,#6249,#8666,.T.);
#7250=EDGE_CURVE('',#6248,#6250,#765,.T.);
#7251=EDGE_CURVE('',#6250,#6251,#8667,.T.);
#7252=EDGE_CURVE('',#6249,#6251,#766,.T.);
#7253=EDGE_CURVE('',#6250,#6252,#8668,.T.);
#7254=EDGE_CURVE('',#6252,#6253,#8669,.T.);
#7255=EDGE_CURVE('',#6251,#6253,#8670,.T.);
#7256=EDGE_CURVE('',#6252,#6254,#767,.T.);
#7257=EDGE_CURVE('',#6254,#6255,#8671,.T.);
#7258=EDGE_CURVE('',#6253,#6255,#768,.T.);
#7259=EDGE_CURVE('',#6254,#6256,#8672,.T.);
#7260=EDGE_CURVE('',#6256,#6257,#8673,.T.);
#7261=EDGE_CURVE('',#6255,#6257,#8674,.T.);
#7262=EDGE_CURVE('',#6256,#6258,#769,.T.);
#7263=EDGE_CURVE('',#6258,#6259,#8675,.T.);
#7264=EDGE_CURVE('',#6257,#6259,#770,.T.);
#7265=EDGE_CURVE('',#6258,#6260,#8676,.T.);
#7266=EDGE_CURVE('',#6260,#6261,#8677,.T.);
#7267=EDGE_CURVE('',#6259,#6261,#8678,.T.);
#7268=EDGE_CURVE('',#6260,#6262,#771,.T.);
#7269=EDGE_CURVE('',#6262,#6263,#8679,.T.);
#7270=EDGE_CURVE('',#6261,#6263,#772,.T.);
#7271=EDGE_CURVE('',#6262,#6264,#8680,.T.);
#7272=EDGE_CURVE('',#6264,#6265,#8681,.T.);
#7273=EDGE_CURVE('',#6263,#6265,#8682,.T.);
#7274=EDGE_CURVE('',#6264,#6266,#773,.T.);
#7275=EDGE_CURVE('',#6266,#6267,#8683,.T.);
#7276=EDGE_CURVE('',#6265,#6267,#774,.T.);
#7277=EDGE_CURVE('',#6268,#6268,#775,.T.);
#7278=EDGE_CURVE('',#6269,#6269,#776,.T.);
#7279=EDGE_CURVE('',#6270,#6270,#777,.T.);
#7280=EDGE_CURVE('',#6271,#6271,#778,.T.);
#7281=EDGE_CURVE('',#6272,#6272,#779,.T.);
#7282=EDGE_CURVE('',#6273,#6273,#780,.T.);
#7283=EDGE_CURVE('',#6274,#6274,#781,.T.);
#7284=EDGE_CURVE('',#6275,#6275,#782,.T.);
#7285=EDGE_CURVE('',#6276,#6276,#783,.T.);
#7286=EDGE_CURVE('',#6277,#6277,#784,.T.);
#7287=EDGE_CURVE('',#6278,#6278,#785,.T.);
#7288=EDGE_CURVE('',#6279,#6279,#786,.T.);
#7289=EDGE_CURVE('',#6280,#6280,#787,.T.);
#7290=EDGE_CURVE('',#6281,#6281,#788,.T.);
#7291=EDGE_CURVE('',#6282,#6282,#789,.T.);
#7292=EDGE_CURVE('',#6283,#6283,#790,.T.);
#7293=EDGE_CURVE('',#6266,#6220,#8684,.T.);
#7294=EDGE_CURVE('',#6267,#6221,#8685,.T.);
#7295=EDGE_CURVE('',#6284,#6285,#8686,.T.);
#7296=EDGE_CURVE('',#6285,#6286,#791,.T.);
#7297=EDGE_CURVE('',#6286,#6287,#8687,.T.);
#7298=EDGE_CURVE('',#6287,#6288,#792,.T.);
#7299=EDGE_CURVE('',#6288,#6289,#8688,.T.);
#7300=EDGE_CURVE('',#6289,#6290,#793,.T.);
#7301=EDGE_CURVE('',#6290,#6291,#8689,.T.);
#7302=EDGE_CURVE('',#6291,#6292,#794,.T.);
#7303=EDGE_CURVE('',#6292,#6293,#8690,.T.);
#7304=EDGE_CURVE('',#6293,#6294,#795,.T.);
#7305=EDGE_CURVE('',#6294,#6295,#8691,.T.);
#7306=EDGE_CURVE('',#6295,#6296,#796,.T.);
#7307=EDGE_CURVE('',#6296,#6297,#8692,.T.);
#7308=EDGE_CURVE('',#6297,#6298,#797,.T.);
#7309=EDGE_CURVE('',#6298,#6299,#8693,.T.);
#7310=EDGE_CURVE('',#6299,#6300,#798,.T.);
#7311=EDGE_CURVE('',#6300,#6301,#8694,.T.);
#7312=EDGE_CURVE('',#6301,#6302,#799,.T.);
#7313=EDGE_CURVE('',#6302,#6303,#8695,.T.);
#7314=EDGE_CURVE('',#6303,#6304,#800,.T.);
#7315=EDGE_CURVE('',#6304,#6305,#8696,.T.);
#7316=EDGE_CURVE('',#6305,#6306,#801,.T.);
#7317=EDGE_CURVE('',#6306,#6307,#8697,.T.);
#7318=EDGE_CURVE('',#6307,#6284,#802,.T.);
#7319=EDGE_CURVE('',#6206,#6308,#803,.T.);
#7320=EDGE_CURVE('',#6308,#6309,#804,.T.);
#7321=EDGE_CURVE('',#6309,#6217,#805,.T.);
#7322=EDGE_CURVE('',#6216,#6310,#806,.T.);
#7323=EDGE_CURVE('',#6310,#6311,#807,.T.);
#7324=EDGE_CURVE('',#6311,#6213,#808,.T.);
#7325=EDGE_CURVE('',#6212,#6312,#809,.T.);
#7326=EDGE_CURVE('',#6312,#6313,#810,.T.);
#7327=EDGE_CURVE('',#6313,#6211,#811,.T.);
#7328=EDGE_CURVE('',#6210,#6314,#812,.T.);
#7329=EDGE_CURVE('',#6314,#6315,#813,.T.);
#7330=EDGE_CURVE('',#6315,#6207,#814,.T.);
#7331=EDGE_CURVE('',#6218,#6316,#815,.T.);
#7332=EDGE_CURVE('',#6316,#6317,#816,.T.);
#7333=EDGE_CURVE('',#6317,#6204,#817,.T.);
#7334=EDGE_CURVE('',#6205,#6318,#818,.T.);
#7335=EDGE_CURVE('',#6318,#6319,#819,.T.);
#7336=EDGE_CURVE('',#6319,#6208,#820,.T.);
#7337=EDGE_CURVE('',#6209,#6320,#821,.T.);
#7338=EDGE_CURVE('',#6320,#6321,#822,.T.);
#7339=EDGE_CURVE('',#6321,#6215,#823,.T.);
#7340=EDGE_CURVE('',#6214,#6322,#824,.T.);
#7341=EDGE_CURVE('',#6322,#6323,#825,.T.);
#7342=EDGE_CURVE('',#6323,#6219,#826,.T.);
#7343=EDGE_CURVE('',#6317,#6308,#8698,.T.);
#7344=EDGE_CURVE('',#6315,#6318,#8699,.T.);
#7345=EDGE_CURVE('',#6311,#6322,#8700,.T.);
#7346=EDGE_CURVE('',#6321,#6312,#8701,.T.);
#7347=EDGE_CURVE('',#6309,#6316,#8702,.T.);
#7348=EDGE_CURVE('',#6319,#6314,#8703,.T.);
#7349=EDGE_CURVE('',#6323,#6310,#8704,.T.);
#7350=EDGE_CURVE('',#6313,#6320,#8705,.T.);
#7351=EDGE_CURVE('',#6298,#6244,#8706,.T.);
#7352=EDGE_CURVE('',#6246,#6297,#8707,.T.);
#7353=EDGE_CURVE('',#6248,#6296,#8708,.T.);
#7354=EDGE_CURVE('',#6299,#6242,#8709,.T.);
#7355=EDGE_CURVE('',#6250,#6295,#8710,.T.);
#7356=EDGE_CURVE('',#6300,#6240,#8711,.T.);
#7357=EDGE_CURVE('',#6252,#6294,#8712,.T.);
#7358=EDGE_CURVE('',#6301,#6238,#8713,.T.);
#7359=EDGE_CURVE('',#6254,#6293,#8714,.T.);
#7360=EDGE_CURVE('',#6302,#6236,#8715,.T.);
#7361=EDGE_CURVE('',#6256,#6292,#8716,.T.);
#7362=EDGE_CURVE('',#6303,#6234,#8717,.T.);
#7363=EDGE_CURVE('',#6258,#6291,#8718,.T.);
#7364=EDGE_CURVE('',#6304,#6232,#8719,.T.);
#7365=EDGE_CURVE('',#6260,#6290,#8720,.T.);
#7366=EDGE_CURVE('',#6305,#6230,#8721,.T.);
#7367=EDGE_CURVE('',#6262,#6289,#8722,.T.);
#7368=EDGE_CURVE('',#6306,#6228,#8723,.T.);
#7369=EDGE_CURVE('',#6264,#6288,#8724,.T.);
#7370=EDGE_CURVE('',#6307,#6226,#8725,.T.);
#7371=EDGE_CURVE('',#6266,#6287,#8726,.T.);
#7372=EDGE_CURVE('',#6284,#6224,#8727,.T.);
#7373=EDGE_CURVE('',#6220,#6286,#8728,.T.);
#7374=EDGE_CURVE('',#6285,#6222,#8729,.T.);
#7375=EDGE_CURVE('',#6324,#6325,#8730,.T.);
#7376=EDGE_CURVE('',#6326,#6324,#8731,.T.);
#7377=EDGE_CURVE('',#6326,#6327,#8732,.T.);
#7378=EDGE_CURVE('',#6327,#6325,#8733,.T.);
#7379=EDGE_CURVE('',#6325,#6328,#827,.T.);
#7380=EDGE_CURVE('',#6327,#6329,#828,.T.);
#7381=EDGE_CURVE('',#6329,#6328,#8734,.T.);
#7382=EDGE_CURVE('',#6328,#6330,#829,.T.);
#7383=EDGE_CURVE('',#6329,#6331,#830,.T.);
#7384=EDGE_CURVE('',#6331,#6330,#8735,.T.);
#7385=EDGE_CURVE('',#6330,#6332,#831,.T.);
#7386=EDGE_CURVE('',#6331,#6333,#832,.T.);
#7387=EDGE_CURVE('',#6333,#6332,#8736,.T.);
#7388=EDGE_CURVE('',#6332,#6334,#8737,.T.);
#7389=EDGE_CURVE('',#6333,#6335,#8738,.T.);
#7390=EDGE_CURVE('',#6335,#6334,#8739,.T.);
#7391=EDGE_CURVE('',#6334,#6336,#833,.T.);
#7392=EDGE_CURVE('',#6335,#6337,#834,.T.);
#7393=EDGE_CURVE('',#6337,#6336,#8740,.T.);
#7394=EDGE_CURVE('',#6336,#6338,#835,.T.);
#7395=EDGE_CURVE('',#6337,#6339,#836,.T.);
#7396=EDGE_CURVE('',#6339,#6338,#8741,.T.);
#7397=EDGE_CURVE('',#6338,#6340,#837,.T.);
#7398=EDGE_CURVE('',#6339,#6341,#838,.T.);
#7399=EDGE_CURVE('',#6341,#6340,#8742,.T.);
#7400=EDGE_CURVE('',#6340,#6342,#8743,.T.);
#7401=EDGE_CURVE('',#6341,#6343,#8744,.T.);
#7402=EDGE_CURVE('',#6343,#6342,#8745,.T.);
#7403=EDGE_CURVE('',#6342,#6344,#839,.T.);
#7404=EDGE_CURVE('',#6343,#6345,#840,.T.);
#7405=EDGE_CURVE('',#6345,#6344,#8746,.T.);
#7406=EDGE_CURVE('',#6344,#6346,#841,.T.);
#7407=EDGE_CURVE('',#6345,#6347,#842,.T.);
#7408=EDGE_CURVE('',#6347,#6346,#8747,.T.);
#7409=EDGE_CURVE('',#6346,#6348,#843,.T.);
#7410=EDGE_CURVE('',#6347,#6349,#844,.T.);
#7411=EDGE_CURVE('',#6349,#6348,#8748,.T.);
#7412=EDGE_CURVE('',#6348,#6350,#8749,.T.);
#7413=EDGE_CURVE('',#6349,#6351,#8750,.T.);
#7414=EDGE_CURVE('',#6351,#6350,#8751,.T.);
#7415=EDGE_CURVE('',#6350,#6352,#845,.T.);
#7416=EDGE_CURVE('',#6351,#6353,#846,.T.);
#7417=EDGE_CURVE('',#6353,#6352,#8752,.T.);
#7418=EDGE_CURVE('',#6352,#6354,#847,.T.);
#7419=EDGE_CURVE('',#6353,#6355,#848,.T.);
#7420=EDGE_CURVE('',#6355,#6354,#8753,.T.);
#7421=EDGE_CURVE('',#6356,#6357,#8754,.T.);
#7422=EDGE_CURVE('',#6356,#6358,#8755,.T.);
#7423=EDGE_CURVE('',#6358,#6359,#8756,.T.);
#7424=EDGE_CURVE('',#6357,#6359,#8757,.T.);
#7425=EDGE_CURVE('',#6358,#6360,#849,.T.);
#7426=EDGE_CURVE('',#6360,#6361,#8758,.T.);
#7427=EDGE_CURVE('',#6359,#6361,#850,.T.);
#7428=EDGE_CURVE('',#6360,#6362,#8759,.T.);
#7429=EDGE_CURVE('',#6362,#6363,#8760,.T.);
#7430=EDGE_CURVE('',#6361,#6363,#8761,.T.);
#7431=EDGE_CURVE('',#6362,#6364,#851,.T.);
#7432=EDGE_CURVE('',#6364,#6365,#8762,.T.);
#7433=EDGE_CURVE('',#6363,#6365,#852,.T.);
#7434=EDGE_CURVE('',#6364,#6366,#8763,.T.);
#7435=EDGE_CURVE('',#6366,#6367,#8764,.T.);
#7436=EDGE_CURVE('',#6365,#6367,#8765,.T.);
#7437=EDGE_CURVE('',#6366,#6368,#853,.T.);
#7438=EDGE_CURVE('',#6368,#6369,#8766,.T.);
#7439=EDGE_CURVE('',#6367,#6369,#854,.T.);
#7440=EDGE_CURVE('',#6368,#6370,#8767,.T.);
#7441=EDGE_CURVE('',#6370,#6371,#8768,.T.);
#7442=EDGE_CURVE('',#6369,#6371,#8769,.T.);
#7443=EDGE_CURVE('',#6370,#6372,#855,.T.);
#7444=EDGE_CURVE('',#6372,#6373,#8770,.T.);
#7445=EDGE_CURVE('',#6371,#6373,#856,.T.);
#7446=EDGE_CURVE('',#6372,#6374,#8771,.T.);
#7447=EDGE_CURVE('',#6374,#6375,#8772,.T.);
#7448=EDGE_CURVE('',#6373,#6375,#8773,.T.);
#7449=EDGE_CURVE('',#6374,#6376,#857,.T.);
#7450=EDGE_CURVE('',#6376,#6377,#8774,.T.);
#7451=EDGE_CURVE('',#6375,#6377,#858,.T.);
#7452=EDGE_CURVE('',#6376,#6378,#8775,.T.);
#7453=EDGE_CURVE('',#6378,#6379,#8776,.T.);
#7454=EDGE_CURVE('',#6377,#6379,#8777,.T.);
#7455=EDGE_CURVE('',#6378,#6380,#859,.T.);
#7456=EDGE_CURVE('',#6380,#6381,#8778,.T.);
#7457=EDGE_CURVE('',#6379,#6381,#860,.T.);
#7458=EDGE_CURVE('',#6380,#6382,#8779,.T.);
#7459=EDGE_CURVE('',#6382,#6383,#8780,.T.);
#7460=EDGE_CURVE('',#6381,#6383,#8781,.T.);
#7461=EDGE_CURVE('',#6382,#6384,#861,.T.);
#7462=EDGE_CURVE('',#6384,#6385,#8782,.T.);
#7463=EDGE_CURVE('',#6383,#6385,#862,.T.);
#7464=EDGE_CURVE('',#6384,#6386,#8783,.T.);
#7465=EDGE_CURVE('',#6386,#6387,#8784,.T.);
#7466=EDGE_CURVE('',#6385,#6387,#8785,.T.);
#7467=EDGE_CURVE('',#6386,#6388,#863,.T.);
#7468=EDGE_CURVE('',#6388,#6389,#8786,.T.);
#7469=EDGE_CURVE('',#6387,#6389,#864,.T.);
#7470=EDGE_CURVE('',#6388,#6390,#8787,.T.);
#7471=EDGE_CURVE('',#6390,#6391,#8788,.T.);
#7472=EDGE_CURVE('',#6389,#6391,#8789,.T.);
#7473=EDGE_CURVE('',#6390,#6392,#865,.T.);
#7474=EDGE_CURVE('',#6392,#6393,#8790,.T.);
#7475=EDGE_CURVE('',#6391,#6393,#866,.T.);
#7476=EDGE_CURVE('',#6392,#6394,#8791,.T.);
#7477=EDGE_CURVE('',#6394,#6395,#8792,.T.);
#7478=EDGE_CURVE('',#6393,#6395,#8793,.T.);
#7479=EDGE_CURVE('',#6394,#6396,#867,.T.);
#7480=EDGE_CURVE('',#6396,#6397,#8794,.T.);
#7481=EDGE_CURVE('',#6395,#6397,#868,.T.);
#7482=EDGE_CURVE('',#6396,#6398,#8795,.T.);
#7483=EDGE_CURVE('',#6398,#6399,#8796,.T.);
#7484=EDGE_CURVE('',#6397,#6399,#8797,.T.);
#7485=EDGE_CURVE('',#6398,#6400,#869,.T.);
#7486=EDGE_CURVE('',#6400,#6401,#8798,.T.);
#7487=EDGE_CURVE('',#6399,#6401,#870,.T.);
#7488=EDGE_CURVE('',#6400,#6402,#8799,.T.);
#7489=EDGE_CURVE('',#6402,#6403,#8800,.T.);
#7490=EDGE_CURVE('',#6401,#6403,#8801,.T.);
#7491=EDGE_CURVE('',#6404,#6404,#871,.T.);
#7492=EDGE_CURVE('',#6405,#6405,#872,.T.);
#7493=EDGE_CURVE('',#6406,#6406,#873,.T.);
#7494=EDGE_CURVE('',#6407,#6407,#874,.T.);
#7495=EDGE_CURVE('',#6408,#6408,#875,.T.);
#7496=EDGE_CURVE('',#6409,#6409,#876,.T.);
#7497=EDGE_CURVE('',#6410,#6410,#877,.T.);
#7498=EDGE_CURVE('',#6411,#6411,#878,.T.);
#7499=EDGE_CURVE('',#6412,#6412,#879,.T.);
#7500=EDGE_CURVE('',#6413,#6413,#880,.T.);
#7501=EDGE_CURVE('',#6414,#6414,#881,.T.);
#7502=EDGE_CURVE('',#6415,#6415,#882,.T.);
#7503=EDGE_CURVE('',#6416,#6416,#883,.T.);
#7504=EDGE_CURVE('',#6417,#6417,#884,.T.);
#7505=EDGE_CURVE('',#6354,#6324,#885,.T.);
#7506=EDGE_CURVE('',#6355,#6326,#886,.T.);
#7507=EDGE_CURVE('',#6402,#6356,#887,.T.);
#7508=EDGE_CURVE('',#6403,#6357,#888,.T.);
#7509=EDGE_CURVE('',#6418,#6418,#889,.T.);
#7510=EDGE_CURVE('',#6419,#6419,#890,.T.);
#7511=EDGE_CURVE('',#6420,#6421,#8802,.T.);
#7512=EDGE_CURVE('',#6421,#6422,#891,.T.);
#7513=EDGE_CURVE('',#6422,#6423,#8803,.T.);
#7514=EDGE_CURVE('',#6423,#6424,#892,.T.);
#7515=EDGE_CURVE('',#6424,#6425,#8804,.T.);
#7516=EDGE_CURVE('',#6425,#6426,#893,.T.);
#7517=EDGE_CURVE('',#6426,#6427,#8805,.T.);
#7518=EDGE_CURVE('',#6427,#6428,#894,.T.);
#7519=EDGE_CURVE('',#6428,#6429,#8806,.T.);
#7520=EDGE_CURVE('',#6429,#6430,#895,.T.);
#7521=EDGE_CURVE('',#6430,#6431,#8807,.T.);
#7522=EDGE_CURVE('',#6431,#6432,#896,.T.);
#7523=EDGE_CURVE('',#6432,#6433,#8808,.T.);
#7524=EDGE_CURVE('',#6433,#6434,#897,.T.);
#7525=EDGE_CURVE('',#6434,#6435,#8809,.T.);
#7526=EDGE_CURVE('',#6435,#6436,#898,.T.);
#7527=EDGE_CURVE('',#6436,#6437,#8810,.T.);
#7528=EDGE_CURVE('',#6437,#6438,#899,.T.);
#7529=EDGE_CURVE('',#6438,#6439,#8811,.T.);
#7530=EDGE_CURVE('',#6439,#6440,#900,.T.);
#7531=EDGE_CURVE('',#6440,#6441,#8812,.T.);
#7532=EDGE_CURVE('',#6441,#6442,#901,.T.);
#7533=EDGE_CURVE('',#6442,#6443,#8813,.T.);
#7534=EDGE_CURVE('',#6443,#6420,#902,.T.);
#7535=EDGE_CURVE('',#6434,#6358,#8814,.T.);
#7536=EDGE_CURVE('',#6360,#6433,#8815,.T.);
#7537=EDGE_CURVE('',#6362,#6432,#8816,.T.);
#7538=EDGE_CURVE('',#6435,#6356,#8817,.T.);
#7539=EDGE_CURVE('',#6364,#6431,#8818,.T.);
#7540=EDGE_CURVE('',#6436,#6402,#8819,.T.);
#7541=EDGE_CURVE('',#6366,#6430,#8820,.T.);
#7542=EDGE_CURVE('',#6437,#6400,#8821,.T.);
#7543=EDGE_CURVE('',#6368,#6429,#8822,.T.);
#7544=EDGE_CURVE('',#6438,#6398,#8823,.T.);
#7545=EDGE_CURVE('',#6370,#6428,#8824,.T.);
#7546=EDGE_CURVE('',#6439,#6396,#8825,.T.);
#7547=EDGE_CURVE('',#6372,#6427,#8826,.T.);
#7548=EDGE_CURVE('',#6440,#6394,#8827,.T.);
#7549=EDGE_CURVE('',#6374,#6426,#8828,.T.);
#7550=EDGE_CURVE('',#6441,#6392,#8829,.T.);
#7551=EDGE_CURVE('',#6376,#6425,#8830,.T.);
#7552=EDGE_CURVE('',#6442,#6390,#8831,.T.);
#7553=EDGE_CURVE('',#6378,#6424,#8832,.T.);
#7554=EDGE_CURVE('',#6443,#6388,#8833,.T.);
#7555=EDGE_CURVE('',#6380,#6423,#8834,.T.);
#7556=EDGE_CURVE('',#6420,#6386,#8835,.T.);
#7557=EDGE_CURVE('',#6382,#6422,#8836,.T.);
#7558=EDGE_CURVE('',#6421,#6384,#8837,.T.);
#7559=EDGE_CURVE('',#6444,#6445,#8838,.T.);
#7560=EDGE_CURVE('',#6444,#6446,#903,.T.);
#7561=EDGE_CURVE('',#6447,#6446,#8839,.T.);
#7562=EDGE_CURVE('',#6447,#6448,#904,.T.);
#7563=EDGE_CURVE('',#6449,#6448,#8840,.T.);
#7564=EDGE_CURVE('',#6449,#6450,#905,.T.);
#7565=EDGE_CURVE('',#6451,#6450,#8841,.T.);
#7566=EDGE_CURVE('',#6451,#6445,#906,.T.);
#7567=EDGE_CURVE('',#6452,#6453,#8842,.T.);
#7568=EDGE_CURVE('',#6452,#6454,#907,.T.);
#7569=EDGE_CURVE('',#6455,#6454,#8843,.T.);
#7570=EDGE_CURVE('',#6455,#6456,#908,.T.);
#7571=EDGE_CURVE('',#6457,#6456,#8844,.T.);
#7572=EDGE_CURVE('',#6457,#6458,#909,.T.);
#7573=EDGE_CURVE('',#6459,#6458,#8845,.T.);
#7574=EDGE_CURVE('',#6459,#6453,#910,.T.);
#7575=EDGE_CURVE('',#6460,#6461,#8846,.T.);
#7576=EDGE_CURVE('',#6460,#6462,#911,.T.);
#7577=EDGE_CURVE('',#6462,#6463,#912,.T.);
#7578=EDGE_CURVE('',#6463,#6464,#913,.T.);
#7579=EDGE_CURVE('',#6465,#6464,#8847,.T.);
#7580=EDGE_CURVE('',#6465,#6466,#914,.T.);
#7581=EDGE_CURVE('',#6467,#6466,#8848,.T.);
#7582=EDGE_CURVE('',#6467,#6468,#915,.T.);
#7583=EDGE_CURVE('',#6469,#6468,#8849,.T.);
#7584=EDGE_CURVE('',#6469,#6470,#916,.T.);
#7585=EDGE_CURVE('',#6471,#6470,#8850,.T.);
#7586=EDGE_CURVE('',#6471,#6472,#917,.T.);
#7587=EDGE_CURVE('',#6473,#6472,#8851,.T.);
#7588=EDGE_CURVE('',#6473,#6474,#918,.T.);
#7589=EDGE_CURVE('',#6461,#6474,#919,.T.);
#7590=EDGE_CURVE('',#6475,#6476,#8852,.T.);
#7591=EDGE_CURVE('',#6475,#6477,#920,.T.);
#7592=EDGE_CURVE('',#6478,#6477,#8853,.T.);
#7593=EDGE_CURVE('',#6478,#6479,#921,.T.);
#7594=EDGE_CURVE('',#6480,#6479,#8854,.T.);
#7595=EDGE_CURVE('',#6481,#6480,#922,.T.);
#7596=EDGE_CURVE('',#6482,#6481,#8855,.T.);
#7597=EDGE_CURVE('',#6483,#6482,#923,.T.);
#7598=EDGE_CURVE('',#6484,#6483,#8856,.T.);
#7599=EDGE_CURVE('',#6476,#6484,#924,.T.);
#7600=EDGE_CURVE('',#6485,#6486,#8857,.T.);
#7601=EDGE_CURVE('',#6485,#6487,#925,.T.);
#7602=EDGE_CURVE('',#6488,#6487,#8858,.T.);
#7603=EDGE_CURVE('',#6488,#6489,#926,.T.);
#7604=EDGE_CURVE('',#6490,#6489,#8859,.T.);
#7605=EDGE_CURVE('',#6490,#6486,#927,.T.);
#7606=EDGE_CURVE('',#6491,#6491,#928,.T.);
#7607=EDGE_CURVE('',#6492,#6492,#929,.T.);
#7608=EDGE_CURVE('',#6493,#6493,#930,.T.);
#7609=EDGE_CURVE('',#6494,#6494,#931,.T.);
#7610=EDGE_CURVE('',#6495,#6495,#932,.T.);
#7611=EDGE_CURVE('',#6496,#6496,#933,.T.);
#7612=EDGE_CURVE('',#6497,#6497,#934,.T.);
#7613=EDGE_CURVE('',#6498,#6498,#935,.T.);
#7614=EDGE_CURVE('',#6499,#6499,#936,.T.);
#7615=EDGE_CURVE('',#6500,#6500,#937,.T.);
#7616=EDGE_CURVE('',#6501,#6501,#938,.T.);
#7617=EDGE_CURVE('',#6502,#6502,#939,.T.);
#7618=EDGE_CURVE('',#6503,#6503,#940,.T.);
#7619=EDGE_CURVE('',#6504,#6504,#941,.T.);
#7620=EDGE_CURVE('',#6505,#6505,#942,.T.);
#7621=EDGE_CURVE('',#6506,#6506,#943,.T.);
#7622=EDGE_CURVE('',#6507,#6507,#944,.T.);
#7623=EDGE_CURVE('',#6508,#6508,#945,.T.);
#7624=EDGE_CURVE('',#6509,#6509,#946,.T.);
#7625=EDGE_CURVE('',#6510,#6510,#947,.T.);
#7626=EDGE_CURVE('',#6511,#6511,#948,.T.);
#7627=EDGE_CURVE('',#6512,#6512,#949,.T.);
#7628=EDGE_CURVE('',#6513,#6513,#950,.T.);
#7629=EDGE_CURVE('',#6514,#6514,#951,.T.);
#7630=EDGE_CURVE('',#6515,#6516,#8860,.T.);
#7631=EDGE_CURVE('',#6515,#6517,#952,.T.);
#7632=EDGE_CURVE('',#6518,#6517,#953,.T.);
#7633=EDGE_CURVE('',#6518,#6519,#954,.T.);
#7634=EDGE_CURVE('',#6520,#6519,#8861,.T.);
#7635=EDGE_CURVE('',#6521,#6520,#955,.T.);
#7636=EDGE_CURVE('',#6521,#6522,#956,.T.);
#7637=EDGE_CURVE('',#6523,#6522,#8862,.T.);
#7638=EDGE_CURVE('',#6523,#6524,#957,.T.);
#7639=EDGE_CURVE('',#6525,#6524,#8863,.T.);
#7640=EDGE_CURVE('',#6525,#6526,#958,.T.);
#7641=EDGE_CURVE('',#6527,#6526,#8864,.T.);
#7642=EDGE_CURVE('',#6527,#6528,#959,.T.);
#7643=EDGE_CURVE('',#6529,#6528,#8865,.T.);
#7644=EDGE_CURVE('',#6529,#6516,#960,.T.);
#7645=EDGE_CURVE('',#6530,#6531,#8866,.T.);
#7646=EDGE_CURVE('',#6530,#6532,#961,.T.);
#7647=EDGE_CURVE('',#6533,#6532,#8867,.T.);
#7648=EDGE_CURVE('',#6533,#6534,#962,.T.);
#7649=EDGE_CURVE('',#6535,#6534,#8868,.T.);
#7650=EDGE_CURVE('',#6535,#6536,#963,.T.);
#7651=EDGE_CURVE('',#6537,#6536,#8869,.T.);
#7652=EDGE_CURVE('',#6537,#6531,#964,.T.);
#7653=EDGE_CURVE('',#6538,#6539,#8870,.T.);
#7654=EDGE_CURVE('',#6538,#6540,#965,.T.);
#7655=EDGE_CURVE('',#6541,#6540,#8871,.T.);
#7656=EDGE_CURVE('',#6541,#6542,#966,.T.);
#7657=EDGE_CURVE('',#6543,#6542,#8872,.T.);
#7658=EDGE_CURVE('',#6543,#6539,#967,.T.);
#7659=EDGE_CURVE('',#6544,#6545,#8873,.T.);
#7660=EDGE_CURVE('',#6544,#6546,#968,.T.);
#7661=EDGE_CURVE('',#6547,#6546,#8874,.T.);
#7662=EDGE_CURVE('',#6548,#6547,#969,.T.);
#7663=EDGE_CURVE('',#6549,#6548,#8875,.T.);
#7664=EDGE_CURVE('',#6550,#6549,#970,.T.);
#7665=EDGE_CURVE('',#6551,#6550,#8876,.T.);
#7666=EDGE_CURVE('',#6552,#6551,#971,.T.);
#7667=EDGE_CURVE('',#6553,#6552,#8877,.T.);
#7668=EDGE_CURVE('',#6553,#6545,#972,.T.);
#7669=EDGE_CURVE('',#6554,#6555,#8878,.T.);
#7670=EDGE_CURVE('',#6554,#6556,#973,.T.);
#7671=EDGE_CURVE('',#6557,#6556,#8879,.T.);
#7672=EDGE_CURVE('',#6557,#6558,#974,.T.);
#7673=EDGE_CURVE('',#6559,#6558,#8880,.T.);
#7674=EDGE_CURVE('',#6559,#6555,#975,.T.);
#7675=EDGE_CURVE('',#6560,#6561,#976,.T.);
#7676=EDGE_CURVE('',#6562,#6560,#8881,.T.);
#7677=EDGE_CURVE('',#6563,#6562,#977,.T.);
#7678=EDGE_CURVE('',#6564,#6563,#8882,.T.);
#7679=EDGE_CURVE('',#6565,#6564,#978,.T.);
#7680=EDGE_CURVE('',#6566,#6565,#8883,.T.);
#7681=EDGE_CURVE('',#6567,#6566,#979,.T.);
#7682=EDGE_CURVE('',#6561,#6567,#8884,.T.);
#7683=EDGE_CURVE('',#6568,#6568,#980,.T.);
#7684=EDGE_CURVE('',#6569,#6570,#8885,.T.);
#7685=EDGE_CURVE('',#6569,#6571,#981,.T.);
#7686=EDGE_CURVE('',#6572,#6571,#8886,.T.);
#7687=EDGE_CURVE('',#6572,#6573,#982,.T.);
#7688=EDGE_CURVE('',#6573,#6574,#8887,.T.);
#7689=EDGE_CURVE('',#6574,#6575,#983,.T.);
#7690=EDGE_CURVE('',#6575,#6576,#8888,.T.);
#7691=EDGE_CURVE('',#6576,#6577,#984,.T.);
#7692=EDGE_CURVE('',#6577,#6578,#8889,.T.);
#7693=EDGE_CURVE('',#6578,#6579,#985,.T.);
#7694=EDGE_CURVE('',#6580,#6579,#8890,.T.);
#7695=EDGE_CURVE('',#6580,#6581,#986,.T.);
#7696=EDGE_CURVE('',#6582,#6581,#8891,.T.);
#7697=EDGE_CURVE('',#6582,#6583,#987,.T.);
#7698=EDGE_CURVE('',#6584,#6583,#8892,.T.);
#7699=EDGE_CURVE('',#6584,#6585,#988,.T.);
#7700=EDGE_CURVE('',#6585,#6586,#8893,.T.);
#7701=EDGE_CURVE('',#6586,#6587,#989,.T.);
#7702=EDGE_CURVE('',#6587,#6588,#8894,.T.);
#7703=EDGE_CURVE('',#6588,#6589,#990,.T.);
#7704=EDGE_CURVE('',#6589,#6590,#8895,.T.);
#7705=EDGE_CURVE('',#6590,#6591,#991,.T.);
#7706=EDGE_CURVE('',#6592,#6591,#8896,.T.);
#7707=EDGE_CURVE('',#6592,#6593,#992,.T.);
#7708=EDGE_CURVE('',#6594,#6593,#8897,.T.);
#7709=EDGE_CURVE('',#6595,#6594,#993,.T.);
#7710=EDGE_CURVE('',#6596,#6595,#8898,.T.);
#7711=EDGE_CURVE('',#6570,#6596,#994,.T.);
#7712=EDGE_CURVE('',#6571,#6597,#8899,.T.);
#7713=EDGE_CURVE('',#6598,#6597,#8900,.T.);
#7714=EDGE_CURVE('',#6598,#6572,#8901,.T.);
#7715=EDGE_CURVE('',#6597,#6599,#995,.T.);
#7716=EDGE_CURVE('',#6599,#6600,#8902,.T.);
#7717=EDGE_CURVE('',#6600,#6601,#996,.T.);
#7718=EDGE_CURVE('',#6601,#6602,#8903,.T.);
#7719=EDGE_CURVE('',#6602,#6603,#997,.T.);
#7720=EDGE_CURVE('',#6603,#6604,#8904,.T.);
#7721=EDGE_CURVE('',#6604,#6605,#998,.T.);
#7722=EDGE_CURVE('',#6605,#6606,#8905,.T.);
#7723=EDGE_CURVE('',#6606,#6607,#999,.T.);
#7724=EDGE_CURVE('',#6608,#6607,#8906,.T.);
#7725=EDGE_CURVE('',#6608,#6609,#1000,.T.);
#7726=EDGE_CURVE('',#6610,#6609,#8907,.T.);
#7727=EDGE_CURVE('',#6610,#6611,#1001,.T.);
#7728=EDGE_CURVE('',#6612,#6611,#8908,.T.);
#7729=EDGE_CURVE('',#6612,#6613,#1002,.T.);
#7730=EDGE_CURVE('',#6613,#6614,#8909,.T.);
#7731=EDGE_CURVE('',#6614,#6615,#1003,.T.);
#7732=EDGE_CURVE('',#6615,#6616,#8910,.T.);
#7733=EDGE_CURVE('',#6616,#6617,#1004,.T.);
#7734=EDGE_CURVE('',#6617,#6618,#8911,.T.);
#7735=EDGE_CURVE('',#6618,#6619,#1005,.T.);
#7736=EDGE_CURVE('',#6620,#6619,#8912,.T.);
#7737=EDGE_CURVE('',#6620,#6621,#1006,.T.);
#7738=EDGE_CURVE('',#6622,#6621,#8913,.T.);
#7739=EDGE_CURVE('',#6622,#6623,#1007,.T.);
#7740=EDGE_CURVE('',#6624,#6623,#8914,.T.);
#7741=EDGE_CURVE('',#6624,#6598,#1008,.T.);
#7742=EDGE_CURVE('',#6625,#6625,#1009,.T.);
#7743=EDGE_CURVE('',#6626,#6627,#8915,.T.);
#7744=EDGE_CURVE('',#6627,#6628,#1010,.T.);
#7745=EDGE_CURVE('',#6628,#6629,#8916,.T.);
#7746=EDGE_CURVE('',#6629,#6630,#1011,.T.);
#7747=EDGE_CURVE('',#6630,#6631,#8917,.T.);
#7748=EDGE_CURVE('',#6631,#6632,#1012,.T.);
#7749=EDGE_CURVE('',#6632,#6633,#8918,.T.);
#7750=EDGE_CURVE('',#6633,#6626,#1013,.T.);
#7751=EDGE_CURVE('',#6634,#6635,#8919,.T.);
#7752=EDGE_CURVE('',#6635,#6636,#1014,.T.);
#7753=EDGE_CURVE('',#6636,#6637,#8920,.T.);
#7754=EDGE_CURVE('',#6637,#6638,#1015,.T.);
#7755=EDGE_CURVE('',#6638,#6639,#8921,.T.);
#7756=EDGE_CURVE('',#6639,#6634,#1016,.T.);
#7757=EDGE_CURVE('',#6640,#6641,#8922,.T.);
#7758=EDGE_CURVE('',#6641,#6642,#1017,.T.);
#7759=EDGE_CURVE('',#6642,#6643,#8923,.T.);
#7760=EDGE_CURVE('',#6643,#6644,#1018,.T.);
#7761=EDGE_CURVE('',#6644,#6645,#8924,.T.);
#7762=EDGE_CURVE('',#6645,#6646,#1019,.T.);
#7763=EDGE_CURVE('',#6646,#6647,#8925,.T.);
#7764=EDGE_CURVE('',#6647,#6648,#1020,.T.);
#7765=EDGE_CURVE('',#6648,#6649,#8926,.T.);
#7766=EDGE_CURVE('',#6649,#6640,#1021,.T.);
#7767=EDGE_CURVE('',#6650,#6651,#8927,.T.);
#7768=EDGE_CURVE('',#6651,#6652,#1022,.T.);
#7769=EDGE_CURVE('',#6652,#6653,#8928,.T.);
#7770=EDGE_CURVE('',#6653,#6654,#1023,.T.);
#7771=EDGE_CURVE('',#6654,#6655,#8929,.T.);
#7772=EDGE_CURVE('',#6655,#6650,#1024,.T.);
#7773=EDGE_CURVE('',#6656,#6657,#8930,.T.);
#7774=EDGE_CURVE('',#6657,#6658,#1025,.T.);
#7775=EDGE_CURVE('',#6658,#6659,#8931,.T.);
#7776=EDGE_CURVE('',#6659,#6660,#1026,.T.);
#7777=EDGE_CURVE('',#6660,#6661,#8932,.T.);
#7778=EDGE_CURVE('',#6661,#6662,#1027,.T.);
#7779=EDGE_CURVE('',#6662,#6663,#8933,.T.);
#7780=EDGE_CURVE('',#6663,#6656,#1028,.T.);
#7781=EDGE_CURVE('',#6664,#6665,#1029,.T.);
#7782=EDGE_CURVE('',#6665,#6666,#1030,.T.);
#7783=EDGE_CURVE('',#6666,#6667,#8934,.T.);
#7784=EDGE_CURVE('',#6667,#6668,#1031,.T.);
#7785=EDGE_CURVE('',#6668,#6669,#8935,.T.);
#7786=EDGE_CURVE('',#6669,#6670,#1032,.T.);
#7787=EDGE_CURVE('',#6670,#6671,#8936,.T.);
#7788=EDGE_CURVE('',#6671,#6672,#1033,.T.);
#7789=EDGE_CURVE('',#6672,#6673,#8937,.T.);
#7790=EDGE_CURVE('',#6673,#6674,#1034,.T.);
#7791=EDGE_CURVE('',#6674,#6675,#8938,.T.);
#7792=EDGE_CURVE('',#6675,#6676,#1035,.T.);
#7793=EDGE_CURVE('',#6676,#6677,#1036,.T.);
#7794=EDGE_CURVE('',#6677,#6678,#8939,.T.);
#7795=EDGE_CURVE('',#6678,#6664,#1037,.T.);
#7796=EDGE_CURVE('',#6679,#6679,#1038,.T.);
#7797=EDGE_CURVE('',#6680,#6680,#1039,.T.);
#7798=EDGE_CURVE('',#6681,#6681,#1040,.T.);
#7799=EDGE_CURVE('',#6682,#6682,#1041,.T.);
#7800=EDGE_CURVE('',#6683,#6683,#1042,.T.);
#7801=EDGE_CURVE('',#6684,#6684,#1043,.T.);
#7802=EDGE_CURVE('',#6685,#6685,#1044,.T.);
#7803=EDGE_CURVE('',#6686,#6686,#1045,.T.);
#7804=EDGE_CURVE('',#6687,#6687,#1046,.T.);
#7805=EDGE_CURVE('',#6688,#6688,#1047,.T.);
#7806=EDGE_CURVE('',#6689,#6689,#1048,.T.);
#7807=EDGE_CURVE('',#6690,#6690,#1049,.T.);
#7808=EDGE_CURVE('',#6691,#6691,#1050,.T.);
#7809=EDGE_CURVE('',#6692,#6692,#1051,.T.);
#7810=EDGE_CURVE('',#6693,#6693,#1052,.T.);
#7811=EDGE_CURVE('',#6694,#6694,#1053,.T.);
#7812=EDGE_CURVE('',#6695,#6695,#1054,.T.);
#7813=EDGE_CURVE('',#6696,#6696,#1055,.T.);
#7814=EDGE_CURVE('',#6697,#6697,#1056,.T.);
#7815=EDGE_CURVE('',#6698,#6698,#1057,.T.);
#7816=EDGE_CURVE('',#6699,#6699,#1058,.T.);
#7817=EDGE_CURVE('',#6700,#6700,#1059,.T.);
#7818=EDGE_CURVE('',#6701,#6701,#1060,.T.);
#7819=EDGE_CURVE('',#6702,#6702,#1061,.T.);
#7820=EDGE_CURVE('',#6703,#6704,#8940,.T.);
#7821=EDGE_CURVE('',#6704,#6705,#1062,.T.);
#7822=EDGE_CURVE('',#6705,#6706,#8941,.T.);
#7823=EDGE_CURVE('',#6706,#6707,#1063,.T.);
#7824=EDGE_CURVE('',#6707,#6708,#8942,.T.);
#7825=EDGE_CURVE('',#6708,#6703,#1064,.T.);
#7826=EDGE_CURVE('',#6709,#6710,#8943,.T.);
#7827=EDGE_CURVE('',#6710,#6711,#1065,.T.);
#7828=EDGE_CURVE('',#6711,#6712,#8944,.T.);
#7829=EDGE_CURVE('',#6712,#6713,#1066,.T.);
#7830=EDGE_CURVE('',#6713,#6714,#8945,.T.);
#7831=EDGE_CURVE('',#6714,#6715,#1067,.T.);
#7832=EDGE_CURVE('',#6715,#6716,#8946,.T.);
#7833=EDGE_CURVE('',#6716,#6717,#1068,.T.);
#7834=EDGE_CURVE('',#6717,#6718,#8947,.T.);
#7835=EDGE_CURVE('',#6718,#6709,#1069,.T.);
#7836=EDGE_CURVE('',#6719,#6720,#1070,.T.);
#7837=EDGE_CURVE('',#6719,#6721,#1071,.T.);
#7838=EDGE_CURVE('',#6721,#6722,#8948,.T.);
#7839=EDGE_CURVE('',#6722,#6723,#1072,.T.);
#7840=EDGE_CURVE('',#6723,#6724,#1073,.T.);
#7841=EDGE_CURVE('',#6724,#6725,#8949,.T.);
#7842=EDGE_CURVE('',#6725,#6726,#1074,.T.);
#7843=EDGE_CURVE('',#6726,#6727,#8950,.T.);
#7844=EDGE_CURVE('',#6727,#6728,#1075,.T.);
#7845=EDGE_CURVE('',#6728,#6729,#8951,.T.);
#7846=EDGE_CURVE('',#6729,#6730,#1076,.T.);
#7847=EDGE_CURVE('',#6730,#6731,#8952,.T.);
#7848=EDGE_CURVE('',#6731,#6732,#1077,.T.);
#7849=EDGE_CURVE('',#6732,#6733,#8953,.T.);
#7850=EDGE_CURVE('',#6733,#6720,#1078,.T.);
#7851=EDGE_CURVE('',#6734,#6735,#8954,.T.);
#7852=EDGE_CURVE('',#6735,#6736,#1079,.T.);
#7853=EDGE_CURVE('',#6736,#6737,#8955,.T.);
#7854=EDGE_CURVE('',#6737,#6738,#1080,.T.);
#7855=EDGE_CURVE('',#6738,#6739,#8956,.T.);
#7856=EDGE_CURVE('',#6739,#6740,#1081,.T.);
#7857=EDGE_CURVE('',#6740,#6741,#8957,.T.);
#7858=EDGE_CURVE('',#6741,#6734,#1082,.T.);
#7859=EDGE_CURVE('',#6742,#6743,#8958,.T.);
#7860=EDGE_CURVE('',#6743,#6744,#1083,.T.);
#7861=EDGE_CURVE('',#6744,#6745,#8959,.T.);
#7862=EDGE_CURVE('',#6745,#6746,#1084,.T.);
#7863=EDGE_CURVE('',#6746,#6747,#8960,.T.);
#7864=EDGE_CURVE('',#6747,#6748,#1085,.T.);
#7865=EDGE_CURVE('',#6748,#6749,#8961,.T.);
#7866=EDGE_CURVE('',#6749,#6742,#1086,.T.);
#7867=EDGE_CURVE('',#6462,#6719,#8962,.T.);
#7868=EDGE_CURVE('',#6720,#6463,#8963,.T.);
#7869=EDGE_CURVE('',#6517,#6665,#8964,.T.);
#7870=EDGE_CURVE('',#6664,#6518,#8965,.T.);
#7871=EDGE_CURVE('',#6613,#6584,#8966,.T.);
#7872=EDGE_CURVE('',#6583,#6614,#8967,.T.);
#7873=EDGE_CURVE('',#6579,#6618,#8968,.T.);
#7874=EDGE_CURVE('',#6617,#6580,#8969,.T.);
#7875=EDGE_CURVE('',#6615,#6582,#8970,.T.);
#7876=EDGE_CURVE('',#6581,#6616,#8971,.T.);
#7877=EDGE_CURVE('',#6605,#6592,#8972,.T.);
#7878=EDGE_CURVE('',#6591,#6606,#8973,.T.);
#7879=EDGE_CURVE('',#6607,#6590,#8974,.T.);
#7880=EDGE_CURVE('',#6589,#6608,#8975,.T.);
#7881=EDGE_CURVE('',#6585,#6612,#8976,.T.);
#7882=EDGE_CURVE('',#6611,#6586,#8977,.T.);
#7883=EDGE_CURVE('',#6609,#6588,#8978,.T.);
#7884=EDGE_CURVE('',#6587,#6610,#8979,.T.);
#7885=EDGE_CURVE('',#6619,#6578,#8980,.T.);
#7886=EDGE_CURVE('',#6577,#6620,#8981,.T.);
#7887=EDGE_CURVE('',#6573,#6624,#8982,.T.);
#7888=EDGE_CURVE('',#6623,#6574,#8983,.T.);
#7889=EDGE_CURVE('',#6575,#6622,#8984,.T.);
#7890=EDGE_CURVE('',#6621,#6576,#8985,.T.);
#7891=EDGE_CURVE('',#6674,#6523,#8986,.T.);
#7892=EDGE_CURVE('',#6522,#6675,#8987,.T.);
#7893=EDGE_CURVE('',#6676,#6521,#8988,.T.);
#7894=EDGE_CURVE('',#6677,#6520,#8989,.T.);
#7895=EDGE_CURVE('',#6519,#6678,#8990,.T.);
#7896=EDGE_CURVE('',#6666,#6515,#8991,.T.);
#7897=EDGE_CURVE('',#6516,#6667,#8992,.T.);
#7898=EDGE_CURVE('',#6668,#6529,#8993,.T.);
#7899=EDGE_CURVE('',#6528,#6669,#8994,.T.);
#7900=EDGE_CURVE('',#6526,#6671,#8995,.T.);
#7901=EDGE_CURVE('',#6670,#6527,#8996,.T.);
#7902=EDGE_CURVE('',#6524,#6673,#8997,.T.);
#7903=EDGE_CURVE('',#6672,#6525,#8998,.T.);
#7904=EDGE_CURVE('',#6486,#6708,#8999,.T.);
#7905=EDGE_CURVE('',#6707,#6485,#9000,.T.);
#7906=EDGE_CURVE('',#6703,#6490,#9001,.T.);
#7907=EDGE_CURVE('',#6489,#6704,#9002,.T.);
#7908=EDGE_CURVE('',#6705,#6488,#9003,.T.);
#7909=EDGE_CURVE('',#6487,#6706,#9004,.T.);
#7910=EDGE_CURVE('',#6531,#6661,#9005,.T.);
#7911=EDGE_CURVE('',#6660,#6530,#9006,.T.);
#7912=EDGE_CURVE('',#6536,#6663,#9007,.T.);
#7913=EDGE_CURVE('',#6662,#6537,#9008,.T.);
#7914=EDGE_CURVE('',#6534,#6657,#9009,.T.);
#7915=EDGE_CURVE('',#6656,#6535,#9010,.T.);
#7916=EDGE_CURVE('',#6658,#6533,#9011,.T.);
#7917=EDGE_CURVE('',#6532,#6659,#9012,.T.);
#7918=EDGE_CURVE('',#6714,#6476,#9013,.T.);
#7919=EDGE_CURVE('',#6715,#6484,#9014,.T.);
#7920=EDGE_CURVE('',#6716,#6483,#9015,.T.);
#7921=EDGE_CURVE('',#6717,#6482,#9016,.T.);
#7922=EDGE_CURVE('',#6718,#6481,#9017,.T.);
#7923=EDGE_CURVE('',#6709,#6480,#9018,.T.);
#7924=EDGE_CURVE('',#6479,#6710,#9019,.T.);
#7925=EDGE_CURVE('',#6711,#6478,#9020,.T.);
#7926=EDGE_CURVE('',#6477,#6712,#9021,.T.);
#7927=EDGE_CURVE('',#6713,#6475,#9022,.T.);
#7928=EDGE_CURVE('',#6539,#6655,#9023,.T.);
#7929=EDGE_CURVE('',#6654,#6538,#9024,.T.);
#7930=EDGE_CURVE('',#6542,#6651,#9025,.T.);
#7931=EDGE_CURVE('',#6650,#6543,#9026,.T.);
#7932=EDGE_CURVE('',#6652,#6541,#9027,.T.);
#7933=EDGE_CURVE('',#6540,#6653,#9028,.T.);
#7934=EDGE_CURVE('',#6464,#6733,#9029,.T.);
#7935=EDGE_CURVE('',#6732,#6465,#9030,.T.);
#7936=EDGE_CURVE('',#6721,#6460,#9031,.T.);
#7937=EDGE_CURVE('',#6722,#6461,#9032,.T.);
#7938=EDGE_CURVE('',#6474,#6723,#9033,.T.);
#7939=EDGE_CURVE('',#6472,#6725,#9034,.T.);
#7940=EDGE_CURVE('',#6724,#6473,#9035,.T.);
#7941=EDGE_CURVE('',#6470,#6727,#9036,.T.);
#7942=EDGE_CURVE('',#6726,#6471,#9037,.T.);
#7943=EDGE_CURVE('',#6728,#6469,#9038,.T.);
#7944=EDGE_CURVE('',#6468,#6729,#9039,.T.);
#7945=EDGE_CURVE('',#6730,#6467,#9040,.T.);
#7946=EDGE_CURVE('',#6466,#6731,#9041,.T.);
#7947=EDGE_CURVE('',#6545,#6643,#9042,.T.);
#7948=EDGE_CURVE('',#6642,#6544,#9043,.T.);
#7949=EDGE_CURVE('',#6644,#6553,#9044,.T.);
#7950=EDGE_CURVE('',#6645,#6552,#9045,.T.);
#7951=EDGE_CURVE('',#6646,#6551,#9046,.T.);
#7952=EDGE_CURVE('',#6647,#6550,#9047,.T.);
#7953=EDGE_CURVE('',#6648,#6549,#9048,.T.);
#7954=EDGE_CURVE('',#6649,#6548,#9049,.T.);
#7955=EDGE_CURVE('',#6640,#6547,#9050,.T.);
#7956=EDGE_CURVE('',#6546,#6641,#9051,.T.);
#7957=EDGE_CURVE('',#6453,#6739,#9052,.T.);
#7958=EDGE_CURVE('',#6738,#6452,#9053,.T.);
#7959=EDGE_CURVE('',#6458,#6741,#9054,.T.);
#7960=EDGE_CURVE('',#6740,#6459,#9055,.T.);
#7961=EDGE_CURVE('',#6734,#6457,#9056,.T.);
#7962=EDGE_CURVE('',#6456,#6735,#9057,.T.);
#7963=EDGE_CURVE('',#6454,#6737,#9058,.T.);
#7964=EDGE_CURVE('',#6736,#6455,#9059,.T.);
#7965=EDGE_CURVE('',#6555,#6639,#9060,.T.);
#7966=EDGE_CURVE('',#6638,#6554,#9061,.T.);
#7967=EDGE_CURVE('',#6558,#6635,#9062,.T.);
#7968=EDGE_CURVE('',#6634,#6559,#9063,.T.);
#7969=EDGE_CURVE('',#6636,#6557,#9064,.T.);
#7970=EDGE_CURVE('',#6556,#6637,#9065,.T.);
#7971=EDGE_CURVE('',#6593,#6604,#9066,.T.);
#7972=EDGE_CURVE('',#6603,#6594,#9067,.T.);
#7973=EDGE_CURVE('',#6602,#6595,#9068,.T.);
#7974=EDGE_CURVE('',#6601,#6596,#9069,.T.);
#7975=EDGE_CURVE('',#6600,#6570,#9070,.T.);
#7976=EDGE_CURVE('',#6599,#6569,#9071,.T.);
#7977=EDGE_CURVE('',#6627,#6560,#9072,.T.);
#7978=EDGE_CURVE('',#6628,#6561,#9073,.T.);
#7979=EDGE_CURVE('',#6629,#6567,#9074,.T.);
#7980=EDGE_CURVE('',#6630,#6566,#9075,.T.);
#7981=EDGE_CURVE('',#6631,#6565,#9076,.T.);
#7982=EDGE_CURVE('',#6632,#6564,#9077,.T.);
#7983=EDGE_CURVE('',#6633,#6563,#9078,.T.);
#7984=EDGE_CURVE('',#6626,#6562,#9079,.T.);
#7985=EDGE_CURVE('',#6445,#6747,#9080,.T.);
#7986=EDGE_CURVE('',#6746,#6444,#9081,.T.);
#7987=EDGE_CURVE('',#6450,#6749,#9082,.T.);
#7988=EDGE_CURVE('',#6748,#6451,#9083,.T.);
#7989=EDGE_CURVE('',#6448,#6743,#9084,.T.);
#7990=EDGE_CURVE('',#6742,#6449,#9085,.T.);
#7991=EDGE_CURVE('',#6744,#6447,#9086,.T.);
#7992=EDGE_CURVE('',#6446,#6745,#9087,.T.);
#7993=EDGE_CURVE('',#6750,#6751,#9088,.T.);
#7994=EDGE_CURVE('',#6752,#6750,#1087,.T.);
#7995=EDGE_CURVE('',#6752,#6753,#9089,.T.);
#7996=EDGE_CURVE('',#6753,#6751,#1088,.T.);
#7997=EDGE_CURVE('',#6754,#6755,#9090,.T.);
#7998=EDGE_CURVE('',#6755,#6756,#1089,.T.);
#7999=EDGE_CURVE('',#6757,#6756,#9091,.T.);
#8000=EDGE_CURVE('',#6754,#6757,#1090,.T.);
#8001=EDGE_CURVE('',#6758,#6758,#1091,.T.);
#8002=EDGE_CURVE('',#6759,#6759,#1092,.T.);
#8003=EDGE_CURVE('',#6760,#6760,#1093,.T.);
#8004=EDGE_CURVE('',#6761,#6761,#1094,.T.);
#8005=EDGE_CURVE('',#6762,#6762,#1095,.T.);
#8006=EDGE_CURVE('',#6763,#6763,#1096,.T.);
#8007=EDGE_CURVE('',#6764,#6765,#9092,.T.);
#8008=EDGE_CURVE('',#6765,#6766,#1097,.T.);
#8009=EDGE_CURVE('',#6766,#6767,#9093,.T.);
#8010=EDGE_CURVE('',#6767,#6768,#1098,.T.);
#8011=EDGE_CURVE('',#6768,#6769,#9094,.T.);
#8012=EDGE_CURVE('',#6769,#6770,#1099,.T.);
#8013=EDGE_CURVE('',#6770,#6771,#9095,.T.);
#8014=EDGE_CURVE('',#6771,#6772,#1100,.T.);
#8015=EDGE_CURVE('',#6772,#6752,#9096,.T.);
#8016=EDGE_CURVE('',#6750,#6773,#9097,.T.);
#8017=EDGE_CURVE('',#6773,#6774,#1101,.T.);
#8018=EDGE_CURVE('',#6774,#6775,#9098,.T.);
#8019=EDGE_CURVE('',#6775,#6776,#1102,.T.);
#8020=EDGE_CURVE('',#6776,#6754,#9099,.T.);
#8021=EDGE_CURVE('',#6757,#6777,#9100,.T.);
#8022=EDGE_CURVE('',#6777,#6778,#1103,.T.);
#8023=EDGE_CURVE('',#6778,#6779,#9101,.T.);
#8024=EDGE_CURVE('',#6779,#6780,#1104,.T.);
#8025=EDGE_CURVE('',#6780,#6781,#9102,.T.);
#8026=EDGE_CURVE('',#6781,#6782,#1105,.T.);
#8027=EDGE_CURVE('',#6782,#6783,#9103,.T.);
#8028=EDGE_CURVE('',#6783,#6764,#1106,.T.);
#8029=EDGE_CURVE('',#6784,#6785,#9104,.T.);
#8030=EDGE_CURVE('',#6785,#6786,#1107,.T.);
#8031=EDGE_CURVE('',#6786,#6787,#9105,.T.);
#8032=EDGE_CURVE('',#6787,#6788,#1108,.T.);
#8033=EDGE_CURVE('',#6788,#6789,#9106,.T.);
#8034=EDGE_CURVE('',#6789,#6790,#1109,.T.);
#8035=EDGE_CURVE('',#6790,#6791,#9107,.T.);
#8036=EDGE_CURVE('',#6791,#6784,#1110,.T.);
#8037=EDGE_CURVE('',#6756,#6792,#9108,.T.);
#8038=EDGE_CURVE('',#6777,#6792,#9109,.T.);
#8039=EDGE_CURVE('',#6792,#6793,#1111,.T.);
#8040=EDGE_CURVE('',#6778,#6793,#9110,.T.);
#8041=EDGE_CURVE('',#6793,#6794,#9111,.T.);
#8042=EDGE_CURVE('',#6779,#6794,#9112,.T.);
#8043=EDGE_CURVE('',#6794,#6795,#1112,.T.);
#8044=EDGE_CURVE('',#6780,#6795,#9113,.T.);
#8045=EDGE_CURVE('',#6795,#6796,#9114,.T.);
#8046=EDGE_CURVE('',#6781,#6796,#9115,.T.);
#8047=EDGE_CURVE('',#6796,#6797,#1113,.T.);
#8048=EDGE_CURVE('',#6782,#6797,#9116,.T.);
#8049=EDGE_CURVE('',#6797,#6798,#9117,.T.);
#8050=EDGE_CURVE('',#6798,#6783,#9118,.T.);
#8051=EDGE_CURVE('',#6799,#6800,#9119,.T.);
#8052=EDGE_CURVE('',#6800,#6765,#9120,.T.);
#8053=EDGE_CURVE('',#6764,#6799,#9121,.T.);
#8054=EDGE_CURVE('',#6766,#6801,#9122,.T.);
#8055=EDGE_CURVE('',#6801,#6802,#9123,.T.);
#8056=EDGE_CURVE('',#6767,#6802,#9124,.T.);
#8057=EDGE_CURVE('',#6802,#6803,#1114,.T.);
#8058=EDGE_CURVE('',#6768,#6803,#9125,.T.);
#8059=EDGE_CURVE('',#6803,#6804,#9126,.T.);
#8060=EDGE_CURVE('',#6769,#6804,#9127,.T.);
#8061=EDGE_CURVE('',#6804,#6805,#1115,.T.);
#8062=EDGE_CURVE('',#6770,#6805,#9128,.T.);
#8063=EDGE_CURVE('',#6805,#6806,#9129,.T.);
#8064=EDGE_CURVE('',#6771,#6806,#9130,.T.);
#8065=EDGE_CURVE('',#6806,#6807,#1116,.T.);
#8066=EDGE_CURVE('',#6772,#6807,#9131,.T.);
#8067=EDGE_CURVE('',#6807,#6753,#9132,.T.);
#8068=EDGE_CURVE('',#6808,#6808,#1117,.T.);
#8069=EDGE_CURVE('',#6809,#6809,#1118,.T.);
#8070=EDGE_CURVE('',#6810,#6810,#1119,.T.);
#8071=EDGE_CURVE('',#6811,#6811,#1120,.T.);
#8072=EDGE_CURVE('',#6812,#6812,#1121,.T.);
#8073=EDGE_CURVE('',#6813,#6813,#1122,.T.);
#8074=EDGE_CURVE('',#6801,#6800,#1123,.T.);
#8075=EDGE_CURVE('',#6799,#6798,#1124,.T.);
#8076=EDGE_CURVE('',#6755,#6814,#9133,.T.);
#8077=EDGE_CURVE('',#6814,#6815,#1125,.T.);
#8078=EDGE_CURVE('',#6816,#6815,#9134,.T.);
#8079=EDGE_CURVE('',#6816,#6817,#1126,.T.);
#8080=EDGE_CURVE('',#6817,#6751,#9135,.T.);
#8081=EDGE_CURVE('',#6818,#6819,#9136,.T.);
#8082=EDGE_CURVE('',#6818,#6820,#1127,.T.);
#8083=EDGE_CURVE('',#6821,#6820,#9137,.T.);
#8084=EDGE_CURVE('',#6821,#6822,#1128,.T.);
#8085=EDGE_CURVE('',#6823,#6822,#9138,.T.);
#8086=EDGE_CURVE('',#6823,#6824,#1129,.T.);
#8087=EDGE_CURVE('',#6825,#6824,#9139,.T.);
#8088=EDGE_CURVE('',#6825,#6819,#1130,.T.);
#8089=EDGE_CURVE('',#6817,#6773,#9140,.T.);
#8090=EDGE_CURVE('',#6776,#6814,#9141,.T.);
#8091=EDGE_CURVE('',#6774,#6816,#9142,.T.);
#8092=EDGE_CURVE('',#6815,#6775,#9143,.T.);
#8093=EDGE_CURVE('',#6788,#6825,#9144,.T.);
#8094=EDGE_CURVE('',#6824,#6789,#9145,.T.);
#8095=EDGE_CURVE('',#6790,#6823,#9146,.T.);
#8096=EDGE_CURVE('',#6822,#6791,#9147,.T.);
#8097=EDGE_CURVE('',#6820,#6785,#9148,.T.);
#8098=EDGE_CURVE('',#6784,#6821,#9149,.T.);
#8099=EDGE_CURVE('',#6786,#6818,#9150,.T.);
#8100=EDGE_CURVE('',#6819,#6787,#9151,.T.);
#8101=EDGE_CURVE('',#6826,#6827,#9152,.T.);
#8102=EDGE_CURVE('',#6826,#6828,#9153,.T.);
#8103=EDGE_CURVE('',#6828,#6829,#9154,.T.);
#8104=EDGE_CURVE('',#6829,#6827,#9155,.T.);
#8105=EDGE_CURVE('',#6830,#6831,#9156,.T.);
#8106=EDGE_CURVE('',#6830,#6832,#9157,.T.);
#8107=EDGE_CURVE('',#6832,#6833,#9158,.T.);
#8108=EDGE_CURVE('',#6833,#6831,#9159,.T.);
#8109=EDGE_CURVE('',#6834,#6835,#9160,.T.);
#8110=EDGE_CURVE('',#6834,#6836,#9161,.T.);
#8111=EDGE_CURVE('',#6836,#6837,#9162,.T.);
#8112=EDGE_CURVE('',#6837,#6835,#9163,.T.);
#8113=EDGE_CURVE('',#6838,#6839,#9164,.T.);
#8114=EDGE_CURVE('',#6838,#6840,#9165,.T.);
#8115=EDGE_CURVE('',#6840,#6841,#9166,.T.);
#8116=EDGE_CURVE('',#6841,#6839,#9167,.T.);
#8117=EDGE_CURVE('',#6842,#6842,#1131,.T.);
#8118=EDGE_CURVE('',#6843,#6843,#1132,.T.);
#8119=EDGE_CURVE('',#6844,#6844,#1133,.T.);
#8120=EDGE_CURVE('',#6845,#6845,#1134,.T.);
#8121=EDGE_CURVE('',#6846,#6846,#1135,.T.);
#8122=EDGE_CURVE('',#6847,#6847,#1136,.T.);
#8123=EDGE_CURVE('',#6848,#6848,#1137,.T.);
#8124=EDGE_CURVE('',#6849,#6849,#1138,.T.);
#8125=EDGE_CURVE('',#6850,#6850,#1139,.T.);
#8126=EDGE_CURVE('',#6851,#6851,#1140,.T.);
#8127=EDGE_CURVE('',#6852,#6852,#1141,.T.);
#8128=EDGE_CURVE('',#6853,#6853,#1142,.T.);
#8129=EDGE_CURVE('',#6854,#6854,#1143,.T.);
#8130=EDGE_CURVE('',#6855,#6856,#9168,.T.);
#8131=EDGE_CURVE('',#6856,#6857,#1144,.T.);
#8132=EDGE_CURVE('',#6857,#6858,#9169,.T.);
#8133=EDGE_CURVE('',#6858,#6859,#1145,.T.);
#8134=EDGE_CURVE('',#6859,#6860,#9170,.T.);
#8135=EDGE_CURVE('',#6860,#6861,#1146,.T.);
#8136=EDGE_CURVE('',#6861,#6862,#9171,.T.);
#8137=EDGE_CURVE('',#6862,#6863,#1147,.T.);
#8138=EDGE_CURVE('',#6863,#6864,#9172,.T.);
#8139=EDGE_CURVE('',#6864,#6855,#1148,.T.);
#8140=EDGE_CURVE('',#6865,#6866,#9173,.T.);
#8141=EDGE_CURVE('',#6866,#6867,#1149,.T.);
#8142=EDGE_CURVE('',#6867,#6868,#9174,.T.);
#8143=EDGE_CURVE('',#6868,#6869,#1150,.T.);
#8144=EDGE_CURVE('',#6869,#6870,#9175,.T.);
#8145=EDGE_CURVE('',#6870,#6871,#1151,.T.);
#8146=EDGE_CURVE('',#6871,#6872,#9176,.T.);
#8147=EDGE_CURVE('',#6872,#6873,#9177,.T.);
#8148=EDGE_CURVE('',#6873,#6865,#1152,.T.);
#8149=EDGE_CURVE('',#6874,#6875,#9178,.T.);
#8150=EDGE_CURVE('',#6875,#6876,#1153,.T.);
#8151=EDGE_CURVE('',#6876,#6877,#9179,.T.);
#8152=EDGE_CURVE('',#6877,#6878,#1154,.T.);
#8153=EDGE_CURVE('',#6878,#6879,#9180,.T.);
#8154=EDGE_CURVE('',#6879,#6880,#1155,.T.);
#8155=EDGE_CURVE('',#6880,#6881,#9181,.T.);
#8156=EDGE_CURVE('',#6881,#6882,#1156,.T.);
#8157=EDGE_CURVE('',#6882,#6883,#9182,.T.);
#8158=EDGE_CURVE('',#6883,#6874,#1157,.T.);
#8159=EDGE_CURVE('',#6884,#6885,#9183,.T.);
#8160=EDGE_CURVE('',#6885,#6886,#1158,.T.);
#8161=EDGE_CURVE('',#6886,#6887,#9184,.T.);
#8162=EDGE_CURVE('',#6887,#6888,#1159,.T.);
#8163=EDGE_CURVE('',#6888,#6889,#9185,.T.);
#8164=EDGE_CURVE('',#6889,#6890,#1160,.T.);
#8165=EDGE_CURVE('',#6890,#6891,#9186,.T.);
#8166=EDGE_CURVE('',#6891,#6892,#1161,.T.);
#8167=EDGE_CURVE('',#6892,#6893,#9187,.T.);
#8168=EDGE_CURVE('',#6893,#6894,#1162,.T.);
#8169=EDGE_CURVE('',#6894,#6884,#9188,.T.);
#8170=EDGE_CURVE('',#6895,#6896,#9189,.T.);
#8171=EDGE_CURVE('',#6896,#6897,#1163,.T.);
#8172=EDGE_CURVE('',#6897,#6898,#9190,.T.);
#8173=EDGE_CURVE('',#6898,#6899,#1164,.T.);
#8174=EDGE_CURVE('',#6899,#6900,#9191,.T.);
#8175=EDGE_CURVE('',#6900,#6901,#1165,.T.);
#8176=EDGE_CURVE('',#6901,#6902,#9192,.T.);
#8177=EDGE_CURVE('',#6902,#6903,#1166,.T.);
#8178=EDGE_CURVE('',#6903,#6904,#9193,.T.);
#8179=EDGE_CURVE('',#6904,#6895,#1167,.T.);
#8180=EDGE_CURVE('',#6905,#6906,#9194,.T.);
#8181=EDGE_CURVE('',#6906,#6907,#1168,.T.);
#8182=EDGE_CURVE('',#6907,#6908,#9195,.T.);
#8183=EDGE_CURVE('',#6908,#6909,#1169,.T.);
#8184=EDGE_CURVE('',#6909,#6910,#9196,.T.);
#8185=EDGE_CURVE('',#6910,#6911,#1170,.T.);
#8186=EDGE_CURVE('',#6911,#6912,#9197,.T.);
#8187=EDGE_CURVE('',#6912,#6913,#1171,.T.);
#8188=EDGE_CURVE('',#6913,#6914,#9198,.T.);
#8189=EDGE_CURVE('',#6914,#6905,#1172,.T.);
#8190=EDGE_CURVE('',#6915,#6916,#9199,.T.);
#8191=EDGE_CURVE('',#6916,#6917,#1173,.T.);
#8192=EDGE_CURVE('',#6917,#6918,#9200,.T.);
#8193=EDGE_CURVE('',#6918,#6919,#1174,.T.);
#8194=EDGE_CURVE('',#6919,#6920,#9201,.T.);
#8195=EDGE_CURVE('',#6920,#6921,#1175,.T.);
#8196=EDGE_CURVE('',#6921,#6922,#9202,.T.);
#8197=EDGE_CURVE('',#6922,#6923,#9203,.T.);
#8198=EDGE_CURVE('',#6923,#6915,#1176,.T.);
#8199=EDGE_CURVE('',#6924,#6925,#9204,.T.);
#8200=EDGE_CURVE('',#6925,#6926,#1177,.T.);
#8201=EDGE_CURVE('',#6926,#6927,#9205,.T.);
#8202=EDGE_CURVE('',#6927,#6928,#1178,.T.);
#8203=EDGE_CURVE('',#6928,#6929,#9206,.T.);
#8204=EDGE_CURVE('',#6929,#6930,#1179,.T.);
#8205=EDGE_CURVE('',#6930,#6931,#9207,.T.);
#8206=EDGE_CURVE('',#6931,#6932,#1180,.T.);
#8207=EDGE_CURVE('',#6932,#6933,#9208,.T.);
#8208=EDGE_CURVE('',#6933,#6924,#1181,.T.);
#8209=EDGE_CURVE('',#6934,#6935,#9209,.T.);
#8210=EDGE_CURVE('',#6935,#6936,#1182,.T.);
#8211=EDGE_CURVE('',#6936,#6937,#9210,.T.);
#8212=EDGE_CURVE('',#6937,#6938,#1183,.T.);
#8213=EDGE_CURVE('',#6938,#6939,#9211,.T.);
#8214=EDGE_CURVE('',#6939,#6940,#1184,.T.);
#8215=EDGE_CURVE('',#6940,#6941,#9212,.T.);
#8216=EDGE_CURVE('',#6941,#6942,#1185,.T.);
#8217=EDGE_CURVE('',#6942,#6943,#9213,.T.);
#8218=EDGE_CURVE('',#6943,#6934,#1186,.T.);
#8219=EDGE_CURVE('',#6944,#6945,#9214,.T.);
#8220=EDGE_CURVE('',#6945,#6946,#1187,.T.);
#8221=EDGE_CURVE('',#6946,#6947,#9215,.T.);
#8222=EDGE_CURVE('',#6947,#6948,#1188,.T.);
#8223=EDGE_CURVE('',#6948,#6949,#9216,.T.);
#8224=EDGE_CURVE('',#6949,#6950,#1189,.T.);
#8225=EDGE_CURVE('',#6950,#6951,#9217,.T.);
#8226=EDGE_CURVE('',#6951,#6952,#1190,.T.);
#8227=EDGE_CURVE('',#6952,#6953,#9218,.T.);
#8228=EDGE_CURVE('',#6953,#6954,#1191,.T.);
#8229=EDGE_CURVE('',#6954,#6944,#9219,.T.);
#8230=EDGE_CURVE('',#6955,#6955,#1192,.T.);
#8231=EDGE_CURVE('',#6956,#6956,#1193,.T.);
#8232=EDGE_CURVE('',#6957,#6957,#1194,.T.);
#8233=EDGE_CURVE('',#6958,#6958,#1195,.T.);
#8234=EDGE_CURVE('',#6959,#6960,#1196,.T.);
#8235=EDGE_CURVE('',#6960,#6961,#9220,.T.);
#8236=EDGE_CURVE('',#6961,#6962,#1197,.T.);
#8237=EDGE_CURVE('',#6962,#6959,#9221,.T.);
#8238=EDGE_CURVE('',#6963,#6964,#9222,.T.);
#8239=EDGE_CURVE('',#6964,#6965,#1198,.T.);
#8240=EDGE_CURVE('',#6965,#6966,#9223,.T.);
#8241=EDGE_CURVE('',#6966,#6963,#1199,.T.);
#8242=EDGE_CURVE('',#6967,#6968,#9224,.T.);
#8243=EDGE_CURVE('',#6968,#6969,#1200,.T.);
#8244=EDGE_CURVE('',#6969,#6970,#9225,.T.);
#8245=EDGE_CURVE('',#6970,#6967,#1201,.T.);
#8246=EDGE_CURVE('',#6971,#6972,#1202,.T.);
#8247=EDGE_CURVE('',#6972,#6973,#9226,.T.);
#8248=EDGE_CURVE('',#6973,#6974,#1203,.T.);
#8249=EDGE_CURVE('',#6974,#6971,#9227,.T.);
#8250=EDGE_CURVE('',#6975,#6975,#1204,.T.);
#8251=EDGE_CURVE('',#6976,#6976,#1205,.T.);
#8252=EDGE_CURVE('',#6977,#6978,#9228,.T.);
#8253=EDGE_CURVE('',#6977,#6979,#1206,.T.);
#8254=EDGE_CURVE('',#6980,#6979,#9229,.T.);
#8255=EDGE_CURVE('',#6980,#6981,#1207,.T.);
#8256=EDGE_CURVE('',#6982,#6981,#9230,.T.);
#8257=EDGE_CURVE('',#6982,#6833,#1208,.T.);
#8258=EDGE_CURVE('',#6832,#6983,#1209,.T.);
#8259=EDGE_CURVE('',#6984,#6983,#9231,.T.);
#8260=EDGE_CURVE('',#6984,#6985,#1210,.T.);
#8261=EDGE_CURVE('',#6986,#6985,#9232,.T.);
#8262=EDGE_CURVE('',#6986,#6987,#1211,.T.);
#8263=EDGE_CURVE('',#6988,#6987,#9233,.T.);
#8264=EDGE_CURVE('',#6988,#6989,#1212,.T.);
#8265=EDGE_CURVE('',#6990,#6989,#9234,.T.);
#8266=EDGE_CURVE('',#6990,#6991,#1213,.T.);
#8267=EDGE_CURVE('',#6992,#6991,#9235,.T.);
#8268=EDGE_CURVE('',#6992,#6837,#1214,.T.);
#8269=EDGE_CURVE('',#6836,#6993,#1215,.T.);
#8270=EDGE_CURVE('',#6993,#6994,#9236,.T.);
#8271=EDGE_CURVE('',#6994,#6995,#1216,.T.);
#8272=EDGE_CURVE('',#6995,#6996,#9237,.T.);
#8273=EDGE_CURVE('',#6996,#6997,#1217,.T.);
#8274=EDGE_CURVE('',#6997,#6998,#9238,.T.);
#8275=EDGE_CURVE('',#6998,#6841,#1218,.T.);
#8276=EDGE_CURVE('',#6840,#6999,#1219,.T.);
#8277=EDGE_CURVE('',#6999,#7000,#9239,.T.);
#8278=EDGE_CURVE('',#7000,#7001,#1220,.T.);
#8279=EDGE_CURVE('',#7001,#7002,#9240,.T.);
#8280=EDGE_CURVE('',#7002,#7003,#1221,.T.);
#8281=EDGE_CURVE('',#7003,#7004,#9241,.T.);
#8282=EDGE_CURVE('',#7004,#7005,#1222,.T.);
#8283=EDGE_CURVE('',#7006,#7005,#9242,.T.);
#8284=EDGE_CURVE('',#7006,#7007,#1223,.T.);
#8285=EDGE_CURVE('',#7008,#7007,#9243,.T.);
#8286=EDGE_CURVE('',#7008,#6829,#1224,.T.);
#8287=EDGE_CURVE('',#6828,#6978,#1225,.T.);
#8288=EDGE_CURVE('',#7009,#7009,#1226,.T.);
#8289=EDGE_CURVE('',#7010,#7010,#1227,.T.);
#8290=EDGE_CURVE('',#7011,#7011,#1228,.T.);
#8291=EDGE_CURVE('',#7012,#7012,#1229,.T.);
#8292=EDGE_CURVE('',#7013,#7013,#1230,.T.);
#8293=EDGE_CURVE('',#7014,#7015,#9244,.T.);
#8294=EDGE_CURVE('',#7014,#7016,#1231,.T.);
#8295=EDGE_CURVE('',#7017,#7016,#9245,.T.);
#8296=EDGE_CURVE('',#7017,#7018,#1232,.T.);
#8297=EDGE_CURVE('',#7019,#7018,#9246,.T.);
#8298=EDGE_CURVE('',#7019,#7020,#1233,.T.);
#8299=EDGE_CURVE('',#7021,#7020,#9247,.T.);
#8300=EDGE_CURVE('',#7021,#7022,#1234,.T.);
#8301=EDGE_CURVE('',#7023,#7022,#9248,.T.);
#8302=EDGE_CURVE('',#7023,#7015,#1235,.T.);
#8303=EDGE_CURVE('',#7024,#7025,#9249,.T.);
#8304=EDGE_CURVE('',#7024,#7026,#1236,.T.);
#8305=EDGE_CURVE('',#7027,#7026,#9250,.T.);
#8306=EDGE_CURVE('',#7027,#7028,#1237,.T.);
#8307=EDGE_CURVE('',#7029,#7028,#9251,.T.);
#8308=EDGE_CURVE('',#7029,#7030,#1238,.T.);
#8309=EDGE_CURVE('',#7031,#7030,#9252,.T.);
#8310=EDGE_CURVE('',#7032,#7031,#9253,.T.);
#8311=EDGE_CURVE('',#7032,#7025,#1239,.T.);
#8312=EDGE_CURVE('',#7033,#7034,#9254,.T.);
#8313=EDGE_CURVE('',#7033,#7035,#1240,.T.);
#8314=EDGE_CURVE('',#7036,#7035,#9255,.T.);
#8315=EDGE_CURVE('',#7036,#7037,#1241,.T.);
#8316=EDGE_CURVE('',#7038,#7037,#9256,.T.);
#8317=EDGE_CURVE('',#7038,#7039,#1242,.T.);
#8318=EDGE_CURVE('',#7040,#7039,#9257,.T.);
#8319=EDGE_CURVE('',#7040,#7041,#1243,.T.);
#8320=EDGE_CURVE('',#7042,#7041,#9258,.T.);
#8321=EDGE_CURVE('',#7042,#7034,#1244,.T.);
#8322=EDGE_CURVE('',#7043,#7044,#9259,.T.);
#8323=EDGE_CURVE('',#7043,#7045,#1245,.T.);
#8324=EDGE_CURVE('',#7046,#7045,#9260,.T.);
#8325=EDGE_CURVE('',#7047,#7046,#9261,.T.);
#8326=EDGE_CURVE('',#7047,#7048,#1246,.T.);
#8327=EDGE_CURVE('',#7049,#7048,#9262,.T.);
#8328=EDGE_CURVE('',#7049,#7050,#1247,.T.);
#8329=EDGE_CURVE('',#7051,#7050,#9263,.T.);
#8330=EDGE_CURVE('',#7051,#7052,#1248,.T.);
#8331=EDGE_CURVE('',#7053,#7052,#9264,.T.);
#8332=EDGE_CURVE('',#7053,#7044,#1249,.T.);
#8333=EDGE_CURVE('',#7054,#7055,#9265,.T.);
#8334=EDGE_CURVE('',#7054,#7056,#1250,.T.);
#8335=EDGE_CURVE('',#7057,#7056,#9266,.T.);
#8336=EDGE_CURVE('',#7057,#7058,#1251,.T.);
#8337=EDGE_CURVE('',#7059,#7058,#9267,.T.);
#8338=EDGE_CURVE('',#7059,#7060,#1252,.T.);
#8339=EDGE_CURVE('',#7061,#7060,#9268,.T.);
#8340=EDGE_CURVE('',#7061,#7062,#1253,.T.);
#8341=EDGE_CURVE('',#7063,#7062,#9269,.T.);
#8342=EDGE_CURVE('',#7063,#7055,#1254,.T.);
#8343=EDGE_CURVE('',#7064,#7065,#9270,.T.);
#8344=EDGE_CURVE('',#7064,#7066,#1255,.T.);
#8345=EDGE_CURVE('',#7067,#7066,#9271,.T.);
#8346=EDGE_CURVE('',#7067,#7068,#1256,.T.);
#8347=EDGE_CURVE('',#7069,#7068,#9272,.T.);
#8348=EDGE_CURVE('',#7069,#7070,#1257,.T.);
#8349=EDGE_CURVE('',#7071,#7070,#9273,.T.);
#8350=EDGE_CURVE('',#7071,#7072,#1258,.T.);
#8351=EDGE_CURVE('',#7073,#7072,#9274,.T.);
#8352=EDGE_CURVE('',#7073,#7065,#1259,.T.);
#8353=EDGE_CURVE('',#7074,#7075,#9275,.T.);
#8354=EDGE_CURVE('',#7074,#7076,#1260,.T.);
#8355=EDGE_CURVE('',#7077,#7076,#9276,.T.);
#8356=EDGE_CURVE('',#7077,#7078,#1261,.T.);
#8357=EDGE_CURVE('',#7079,#7078,#9277,.T.);
#8358=EDGE_CURVE('',#7079,#7080,#1262,.T.);
#8359=EDGE_CURVE('',#7081,#7080,#9278,.T.);
#8360=EDGE_CURVE('',#7082,#7081,#9279,.T.);
#8361=EDGE_CURVE('',#7082,#7075,#1263,.T.);
#8362=EDGE_CURVE('',#7083,#7084,#9280,.T.);
#8363=EDGE_CURVE('',#7083,#7085,#1264,.T.);
#8364=EDGE_CURVE('',#7086,#7085,#9281,.T.);
#8365=EDGE_CURVE('',#7086,#7087,#1265,.T.);
#8366=EDGE_CURVE('',#7088,#7087,#9282,.T.);
#8367=EDGE_CURVE('',#7088,#7089,#1266,.T.);
#8368=EDGE_CURVE('',#7090,#7089,#9283,.T.);
#8369=EDGE_CURVE('',#7090,#7091,#1267,.T.);
#8370=EDGE_CURVE('',#7092,#7091,#9284,.T.);
#8371=EDGE_CURVE('',#7092,#7084,#1268,.T.);
#8372=EDGE_CURVE('',#7093,#7094,#9285,.T.);
#8373=EDGE_CURVE('',#7093,#7095,#1269,.T.);
#8374=EDGE_CURVE('',#7096,#7095,#9286,.T.);
#8375=EDGE_CURVE('',#7096,#7097,#1270,.T.);
#8376=EDGE_CURVE('',#7098,#7097,#9287,.T.);
#8377=EDGE_CURVE('',#7098,#7099,#1271,.T.);
#8378=EDGE_CURVE('',#7100,#7099,#9288,.T.);
#8379=EDGE_CURVE('',#7100,#7101,#1272,.T.);
#8380=EDGE_CURVE('',#7102,#7101,#9289,.T.);
#8381=EDGE_CURVE('',#7102,#7094,#1273,.T.);
#8382=EDGE_CURVE('',#7103,#7104,#9290,.T.);
#8383=EDGE_CURVE('',#7103,#7105,#1274,.T.);
#8384=EDGE_CURVE('',#7106,#7105,#9291,.T.);
#8385=EDGE_CURVE('',#7107,#7106,#9292,.T.);
#8386=EDGE_CURVE('',#7107,#7108,#1275,.T.);
#8387=EDGE_CURVE('',#7109,#7108,#9293,.T.);
#8388=EDGE_CURVE('',#7109,#7110,#1276,.T.);
#8389=EDGE_CURVE('',#7111,#7110,#9294,.T.);
#8390=EDGE_CURVE('',#7111,#7112,#1277,.T.);
#8391=EDGE_CURVE('',#7113,#7112,#9295,.T.);
#8392=EDGE_CURVE('',#7113,#7104,#1278,.T.);
#8393=EDGE_CURVE('',#7114,#7115,#9296,.T.);
#8394=EDGE_CURVE('',#7114,#7116,#1279,.T.);
#8395=EDGE_CURVE('',#7117,#7116,#9297,.T.);
#8396=EDGE_CURVE('',#7117,#7115,#1280,.T.);
#8397=EDGE_CURVE('',#7118,#7119,#1281,.T.);
#8398=EDGE_CURVE('',#7120,#7119,#9298,.T.);
#8399=EDGE_CURVE('',#7120,#7121,#1282,.T.);
#8400=EDGE_CURVE('',#7118,#7121,#9299,.T.);
#8401=EDGE_CURVE('',#7122,#7123,#1283,.T.);
#8402=EDGE_CURVE('',#7124,#7123,#9300,.T.);
#8403=EDGE_CURVE('',#7124,#7125,#1284,.T.);
#8404=EDGE_CURVE('',#7122,#7125,#9301,.T.);
#8405=EDGE_CURVE('',#7126,#7127,#9302,.T.);
#8406=EDGE_CURVE('',#7126,#7128,#1285,.T.);
#8407=EDGE_CURVE('',#7129,#7128,#9303,.T.);
#8408=EDGE_CURVE('',#7129,#7127,#1286,.T.);
#8409=EDGE_CURVE('',#7130,#7130,#1287,.T.);
#8410=EDGE_CURVE('',#7131,#7131,#1288,.T.);
#8411=EDGE_CURVE('',#7132,#7132,#1289,.T.);
#8412=EDGE_CURVE('',#7133,#7133,#1290,.T.);
#8413=EDGE_CURVE('',#7134,#7134,#1291,.T.);
#8414=EDGE_CURVE('',#7135,#7135,#1292,.T.);
#8415=EDGE_CURVE('',#7136,#7136,#1293,.T.);
#8416=EDGE_CURVE('',#7137,#7137,#1294,.T.);
#8417=EDGE_CURVE('',#7138,#7138,#1295,.T.);
#8418=EDGE_CURVE('',#7139,#7139,#1296,.T.);
#8419=EDGE_CURVE('',#7140,#7140,#1297,.T.);
#8420=EDGE_CURVE('',#7141,#7141,#1298,.T.);
#8421=EDGE_CURVE('',#7142,#7143,#9304,.T.);
#8422=EDGE_CURVE('',#7143,#7144,#1299,.T.);
#8423=EDGE_CURVE('',#7144,#7145,#9305,.T.);
#8424=EDGE_CURVE('',#7145,#6826,#1300,.T.);
#8425=EDGE_CURVE('',#6827,#7146,#1301,.T.);
#8426=EDGE_CURVE('',#7146,#7147,#9306,.T.);
#8427=EDGE_CURVE('',#7147,#7148,#1302,.T.);
#8428=EDGE_CURVE('',#7148,#7149,#9307,.T.);
#8429=EDGE_CURVE('',#7149,#7150,#1303,.T.);
#8430=EDGE_CURVE('',#7151,#7150,#9308,.T.);
#8431=EDGE_CURVE('',#7151,#7152,#1304,.T.);
#8432=EDGE_CURVE('',#7153,#7152,#9309,.T.);
#8433=EDGE_CURVE('',#7153,#7154,#1305,.T.);
#8434=EDGE_CURVE('',#7155,#7154,#9310,.T.);
#8435=EDGE_CURVE('',#7155,#6838,#1306,.T.);
#8436=EDGE_CURVE('',#6839,#7156,#1307,.T.);
#8437=EDGE_CURVE('',#7157,#7156,#9311,.T.);
#8438=EDGE_CURVE('',#7157,#7158,#1308,.T.);
#8439=EDGE_CURVE('',#7159,#7158,#9312,.T.);
#8440=EDGE_CURVE('',#7159,#7160,#1309,.T.);
#8441=EDGE_CURVE('',#7161,#7160,#9313,.T.);
#8442=EDGE_CURVE('',#7161,#6834,#1310,.T.);
#8443=EDGE_CURVE('',#6835,#7162,#1311,.T.);
#8444=EDGE_CURVE('',#7162,#7163,#9314,.T.);
#8445=EDGE_CURVE('',#7163,#7164,#1312,.T.);
#8446=EDGE_CURVE('',#7164,#7165,#9315,.T.);
#8447=EDGE_CURVE('',#7165,#7166,#1313,.T.);
#8448=EDGE_CURVE('',#7166,#7167,#9316,.T.);
#8449=EDGE_CURVE('',#7167,#7168,#1314,.T.);
#8450=EDGE_CURVE('',#7168,#7169,#9317,.T.);
#8451=EDGE_CURVE('',#7169,#7170,#1315,.T.);
#8452=EDGE_CURVE('',#7170,#7171,#9318,.T.);
#8453=EDGE_CURVE('',#7171,#6830,#1316,.T.);
#8454=EDGE_CURVE('',#6831,#7172,#1317,.T.);
#8455=EDGE_CURVE('',#7172,#7173,#9319,.T.);
#8456=EDGE_CURVE('',#7173,#7142,#1318,.T.);
#8457=EDGE_CURVE('',#7174,#7174,#1319,.T.);
#8458=EDGE_CURVE('',#7175,#7175,#1320,.T.);
#8459=EDGE_CURVE('',#7007,#7147,#9320,.T.);
#8460=EDGE_CURVE('',#7146,#7008,#9321,.T.);
#8461=EDGE_CURVE('',#7005,#7149,#9322,.T.);
#8462=EDGE_CURVE('',#7148,#7006,#9323,.T.);
#8463=EDGE_CURVE('',#7162,#6992,#9324,.T.);
#8464=EDGE_CURVE('',#6991,#7163,#9325,.T.);
#8465=EDGE_CURVE('',#6989,#7165,#9326,.T.);
#8466=EDGE_CURVE('',#7164,#6990,#9327,.T.);
#8467=EDGE_CURVE('',#7176,#7176,#1321,.T.);
#8468=EDGE_CURVE('',#7177,#7177,#1322,.T.);
#8469=EDGE_CURVE('',#7178,#7178,#1323,.T.);
#8470=EDGE_CURVE('',#7179,#7179,#1324,.T.);
#8471=EDGE_CURVE('',#7180,#7180,#1325,.T.);
#8472=EDGE_CURVE('',#7181,#7181,#1326,.T.);
#8473=EDGE_CURVE('',#7182,#7182,#1327,.T.);
#8474=EDGE_CURVE('',#7183,#7183,#1328,.T.);
#8475=EDGE_CURVE('',#7184,#7184,#1329,.T.);
#8476=EDGE_CURVE('',#7185,#7185,#1330,.T.);
#8477=EDGE_CURVE('',#7186,#7186,#1331,.T.);
#8478=EDGE_CURVE('',#7187,#7187,#1332,.T.);
#8479=EDGE_CURVE('',#7154,#7000,#9328,.T.);
#8480=EDGE_CURVE('',#6999,#7155,#9329,.T.);
#8481=EDGE_CURVE('',#7001,#7153,#9330,.T.);
#8482=EDGE_CURVE('',#7152,#7002,#9331,.T.);
#8483=EDGE_CURVE('',#7003,#7151,#9332,.T.);
#8484=EDGE_CURVE('',#7150,#7004,#9333,.T.);
#8485=EDGE_CURVE('',#7160,#6994,#9334,.T.);
#8486=EDGE_CURVE('',#6993,#7161,#9335,.T.);
#8487=EDGE_CURVE('',#6995,#7159,#9336,.T.);
#8488=EDGE_CURVE('',#7158,#6996,#9337,.T.);
#8489=EDGE_CURVE('',#6997,#7157,#9338,.T.);
#8490=EDGE_CURVE('',#7156,#6998,#9339,.T.);
#8491=EDGE_CURVE('',#6987,#7167,#9340,.T.);
#8492=EDGE_CURVE('',#7166,#6988,#9341,.T.);
#8493=EDGE_CURVE('',#6985,#7169,#9342,.T.);
#8494=EDGE_CURVE('',#7168,#6986,#9343,.T.);
#8495=EDGE_CURVE('',#7170,#6984,#9344,.T.);
#8496=EDGE_CURVE('',#6983,#7171,#9345,.T.);
#8497=EDGE_CURVE('',#6981,#7173,#9346,.T.);
#8498=EDGE_CURVE('',#7172,#6982,#9347,.T.);
#8499=EDGE_CURVE('',#6979,#7143,#9348,.T.);
#8500=EDGE_CURVE('',#7142,#6980,#9349,.T.);
#8501=EDGE_CURVE('',#7144,#6977,#9350,.T.);
#8502=EDGE_CURVE('',#6978,#7145,#9351,.T.);
#8503=EDGE_CURVE('',#6972,#7126,#9352,.T.);
#8504=EDGE_CURVE('',#7127,#6973,#9353,.T.);
#8505=EDGE_CURVE('',#7128,#6971,#9354,.T.);
#8506=EDGE_CURVE('',#6974,#7129,#9355,.T.);
#8507=EDGE_CURVE('',#7125,#6970,#9356,.T.);
#8508=EDGE_CURVE('',#6969,#7122,#9357,.T.);
#8509=EDGE_CURVE('',#6967,#7124,#9358,.T.);
#8510=EDGE_CURVE('',#7123,#6968,#9359,.T.);
#8511=EDGE_CURVE('',#7121,#6966,#9360,.T.);
#8512=EDGE_CURVE('',#6965,#7118,#9361,.T.);
#8513=EDGE_CURVE('',#7119,#6964,#9362,.T.);
#8514=EDGE_CURVE('',#6963,#7120,#9363,.T.);
#8515=EDGE_CURVE('',#6960,#7114,#9364,.T.);
#8516=EDGE_CURVE('',#7115,#6961,#9365,.T.);
#8517=EDGE_CURVE('',#7116,#6959,#9366,.T.);
#8518=EDGE_CURVE('',#6962,#7117,#9367,.T.);
#8519=EDGE_CURVE('',#6946,#7103,#9368,.T.);
#8520=EDGE_CURVE('',#7104,#6947,#9369,.T.);
#8521=EDGE_CURVE('',#7112,#6949,#9370,.T.);
#8522=EDGE_CURVE('',#6948,#7113,#9371,.T.);
#8523=EDGE_CURVE('',#6950,#7111,#9372,.T.);
#8524=EDGE_CURVE('',#7110,#6951,#9373,.T.);
#8525=EDGE_CURVE('',#7108,#6953,#9374,.T.);
#8526=EDGE_CURVE('',#6952,#7109,#9375,.T.);
#8527=EDGE_CURVE('',#6954,#7107,#9376,.T.);
#8528=EDGE_CURVE('',#6944,#7106,#9377,.T.);
#8529=EDGE_CURVE('',#7105,#6945,#9378,.T.);
#8530=EDGE_CURVE('',#6938,#7093,#9379,.T.);
#8531=EDGE_CURVE('',#7094,#6939,#9380,.T.);
#8532=EDGE_CURVE('',#7101,#6941,#9381,.T.);
#8533=EDGE_CURVE('',#6940,#7102,#9382,.T.);
#8534=EDGE_CURVE('',#7099,#6943,#9383,.T.);
#8535=EDGE_CURVE('',#6942,#7100,#9384,.T.);
#8536=EDGE_CURVE('',#7097,#6935,#9385,.T.);
#8537=EDGE_CURVE('',#6934,#7098,#9386,.T.);
#8538=EDGE_CURVE('',#7095,#6937,#9387,.T.);
#8539=EDGE_CURVE('',#6936,#7096,#9388,.T.);
#8540=EDGE_CURVE('',#6928,#7083,#9389,.T.);
#8541=EDGE_CURVE('',#7084,#6929,#9390,.T.);
#8542=EDGE_CURVE('',#7091,#6931,#9391,.T.);
#8543=EDGE_CURVE('',#6930,#7092,#9392,.T.);
#8544=EDGE_CURVE('',#7089,#6933,#9393,.T.);
#8545=EDGE_CURVE('',#6932,#7090,#9394,.T.);
#8546=EDGE_CURVE('',#7087,#6925,#9395,.T.);
#8547=EDGE_CURVE('',#6924,#7088,#9396,.T.);
#8548=EDGE_CURVE('',#7085,#6927,#9397,.T.);
#8549=EDGE_CURVE('',#6926,#7086,#9398,.T.);
#8550=EDGE_CURVE('',#6919,#7074,#9399,.T.);
#8551=EDGE_CURVE('',#7075,#6920,#9400,.T.);
#8552=EDGE_CURVE('',#6921,#7082,#9401,.T.);
#8553=EDGE_CURVE('',#6922,#7081,#9402,.T.);
#8554=EDGE_CURVE('',#7080,#6923,#9403,.T.);
#8555=EDGE_CURVE('',#7078,#6916,#9404,.T.);
#8556=EDGE_CURVE('',#6915,#7079,#9405,.T.);
#8557=EDGE_CURVE('',#7076,#6918,#9406,.T.);
#8558=EDGE_CURVE('',#6917,#7077,#9407,.T.);
#8559=EDGE_CURVE('',#6909,#7064,#9408,.T.);
#8560=EDGE_CURVE('',#7065,#6910,#9409,.T.);
#8561=EDGE_CURVE('',#7072,#6912,#9410,.T.);
#8562=EDGE_CURVE('',#6911,#7073,#9411,.T.);
#8563=EDGE_CURVE('',#7070,#6914,#9412,.T.);
#8564=EDGE_CURVE('',#6913,#7071,#9413,.T.);
#8565=EDGE_CURVE('',#7068,#6906,#9414,.T.);
#8566=EDGE_CURVE('',#6905,#7069,#9415,.T.);
#8567=EDGE_CURVE('',#7066,#6908,#9416,.T.);
#8568=EDGE_CURVE('',#6907,#7067,#9417,.T.);
#8569=EDGE_CURVE('',#6899,#7054,#9418,.T.);
#8570=EDGE_CURVE('',#7055,#6900,#9419,.T.);
#8571=EDGE_CURVE('',#7062,#6902,#9420,.T.);
#8572=EDGE_CURVE('',#6901,#7063,#9421,.T.);
#8573=EDGE_CURVE('',#7060,#6904,#9422,.T.);
#8574=EDGE_CURVE('',#6903,#7061,#9423,.T.);
#8575=EDGE_CURVE('',#7058,#6896,#9424,.T.);
#8576=EDGE_CURVE('',#6895,#7059,#9425,.T.);
#8577=EDGE_CURVE('',#7056,#6898,#9426,.T.);
#8578=EDGE_CURVE('',#6897,#7057,#9427,.T.);
#8579=EDGE_CURVE('',#6886,#7043,#9428,.T.);
#8580=EDGE_CURVE('',#7044,#6887,#9429,.T.);
#8581=EDGE_CURVE('',#7052,#6889,#9430,.T.);
#8582=EDGE_CURVE('',#6888,#7053,#9431,.T.);
#8583=EDGE_CURVE('',#6890,#7051,#9432,.T.);
#8584=EDGE_CURVE('',#7050,#6891,#9433,.T.);
#8585=EDGE_CURVE('',#7048,#6893,#9434,.T.);
#8586=EDGE_CURVE('',#6892,#7049,#9435,.T.);
#8587=EDGE_CURVE('',#6894,#7047,#9436,.T.);
#8588=EDGE_CURVE('',#6884,#7046,#9437,.T.);
#8589=EDGE_CURVE('',#7045,#6885,#9438,.T.);
#8590=EDGE_CURVE('',#6878,#7033,#9439,.T.);
#8591=EDGE_CURVE('',#7034,#6879,#9440,.T.);
#8592=EDGE_CURVE('',#7041,#6881,#9441,.T.);
#8593=EDGE_CURVE('',#6880,#7042,#9442,.T.);
#8594=EDGE_CURVE('',#7039,#6883,#9443,.T.);
#8595=EDGE_CURVE('',#6882,#7040,#9444,.T.);
#8596=EDGE_CURVE('',#7037,#6875,#9445,.T.);
#8597=EDGE_CURVE('',#6874,#7038,#9446,.T.);
#8598=EDGE_CURVE('',#7035,#6877,#9447,.T.);
#8599=EDGE_CURVE('',#6876,#7036,#9448,.T.);
#8600=EDGE_CURVE('',#6869,#7024,#9449,.T.);
#8601=EDGE_CURVE('',#7025,#6870,#9450,.T.);
#8602=EDGE_CURVE('',#6871,#7032,#9451,.T.);
#8603=EDGE_CURVE('',#6872,#7031,#9452,.T.);
#8604=EDGE_CURVE('',#7030,#6873,#9453,.T.);
#8605=EDGE_CURVE('',#7028,#6866,#9454,.T.);
#8606=EDGE_CURVE('',#6865,#7029,#9455,.T.);
#8607=EDGE_CURVE('',#7026,#6868,#9456,.T.);
#8608=EDGE_CURVE('',#6867,#7027,#9457,.T.);
#8609=EDGE_CURVE('',#6859,#7014,#9458,.T.);
#8610=EDGE_CURVE('',#7015,#6860,#9459,.T.);
#8611=EDGE_CURVE('',#7022,#6862,#9460,.T.);
#8612=EDGE_CURVE('',#6861,#7023,#9461,.T.);
#8613=EDGE_CURVE('',#7020,#6864,#9462,.T.);
#8614=EDGE_CURVE('',#6863,#7021,#9463,.T.);
#8615=EDGE_CURVE('',#7018,#6856,#9464,.T.);
#8616=EDGE_CURVE('',#6855,#7019,#9465,.T.);
#8617=EDGE_CURVE('',#7016,#6858,#9466,.T.);
#8618=EDGE_CURVE('',#6857,#7017,#9467,.T.);
#8619=EDGE_CURVE('',#7188,#7188,#1333,.T.);
#8620=EDGE_CURVE('',#7189,#7189,#1334,.T.);
#8621=EDGE_CURVE('',#7190,#7190,#1335,.T.);
#8622=LINE('',#14524,#9468);
#8623=LINE('',#14527,#9469);
#8624=LINE('',#14529,#9470);
#8625=LINE('',#14531,#9471);
#8626=LINE('',#14533,#9472);
#8627=LINE('',#14536,#9473);
#8628=LINE('',#14538,#9474);
#8629=LINE('',#14540,#9475);
#8630=LINE('',#14542,#9476);
#8631=LINE('',#14545,#9477);
#8632=LINE('',#14547,#9478);
#8633=LINE('',#14549,#9479);
#8634=LINE('',#14551,#9480);
#8635=LINE('',#14554,#9481);
#8636=LINE('',#14556,#9482);
#8637=LINE('',#14558,#9483);
#8638=LINE('',#14560,#9484);
#8639=LINE('',#14565,#9485);
#8640=LINE('',#14569,#9486);
#8641=LINE('',#14571,#9487);
#8642=LINE('',#14573,#9488);
#8643=LINE('',#14577,#9489);
#8644=LINE('',#14581,#9490);
#8645=LINE('',#14583,#9491);
#8646=LINE('',#14585,#9492);
#8647=LINE('',#14589,#9493);
#8648=LINE('',#14593,#9494);
#8649=LINE('',#14595,#9495);
#8650=LINE('',#14597,#9496);
#8651=LINE('',#14601,#9497);
#8652=LINE('',#14605,#9498);
#8653=LINE('',#14607,#9499);
#8654=LINE('',#14609,#9500);
#8655=LINE('',#14613,#9501);
#8656=LINE('',#14617,#9502);
#8657=LINE('',#14619,#9503);
#8658=LINE('',#14621,#9504);
#8659=LINE('',#14625,#9505);
#8660=LINE('',#14629,#9506);
#8661=LINE('',#14631,#9507);
#8662=LINE('',#14633,#9508);
#8663=LINE('',#14637,#9509);
#8664=LINE('',#14641,#9510);
#8665=LINE('',#14643,#9511);
#8666=LINE('',#14645,#9512);
#8667=LINE('',#14649,#9513);
#8668=LINE('',#14653,#9514);
#8669=LINE('',#14655,#9515);
#8670=LINE('',#14657,#9516);
#8671=LINE('',#14661,#9517);
#8672=LINE('',#14665,#9518);
#8673=LINE('',#14667,#9519);
#8674=LINE('',#14669,#9520);
#8675=LINE('',#14673,#9521);
#8676=LINE('',#14677,#9522);
#8677=LINE('',#14679,#9523);
#8678=LINE('',#14681,#9524);
#8679=LINE('',#14685,#9525);
#8680=LINE('',#14689,#9526);
#8681=LINE('',#14691,#9527);
#8682=LINE('',#14693,#9528);
#8683=LINE('',#14697,#9529);
#8684=LINE('',#14741,#9530);
#8685=LINE('',#14742,#9531);
#8686=LINE('',#14744,#9532);
#8687=LINE('',#14749,#9533);
#8688=LINE('',#14753,#9534);
#8689=LINE('',#14757,#9535);
#8690=LINE('',#14761,#9536);
#8691=LINE('',#14765,#9537);
#8692=LINE('',#14769,#9538);
#8693=LINE('',#14773,#9539);
#8694=LINE('',#14777,#9540);
#8695=LINE('',#14781,#9541);
#8696=LINE('',#14785,#9542);
#8697=LINE('',#14789,#9543);
#8698=LINE('',#14834,#9544);
#8699=LINE('',#14836,#9545);
#8700=LINE('',#14838,#9546);
#8701=LINE('',#14840,#9547);
#8702=LINE('',#14842,#9548);
#8703=LINE('',#14844,#9549);
#8704=LINE('',#14846,#9550);
#8705=LINE('',#14848,#9551);
#8706=LINE('',#14854,#9552);
#8707=LINE('',#14855,#9553);
#8708=LINE('',#14857,#9554);
#8709=LINE('',#14859,#9555);
#8710=LINE('',#14861,#9556);
#8711=LINE('',#14863,#9557);
#8712=LINE('',#14865,#9558);
#8713=LINE('',#14867,#9559);
#8714=LINE('',#14869,#9560);
#8715=LINE('',#14871,#9561);
#8716=LINE('',#14873,#9562);
#8717=LINE('',#14875,#9563);
#8718=LINE('',#14877,#9564);
#8719=LINE('',#14879,#9565);
#8720=LINE('',#14881,#9566);
#8721=LINE('',#14883,#9567);
#8722=LINE('',#14885,#9568);
#8723=LINE('',#14887,#9569);
#8724=LINE('',#14889,#9570);
#8725=LINE('',#14891,#9571);
#8726=LINE('',#14893,#9572);
#8727=LINE('',#14895,#9573);
#8728=LINE('',#14897,#9574);
#8729=LINE('',#14899,#9575);
#8730=LINE('',#14902,#9576);
#8731=LINE('',#14905,#9577);
#8732=LINE('',#14907,#9578);
#8733=LINE('',#14909,#9579);
#8734=LINE('',#14915,#9580);
#8735=LINE('',#14921,#9581);
#8736=LINE('',#14927,#9582);
#8737=LINE('',#14929,#9583);
#8738=LINE('',#14931,#9584);
#8739=LINE('',#14933,#9585);
#8740=LINE('',#14939,#9586);
#8741=LINE('',#14945,#9587);
#8742=LINE('',#14951,#9588);
#8743=LINE('',#14953,#9589);
#8744=LINE('',#14955,#9590);
#8745=LINE('',#14957,#9591);
#8746=LINE('',#14963,#9592);
#8747=LINE('',#14969,#9593);
#8748=LINE('',#14975,#9594);
#8749=LINE('',#14977,#9595);
#8750=LINE('',#14979,#9596);
#8751=LINE('',#14981,#9597);
#8752=LINE('',#14987,#9598);
#8753=LINE('',#14993,#9599);
#8754=LINE('',#14995,#9600);
#8755=LINE('',#14998,#9601);
#8756=LINE('',#15000,#9602);
#8757=LINE('',#15002,#9603);
#8758=LINE('',#15006,#9604);
#8759=LINE('',#15010,#9605);
#8760=LINE('',#15012,#9606);
#8761=LINE('',#15014,#9607);
#8762=LINE('',#15018,#9608);
#8763=LINE('',#15022,#9609);
#8764=LINE('',#15024,#9610);
#8765=LINE('',#15026,#9611);
#8766=LINE('',#15030,#9612);
#8767=LINE('',#15034,#9613);
#8768=LINE('',#15036,#9614);
#8769=LINE('',#15038,#9615);
#8770=LINE('',#15042,#9616);
#8771=LINE('',#15046,#9617);
#8772=LINE('',#15048,#9618);
#8773=LINE('',#15050,#9619);
#8774=LINE('',#15054,#9620);
#8775=LINE('',#15058,#9621);
#8776=LINE('',#15060,#9622);
#8777=LINE('',#15062,#9623);
#8778=LINE('',#15066,#9624);
#8779=LINE('',#15070,#9625);
#8780=LINE('',#15072,#9626);
#8781=LINE('',#15074,#9627);
#8782=LINE('',#15078,#9628);
#8783=LINE('',#15082,#9629);
#8784=LINE('',#15084,#9630);
#8785=LINE('',#15086,#9631);
#8786=LINE('',#15090,#9632);
#8787=LINE('',#15094,#9633);
#8788=LINE('',#15096,#9634);
#8789=LINE('',#15098,#9635);
#8790=LINE('',#15102,#9636);
#8791=LINE('',#15106,#9637);
#8792=LINE('',#15108,#9638);
#8793=LINE('',#15110,#9639);
#8794=LINE('',#15114,#9640);
#8795=LINE('',#15118,#9641);
#8796=LINE('',#15120,#9642);
#8797=LINE('',#15122,#9643);
#8798=LINE('',#15126,#9644);
#8799=LINE('',#15130,#9645);
#8800=LINE('',#15132,#9646);
#8801=LINE('',#15134,#9647);
#8802=LINE('',#15182,#9648);
#8803=LINE('',#15187,#9649);
#8804=LINE('',#15191,#9650);
#8805=LINE('',#15195,#9651);
#8806=LINE('',#15199,#9652);
#8807=LINE('',#15203,#9653);
#8808=LINE('',#15207,#9654);
#8809=LINE('',#15211,#9655);
#8810=LINE('',#15215,#9656);
#8811=LINE('',#15219,#9657);
#8812=LINE('',#15223,#9658);
#8813=LINE('',#15227,#9659);
#8814=LINE('',#15232,#9660);
#8815=LINE('',#15233,#9661);
#8816=LINE('',#15235,#9662);
#8817=LINE('',#15237,#9663);
#8818=LINE('',#15239,#9664);
#8819=LINE('',#15241,#9665);
#8820=LINE('',#15243,#9666);
#8821=LINE('',#15245,#9667);
#8822=LINE('',#15247,#9668);
#8823=LINE('',#15249,#9669);
#8824=LINE('',#15251,#9670);
#8825=LINE('',#15253,#9671);
#8826=LINE('',#15255,#9672);
#8827=LINE('',#15257,#9673);
#8828=LINE('',#15259,#9674);
#8829=LINE('',#15261,#9675);
#8830=LINE('',#15263,#9676);
#8831=LINE('',#15265,#9677);
#8832=LINE('',#15267,#9678);
#8833=LINE('',#15269,#9679);
#8834=LINE('',#15271,#9680);
#8835=LINE('',#15273,#9681);
#8836=LINE('',#15275,#9682);
#8837=LINE('',#15277,#9683);
#8838=LINE('',#15280,#9684);
#8839=LINE('',#15285,#9685);
#8840=LINE('',#15289,#9686);
#8841=LINE('',#15293,#9687);
#8842=LINE('',#15296,#9688);
#8843=LINE('',#15301,#9689);
#8844=LINE('',#15305,#9690);
#8845=LINE('',#15309,#9691);
#8846=LINE('',#15312,#9692);
#8847=LINE('',#15321,#9693);
#8848=LINE('',#15325,#9694);
#8849=LINE('',#15329,#9695);
#8850=LINE('',#15333,#9696);
#8851=LINE('',#15337,#9697);
#8852=LINE('',#15342,#9698);
#8853=LINE('',#15347,#9699);
#8854=LINE('',#15351,#9700);
#8855=LINE('',#15355,#9701);
#8856=LINE('',#15359,#9702);
#8857=LINE('',#15362,#9703);
#8858=LINE('',#15367,#9704);
#8859=LINE('',#15371,#9705);
#8860=LINE('',#15422,#9706);
#8861=LINE('',#15431,#9707);
#8862=LINE('',#15437,#9708);
#8863=LINE('',#15441,#9709);
#8864=LINE('',#15445,#9710);
#8865=LINE('',#15449,#9711);
#8866=LINE('',#15452,#9712);
#8867=LINE('',#15457,#9713);
#8868=LINE('',#15461,#9714);
#8869=LINE('',#15465,#9715);
#8870=LINE('',#15468,#9716);
#8871=LINE('',#15473,#9717);
#8872=LINE('',#15477,#9718);
#8873=LINE('',#15480,#9719);
#8874=LINE('',#15485,#9720);
#8875=LINE('',#15489,#9721);
#8876=LINE('',#15493,#9722);
#8877=LINE('',#15497,#9723);
#8878=LINE('',#15500,#9724);
#8879=LINE('',#15505,#9725);
#8880=LINE('',#15509,#9726);
#8881=LINE('',#15515,#9727);
#8882=LINE('',#15519,#9728);
#8883=LINE('',#15523,#9729);
#8884=LINE('',#15527,#9730);
#8885=LINE('',#15530,#9731);
#8886=LINE('',#15535,#9732);
#8887=LINE('',#15539,#9733);
#8888=LINE('',#15543,#9734);
#8889=LINE('',#15547,#9735);
#8890=LINE('',#15551,#9736);
#8891=LINE('',#15555,#9737);
#8892=LINE('',#15559,#9738);
#8893=LINE('',#15563,#9739);
#8894=LINE('',#15567,#9740);
#8895=LINE('',#15571,#9741);
#8896=LINE('',#15575,#9742);
#8897=LINE('',#15579,#9743);
#8898=LINE('',#15583,#9744);
#8899=LINE('',#15587,#9745);
#8900=LINE('',#15589,#9746);
#8901=LINE('',#15591,#9747);
#8902=LINE('',#15595,#9748);
#8903=LINE('',#15599,#9749);
#8904=LINE('',#15603,#9750);
#8905=LINE('',#15607,#9751);
#8906=LINE('',#15611,#9752);
#8907=LINE('',#15615,#9753);
#8908=LINE('',#15619,#9754);
#8909=LINE('',#15623,#9755);
#8910=LINE('',#15627,#9756);
#8911=LINE('',#15631,#9757);
#8912=LINE('',#15635,#9758);
#8913=LINE('',#15639,#9759);
#8914=LINE('',#15643,#9760);
#8915=LINE('',#15648,#9761);
#8916=LINE('',#15653,#9762);
#8917=LINE('',#15657,#9763);
#8918=LINE('',#15661,#9764);
#8919=LINE('',#15664,#9765);
#8920=LINE('',#15669,#9766);
#8921=LINE('',#15673,#9767);
#8922=LINE('',#15676,#9768);
#8923=LINE('',#15681,#9769);
#8924=LINE('',#15685,#9770);
#8925=LINE('',#15689,#9771);
#8926=LINE('',#15693,#9772);
#8927=LINE('',#15696,#9773);
#8928=LINE('',#15701,#9774);
#8929=LINE('',#15705,#9775);
#8930=LINE('',#15708,#9776);
#8931=LINE('',#15713,#9777);
#8932=LINE('',#15717,#9778);
#8933=LINE('',#15721,#9779);
#8934=LINE('',#15729,#9780);
#8935=LINE('',#15733,#9781);
#8936=LINE('',#15737,#9782);
#8937=LINE('',#15741,#9783);
#8938=LINE('',#15745,#9784);
#8939=LINE('',#15751,#9785);
#8940=LINE('',#15802,#9786);
#8941=LINE('',#15807,#9787);
#8942=LINE('',#15811,#9788);
#8943=LINE('',#15814,#9789);
#8944=LINE('',#15819,#9790);
#8945=LINE('',#15823,#9791);
#8946=LINE('',#15827,#9792);
#8947=LINE('',#15831,#9793);
#8948=LINE('',#15839,#9794);
#8949=LINE('',#15845,#9795);
#8950=LINE('',#15849,#9796);
#8951=LINE('',#15853,#9797);
#8952=LINE('',#15857,#9798);
#8953=LINE('',#15861,#9799);
#8954=LINE('',#15864,#9800);
#8955=LINE('',#15869,#9801);
#8956=LINE('',#15873,#9802);
#8957=LINE('',#15877,#9803);
#8958=LINE('',#15880,#9804);
#8959=LINE('',#15885,#9805);
#8960=LINE('',#15889,#9806);
#8961=LINE('',#15893,#9807);
#8962=LINE('',#15897,#9808);
#8963=LINE('',#15898,#9809);
#8964=LINE('',#15900,#9810);
#8965=LINE('',#15901,#9811);
#8966=LINE('',#15903,#9812);
#8967=LINE('',#15904,#9813);
#8968=LINE('',#15906,#9814);
#8969=LINE('',#15907,#9815);
#8970=LINE('',#15909,#9816);
#8971=LINE('',#15910,#9817);
#8972=LINE('',#15928,#9818);
#8973=LINE('',#15929,#9819);
#8974=LINE('',#15939,#9820);
#8975=LINE('',#15940,#9821);
#8976=LINE('',#15942,#9822);
#8977=LINE('',#15943,#9823);
#8978=LINE('',#15945,#9824);
#8979=LINE('',#15946,#9825);
#8980=LINE('',#15948,#9826);
#8981=LINE('',#15949,#9827);
#8982=LINE('',#15951,#9828);
#8983=LINE('',#15952,#9829);
#8984=LINE('',#15954,#9830);
#8985=LINE('',#15955,#9831);
#8986=LINE('',#15967,#9832);
#8987=LINE('',#15968,#9833);
#8988=LINE('',#15970,#9834);
#8989=LINE('',#15971,#9835);
#8990=LINE('',#15973,#9836);
#8991=LINE('',#15975,#9837);
#8992=LINE('',#15976,#9838);
#8993=LINE('',#15978,#9839);
#8994=LINE('',#15979,#9840);
#8995=LINE('',#15981,#9841);
#8996=LINE('',#15982,#9842);
#8997=LINE('',#15984,#9843);
#8998=LINE('',#15985,#9844);
#8999=LINE('',#15987,#9845);
#9000=LINE('',#15988,#9846);
#9001=LINE('',#15990,#9847);
#9002=LINE('',#15991,#9848);
#9003=LINE('',#15993,#9849);
#9004=LINE('',#15994,#9850);
#9005=LINE('',#15996,#9851);
#9006=LINE('',#15997,#9852);
#9007=LINE('',#15999,#9853);
#9008=LINE('',#16000,#9854);
#9009=LINE('',#16002,#9855);
#9010=LINE('',#16003,#9856);
#9011=LINE('',#16005,#9857);
#9012=LINE('',#16006,#9858);
#9013=LINE('',#16008,#9859);
#9014=LINE('',#16009,#9860);
#9015=LINE('',#16011,#9861);
#9016=LINE('',#16013,#9862);
#9017=LINE('',#16015,#9863);
#9018=LINE('',#16017,#9864);
#9019=LINE('',#16019,#9865);
#9020=LINE('',#16021,#9866);
#9021=LINE('',#16022,#9867);
#9022=LINE('',#16024,#9868);
#9023=LINE('',#16026,#9869);
#9024=LINE('',#16027,#9870);
#9025=LINE('',#16029,#9871);
#9026=LINE('',#16030,#9872);
#9027=LINE('',#16032,#9873);
#9028=LINE('',#16033,#9874);
#9029=LINE('',#16035,#9875);
#9030=LINE('',#16036,#9876);
#9031=LINE('',#16038,#9877);
#9032=LINE('',#16039,#9878);
#9033=LINE('',#16041,#9879);
#9034=LINE('',#16043,#9880);
#9035=LINE('',#16044,#9881);
#9036=LINE('',#16046,#9882);
#9037=LINE('',#16047,#9883);
#9038=LINE('',#16049,#9884);
#9039=LINE('',#16050,#9885);
#9040=LINE('',#16052,#9886);
#9041=LINE('',#16053,#9887);
#9042=LINE('',#16055,#9888);
#9043=LINE('',#16056,#9889);
#9044=LINE('',#16058,#9890);
#9045=LINE('',#16059,#9891);
#9046=LINE('',#16061,#9892);
#9047=LINE('',#16063,#9893);
#9048=LINE('',#16065,#9894);
#9049=LINE('',#16067,#9895);
#9050=LINE('',#16069,#9896);
#9051=LINE('',#16071,#9897);
#9052=LINE('',#16073,#9898);
#9053=LINE('',#16074,#9899);
#9054=LINE('',#16076,#9900);
#9055=LINE('',#16077,#9901);
#9056=LINE('',#16079,#9902);
#9057=LINE('',#16080,#9903);
#9058=LINE('',#16082,#9904);
#9059=LINE('',#16083,#9905);
#9060=LINE('',#16085,#9906);
#9061=LINE('',#16086,#9907);
#9062=LINE('',#16088,#9908);
#9063=LINE('',#16089,#9909);
#9064=LINE('',#16091,#9910);
#9065=LINE('',#16092,#9911);
#9066=LINE('',#16094,#9912);
#9067=LINE('',#16095,#9913);
#9068=LINE('',#16097,#9914);
#9069=LINE('',#16099,#9915);
#9070=LINE('',#16101,#9916);
#9071=LINE('',#16103,#9917);
#9072=LINE('',#16105,#9918);
#9073=LINE('',#16106,#9919);
#9074=LINE('',#16108,#9920);
#9075=LINE('',#16110,#9921);
#9076=LINE('',#16112,#9922);
#9077=LINE('',#16114,#9923);
#9078=LINE('',#16116,#9924);
#9079=LINE('',#16118,#9925);
#9080=LINE('',#16121,#9926);
#9081=LINE('',#16122,#9927);
#9082=LINE('',#16124,#9928);
#9083=LINE('',#16125,#9929);
#9084=LINE('',#16127,#9930);
#9085=LINE('',#16128,#9931);
#9086=LINE('',#16130,#9932);
#9087=LINE('',#16131,#9933);
#9088=LINE('',#16175,#9934);
#9089=LINE('',#16180,#9935);
#9090=LINE('',#16184,#9936);
#9091=LINE('',#16189,#9937);
#9092=LINE('',#16205,#9938);
#9093=LINE('',#16210,#9939);
#9094=LINE('',#16214,#9940);
#9095=LINE('',#16218,#9941);
#9096=LINE('',#16222,#9942);
#9097=LINE('',#16223,#9943);
#9098=LINE('',#16227,#9944);
#9099=LINE('',#16231,#9945);
#9100=LINE('',#16232,#9946);
#9101=LINE('',#16236,#9947);
#9102=LINE('',#16240,#9948);
#9103=LINE('',#16244,#9949);
#9104=LINE('',#16247,#9950);
#9105=LINE('',#16252,#9951);
#9106=LINE('',#16256,#9952);
#9107=LINE('',#16260,#9953);
#9108=LINE('',#16264,#9954);
#9109=LINE('',#16266,#9955);
#9110=LINE('',#16270,#9956);
#9111=LINE('',#16272,#9957);
#9112=LINE('',#16274,#9958);
#9113=LINE('',#16278,#9959);
#9114=LINE('',#16280,#9960);
#9115=LINE('',#16282,#9961);
#9116=LINE('',#16286,#9962);
#9117=LINE('',#16288,#9963);
#9118=LINE('',#16290,#9964);
#9119=LINE('',#16292,#9965);
#9120=LINE('',#16295,#9966);
#9121=LINE('',#16296,#9967);
#9122=LINE('',#16298,#9968);
#9123=LINE('',#16300,#9969);
#9124=LINE('',#16302,#9970);
#9125=LINE('',#16306,#9971);
#9126=LINE('',#16308,#9972);
#9127=LINE('',#16310,#9973);
#9128=LINE('',#16314,#9974);
#9129=LINE('',#16316,#9975);
#9130=LINE('',#16318,#9976);
#9131=LINE('',#16322,#9977);
#9132=LINE('',#16324,#9978);
#9133=LINE('',#16340,#9979);
#9134=LINE('',#16344,#9980);
#9135=LINE('',#16348,#9981);
#9136=LINE('',#16349,#9982);
#9137=LINE('',#16354,#9983);
#9138=LINE('',#16358,#9984);
#9139=LINE('',#16362,#9985);
#9140=LINE('',#16372,#9986);
#9141=LINE('',#16374,#9987);
#9142=LINE('',#16376,#9988);
#9143=LINE('',#16377,#9989);
#9144=LINE('',#16381,#9990);
#9145=LINE('',#16382,#9991);
#9146=LINE('',#16384,#9992);
#9147=LINE('',#16385,#9993);
#9148=LINE('',#16387,#9994);
#9149=LINE('',#16388,#9995);
#9150=LINE('',#16390,#9996);
#9151=LINE('',#16391,#9997);
#9152=LINE('',#16399,#9998);
#9153=LINE('',#16402,#9999);
#9154=LINE('',#16404,#10000);
#9155=LINE('',#16406,#10001);
#9156=LINE('',#16408,#10002);
#9157=LINE('',#16411,#10003);
#9158=LINE('',#16413,#10004);
#9159=LINE('',#16415,#10005);
#9160=LINE('',#16417,#10006);
#9161=LINE('',#16420,#10007);
#9162=LINE('',#16422,#10008);
#9163=LINE('',#16424,#10009);
#9164=LINE('',#16426,#10010);
#9165=LINE('',#16429,#10011);
#9166=LINE('',#16431,#10012);
#9167=LINE('',#16433,#10013);
#9168=LINE('',#16461,#10014);
#9169=LINE('',#16466,#10015);
#9170=LINE('',#16470,#10016);
#9171=LINE('',#16474,#10017);
#9172=LINE('',#16478,#10018);
#9173=LINE('',#16481,#10019);
#9174=LINE('',#16486,#10020);
#9175=LINE('',#16490,#10021);
#9176=LINE('',#16494,#10022);
#9177=LINE('',#16496,#10023);
#9178=LINE('',#16499,#10024);
#9179=LINE('',#16504,#10025);
#9180=LINE('',#16508,#10026);
#9181=LINE('',#16512,#10027);
#9182=LINE('',#16516,#10028);
#9183=LINE('',#16519,#10029);
#9184=LINE('',#16524,#10030);
#9185=LINE('',#16528,#10031);
#9186=LINE('',#16532,#10032);
#9187=LINE('',#16536,#10033);
#9188=LINE('',#16540,#10034);
#9189=LINE('',#16541,#10035);
#9190=LINE('',#16546,#10036);
#9191=LINE('',#16550,#10037);
#9192=LINE('',#16554,#10038);
#9193=LINE('',#16558,#10039);
#9194=LINE('',#16561,#10040);
#9195=LINE('',#16566,#10041);
#9196=LINE('',#16570,#10042);
#9197=LINE('',#16574,#10043);
#9198=LINE('',#16578,#10044);
#9199=LINE('',#16581,#10045);
#9200=LINE('',#16586,#10046);
#9201=LINE('',#16590,#10047);
#9202=LINE('',#16594,#10048);
#9203=LINE('',#16596,#10049);
#9204=LINE('',#16599,#10050);
#9205=LINE('',#16604,#10051);
#9206=LINE('',#16608,#10052);
#9207=LINE('',#16612,#10053);
#9208=LINE('',#16616,#10054);
#9209=LINE('',#16619,#10055);
#9210=LINE('',#16624,#10056);
#9211=LINE('',#16628,#10057);
#9212=LINE('',#16632,#10058);
#9213=LINE('',#16636,#10059);
#9214=LINE('',#16639,#10060);
#9215=LINE('',#16644,#10061);
#9216=LINE('',#16648,#10062);
#9217=LINE('',#16652,#10063);
#9218=LINE('',#16656,#10064);
#9219=LINE('',#16660,#10065);
#9220=LINE('',#16672,#10066);
#9221=LINE('',#16676,#10067);
#9222=LINE('',#16677,#10068);
#9223=LINE('',#16682,#10069);
#9224=LINE('',#16685,#10070);
#9225=LINE('',#16690,#10071);
#9226=LINE('',#16696,#10072);
#9227=LINE('',#16700,#10073);
#9228=LINE('',#16705,#10074);
#9229=LINE('',#16710,#10075);
#9230=LINE('',#16714,#10076);
#9231=LINE('',#16719,#10077);
#9232=LINE('',#16723,#10078);
#9233=LINE('',#16727,#10079);
#9234=LINE('',#16731,#10080);
#9235=LINE('',#16735,#10081);
#9236=LINE('',#16740,#10082);
#9237=LINE('',#16744,#10083);
#9238=LINE('',#16748,#10084);
#9239=LINE('',#16753,#10085);
#9240=LINE('',#16757,#10086);
#9241=LINE('',#16761,#10087);
#9242=LINE('',#16765,#10088);
#9243=LINE('',#16769,#10089);
#9244=LINE('',#16784,#10090);
#9245=LINE('',#16789,#10091);
#9246=LINE('',#16793,#10092);
#9247=LINE('',#16797,#10093);
#9248=LINE('',#16801,#10094);
#9249=LINE('',#16804,#10095);
#9250=LINE('',#16809,#10096);
#9251=LINE('',#16813,#10097);
#9252=LINE('',#16817,#10098);
#9253=LINE('',#16819,#10099);
#9254=LINE('',#16822,#10100);
#9255=LINE('',#16827,#10101);
#9256=LINE('',#16831,#10102);
#9257=LINE('',#16835,#10103);
#9258=LINE('',#16839,#10104);
#9259=LINE('',#16842,#10105);
#9260=LINE('',#16847,#10106);
#9261=LINE('',#16849,#10107);
#9262=LINE('',#16853,#10108);
#9263=LINE('',#16857,#10109);
#9264=LINE('',#16861,#10110);
#9265=LINE('',#16864,#10111);
#9266=LINE('',#16869,#10112);
#9267=LINE('',#16873,#10113);
#9268=LINE('',#16877,#10114);
#9269=LINE('',#16881,#10115);
#9270=LINE('',#16884,#10116);
#9271=LINE('',#16889,#10117);
#9272=LINE('',#16893,#10118);
#9273=LINE('',#16897,#10119);
#9274=LINE('',#16901,#10120);
#9275=LINE('',#16904,#10121);
#9276=LINE('',#16909,#10122);
#9277=LINE('',#16913,#10123);
#9278=LINE('',#16917,#10124);
#9279=LINE('',#16919,#10125);
#9280=LINE('',#16922,#10126);
#9281=LINE('',#16927,#10127);
#9282=LINE('',#16931,#10128);
#9283=LINE('',#16935,#10129);
#9284=LINE('',#16939,#10130);
#9285=LINE('',#16942,#10131);
#9286=LINE('',#16947,#10132);
#9287=LINE('',#16951,#10133);
#9288=LINE('',#16955,#10134);
#9289=LINE('',#16959,#10135);
#9290=LINE('',#16962,#10136);
#9291=LINE('',#16967,#10137);
#9292=LINE('',#16969,#10138);
#9293=LINE('',#16973,#10139);
#9294=LINE('',#16977,#10140);
#9295=LINE('',#16981,#10141);
#9296=LINE('',#16984,#10142);
#9297=LINE('',#16989,#10143);
#9298=LINE('',#16995,#10144);
#9299=LINE('',#16999,#10145);
#9300=LINE('',#17003,#10146);
#9301=LINE('',#17007,#10147);
#9302=LINE('',#17008,#10148);
#9303=LINE('',#17013,#10149);
#9304=LINE('',#17040,#10150);
#9305=LINE('',#17045,#10151);
#9306=LINE('',#17050,#10152);
#9307=LINE('',#17054,#10153);
#9308=LINE('',#17058,#10154);
#9309=LINE('',#17062,#10155);
#9310=LINE('',#17066,#10156);
#9311=LINE('',#17071,#10157);
#9312=LINE('',#17075,#10158);
#9313=LINE('',#17079,#10159);
#9314=LINE('',#17084,#10160);
#9315=LINE('',#17088,#10161);
#9316=LINE('',#17092,#10162);
#9317=LINE('',#17096,#10163);
#9318=LINE('',#17100,#10164);
#9319=LINE('',#17105,#10165);
#9320=LINE('',#17113,#10166);
#9321=LINE('',#17114,#10167);
#9322=LINE('',#17116,#10168);
#9323=LINE('',#17117,#10169);
#9324=LINE('',#17119,#10170);
#9325=LINE('',#17120,#10171);
#9326=LINE('',#17122,#10172);
#9327=LINE('',#17123,#10173);
#9328=LINE('',#17167,#10174);
#9329=LINE('',#17168,#10175);
#9330=LINE('',#17170,#10176);
#9331=LINE('',#17171,#10177);
#9332=LINE('',#17173,#10178);
#9333=LINE('',#17174,#10179);
#9334=LINE('',#17176,#10180);
#9335=LINE('',#17177,#10181);
#9336=LINE('',#17179,#10182);
#9337=LINE('',#17180,#10183);
#9338=LINE('',#17182,#10184);
#9339=LINE('',#17183,#10185);
#9340=LINE('',#17185,#10186);
#9341=LINE('',#17186,#10187);
#9342=LINE('',#17188,#10188);
#9343=LINE('',#17189,#10189);
#9344=LINE('',#17191,#10190);
#9345=LINE('',#17192,#10191);
#9346=LINE('',#17194,#10192);
#9347=LINE('',#17195,#10193);
#9348=LINE('',#17197,#10194);
#9349=LINE('',#17198,#10195);
#9350=LINE('',#17200,#10196);
#9351=LINE('',#17201,#10197);
#9352=LINE('',#17203,#10198);
#9353=LINE('',#17204,#10199);
#9354=LINE('',#17206,#10200);
#9355=LINE('',#17207,#10201);
#9356=LINE('',#17209,#10202);
#9357=LINE('',#17210,#10203);
#9358=LINE('',#17212,#10204);
#9359=LINE('',#17213,#10205);
#9360=LINE('',#17215,#10206);
#9361=LINE('',#17216,#10207);
#9362=LINE('',#17218,#10208);
#9363=LINE('',#17219,#10209);
#9364=LINE('',#17221,#10210);
#9365=LINE('',#17222,#10211);
#9366=LINE('',#17224,#10212);
#9367=LINE('',#17225,#10213);
#9368=LINE('',#17255,#10214);
#9369=LINE('',#17256,#10215);
#9370=LINE('',#17258,#10216);
#9371=LINE('',#17259,#10217);
#9372=LINE('',#17261,#10218);
#9373=LINE('',#17262,#10219);
#9374=LINE('',#17264,#10220);
#9375=LINE('',#17265,#10221);
#9376=LINE('',#17267,#10222);
#9377=LINE('',#17268,#10223);
#9378=LINE('',#17270,#10224);
#9379=LINE('',#17272,#10225);
#9380=LINE('',#17273,#10226);
#9381=LINE('',#17275,#10227);
#9382=LINE('',#17276,#10228);
#9383=LINE('',#17278,#10229);
#9384=LINE('',#17279,#10230);
#9385=LINE('',#17281,#10231);
#9386=LINE('',#17282,#10232);
#9387=LINE('',#17284,#10233);
#9388=LINE('',#17285,#10234);
#9389=LINE('',#17287,#10235);
#9390=LINE('',#17288,#10236);
#9391=LINE('',#17290,#10237);
#9392=LINE('',#17291,#10238);
#9393=LINE('',#17293,#10239);
#9394=LINE('',#17294,#10240);
#9395=LINE('',#17296,#10241);
#9396=LINE('',#17297,#10242);
#9397=LINE('',#17299,#10243);
#9398=LINE('',#17300,#10244);
#9399=LINE('',#17302,#10245);
#9400=LINE('',#17303,#10246);
#9401=LINE('',#17305,#10247);
#9402=LINE('',#17306,#10248);
#9403=LINE('',#17308,#10249);
#9404=LINE('',#17310,#10250);
#9405=LINE('',#17311,#10251);
#9406=LINE('',#17313,#10252);
#9407=LINE('',#17314,#10253);
#9408=LINE('',#17316,#10254);
#9409=LINE('',#17317,#10255);
#9410=LINE('',#17319,#10256);
#9411=LINE('',#17320,#10257);
#9412=LINE('',#17322,#10258);
#9413=LINE('',#17323,#10259);
#9414=LINE('',#17325,#10260);
#9415=LINE('',#17326,#10261);
#9416=LINE('',#17328,#10262);
#9417=LINE('',#17329,#10263);
#9418=LINE('',#17331,#10264);
#9419=LINE('',#17332,#10265);
#9420=LINE('',#17334,#10266);
#9421=LINE('',#17335,#10267);
#9422=LINE('',#17337,#10268);
#9423=LINE('',#17338,#10269);
#9424=LINE('',#17340,#10270);
#9425=LINE('',#17341,#10271);
#9426=LINE('',#17343,#10272);
#9427=LINE('',#17344,#10273);
#9428=LINE('',#17346,#10274);
#9429=LINE('',#17347,#10275);
#9430=LINE('',#17349,#10276);
#9431=LINE('',#17350,#10277);
#9432=LINE('',#17352,#10278);
#9433=LINE('',#17353,#10279);
#9434=LINE('',#17355,#10280);
#9435=LINE('',#17356,#10281);
#9436=LINE('',#17358,#10282);
#9437=LINE('',#17359,#10283);
#9438=LINE('',#17361,#10284);
#9439=LINE('',#17363,#10285);
#9440=LINE('',#17364,#10286);
#9441=LINE('',#17366,#10287);
#9442=LINE('',#17367,#10288);
#9443=LINE('',#17369,#10289);
#9444=LINE('',#17370,#10290);
#9445=LINE('',#17372,#10291);
#9446=LINE('',#17373,#10292);
#9447=LINE('',#17375,#10293);
#9448=LINE('',#17376,#10294);
#9449=LINE('',#17378,#10295);
#9450=LINE('',#17379,#10296);
#9451=LINE('',#17381,#10297);
#9452=LINE('',#17382,#10298);
#9453=LINE('',#17384,#10299);
#9454=LINE('',#17386,#10300);
#9455=LINE('',#17387,#10301);
#9456=LINE('',#17389,#10302);
#9457=LINE('',#17390,#10303);
#9458=LINE('',#17392,#10304);
#9459=LINE('',#17393,#10305);
#9460=LINE('',#17395,#10306);
#9461=LINE('',#17396,#10307);
#9462=LINE('',#17398,#10308);
#9463=LINE('',#17399,#10309);
#9464=LINE('',#17401,#10310);
#9465=LINE('',#17402,#10311);
#9466=LINE('',#17404,#10312);
#9467=LINE('',#17405,#10313);
#9468=VECTOR('',#11437,1.);
#9469=VECTOR('',#11438,1.);
#9470=VECTOR('',#11439,1.);
#9471=VECTOR('',#11440,1.);
#9472=VECTOR('',#11443,1.);
#9473=VECTOR('',#11444,1.);
#9474=VECTOR('',#11445,1.);
#9475=VECTOR('',#11446,1.);
#9476=VECTOR('',#11449,1.);
#9477=VECTOR('',#11450,1.);
#9478=VECTOR('',#11451,1.);
#9479=VECTOR('',#11452,1.);
#9480=VECTOR('',#11455,1.);
#9481=VECTOR('',#11456,1.);
#9482=VECTOR('',#11457,1.);
#9483=VECTOR('',#11458,1.);
#9484=VECTOR('',#11461,1.);
#9485=VECTOR('',#11464,1.);
#9486=VECTOR('',#11469,1.);
#9487=VECTOR('',#11470,1.);
#9488=VECTOR('',#11471,1.);
#9489=VECTOR('',#11476,1.);
#9490=VECTOR('',#11481,1.);
#9491=VECTOR('',#11482,1.);
#9492=VECTOR('',#11483,1.);
#9493=VECTOR('',#11488,1.);
#9494=VECTOR('',#11493,1.);
#9495=VECTOR('',#11494,1.);
#9496=VECTOR('',#11495,1.);
#9497=VECTOR('',#11500,1.);
#9498=VECTOR('',#11505,1.);
#9499=VECTOR('',#11506,1.);
#9500=VECTOR('',#11507,1.);
#9501=VECTOR('',#11512,1.);
#9502=VECTOR('',#11517,1.);
#9503=VECTOR('',#11518,1.);
#9504=VECTOR('',#11519,1.);
#9505=VECTOR('',#11524,1.);
#9506=VECTOR('',#11529,1.);
#9507=VECTOR('',#11530,1.);
#9508=VECTOR('',#11531,1.);
#9509=VECTOR('',#11536,1.);
#9510=VECTOR('',#11541,1.);
#9511=VECTOR('',#11542,1.);
#9512=VECTOR('',#11543,1.);
#9513=VECTOR('',#11548,1.);
#9514=VECTOR('',#11553,1.);
#9515=VECTOR('',#11554,1.);
#9516=VECTOR('',#11555,1.);
#9517=VECTOR('',#11560,1.);
#9518=VECTOR('',#11565,1.);
#9519=VECTOR('',#11566,1.);
#9520=VECTOR('',#11567,1.);
#9521=VECTOR('',#11572,1.);
#9522=VECTOR('',#11577,1.);
#9523=VECTOR('',#11578,1.);
#9524=VECTOR('',#11579,1.);
#9525=VECTOR('',#11584,1.);
#9526=VECTOR('',#11589,1.);
#9527=VECTOR('',#11590,1.);
#9528=VECTOR('',#11591,1.);
#9529=VECTOR('',#11596,1.);
#9530=VECTOR('',#11649,1.);
#9531=VECTOR('',#11650,1.);
#9532=VECTOR('',#11653,1.);
#9533=VECTOR('',#11656,1.);
#9534=VECTOR('',#11659,1.);
#9535=VECTOR('',#11662,1.);
#9536=VECTOR('',#11665,1.);
#9537=VECTOR('',#11668,1.);
#9538=VECTOR('',#11671,1.);
#9539=VECTOR('',#11674,1.);
#9540=VECTOR('',#11677,1.);
#9541=VECTOR('',#11680,1.);
#9542=VECTOR('',#11683,1.);
#9543=VECTOR('',#11686,1.);
#9544=VECTOR('',#11741,1.);
#9545=VECTOR('',#11744,1.);
#9546=VECTOR('',#11747,1.);
#9547=VECTOR('',#11750,1.);
#9548=VECTOR('',#11753,1.);
#9549=VECTOR('',#11756,1.);
#9550=VECTOR('',#11759,1.);
#9551=VECTOR('',#11762,1.);
#9552=VECTOR('',#11773,1.);
#9553=VECTOR('',#11774,1.);
#9554=VECTOR('',#11777,1.);
#9555=VECTOR('',#11780,1.);
#9556=VECTOR('',#11783,1.);
#9557=VECTOR('',#11786,1.);
#9558=VECTOR('',#11789,1.);
#9559=VECTOR('',#11792,1.);
#9560=VECTOR('',#11795,1.);
#9561=VECTOR('',#11798,1.);
#9562=VECTOR('',#11801,1.);
#9563=VECTOR('',#11804,1.);
#9564=VECTOR('',#11807,1.);
#9565=VECTOR('',#11810,1.);
#9566=VECTOR('',#11813,1.);
#9567=VECTOR('',#11816,1.);
#9568=VECTOR('',#11819,1.);
#9569=VECTOR('',#11822,1.);
#9570=VECTOR('',#11825,1.);
#9571=VECTOR('',#11828,1.);
#9572=VECTOR('',#11831,1.);
#9573=VECTOR('',#11834,1.);
#9574=VECTOR('',#11837,1.);
#9575=VECTOR('',#11840,1.);
#9576=VECTOR('',#11845,1.);
#9577=VECTOR('',#11846,1.);
#9578=VECTOR('',#11847,1.);
#9579=VECTOR('',#11848,1.);
#9580=VECTOR('',#11855,1.);
#9581=VECTOR('',#11862,1.);
#9582=VECTOR('',#11869,1.);
#9583=VECTOR('',#11872,1.);
#9584=VECTOR('',#11873,1.);
#9585=VECTOR('',#11874,1.);
#9586=VECTOR('',#11881,1.);
#9587=VECTOR('',#11888,1.);
#9588=VECTOR('',#11895,1.);
#9589=VECTOR('',#11898,1.);
#9590=VECTOR('',#11899,1.);
#9591=VECTOR('',#11900,1.);
#9592=VECTOR('',#11907,1.);
#9593=VECTOR('',#11914,1.);
#9594=VECTOR('',#11921,1.);
#9595=VECTOR('',#11924,1.);
#9596=VECTOR('',#11925,1.);
#9597=VECTOR('',#11926,1.);
#9598=VECTOR('',#11933,1.);
#9599=VECTOR('',#11940,1.);
#9600=VECTOR('',#11943,1.);
#9601=VECTOR('',#11944,1.);
#9602=VECTOR('',#11945,1.);
#9603=VECTOR('',#11946,1.);
#9604=VECTOR('',#11951,1.);
#9605=VECTOR('',#11956,1.);
#9606=VECTOR('',#11957,1.);
#9607=VECTOR('',#11958,1.);
#9608=VECTOR('',#11963,1.);
#9609=VECTOR('',#11968,1.);
#9610=VECTOR('',#11969,1.);
#9611=VECTOR('',#11970,1.);
#9612=VECTOR('',#11975,1.);
#9613=VECTOR('',#11980,1.);
#9614=VECTOR('',#11981,1.);
#9615=VECTOR('',#11982,1.);
#9616=VECTOR('',#11987,1.);
#9617=VECTOR('',#11992,1.);
#9618=VECTOR('',#11993,1.);
#9619=VECTOR('',#11994,1.);
#9620=VECTOR('',#11999,1.);
#9621=VECTOR('',#12004,1.);
#9622=VECTOR('',#12005,1.);
#9623=VECTOR('',#12006,1.);
#9624=VECTOR('',#12011,1.);
#9625=VECTOR('',#12016,1.);
#9626=VECTOR('',#12017,1.);
#9627=VECTOR('',#12018,1.);
#9628=VECTOR('',#12023,1.);
#9629=VECTOR('',#12028,1.);
#9630=VECTOR('',#12029,1.);
#9631=VECTOR('',#12030,1.);
#9632=VECTOR('',#12035,1.);
#9633=VECTOR('',#12040,1.);
#9634=VECTOR('',#12041,1.);
#9635=VECTOR('',#12042,1.);
#9636=VECTOR('',#12047,1.);
#9637=VECTOR('',#12052,1.);
#9638=VECTOR('',#12053,1.);
#9639=VECTOR('',#12054,1.);
#9640=VECTOR('',#12059,1.);
#9641=VECTOR('',#12064,1.);
#9642=VECTOR('',#12065,1.);
#9643=VECTOR('',#12066,1.);
#9644=VECTOR('',#12071,1.);
#9645=VECTOR('',#12076,1.);
#9646=VECTOR('',#12077,1.);
#9647=VECTOR('',#12078,1.);
#9648=VECTOR('',#12141,1.);
#9649=VECTOR('',#12144,1.);
#9650=VECTOR('',#12147,1.);
#9651=VECTOR('',#12150,1.);
#9652=VECTOR('',#12153,1.);
#9653=VECTOR('',#12156,1.);
#9654=VECTOR('',#12159,1.);
#9655=VECTOR('',#12162,1.);
#9656=VECTOR('',#12165,1.);
#9657=VECTOR('',#12168,1.);
#9658=VECTOR('',#12171,1.);
#9659=VECTOR('',#12174,1.);
#9660=VECTOR('',#12181,1.);
#9661=VECTOR('',#12182,1.);
#9662=VECTOR('',#12185,1.);
#9663=VECTOR('',#12188,1.);
#9664=VECTOR('',#12191,1.);
#9665=VECTOR('',#12194,1.);
#9666=VECTOR('',#12197,1.);
#9667=VECTOR('',#12200,1.);
#9668=VECTOR('',#12203,1.);
#9669=VECTOR('',#12206,1.);
#9670=VECTOR('',#12209,1.);
#9671=VECTOR('',#12212,1.);
#9672=VECTOR('',#12215,1.);
#9673=VECTOR('',#12218,1.);
#9674=VECTOR('',#12221,1.);
#9675=VECTOR('',#12224,1.);
#9676=VECTOR('',#12227,1.);
#9677=VECTOR('',#12230,1.);
#9678=VECTOR('',#12233,1.);
#9679=VECTOR('',#12236,1.);
#9680=VECTOR('',#12239,1.);
#9681=VECTOR('',#12242,1.);
#9682=VECTOR('',#12245,1.);
#9683=VECTOR('',#12248,1.);
#9684=VECTOR('',#12253,1.);
#9685=VECTOR('',#12256,1.);
#9686=VECTOR('',#12259,1.);
#9687=VECTOR('',#12262,1.);
#9688=VECTOR('',#12265,1.);
#9689=VECTOR('',#12268,1.);
#9690=VECTOR('',#12271,1.);
#9691=VECTOR('',#12274,1.);
#9692=VECTOR('',#12277,1.);
#9693=VECTOR('',#12284,1.);
#9694=VECTOR('',#12287,1.);
#9695=VECTOR('',#12290,1.);
#9696=VECTOR('',#12293,1.);
#9697=VECTOR('',#12296,1.);
#9698=VECTOR('',#12301,1.);
#9699=VECTOR('',#12304,1.);
#9700=VECTOR('',#12307,1.);
#9701=VECTOR('',#12310,1.);
#9702=VECTOR('',#12313,1.);
#9703=VECTOR('',#12316,1.);
#9704=VECTOR('',#12319,1.);
#9705=VECTOR('',#12322,1.);
#9706=VECTOR('',#12373,1.);
#9707=VECTOR('',#12380,1.);
#9708=VECTOR('',#12385,1.);
#9709=VECTOR('',#12388,1.);
#9710=VECTOR('',#12391,1.);
#9711=VECTOR('',#12394,1.);
#9712=VECTOR('',#12397,1.);
#9713=VECTOR('',#12400,1.);
#9714=VECTOR('',#12403,1.);
#9715=VECTOR('',#12406,1.);
#9716=VECTOR('',#12409,1.);
#9717=VECTOR('',#12412,1.);
#9718=VECTOR('',#12415,1.);
#9719=VECTOR('',#12418,1.);
#9720=VECTOR('',#12421,1.);
#9721=VECTOR('',#12424,1.);
#9722=VECTOR('',#12427,1.);
#9723=VECTOR('',#12430,1.);
#9724=VECTOR('',#12433,1.);
#9725=VECTOR('',#12436,1.);
#9726=VECTOR('',#12439,1.);
#9727=VECTOR('',#12444,1.);
#9728=VECTOR('',#12447,1.);
#9729=VECTOR('',#12450,1.);
#9730=VECTOR('',#12453,1.);
#9731=VECTOR('',#12456,1.);
#9732=VECTOR('',#12459,1.);
#9733=VECTOR('',#12462,1.);
#9734=VECTOR('',#12465,1.);
#9735=VECTOR('',#12468,1.);
#9736=VECTOR('',#12471,1.);
#9737=VECTOR('',#12474,1.);
#9738=VECTOR('',#12477,1.);
#9739=VECTOR('',#12480,1.);
#9740=VECTOR('',#12483,1.);
#9741=VECTOR('',#12486,1.);
#9742=VECTOR('',#12489,1.);
#9743=VECTOR('',#12492,1.);
#9744=VECTOR('',#12495,1.);
#9745=VECTOR('',#12500,1.);
#9746=VECTOR('',#12501,1.);
#9747=VECTOR('',#12502,1.);
#9748=VECTOR('',#12507,1.);
#9749=VECTOR('',#12510,1.);
#9750=VECTOR('',#12513,1.);
#9751=VECTOR('',#12516,1.);
#9752=VECTOR('',#12519,1.);
#9753=VECTOR('',#12522,1.);
#9754=VECTOR('',#12525,1.);
#9755=VECTOR('',#12528,1.);
#9756=VECTOR('',#12531,1.);
#9757=VECTOR('',#12534,1.);
#9758=VECTOR('',#12537,1.);
#9759=VECTOR('',#12540,1.);
#9760=VECTOR('',#12543,1.);
#9761=VECTOR('',#12548,1.);
#9762=VECTOR('',#12551,1.);
#9763=VECTOR('',#12554,1.);
#9764=VECTOR('',#12557,1.);
#9765=VECTOR('',#12560,1.);
#9766=VECTOR('',#12563,1.);
#9767=VECTOR('',#12566,1.);
#9768=VECTOR('',#12569,1.);
#9769=VECTOR('',#12572,1.);
#9770=VECTOR('',#12575,1.);
#9771=VECTOR('',#12578,1.);
#9772=VECTOR('',#12581,1.);
#9773=VECTOR('',#12584,1.);
#9774=VECTOR('',#12587,1.);
#9775=VECTOR('',#12590,1.);
#9776=VECTOR('',#12593,1.);
#9777=VECTOR('',#12596,1.);
#9778=VECTOR('',#12599,1.);
#9779=VECTOR('',#12602,1.);
#9780=VECTOR('',#12609,1.);
#9781=VECTOR('',#12612,1.);
#9782=VECTOR('',#12615,1.);
#9783=VECTOR('',#12618,1.);
#9784=VECTOR('',#12621,1.);
#9785=VECTOR('',#12626,1.);
#9786=VECTOR('',#12677,1.);
#9787=VECTOR('',#12680,1.);
#9788=VECTOR('',#12683,1.);
#9789=VECTOR('',#12686,1.);
#9790=VECTOR('',#12689,1.);
#9791=VECTOR('',#12692,1.);
#9792=VECTOR('',#12695,1.);
#9793=VECTOR('',#12698,1.);
#9794=VECTOR('',#12705,1.);
#9795=VECTOR('',#12710,1.);
#9796=VECTOR('',#12713,1.);
#9797=VECTOR('',#12716,1.);
#9798=VECTOR('',#12719,1.);
#9799=VECTOR('',#12722,1.);
#9800=VECTOR('',#12725,1.);
#9801=VECTOR('',#12728,1.);
#9802=VECTOR('',#12731,1.);
#9803=VECTOR('',#12734,1.);
#9804=VECTOR('',#12737,1.);
#9805=VECTOR('',#12740,1.);
#9806=VECTOR('',#12743,1.);
#9807=VECTOR('',#12746,1.);
#9808=VECTOR('',#12751,1.);
#9809=VECTOR('',#12752,1.);
#9810=VECTOR('',#12755,1.);
#9811=VECTOR('',#12756,1.);
#9812=VECTOR('',#12759,1.);
#9813=VECTOR('',#12760,1.);
#9814=VECTOR('',#12763,1.);
#9815=VECTOR('',#12764,1.);
#9816=VECTOR('',#12767,1.);
#9817=VECTOR('',#12768,1.);
#9818=VECTOR('',#12803,1.);
#9819=VECTOR('',#12804,1.);
#9820=VECTOR('',#12823,1.);
#9821=VECTOR('',#12824,1.);
#9822=VECTOR('',#12827,1.);
#9823=VECTOR('',#12828,1.);
#9824=VECTOR('',#12831,1.);
#9825=VECTOR('',#12832,1.);
#9826=VECTOR('',#12835,1.);
#9827=VECTOR('',#12836,1.);
#9828=VECTOR('',#12839,1.);
#9829=VECTOR('',#12840,1.);
#9830=VECTOR('',#12843,1.);
#9831=VECTOR('',#12844,1.);
#9832=VECTOR('',#12867,1.);
#9833=VECTOR('',#12868,1.);
#9834=VECTOR('',#12871,1.);
#9835=VECTOR('',#12872,1.);
#9836=VECTOR('',#12875,1.);
#9837=VECTOR('',#12878,1.);
#9838=VECTOR('',#12879,1.);
#9839=VECTOR('',#12882,1.);
#9840=VECTOR('',#12883,1.);
#9841=VECTOR('',#12886,1.);
#9842=VECTOR('',#12887,1.);
#9843=VECTOR('',#12890,1.);
#9844=VECTOR('',#12891,1.);
#9845=VECTOR('',#12894,1.);
#9846=VECTOR('',#12895,1.);
#9847=VECTOR('',#12898,1.);
#9848=VECTOR('',#12899,1.);
#9849=VECTOR('',#12902,1.);
#9850=VECTOR('',#12903,1.);
#9851=VECTOR('',#12906,1.);
#9852=VECTOR('',#12907,1.);
#9853=VECTOR('',#12910,1.);
#9854=VECTOR('',#12911,1.);
#9855=VECTOR('',#12914,1.);
#9856=VECTOR('',#12915,1.);
#9857=VECTOR('',#12918,1.);
#9858=VECTOR('',#12919,1.);
#9859=VECTOR('',#12922,1.);
#9860=VECTOR('',#12923,1.);
#9861=VECTOR('',#12926,1.);
#9862=VECTOR('',#12929,1.);
#9863=VECTOR('',#12932,1.);
#9864=VECTOR('',#12935,1.);
#9865=VECTOR('',#12938,1.);
#9866=VECTOR('',#12941,1.);
#9867=VECTOR('',#12942,1.);
#9868=VECTOR('',#12945,1.);
#9869=VECTOR('',#12948,1.);
#9870=VECTOR('',#12949,1.);
#9871=VECTOR('',#12952,1.);
#9872=VECTOR('',#12953,1.);
#9873=VECTOR('',#12956,1.);
#9874=VECTOR('',#12957,1.);
#9875=VECTOR('',#12960,1.);
#9876=VECTOR('',#12961,1.);
#9877=VECTOR('',#12964,1.);
#9878=VECTOR('',#12965,1.);
#9879=VECTOR('',#12968,1.);
#9880=VECTOR('',#12971,1.);
#9881=VECTOR('',#12972,1.);
#9882=VECTOR('',#12975,1.);
#9883=VECTOR('',#12976,1.);
#9884=VECTOR('',#12979,1.);
#9885=VECTOR('',#12980,1.);
#9886=VECTOR('',#12983,1.);
#9887=VECTOR('',#12984,1.);
#9888=VECTOR('',#12987,1.);
#9889=VECTOR('',#12988,1.);
#9890=VECTOR('',#12991,1.);
#9891=VECTOR('',#12992,1.);
#9892=VECTOR('',#12995,1.);
#9893=VECTOR('',#12998,1.);
#9894=VECTOR('',#13001,1.);
#9895=VECTOR('',#13004,1.);
#9896=VECTOR('',#13007,1.);
#9897=VECTOR('',#13010,1.);
#9898=VECTOR('',#13013,1.);
#9899=VECTOR('',#13014,1.);
#9900=VECTOR('',#13017,1.);
#9901=VECTOR('',#13018,1.);
#9902=VECTOR('',#13021,1.);
#9903=VECTOR('',#13022,1.);
#9904=VECTOR('',#13025,1.);
#9905=VECTOR('',#13026,1.);
#9906=VECTOR('',#13029,1.);
#9907=VECTOR('',#13030,1.);
#9908=VECTOR('',#13033,1.);
#9909=VECTOR('',#13034,1.);
#9910=VECTOR('',#13037,1.);
#9911=VECTOR('',#13038,1.);
#9912=VECTOR('',#13041,1.);
#9913=VECTOR('',#13042,1.);
#9914=VECTOR('',#13045,1.);
#9915=VECTOR('',#13048,1.);
#9916=VECTOR('',#13051,1.);
#9917=VECTOR('',#13054,1.);
#9918=VECTOR('',#13057,1.);
#9919=VECTOR('',#13058,1.);
#9920=VECTOR('',#13061,1.);
#9921=VECTOR('',#13064,1.);
#9922=VECTOR('',#13067,1.);
#9923=VECTOR('',#13070,1.);
#9924=VECTOR('',#13073,1.);
#9925=VECTOR('',#13076,1.);
#9926=VECTOR('',#13081,1.);
#9927=VECTOR('',#13082,1.);
#9928=VECTOR('',#13085,1.);
#9929=VECTOR('',#13086,1.);
#9930=VECTOR('',#13089,1.);
#9931=VECTOR('',#13090,1.);
#9932=VECTOR('',#13093,1.);
#9933=VECTOR('',#13094,1.);
#9934=VECTOR('',#13181,1.);
#9935=VECTOR('',#13184,1.);
#9936=VECTOR('',#13189,1.);
#9937=VECTOR('',#13192,1.);
#9938=VECTOR('',#13209,1.);
#9939=VECTOR('',#13212,1.);
#9940=VECTOR('',#13215,1.);
#9941=VECTOR('',#13218,1.);
#9942=VECTOR('',#13221,1.);
#9943=VECTOR('',#13222,1.);
#9944=VECTOR('',#13225,1.);
#9945=VECTOR('',#13228,1.);
#9946=VECTOR('',#13229,1.);
#9947=VECTOR('',#13232,1.);
#9948=VECTOR('',#13235,1.);
#9949=VECTOR('',#13238,1.);
#9950=VECTOR('',#13241,1.);
#9951=VECTOR('',#13244,1.);
#9952=VECTOR('',#13247,1.);
#9953=VECTOR('',#13250,1.);
#9954=VECTOR('',#13255,1.);
#9955=VECTOR('',#13256,1.);
#9956=VECTOR('',#13261,1.);
#9957=VECTOR('',#13264,1.);
#9958=VECTOR('',#13265,1.);
#9959=VECTOR('',#13270,1.);
#9960=VECTOR('',#13273,1.);
#9961=VECTOR('',#13274,1.);
#9962=VECTOR('',#13279,1.);
#9963=VECTOR('',#13282,1.);
#9964=VECTOR('',#13283,1.);
#9965=VECTOR('',#13286,1.);
#9966=VECTOR('',#13287,1.);
#9967=VECTOR('',#13288,1.);
#9968=VECTOR('',#13291,1.);
#9969=VECTOR('',#13292,1.);
#9970=VECTOR('',#13293,1.);
#9971=VECTOR('',#13298,1.);
#9972=VECTOR('',#13301,1.);
#9973=VECTOR('',#13302,1.);
#9974=VECTOR('',#13307,1.);
#9975=VECTOR('',#13310,1.);
#9976=VECTOR('',#13311,1.);
#9977=VECTOR('',#13316,1.);
#9978=VECTOR('',#13319,1.);
#9979=VECTOR('',#13338,1.);
#9980=VECTOR('',#13341,1.);
#9981=VECTOR('',#13344,1.);
#9982=VECTOR('',#13345,1.);
#9983=VECTOR('',#13348,1.);
#9984=VECTOR('',#13351,1.);
#9985=VECTOR('',#13354,1.);
#9986=VECTOR('',#13371,1.);
#9987=VECTOR('',#13374,1.);
#9988=VECTOR('',#13377,1.);
#9989=VECTOR('',#13378,1.);
#9990=VECTOR('',#13385,1.);
#9991=VECTOR('',#13386,1.);
#9992=VECTOR('',#13389,1.);
#9993=VECTOR('',#13390,1.);
#9994=VECTOR('',#13393,1.);
#9995=VECTOR('',#13394,1.);
#9996=VECTOR('',#13397,1.);
#9997=VECTOR('',#13398,1.);
#9998=VECTOR('',#13413,1.);
#9999=VECTOR('',#13414,1.);
#10000=VECTOR('',#13415,1.);
#10001=VECTOR('',#13416,1.);
#10002=VECTOR('',#13419,1.);
#10003=VECTOR('',#13420,1.);
#10004=VECTOR('',#13421,1.);
#10005=VECTOR('',#13422,1.);
#10006=VECTOR('',#13425,1.);
#10007=VECTOR('',#13426,1.);
#10008=VECTOR('',#13427,1.);
#10009=VECTOR('',#13428,1.);
#10010=VECTOR('',#13431,1.);
#10011=VECTOR('',#13432,1.);
#10012=VECTOR('',#13433,1.);
#10013=VECTOR('',#13434,1.);
#10014=VECTOR('',#13463,1.);
#10015=VECTOR('',#13466,1.);
#10016=VECTOR('',#13469,1.);
#10017=VECTOR('',#13472,1.);
#10018=VECTOR('',#13475,1.);
#10019=VECTOR('',#13478,1.);
#10020=VECTOR('',#13481,1.);
#10021=VECTOR('',#13484,1.);
#10022=VECTOR('',#13487,1.);
#10023=VECTOR('',#13488,1.);
#10024=VECTOR('',#13491,1.);
#10025=VECTOR('',#13494,1.);
#10026=VECTOR('',#13497,1.);
#10027=VECTOR('',#13500,1.);
#10028=VECTOR('',#13503,1.);
#10029=VECTOR('',#13506,1.);
#10030=VECTOR('',#13509,1.);
#10031=VECTOR('',#13512,1.);
#10032=VECTOR('',#13515,1.);
#10033=VECTOR('',#13518,1.);
#10034=VECTOR('',#13521,1.);
#10035=VECTOR('',#13522,1.);
#10036=VECTOR('',#13525,1.);
#10037=VECTOR('',#13528,1.);
#10038=VECTOR('',#13531,1.);
#10039=VECTOR('',#13534,1.);
#10040=VECTOR('',#13537,1.);
#10041=VECTOR('',#13540,1.);
#10042=VECTOR('',#13543,1.);
#10043=VECTOR('',#13546,1.);
#10044=VECTOR('',#13549,1.);
#10045=VECTOR('',#13552,1.);
#10046=VECTOR('',#13555,1.);
#10047=VECTOR('',#13558,1.);
#10048=VECTOR('',#13561,1.);
#10049=VECTOR('',#13562,1.);
#10050=VECTOR('',#13565,1.);
#10051=VECTOR('',#13568,1.);
#10052=VECTOR('',#13571,1.);
#10053=VECTOR('',#13574,1.);
#10054=VECTOR('',#13577,1.);
#10055=VECTOR('',#13580,1.);
#10056=VECTOR('',#13583,1.);
#10057=VECTOR('',#13586,1.);
#10058=VECTOR('',#13589,1.);
#10059=VECTOR('',#13592,1.);
#10060=VECTOR('',#13595,1.);
#10061=VECTOR('',#13598,1.);
#10062=VECTOR('',#13601,1.);
#10063=VECTOR('',#13604,1.);
#10064=VECTOR('',#13607,1.);
#10065=VECTOR('',#13610,1.);
#10066=VECTOR('',#13621,1.);
#10067=VECTOR('',#13624,1.);
#10068=VECTOR('',#13625,1.);
#10069=VECTOR('',#13628,1.);
#10070=VECTOR('',#13631,1.);
#10071=VECTOR('',#13634,1.);
#10072=VECTOR('',#13639,1.);
#10073=VECTOR('',#13642,1.);
#10074=VECTOR('',#13647,1.);
#10075=VECTOR('',#13650,1.);
#10076=VECTOR('',#13653,1.);
#10077=VECTOR('',#13658,1.);
#10078=VECTOR('',#13661,1.);
#10079=VECTOR('',#13664,1.);
#10080=VECTOR('',#13667,1.);
#10081=VECTOR('',#13670,1.);
#10082=VECTOR('',#13675,1.);
#10083=VECTOR('',#13678,1.);
#10084=VECTOR('',#13681,1.);
#10085=VECTOR('',#13686,1.);
#10086=VECTOR('',#13689,1.);
#10087=VECTOR('',#13692,1.);
#10088=VECTOR('',#13695,1.);
#10089=VECTOR('',#13698,1.);
#10090=VECTOR('',#13715,1.);
#10091=VECTOR('',#13718,1.);
#10092=VECTOR('',#13721,1.);
#10093=VECTOR('',#13724,1.);
#10094=VECTOR('',#13727,1.);
#10095=VECTOR('',#13730,1.);
#10096=VECTOR('',#13733,1.);
#10097=VECTOR('',#13736,1.);
#10098=VECTOR('',#13739,1.);
#10099=VECTOR('',#13740,1.);
#10100=VECTOR('',#13743,1.);
#10101=VECTOR('',#13746,1.);
#10102=VECTOR('',#13749,1.);
#10103=VECTOR('',#13752,1.);
#10104=VECTOR('',#13755,1.);
#10105=VECTOR('',#13758,1.);
#10106=VECTOR('',#13761,1.);
#10107=VECTOR('',#13762,1.);
#10108=VECTOR('',#13765,1.);
#10109=VECTOR('',#13768,1.);
#10110=VECTOR('',#13771,1.);
#10111=VECTOR('',#13774,1.);
#10112=VECTOR('',#13777,1.);
#10113=VECTOR('',#13780,1.);
#10114=VECTOR('',#13783,1.);
#10115=VECTOR('',#13786,1.);
#10116=VECTOR('',#13789,1.);
#10117=VECTOR('',#13792,1.);
#10118=VECTOR('',#13795,1.);
#10119=VECTOR('',#13798,1.);
#10120=VECTOR('',#13801,1.);
#10121=VECTOR('',#13804,1.);
#10122=VECTOR('',#13807,1.);
#10123=VECTOR('',#13810,1.);
#10124=VECTOR('',#13813,1.);
#10125=VECTOR('',#13814,1.);
#10126=VECTOR('',#13817,1.);
#10127=VECTOR('',#13820,1.);
#10128=VECTOR('',#13823,1.);
#10129=VECTOR('',#13826,1.);
#10130=VECTOR('',#13829,1.);
#10131=VECTOR('',#13832,1.);
#10132=VECTOR('',#13835,1.);
#10133=VECTOR('',#13838,1.);
#10134=VECTOR('',#13841,1.);
#10135=VECTOR('',#13844,1.);
#10136=VECTOR('',#13847,1.);
#10137=VECTOR('',#13850,1.);
#10138=VECTOR('',#13851,1.);
#10139=VECTOR('',#13854,1.);
#10140=VECTOR('',#13857,1.);
#10141=VECTOR('',#13860,1.);
#10142=VECTOR('',#13863,1.);
#10143=VECTOR('',#13866,1.);
#10144=VECTOR('',#13871,1.);
#10145=VECTOR('',#13874,1.);
#10146=VECTOR('',#13877,1.);
#10147=VECTOR('',#13880,1.);
#10148=VECTOR('',#13881,1.);
#10149=VECTOR('',#13884,1.);
#10150=VECTOR('',#13911,1.);
#10151=VECTOR('',#13914,1.);
#10152=VECTOR('',#13919,1.);
#10153=VECTOR('',#13922,1.);
#10154=VECTOR('',#13925,1.);
#10155=VECTOR('',#13928,1.);
#10156=VECTOR('',#13931,1.);
#10157=VECTOR('',#13936,1.);
#10158=VECTOR('',#13939,1.);
#10159=VECTOR('',#13942,1.);
#10160=VECTOR('',#13947,1.);
#10161=VECTOR('',#13950,1.);
#10162=VECTOR('',#13953,1.);
#10163=VECTOR('',#13956,1.);
#10164=VECTOR('',#13959,1.);
#10165=VECTOR('',#13964,1.);
#10166=VECTOR('',#13973,1.);
#10167=VECTOR('',#13974,1.);
#10168=VECTOR('',#13977,1.);
#10169=VECTOR('',#13978,1.);
#10170=VECTOR('',#13981,1.);
#10171=VECTOR('',#13982,1.);
#10172=VECTOR('',#13985,1.);
#10173=VECTOR('',#13986,1.);
#10174=VECTOR('',#14049,1.);
#10175=VECTOR('',#14050,1.);
#10176=VECTOR('',#14053,1.);
#10177=VECTOR('',#14054,1.);
#10178=VECTOR('',#14057,1.);
#10179=VECTOR('',#14058,1.);
#10180=VECTOR('',#14061,1.);
#10181=VECTOR('',#14062,1.);
#10182=VECTOR('',#14065,1.);
#10183=VECTOR('',#14066,1.);
#10184=VECTOR('',#14069,1.);
#10185=VECTOR('',#14070,1.);
#10186=VECTOR('',#14073,1.);
#10187=VECTOR('',#14074,1.);
#10188=VECTOR('',#14077,1.);
#10189=VECTOR('',#14078,1.);
#10190=VECTOR('',#14081,1.);
#10191=VECTOR('',#14082,1.);
#10192=VECTOR('',#14085,1.);
#10193=VECTOR('',#14086,1.);
#10194=VECTOR('',#14089,1.);
#10195=VECTOR('',#14090,1.);
#10196=VECTOR('',#14093,1.);
#10197=VECTOR('',#14094,1.);
#10198=VECTOR('',#14097,1.);
#10199=VECTOR('',#14098,1.);
#10200=VECTOR('',#14101,1.);
#10201=VECTOR('',#14102,1.);
#10202=VECTOR('',#14105,1.);
#10203=VECTOR('',#14106,1.);
#10204=VECTOR('',#14109,1.);
#10205=VECTOR('',#14110,1.);
#10206=VECTOR('',#14113,1.);
#10207=VECTOR('',#14114,1.);
#10208=VECTOR('',#14117,1.);
#10209=VECTOR('',#14118,1.);
#10210=VECTOR('',#14121,1.);
#10211=VECTOR('',#14122,1.);
#10212=VECTOR('',#14125,1.);
#10213=VECTOR('',#14126,1.);
#10214=VECTOR('',#14185,1.);
#10215=VECTOR('',#14186,1.);
#10216=VECTOR('',#14189,1.);
#10217=VECTOR('',#14190,1.);
#10218=VECTOR('',#14193,1.);
#10219=VECTOR('',#14194,1.);
#10220=VECTOR('',#14197,1.);
#10221=VECTOR('',#14198,1.);
#10222=VECTOR('',#14201,1.);
#10223=VECTOR('',#14202,1.);
#10224=VECTOR('',#14205,1.);
#10225=VECTOR('',#14208,1.);
#10226=VECTOR('',#14209,1.);
#10227=VECTOR('',#14212,1.);
#10228=VECTOR('',#14213,1.);
#10229=VECTOR('',#14216,1.);
#10230=VECTOR('',#14217,1.);
#10231=VECTOR('',#14220,1.);
#10232=VECTOR('',#14221,1.);
#10233=VECTOR('',#14224,1.);
#10234=VECTOR('',#14225,1.);
#10235=VECTOR('',#14228,1.);
#10236=VECTOR('',#14229,1.);
#10237=VECTOR('',#14232,1.);
#10238=VECTOR('',#14233,1.);
#10239=VECTOR('',#14236,1.);
#10240=VECTOR('',#14237,1.);
#10241=VECTOR('',#14240,1.);
#10242=VECTOR('',#14241,1.);
#10243=VECTOR('',#14244,1.);
#10244=VECTOR('',#14245,1.);
#10245=VECTOR('',#14248,1.);
#10246=VECTOR('',#14249,1.);
#10247=VECTOR('',#14252,1.);
#10248=VECTOR('',#14253,1.);
#10249=VECTOR('',#14256,1.);
#10250=VECTOR('',#14259,1.);
#10251=VECTOR('',#14260,1.);
#10252=VECTOR('',#14263,1.);
#10253=VECTOR('',#14264,1.);
#10254=VECTOR('',#14267,1.);
#10255=VECTOR('',#14268,1.);
#10256=VECTOR('',#14271,1.);
#10257=VECTOR('',#14272,1.);
#10258=VECTOR('',#14275,1.);
#10259=VECTOR('',#14276,1.);
#10260=VECTOR('',#14279,1.);
#10261=VECTOR('',#14280,1.);
#10262=VECTOR('',#14283,1.);
#10263=VECTOR('',#14284,1.);
#10264=VECTOR('',#14287,1.);
#10265=VECTOR('',#14288,1.);
#10266=VECTOR('',#14291,1.);
#10267=VECTOR('',#14292,1.);
#10268=VECTOR('',#14295,1.);
#10269=VECTOR('',#14296,1.);
#10270=VECTOR('',#14299,1.);
#10271=VECTOR('',#14300,1.);
#10272=VECTOR('',#14303,1.);
#10273=VECTOR('',#14304,1.);
#10274=VECTOR('',#14307,1.);
#10275=VECTOR('',#14308,1.);
#10276=VECTOR('',#14311,1.);
#10277=VECTOR('',#14312,1.);
#10278=VECTOR('',#14315,1.);
#10279=VECTOR('',#14316,1.);
#10280=VECTOR('',#14319,1.);
#10281=VECTOR('',#14320,1.);
#10282=VECTOR('',#14323,1.);
#10283=VECTOR('',#14324,1.);
#10284=VECTOR('',#14327,1.);
#10285=VECTOR('',#14330,1.);
#10286=VECTOR('',#14331,1.);
#10287=VECTOR('',#14334,1.);
#10288=VECTOR('',#14335,1.);
#10289=VECTOR('',#14338,1.);
#10290=VECTOR('',#14339,1.);
#10291=VECTOR('',#14342,1.);
#10292=VECTOR('',#14343,1.);
#10293=VECTOR('',#14346,1.);
#10294=VECTOR('',#14347,1.);
#10295=VECTOR('',#14350,1.);
#10296=VECTOR('',#14351,1.);
#10297=VECTOR('',#14354,1.);
#10298=VECTOR('',#14355,1.);
#10299=VECTOR('',#14358,1.);
#10300=VECTOR('',#14361,1.);
#10301=VECTOR('',#14362,1.);
#10302=VECTOR('',#14365,1.);
#10303=VECTOR('',#14366,1.);
#10304=VECTOR('',#14369,1.);
#10305=VECTOR('',#14370,1.);
#10306=VECTOR('',#14373,1.);
#10307=VECTOR('',#14374,1.);
#10308=VECTOR('',#14377,1.);
#10309=VECTOR('',#14378,1.);
#10310=VECTOR('',#14381,1.);
#10311=VECTOR('',#14382,1.);
#10312=VECTOR('',#14385,1.);
#10313=VECTOR('',#14386,1.);
#10314=AXIS2_PLACEMENT_3D('',#14523,#11435,#11436);
#10315=AXIS2_PLACEMENT_3D('',#14532,#11441,#11442);
#10316=AXIS2_PLACEMENT_3D('',#14541,#11447,#11448);
#10317=AXIS2_PLACEMENT_3D('',#14550,#11453,#11454);
#10318=AXIS2_PLACEMENT_3D('',#14559,#11459,#11460);
#10319=AXIS2_PLACEMENT_3D('',#14563,#11462,#11463);
#10320=AXIS2_PLACEMENT_3D('',#14567,#11465,#11466);
#10321=AXIS2_PLACEMENT_3D('',#14568,#11467,#11468);
#10322=AXIS2_PLACEMENT_3D('',#14574,#11472,#11473);
#10323=AXIS2_PLACEMENT_3D('',#14575,#11474,#11475);
#10324=AXIS2_PLACEMENT_3D('',#14579,#11477,#11478);
#10325=AXIS2_PLACEMENT_3D('',#14580,#11479,#11480);
#10326=AXIS2_PLACEMENT_3D('',#14586,#11484,#11485);
#10327=AXIS2_PLACEMENT_3D('',#14587,#11486,#11487);
#10328=AXIS2_PLACEMENT_3D('',#14591,#11489,#11490);
#10329=AXIS2_PLACEMENT_3D('',#14592,#11491,#11492);
#10330=AXIS2_PLACEMENT_3D('',#14598,#11496,#11497);
#10331=AXIS2_PLACEMENT_3D('',#14599,#11498,#11499);
#10332=AXIS2_PLACEMENT_3D('',#14603,#11501,#11502);
#10333=AXIS2_PLACEMENT_3D('',#14604,#11503,#11504);
#10334=AXIS2_PLACEMENT_3D('',#14610,#11508,#11509);
#10335=AXIS2_PLACEMENT_3D('',#14611,#11510,#11511);
#10336=AXIS2_PLACEMENT_3D('',#14615,#11513,#11514);
#10337=AXIS2_PLACEMENT_3D('',#14616,#11515,#11516);
#10338=AXIS2_PLACEMENT_3D('',#14622,#11520,#11521);
#10339=AXIS2_PLACEMENT_3D('',#14623,#11522,#11523);
#10340=AXIS2_PLACEMENT_3D('',#14627,#11525,#11526);
#10341=AXIS2_PLACEMENT_3D('',#14628,#11527,#11528);
#10342=AXIS2_PLACEMENT_3D('',#14634,#11532,#11533);
#10343=AXIS2_PLACEMENT_3D('',#14635,#11534,#11535);
#10344=AXIS2_PLACEMENT_3D('',#14639,#11537,#11538);
#10345=AXIS2_PLACEMENT_3D('',#14640,#11539,#11540);
#10346=AXIS2_PLACEMENT_3D('',#14646,#11544,#11545);
#10347=AXIS2_PLACEMENT_3D('',#14647,#11546,#11547);
#10348=AXIS2_PLACEMENT_3D('',#14651,#11549,#11550);
#10349=AXIS2_PLACEMENT_3D('',#14652,#11551,#11552);
#10350=AXIS2_PLACEMENT_3D('',#14658,#11556,#11557);
#10351=AXIS2_PLACEMENT_3D('',#14659,#11558,#11559);
#10352=AXIS2_PLACEMENT_3D('',#14663,#11561,#11562);
#10353=AXIS2_PLACEMENT_3D('',#14664,#11563,#11564);
#10354=AXIS2_PLACEMENT_3D('',#14670,#11568,#11569);
#10355=AXIS2_PLACEMENT_3D('',#14671,#11570,#11571);
#10356=AXIS2_PLACEMENT_3D('',#14675,#11573,#11574);
#10357=AXIS2_PLACEMENT_3D('',#14676,#11575,#11576);
#10358=AXIS2_PLACEMENT_3D('',#14682,#11580,#11581);
#10359=AXIS2_PLACEMENT_3D('',#14683,#11582,#11583);
#10360=AXIS2_PLACEMENT_3D('',#14687,#11585,#11586);
#10361=AXIS2_PLACEMENT_3D('',#14688,#11587,#11588);
#10362=AXIS2_PLACEMENT_3D('',#14694,#11592,#11593);
#10363=AXIS2_PLACEMENT_3D('',#14695,#11594,#11595);
#10364=AXIS2_PLACEMENT_3D('',#14699,#11597,#11598);
#10365=AXIS2_PLACEMENT_3D('',#14700,#11599,#11600);
#10366=AXIS2_PLACEMENT_3D('',#14701,#11601,#11602);
#10367=AXIS2_PLACEMENT_3D('',#14703,#11603,#11604);
#10368=AXIS2_PLACEMENT_3D('',#14705,#11605,#11606);
#10369=AXIS2_PLACEMENT_3D('',#14706,#11607,#11608);
#10370=AXIS2_PLACEMENT_3D('',#14708,#11609,#11610);
#10371=AXIS2_PLACEMENT_3D('',#14710,#11611,#11612);
#10372=AXIS2_PLACEMENT_3D('',#14711,#11613,#11614);
#10373=AXIS2_PLACEMENT_3D('',#14713,#11615,#11616);
#10374=AXIS2_PLACEMENT_3D('',#14715,#11617,#11618);
#10375=AXIS2_PLACEMENT_3D('',#14716,#11619,#11620);
#10376=AXIS2_PLACEMENT_3D('',#14718,#11621,#11622);
#10377=AXIS2_PLACEMENT_3D('',#14720,#11623,#11624);
#10378=AXIS2_PLACEMENT_3D('',#14721,#11625,#11626);
#10379=AXIS2_PLACEMENT_3D('',#14723,#11627,#11628);
#10380=AXIS2_PLACEMENT_3D('',#14725,#11629,#11630);
#10381=AXIS2_PLACEMENT_3D('',#14726,#11631,#11632);
#10382=AXIS2_PLACEMENT_3D('',#14728,#11633,#11634);
#10383=AXIS2_PLACEMENT_3D('',#14730,#11635,#11636);
#10384=AXIS2_PLACEMENT_3D('',#14731,#11637,#11638);
#10385=AXIS2_PLACEMENT_3D('',#14733,#11639,#11640);
#10386=AXIS2_PLACEMENT_3D('',#14735,#11641,#11642);
#10387=AXIS2_PLACEMENT_3D('',#14736,#11643,#11644);
#10388=AXIS2_PLACEMENT_3D('',#14738,#11645,#11646);
#10389=AXIS2_PLACEMENT_3D('',#14740,#11647,#11648);
#10390=AXIS2_PLACEMENT_3D('',#14743,#11651,#11652);
#10391=AXIS2_PLACEMENT_3D('',#14747,#11654,#11655);
#10392=AXIS2_PLACEMENT_3D('',#14751,#11657,#11658);
#10393=AXIS2_PLACEMENT_3D('',#14755,#11660,#11661);
#10394=AXIS2_PLACEMENT_3D('',#14759,#11663,#11664);
#10395=AXIS2_PLACEMENT_3D('',#14763,#11666,#11667);
#10396=AXIS2_PLACEMENT_3D('',#14767,#11669,#11670);
#10397=AXIS2_PLACEMENT_3D('',#14771,#11672,#11673);
#10398=AXIS2_PLACEMENT_3D('',#14775,#11675,#11676);
#10399=AXIS2_PLACEMENT_3D('',#14779,#11678,#11679);
#10400=AXIS2_PLACEMENT_3D('',#14783,#11681,#11682);
#10401=AXIS2_PLACEMENT_3D('',#14787,#11684,#11685);
#10402=AXIS2_PLACEMENT_3D('',#14791,#11687,#11688);
#10403=AXIS2_PLACEMENT_3D('',#14792,#11689,#11690);
#10404=AXIS2_PLACEMENT_3D('',#14794,#11691,#11692);
#10405=AXIS2_PLACEMENT_3D('',#14796,#11693,#11694);
#10406=AXIS2_PLACEMENT_3D('',#14797,#11695,#11696);
#10407=AXIS2_PLACEMENT_3D('',#14799,#11697,#11698);
#10408=AXIS2_PLACEMENT_3D('',#14801,#11699,#11700);
#10409=AXIS2_PLACEMENT_3D('',#14802,#11701,#11702);
#10410=AXIS2_PLACEMENT_3D('',#14804,#11703,#11704);
#10411=AXIS2_PLACEMENT_3D('',#14806,#11705,#11706);
#10412=AXIS2_PLACEMENT_3D('',#14807,#11707,#11708);
#10413=AXIS2_PLACEMENT_3D('',#14809,#11709,#11710);
#10414=AXIS2_PLACEMENT_3D('',#14811,#11711,#11712);
#10415=AXIS2_PLACEMENT_3D('',#14812,#11713,#11714);
#10416=AXIS2_PLACEMENT_3D('',#14813,#11715,#11716);
#10417=AXIS2_PLACEMENT_3D('',#14815,#11717,#11718);
#10418=AXIS2_PLACEMENT_3D('',#14817,#11719,#11720);
#10419=AXIS2_PLACEMENT_3D('',#14818,#11721,#11722);
#10420=AXIS2_PLACEMENT_3D('',#14820,#11723,#11724);
#10421=AXIS2_PLACEMENT_3D('',#14822,#11725,#11726);
#10422=AXIS2_PLACEMENT_3D('',#14823,#11727,#11728);
#10423=AXIS2_PLACEMENT_3D('',#14825,#11729,#11730);
#10424=AXIS2_PLACEMENT_3D('',#14827,#11731,#11732);
#10425=AXIS2_PLACEMENT_3D('',#14828,#11733,#11734);
#10426=AXIS2_PLACEMENT_3D('',#14830,#11735,#11736);
#10427=AXIS2_PLACEMENT_3D('',#14832,#11737,#11738);
#10428=AXIS2_PLACEMENT_3D('',#14833,#11739,#11740);
#10429=AXIS2_PLACEMENT_3D('',#14835,#11742,#11743);
#10430=AXIS2_PLACEMENT_3D('',#14837,#11745,#11746);
#10431=AXIS2_PLACEMENT_3D('',#14839,#11748,#11749);
#10432=AXIS2_PLACEMENT_3D('',#14841,#11751,#11752);
#10433=AXIS2_PLACEMENT_3D('',#14843,#11754,#11755);
#10434=AXIS2_PLACEMENT_3D('',#14845,#11757,#11758);
#10435=AXIS2_PLACEMENT_3D('',#14847,#11760,#11761);
#10436=AXIS2_PLACEMENT_3D('',#14849,#11763,#11764);
#10437=AXIS2_PLACEMENT_3D('',#14850,#11765,#11766);
#10438=AXIS2_PLACEMENT_3D('',#14851,#11767,#11768);
#10439=AXIS2_PLACEMENT_3D('',#14852,#11769,#11770);
#10440=AXIS2_PLACEMENT_3D('',#14853,#11771,#11772);
#10441=AXIS2_PLACEMENT_3D('',#14856,#11775,#11776);
#10442=AXIS2_PLACEMENT_3D('',#14858,#11778,#11779);
#10443=AXIS2_PLACEMENT_3D('',#14860,#11781,#11782);
#10444=AXIS2_PLACEMENT_3D('',#14862,#11784,#11785);
#10445=AXIS2_PLACEMENT_3D('',#14864,#11787,#11788);
#10446=AXIS2_PLACEMENT_3D('',#14866,#11790,#11791);
#10447=AXIS2_PLACEMENT_3D('',#14868,#11793,#11794);
#10448=AXIS2_PLACEMENT_3D('',#14870,#11796,#11797);
#10449=AXIS2_PLACEMENT_3D('',#14872,#11799,#11800);
#10450=AXIS2_PLACEMENT_3D('',#14874,#11802,#11803);
#10451=AXIS2_PLACEMENT_3D('',#14876,#11805,#11806);
#10452=AXIS2_PLACEMENT_3D('',#14878,#11808,#11809);
#10453=AXIS2_PLACEMENT_3D('',#14880,#11811,#11812);
#10454=AXIS2_PLACEMENT_3D('',#14882,#11814,#11815);
#10455=AXIS2_PLACEMENT_3D('',#14884,#11817,#11818);
#10456=AXIS2_PLACEMENT_3D('',#14886,#11820,#11821);
#10457=AXIS2_PLACEMENT_3D('',#14888,#11823,#11824);
#10458=AXIS2_PLACEMENT_3D('',#14890,#11826,#11827);
#10459=AXIS2_PLACEMENT_3D('',#14892,#11829,#11830);
#10460=AXIS2_PLACEMENT_3D('',#14894,#11832,#11833);
#10461=AXIS2_PLACEMENT_3D('',#14896,#11835,#11836);
#10462=AXIS2_PLACEMENT_3D('',#14898,#11838,#11839);
#10463=AXIS2_PLACEMENT_3D('',#14900,#11841,#11842);
#10464=AXIS2_PLACEMENT_3D('',#14901,#11843,#11844);
#10465=AXIS2_PLACEMENT_3D('',#14910,#11849,#11850);
#10466=AXIS2_PLACEMENT_3D('',#14911,#11851,#11852);
#10467=AXIS2_PLACEMENT_3D('',#14913,#11853,#11854);
#10468=AXIS2_PLACEMENT_3D('',#14916,#11856,#11857);
#10469=AXIS2_PLACEMENT_3D('',#14917,#11858,#11859);
#10470=AXIS2_PLACEMENT_3D('',#14919,#11860,#11861);
#10471=AXIS2_PLACEMENT_3D('',#14922,#11863,#11864);
#10472=AXIS2_PLACEMENT_3D('',#14923,#11865,#11866);
#10473=AXIS2_PLACEMENT_3D('',#14925,#11867,#11868);
#10474=AXIS2_PLACEMENT_3D('',#14928,#11870,#11871);
#10475=AXIS2_PLACEMENT_3D('',#14934,#11875,#11876);
#10476=AXIS2_PLACEMENT_3D('',#14935,#11877,#11878);
#10477=AXIS2_PLACEMENT_3D('',#14937,#11879,#11880);
#10478=AXIS2_PLACEMENT_3D('',#14940,#11882,#11883);
#10479=AXIS2_PLACEMENT_3D('',#14941,#11884,#11885);
#10480=AXIS2_PLACEMENT_3D('',#14943,#11886,#11887);
#10481=AXIS2_PLACEMENT_3D('',#14946,#11889,#11890);
#10482=AXIS2_PLACEMENT_3D('',#14947,#11891,#11892);
#10483=AXIS2_PLACEMENT_3D('',#14949,#11893,#11894);
#10484=AXIS2_PLACEMENT_3D('',#14952,#11896,#11897);
#10485=AXIS2_PLACEMENT_3D('',#14958,#11901,#11902);
#10486=AXIS2_PLACEMENT_3D('',#14959,#11903,#11904);
#10487=AXIS2_PLACEMENT_3D('',#14961,#11905,#11906);
#10488=AXIS2_PLACEMENT_3D('',#14964,#11908,#11909);
#10489=AXIS2_PLACEMENT_3D('',#14965,#11910,#11911);
#10490=AXIS2_PLACEMENT_3D('',#14967,#11912,#11913);
#10491=AXIS2_PLACEMENT_3D('',#14970,#11915,#11916);
#10492=AXIS2_PLACEMENT_3D('',#14971,#11917,#11918);
#10493=AXIS2_PLACEMENT_3D('',#14973,#11919,#11920);
#10494=AXIS2_PLACEMENT_3D('',#14976,#11922,#11923);
#10495=AXIS2_PLACEMENT_3D('',#14982,#11927,#11928);
#10496=AXIS2_PLACEMENT_3D('',#14983,#11929,#11930);
#10497=AXIS2_PLACEMENT_3D('',#14985,#11931,#11932);
#10498=AXIS2_PLACEMENT_3D('',#14988,#11934,#11935);
#10499=AXIS2_PLACEMENT_3D('',#14989,#11936,#11937);
#10500=AXIS2_PLACEMENT_3D('',#14991,#11938,#11939);
#10501=AXIS2_PLACEMENT_3D('',#14994,#11941,#11942);
#10502=AXIS2_PLACEMENT_3D('',#15003,#11947,#11948);
#10503=AXIS2_PLACEMENT_3D('',#15004,#11949,#11950);
#10504=AXIS2_PLACEMENT_3D('',#15008,#11952,#11953);
#10505=AXIS2_PLACEMENT_3D('',#15009,#11954,#11955);
#10506=AXIS2_PLACEMENT_3D('',#15015,#11959,#11960);
#10507=AXIS2_PLACEMENT_3D('',#15016,#11961,#11962);
#10508=AXIS2_PLACEMENT_3D('',#15020,#11964,#11965);
#10509=AXIS2_PLACEMENT_3D('',#15021,#11966,#11967);
#10510=AXIS2_PLACEMENT_3D('',#15027,#11971,#11972);
#10511=AXIS2_PLACEMENT_3D('',#15028,#11973,#11974);
#10512=AXIS2_PLACEMENT_3D('',#15032,#11976,#11977);
#10513=AXIS2_PLACEMENT_3D('',#15033,#11978,#11979);
#10514=AXIS2_PLACEMENT_3D('',#15039,#11983,#11984);
#10515=AXIS2_PLACEMENT_3D('',#15040,#11985,#11986);
#10516=AXIS2_PLACEMENT_3D('',#15044,#11988,#11989);
#10517=AXIS2_PLACEMENT_3D('',#15045,#11990,#11991);
#10518=AXIS2_PLACEMENT_3D('',#15051,#11995,#11996);
#10519=AXIS2_PLACEMENT_3D('',#15052,#11997,#11998);
#10520=AXIS2_PLACEMENT_3D('',#15056,#12000,#12001);
#10521=AXIS2_PLACEMENT_3D('',#15057,#12002,#12003);
#10522=AXIS2_PLACEMENT_3D('',#15063,#12007,#12008);
#10523=AXIS2_PLACEMENT_3D('',#15064,#12009,#12010);
#10524=AXIS2_PLACEMENT_3D('',#15068,#12012,#12013);
#10525=AXIS2_PLACEMENT_3D('',#15069,#12014,#12015);
#10526=AXIS2_PLACEMENT_3D('',#15075,#12019,#12020);
#10527=AXIS2_PLACEMENT_3D('',#15076,#12021,#12022);
#10528=AXIS2_PLACEMENT_3D('',#15080,#12024,#12025);
#10529=AXIS2_PLACEMENT_3D('',#15081,#12026,#12027);
#10530=AXIS2_PLACEMENT_3D('',#15087,#12031,#12032);
#10531=AXIS2_PLACEMENT_3D('',#15088,#12033,#12034);
#10532=AXIS2_PLACEMENT_3D('',#15092,#12036,#12037);
#10533=AXIS2_PLACEMENT_3D('',#15093,#12038,#12039);
#10534=AXIS2_PLACEMENT_3D('',#15099,#12043,#12044);
#10535=AXIS2_PLACEMENT_3D('',#15100,#12045,#12046);
#10536=AXIS2_PLACEMENT_3D('',#15104,#12048,#12049);
#10537=AXIS2_PLACEMENT_3D('',#15105,#12050,#12051);
#10538=AXIS2_PLACEMENT_3D('',#15111,#12055,#12056);
#10539=AXIS2_PLACEMENT_3D('',#15112,#12057,#12058);
#10540=AXIS2_PLACEMENT_3D('',#15116,#12060,#12061);
#10541=AXIS2_PLACEMENT_3D('',#15117,#12062,#12063);
#10542=AXIS2_PLACEMENT_3D('',#15123,#12067,#12068);
#10543=AXIS2_PLACEMENT_3D('',#15124,#12069,#12070);
#10544=AXIS2_PLACEMENT_3D('',#15128,#12072,#12073);
#10545=AXIS2_PLACEMENT_3D('',#15129,#12074,#12075);
#10546=AXIS2_PLACEMENT_3D('',#15135,#12079,#12080);
#10547=AXIS2_PLACEMENT_3D('',#15136,#12081,#12082);
#10548=AXIS2_PLACEMENT_3D('',#15138,#12083,#12084);
#10549=AXIS2_PLACEMENT_3D('',#15140,#12085,#12086);
#10550=AXIS2_PLACEMENT_3D('',#15141,#12087,#12088);
#10551=AXIS2_PLACEMENT_3D('',#15143,#12089,#12090);
#10552=AXIS2_PLACEMENT_3D('',#15145,#12091,#12092);
#10553=AXIS2_PLACEMENT_3D('',#15146,#12093,#12094);
#10554=AXIS2_PLACEMENT_3D('',#15148,#12095,#12096);
#10555=AXIS2_PLACEMENT_3D('',#15150,#12097,#12098);
#10556=AXIS2_PLACEMENT_3D('',#15151,#12099,#12100);
#10557=AXIS2_PLACEMENT_3D('',#15153,#12101,#12102);
#10558=AXIS2_PLACEMENT_3D('',#15155,#12103,#12104);
#10559=AXIS2_PLACEMENT_3D('',#15156,#12105,#12106);
#10560=AXIS2_PLACEMENT_3D('',#15158,#12107,#12108);
#10561=AXIS2_PLACEMENT_3D('',#15160,#12109,#12110);
#10562=AXIS2_PLACEMENT_3D('',#15161,#12111,#12112);
#10563=AXIS2_PLACEMENT_3D('',#15163,#12113,#12114);
#10564=AXIS2_PLACEMENT_3D('',#15165,#12115,#12116);
#10565=AXIS2_PLACEMENT_3D('',#15166,#12117,#12118);
#10566=AXIS2_PLACEMENT_3D('',#15168,#12119,#12120);
#10567=AXIS2_PLACEMENT_3D('',#15170,#12121,#12122);
#10568=AXIS2_PLACEMENT_3D('',#15171,#12123,#12124);
#10569=AXIS2_PLACEMENT_3D('',#15172,#12125,#12126);
#10570=AXIS2_PLACEMENT_3D('',#15173,#12127,#12128);
#10571=AXIS2_PLACEMENT_3D('',#15174,#12129,#12130);
#10572=AXIS2_PLACEMENT_3D('',#15175,#12131,#12132);
#10573=AXIS2_PLACEMENT_3D('',#15176,#12133,#12134);
#10574=AXIS2_PLACEMENT_3D('',#15177,#12135,#12136);
#10575=AXIS2_PLACEMENT_3D('',#15179,#12137,#12138);
#10576=AXIS2_PLACEMENT_3D('',#15181,#12139,#12140);
#10577=AXIS2_PLACEMENT_3D('',#15185,#12142,#12143);
#10578=AXIS2_PLACEMENT_3D('',#15189,#12145,#12146);
#10579=AXIS2_PLACEMENT_3D('',#15193,#12148,#12149);
#10580=AXIS2_PLACEMENT_3D('',#15197,#12151,#12152);
#10581=AXIS2_PLACEMENT_3D('',#15201,#12154,#12155);
#10582=AXIS2_PLACEMENT_3D('',#15205,#12157,#12158);
#10583=AXIS2_PLACEMENT_3D('',#15209,#12160,#12161);
#10584=AXIS2_PLACEMENT_3D('',#15213,#12163,#12164);
#10585=AXIS2_PLACEMENT_3D('',#15217,#12166,#12167);
#10586=AXIS2_PLACEMENT_3D('',#15221,#12169,#12170);
#10587=AXIS2_PLACEMENT_3D('',#15225,#12172,#12173);
#10588=AXIS2_PLACEMENT_3D('',#15229,#12175,#12176);
#10589=AXIS2_PLACEMENT_3D('',#15230,#12177,#12178);
#10590=AXIS2_PLACEMENT_3D('',#15231,#12179,#12180);
#10591=AXIS2_PLACEMENT_3D('',#15234,#12183,#12184);
#10592=AXIS2_PLACEMENT_3D('',#15236,#12186,#12187);
#10593=AXIS2_PLACEMENT_3D('',#15238,#12189,#12190);
#10594=AXIS2_PLACEMENT_3D('',#15240,#12192,#12193);
#10595=AXIS2_PLACEMENT_3D('',#15242,#12195,#12196);
#10596=AXIS2_PLACEMENT_3D('',#15244,#12198,#12199);
#10597=AXIS2_PLACEMENT_3D('',#15246,#12201,#12202);
#10598=AXIS2_PLACEMENT_3D('',#15248,#12204,#12205);
#10599=AXIS2_PLACEMENT_3D('',#15250,#12207,#12208);
#10600=AXIS2_PLACEMENT_3D('',#15252,#12210,#12211);
#10601=AXIS2_PLACEMENT_3D('',#15254,#12213,#12214);
#10602=AXIS2_PLACEMENT_3D('',#15256,#12216,#12217);
#10603=AXIS2_PLACEMENT_3D('',#15258,#12219,#12220);
#10604=AXIS2_PLACEMENT_3D('',#15260,#12222,#12223);
#10605=AXIS2_PLACEMENT_3D('',#15262,#12225,#12226);
#10606=AXIS2_PLACEMENT_3D('',#15264,#12228,#12229);
#10607=AXIS2_PLACEMENT_3D('',#15266,#12231,#12232);
#10608=AXIS2_PLACEMENT_3D('',#15268,#12234,#12235);
#10609=AXIS2_PLACEMENT_3D('',#15270,#12237,#12238);
#10610=AXIS2_PLACEMENT_3D('',#15272,#12240,#12241);
#10611=AXIS2_PLACEMENT_3D('',#15274,#12243,#12244);
#10612=AXIS2_PLACEMENT_3D('',#15276,#12246,#12247);
#10613=AXIS2_PLACEMENT_3D('',#15278,#12249,#12250);
#10614=AXIS2_PLACEMENT_3D('',#15279,#12251,#12252);
#10615=AXIS2_PLACEMENT_3D('',#15283,#12254,#12255);
#10616=AXIS2_PLACEMENT_3D('',#15287,#12257,#12258);
#10617=AXIS2_PLACEMENT_3D('',#15291,#12260,#12261);
#10618=AXIS2_PLACEMENT_3D('',#15295,#12263,#12264);
#10619=AXIS2_PLACEMENT_3D('',#15299,#12266,#12267);
#10620=AXIS2_PLACEMENT_3D('',#15303,#12269,#12270);
#10621=AXIS2_PLACEMENT_3D('',#15307,#12272,#12273);
#10622=AXIS2_PLACEMENT_3D('',#15311,#12275,#12276);
#10623=AXIS2_PLACEMENT_3D('',#15315,#12278,#12279);
#10624=AXIS2_PLACEMENT_3D('',#15317,#12280,#12281);
#10625=AXIS2_PLACEMENT_3D('',#15319,#12282,#12283);
#10626=AXIS2_PLACEMENT_3D('',#15323,#12285,#12286);
#10627=AXIS2_PLACEMENT_3D('',#15327,#12288,#12289);
#10628=AXIS2_PLACEMENT_3D('',#15331,#12291,#12292);
#10629=AXIS2_PLACEMENT_3D('',#15335,#12294,#12295);
#10630=AXIS2_PLACEMENT_3D('',#15339,#12297,#12298);
#10631=AXIS2_PLACEMENT_3D('',#15341,#12299,#12300);
#10632=AXIS2_PLACEMENT_3D('',#15345,#12302,#12303);
#10633=AXIS2_PLACEMENT_3D('',#15349,#12305,#12306);
#10634=AXIS2_PLACEMENT_3D('',#15353,#12308,#12309);
#10635=AXIS2_PLACEMENT_3D('',#15357,#12311,#12312);
#10636=AXIS2_PLACEMENT_3D('',#15361,#12314,#12315);
#10637=AXIS2_PLACEMENT_3D('',#15365,#12317,#12318);
#10638=AXIS2_PLACEMENT_3D('',#15369,#12320,#12321);
#10639=AXIS2_PLACEMENT_3D('',#15373,#12323,#12324);
#10640=AXIS2_PLACEMENT_3D('',#15374,#12325,#12326);
#10641=AXIS2_PLACEMENT_3D('',#15376,#12327,#12328);
#10642=AXIS2_PLACEMENT_3D('',#15378,#12329,#12330);
#10643=AXIS2_PLACEMENT_3D('',#15380,#12331,#12332);
#10644=AXIS2_PLACEMENT_3D('',#15382,#12333,#12334);
#10645=AXIS2_PLACEMENT_3D('',#15384,#12335,#12336);
#10646=AXIS2_PLACEMENT_3D('',#15386,#12337,#12338);
#10647=AXIS2_PLACEMENT_3D('',#15388,#12339,#12340);
#10648=AXIS2_PLACEMENT_3D('',#15390,#12341,#12342);
#10649=AXIS2_PLACEMENT_3D('',#15392,#12343,#12344);
#10650=AXIS2_PLACEMENT_3D('',#15394,#12345,#12346);
#10651=AXIS2_PLACEMENT_3D('',#15396,#12347,#12348);
#10652=AXIS2_PLACEMENT_3D('',#15398,#12349,#12350);
#10653=AXIS2_PLACEMENT_3D('',#15400,#12351,#12352);
#10654=AXIS2_PLACEMENT_3D('',#15402,#12353,#12354);
#10655=AXIS2_PLACEMENT_3D('',#15404,#12355,#12356);
#10656=AXIS2_PLACEMENT_3D('',#15406,#12357,#12358);
#10657=AXIS2_PLACEMENT_3D('',#15408,#12359,#12360);
#10658=AXIS2_PLACEMENT_3D('',#15410,#12361,#12362);
#10659=AXIS2_PLACEMENT_3D('',#15412,#12363,#12364);
#10660=AXIS2_PLACEMENT_3D('',#15414,#12365,#12366);
#10661=AXIS2_PLACEMENT_3D('',#15416,#12367,#12368);
#10662=AXIS2_PLACEMENT_3D('',#15418,#12369,#12370);
#10663=AXIS2_PLACEMENT_3D('',#15420,#12371,#12372);
#10664=AXIS2_PLACEMENT_3D('',#15425,#12374,#12375);
#10665=AXIS2_PLACEMENT_3D('',#15427,#12376,#12377);
#10666=AXIS2_PLACEMENT_3D('',#15429,#12378,#12379);
#10667=AXIS2_PLACEMENT_3D('',#15433,#12381,#12382);
#10668=AXIS2_PLACEMENT_3D('',#15435,#12383,#12384);
#10669=AXIS2_PLACEMENT_3D('',#15439,#12386,#12387);
#10670=AXIS2_PLACEMENT_3D('',#15443,#12389,#12390);
#10671=AXIS2_PLACEMENT_3D('',#15447,#12392,#12393);
#10672=AXIS2_PLACEMENT_3D('',#15451,#12395,#12396);
#10673=AXIS2_PLACEMENT_3D('',#15455,#12398,#12399);
#10674=AXIS2_PLACEMENT_3D('',#15459,#12401,#12402);
#10675=AXIS2_PLACEMENT_3D('',#15463,#12404,#12405);
#10676=AXIS2_PLACEMENT_3D('',#15467,#12407,#12408);
#10677=AXIS2_PLACEMENT_3D('',#15471,#12410,#12411);
#10678=AXIS2_PLACEMENT_3D('',#15475,#12413,#12414);
#10679=AXIS2_PLACEMENT_3D('',#15479,#12416,#12417);
#10680=AXIS2_PLACEMENT_3D('',#15483,#12419,#12420);
#10681=AXIS2_PLACEMENT_3D('',#15487,#12422,#12423);
#10682=AXIS2_PLACEMENT_3D('',#15491,#12425,#12426);
#10683=AXIS2_PLACEMENT_3D('',#15495,#12428,#12429);
#10684=AXIS2_PLACEMENT_3D('',#15499,#12431,#12432);
#10685=AXIS2_PLACEMENT_3D('',#15503,#12434,#12435);
#10686=AXIS2_PLACEMENT_3D('',#15507,#12437,#12438);
#10687=AXIS2_PLACEMENT_3D('',#15511,#12440,#12441);
#10688=AXIS2_PLACEMENT_3D('',#15512,#12442,#12443);
#10689=AXIS2_PLACEMENT_3D('',#15517,#12445,#12446);
#10690=AXIS2_PLACEMENT_3D('',#15521,#12448,#12449);
#10691=AXIS2_PLACEMENT_3D('',#15525,#12451,#12452);
#10692=AXIS2_PLACEMENT_3D('',#15528,#12454,#12455);
#10693=AXIS2_PLACEMENT_3D('',#15533,#12457,#12458);
#10694=AXIS2_PLACEMENT_3D('',#15537,#12460,#12461);
#10695=AXIS2_PLACEMENT_3D('',#15541,#12463,#12464);
#10696=AXIS2_PLACEMENT_3D('',#15545,#12466,#12467);
#10697=AXIS2_PLACEMENT_3D('',#15549,#12469,#12470);
#10698=AXIS2_PLACEMENT_3D('',#15553,#12472,#12473);
#10699=AXIS2_PLACEMENT_3D('',#15557,#12475,#12476);
#10700=AXIS2_PLACEMENT_3D('',#15561,#12478,#12479);
#10701=AXIS2_PLACEMENT_3D('',#15565,#12481,#12482);
#10702=AXIS2_PLACEMENT_3D('',#15569,#12484,#12485);
#10703=AXIS2_PLACEMENT_3D('',#15573,#12487,#12488);
#10704=AXIS2_PLACEMENT_3D('',#15577,#12490,#12491);
#10705=AXIS2_PLACEMENT_3D('',#15581,#12493,#12494);
#10706=AXIS2_PLACEMENT_3D('',#15585,#12496,#12497);
#10707=AXIS2_PLACEMENT_3D('',#15586,#12498,#12499);
#10708=AXIS2_PLACEMENT_3D('',#15592,#12503,#12504);
#10709=AXIS2_PLACEMENT_3D('',#15593,#12505,#12506);
#10710=AXIS2_PLACEMENT_3D('',#15597,#12508,#12509);
#10711=AXIS2_PLACEMENT_3D('',#15601,#12511,#12512);
#10712=AXIS2_PLACEMENT_3D('',#15605,#12514,#12515);
#10713=AXIS2_PLACEMENT_3D('',#15609,#12517,#12518);
#10714=AXIS2_PLACEMENT_3D('',#15613,#12520,#12521);
#10715=AXIS2_PLACEMENT_3D('',#15617,#12523,#12524);
#10716=AXIS2_PLACEMENT_3D('',#15621,#12526,#12527);
#10717=AXIS2_PLACEMENT_3D('',#15625,#12529,#12530);
#10718=AXIS2_PLACEMENT_3D('',#15629,#12532,#12533);
#10719=AXIS2_PLACEMENT_3D('',#15633,#12535,#12536);
#10720=AXIS2_PLACEMENT_3D('',#15637,#12538,#12539);
#10721=AXIS2_PLACEMENT_3D('',#15641,#12541,#12542);
#10722=AXIS2_PLACEMENT_3D('',#15645,#12544,#12545);
#10723=AXIS2_PLACEMENT_3D('',#15646,#12546,#12547);
#10724=AXIS2_PLACEMENT_3D('',#15651,#12549,#12550);
#10725=AXIS2_PLACEMENT_3D('',#15655,#12552,#12553);
#10726=AXIS2_PLACEMENT_3D('',#15659,#12555,#12556);
#10727=AXIS2_PLACEMENT_3D('',#15663,#12558,#12559);
#10728=AXIS2_PLACEMENT_3D('',#15667,#12561,#12562);
#10729=AXIS2_PLACEMENT_3D('',#15671,#12564,#12565);
#10730=AXIS2_PLACEMENT_3D('',#15675,#12567,#12568);
#10731=AXIS2_PLACEMENT_3D('',#15679,#12570,#12571);
#10732=AXIS2_PLACEMENT_3D('',#15683,#12573,#12574);
#10733=AXIS2_PLACEMENT_3D('',#15687,#12576,#12577);
#10734=AXIS2_PLACEMENT_3D('',#15691,#12579,#12580);
#10735=AXIS2_PLACEMENT_3D('',#15695,#12582,#12583);
#10736=AXIS2_PLACEMENT_3D('',#15699,#12585,#12586);
#10737=AXIS2_PLACEMENT_3D('',#15703,#12588,#12589);
#10738=AXIS2_PLACEMENT_3D('',#15707,#12591,#12592);
#10739=AXIS2_PLACEMENT_3D('',#15711,#12594,#12595);
#10740=AXIS2_PLACEMENT_3D('',#15715,#12597,#12598);
#10741=AXIS2_PLACEMENT_3D('',#15719,#12600,#12601);
#10742=AXIS2_PLACEMENT_3D('',#15723,#12603,#12604);
#10743=AXIS2_PLACEMENT_3D('',#15724,#12605,#12606);
#10744=AXIS2_PLACEMENT_3D('',#15727,#12607,#12608);
#10745=AXIS2_PLACEMENT_3D('',#15731,#12610,#12611);
#10746=AXIS2_PLACEMENT_3D('',#15735,#12613,#12614);
#10747=AXIS2_PLACEMENT_3D('',#15739,#12616,#12617);
#10748=AXIS2_PLACEMENT_3D('',#15743,#12619,#12620);
#10749=AXIS2_PLACEMENT_3D('',#15747,#12622,#12623);
#10750=AXIS2_PLACEMENT_3D('',#15749,#12624,#12625);
#10751=AXIS2_PLACEMENT_3D('',#15753,#12627,#12628);
#10752=AXIS2_PLACEMENT_3D('',#15754,#12629,#12630);
#10753=AXIS2_PLACEMENT_3D('',#15756,#12631,#12632);
#10754=AXIS2_PLACEMENT_3D('',#15758,#12633,#12634);
#10755=AXIS2_PLACEMENT_3D('',#15760,#12635,#12636);
#10756=AXIS2_PLACEMENT_3D('',#15762,#12637,#12638);
#10757=AXIS2_PLACEMENT_3D('',#15764,#12639,#12640);
#10758=AXIS2_PLACEMENT_3D('',#15766,#12641,#12642);
#10759=AXIS2_PLACEMENT_3D('',#15768,#12643,#12644);
#10760=AXIS2_PLACEMENT_3D('',#15770,#12645,#12646);
#10761=AXIS2_PLACEMENT_3D('',#15772,#12647,#12648);
#10762=AXIS2_PLACEMENT_3D('',#15774,#12649,#12650);
#10763=AXIS2_PLACEMENT_3D('',#15776,#12651,#12652);
#10764=AXIS2_PLACEMENT_3D('',#15778,#12653,#12654);
#10765=AXIS2_PLACEMENT_3D('',#15780,#12655,#12656);
#10766=AXIS2_PLACEMENT_3D('',#15782,#12657,#12658);
#10767=AXIS2_PLACEMENT_3D('',#15784,#12659,#12660);
#10768=AXIS2_PLACEMENT_3D('',#15786,#12661,#12662);
#10769=AXIS2_PLACEMENT_3D('',#15788,#12663,#12664);
#10770=AXIS2_PLACEMENT_3D('',#15790,#12665,#12666);
#10771=AXIS2_PLACEMENT_3D('',#15792,#12667,#12668);
#10772=AXIS2_PLACEMENT_3D('',#15794,#12669,#12670);
#10773=AXIS2_PLACEMENT_3D('',#15796,#12671,#12672);
#10774=AXIS2_PLACEMENT_3D('',#15798,#12673,#12674);
#10775=AXIS2_PLACEMENT_3D('',#15800,#12675,#12676);
#10776=AXIS2_PLACEMENT_3D('',#15805,#12678,#12679);
#10777=AXIS2_PLACEMENT_3D('',#15809,#12681,#12682);
#10778=AXIS2_PLACEMENT_3D('',#15813,#12684,#12685);
#10779=AXIS2_PLACEMENT_3D('',#15817,#12687,#12688);
#10780=AXIS2_PLACEMENT_3D('',#15821,#12690,#12691);
#10781=AXIS2_PLACEMENT_3D('',#15825,#12693,#12694);
#10782=AXIS2_PLACEMENT_3D('',#15829,#12696,#12697);
#10783=AXIS2_PLACEMENT_3D('',#15833,#12699,#12700);
#10784=AXIS2_PLACEMENT_3D('',#15834,#12701,#12702);
#10785=AXIS2_PLACEMENT_3D('',#15837,#12703,#12704);
#10786=AXIS2_PLACEMENT_3D('',#15841,#12706,#12707);
#10787=AXIS2_PLACEMENT_3D('',#15843,#12708,#12709);
#10788=AXIS2_PLACEMENT_3D('',#15847,#12711,#12712);
#10789=AXIS2_PLACEMENT_3D('',#15851,#12714,#12715);
#10790=AXIS2_PLACEMENT_3D('',#15855,#12717,#12718);
#10791=AXIS2_PLACEMENT_3D('',#15859,#12720,#12721);
#10792=AXIS2_PLACEMENT_3D('',#15863,#12723,#12724);
#10793=AXIS2_PLACEMENT_3D('',#15867,#12726,#12727);
#10794=AXIS2_PLACEMENT_3D('',#15871,#12729,#12730);
#10795=AXIS2_PLACEMENT_3D('',#15875,#12732,#12733);
#10796=AXIS2_PLACEMENT_3D('',#15879,#12735,#12736);
#10797=AXIS2_PLACEMENT_3D('',#15883,#12738,#12739);
#10798=AXIS2_PLACEMENT_3D('',#15887,#12741,#12742);
#10799=AXIS2_PLACEMENT_3D('',#15891,#12744,#12745);
#10800=AXIS2_PLACEMENT_3D('',#15895,#12747,#12748);
#10801=AXIS2_PLACEMENT_3D('',#15896,#12749,#12750);
#10802=AXIS2_PLACEMENT_3D('',#15899,#12753,#12754);
#10803=AXIS2_PLACEMENT_3D('',#15902,#12757,#12758);
#10804=AXIS2_PLACEMENT_3D('',#15905,#12761,#12762);
#10805=AXIS2_PLACEMENT_3D('',#15908,#12765,#12766);
#10806=AXIS2_PLACEMENT_3D('',#15911,#12769,#12770);
#10807=AXIS2_PLACEMENT_3D('',#15912,#12771,#12772);
#10808=AXIS2_PLACEMENT_3D('',#15913,#12773,#12774);
#10809=AXIS2_PLACEMENT_3D('',#15914,#12775,#12776);
#10810=AXIS2_PLACEMENT_3D('',#15915,#12777,#12778);
#10811=AXIS2_PLACEMENT_3D('',#15916,#12779,#12780);
#10812=AXIS2_PLACEMENT_3D('',#15917,#12781,#12782);
#10813=AXIS2_PLACEMENT_3D('',#15918,#12783,#12784);
#10814=AXIS2_PLACEMENT_3D('',#15919,#12785,#12786);
#10815=AXIS2_PLACEMENT_3D('',#15920,#12787,#12788);
#10816=AXIS2_PLACEMENT_3D('',#15921,#12789,#12790);
#10817=AXIS2_PLACEMENT_3D('',#15922,#12791,#12792);
#10818=AXIS2_PLACEMENT_3D('',#15923,#12793,#12794);
#10819=AXIS2_PLACEMENT_3D('',#15924,#12795,#12796);
#10820=AXIS2_PLACEMENT_3D('',#15925,#12797,#12798);
#10821=AXIS2_PLACEMENT_3D('',#15926,#12799,#12800);
#10822=AXIS2_PLACEMENT_3D('',#15927,#12801,#12802);
#10823=AXIS2_PLACEMENT_3D('',#15930,#12805,#12806);
#10824=AXIS2_PLACEMENT_3D('',#15931,#12807,#12808);
#10825=AXIS2_PLACEMENT_3D('',#15932,#12809,#12810);
#10826=AXIS2_PLACEMENT_3D('',#15933,#12811,#12812);
#10827=AXIS2_PLACEMENT_3D('',#15934,#12813,#12814);
#10828=AXIS2_PLACEMENT_3D('',#15935,#12815,#12816);
#10829=AXIS2_PLACEMENT_3D('',#15936,#12817,#12818);
#10830=AXIS2_PLACEMENT_3D('',#15937,#12819,#12820);
#10831=AXIS2_PLACEMENT_3D('',#15938,#12821,#12822);
#10832=AXIS2_PLACEMENT_3D('',#15941,#12825,#12826);
#10833=AXIS2_PLACEMENT_3D('',#15944,#12829,#12830);
#10834=AXIS2_PLACEMENT_3D('',#15947,#12833,#12834);
#10835=AXIS2_PLACEMENT_3D('',#15950,#12837,#12838);
#10836=AXIS2_PLACEMENT_3D('',#15953,#12841,#12842);
#10837=AXIS2_PLACEMENT_3D('',#15956,#12845,#12846);
#10838=AXIS2_PLACEMENT_3D('',#15957,#12847,#12848);
#10839=AXIS2_PLACEMENT_3D('',#15958,#12849,#12850);
#10840=AXIS2_PLACEMENT_3D('',#15959,#12851,#12852);
#10841=AXIS2_PLACEMENT_3D('',#15960,#12853,#12854);
#10842=AXIS2_PLACEMENT_3D('',#15961,#12855,#12856);
#10843=AXIS2_PLACEMENT_3D('',#15962,#12857,#12858);
#10844=AXIS2_PLACEMENT_3D('',#15963,#12859,#12860);
#10845=AXIS2_PLACEMENT_3D('',#15964,#12861,#12862);
#10846=AXIS2_PLACEMENT_3D('',#15965,#12863,#12864);
#10847=AXIS2_PLACEMENT_3D('',#15966,#12865,#12866);
#10848=AXIS2_PLACEMENT_3D('',#15969,#12869,#12870);
#10849=AXIS2_PLACEMENT_3D('',#15972,#12873,#12874);
#10850=AXIS2_PLACEMENT_3D('',#15974,#12876,#12877);
#10851=AXIS2_PLACEMENT_3D('',#15977,#12880,#12881);
#10852=AXIS2_PLACEMENT_3D('',#15980,#12884,#12885);
#10853=AXIS2_PLACEMENT_3D('',#15983,#12888,#12889);
#10854=AXIS2_PLACEMENT_3D('',#15986,#12892,#12893);
#10855=AXIS2_PLACEMENT_3D('',#15989,#12896,#12897);
#10856=AXIS2_PLACEMENT_3D('',#15992,#12900,#12901);
#10857=AXIS2_PLACEMENT_3D('',#15995,#12904,#12905);
#10858=AXIS2_PLACEMENT_3D('',#15998,#12908,#12909);
#10859=AXIS2_PLACEMENT_3D('',#16001,#12912,#12913);
#10860=AXIS2_PLACEMENT_3D('',#16004,#12916,#12917);
#10861=AXIS2_PLACEMENT_3D('',#16007,#12920,#12921);
#10862=AXIS2_PLACEMENT_3D('',#16010,#12924,#12925);
#10863=AXIS2_PLACEMENT_3D('',#16012,#12927,#12928);
#10864=AXIS2_PLACEMENT_3D('',#16014,#12930,#12931);
#10865=AXIS2_PLACEMENT_3D('',#16016,#12933,#12934);
#10866=AXIS2_PLACEMENT_3D('',#16018,#12936,#12937);
#10867=AXIS2_PLACEMENT_3D('',#16020,#12939,#12940);
#10868=AXIS2_PLACEMENT_3D('',#16023,#12943,#12944);
#10869=AXIS2_PLACEMENT_3D('',#16025,#12946,#12947);
#10870=AXIS2_PLACEMENT_3D('',#16028,#12950,#12951);
#10871=AXIS2_PLACEMENT_3D('',#16031,#12954,#12955);
#10872=AXIS2_PLACEMENT_3D('',#16034,#12958,#12959);
#10873=AXIS2_PLACEMENT_3D('',#16037,#12962,#12963);
#10874=AXIS2_PLACEMENT_3D('',#16040,#12966,#12967);
#10875=AXIS2_PLACEMENT_3D('',#16042,#12969,#12970);
#10876=AXIS2_PLACEMENT_3D('',#16045,#12973,#12974);
#10877=AXIS2_PLACEMENT_3D('',#16048,#12977,#12978);
#10878=AXIS2_PLACEMENT_3D('',#16051,#12981,#12982);
#10879=AXIS2_PLACEMENT_3D('',#16054,#12985,#12986);
#10880=AXIS2_PLACEMENT_3D('',#16057,#12989,#12990);
#10881=AXIS2_PLACEMENT_3D('',#16060,#12993,#12994);
#10882=AXIS2_PLACEMENT_3D('',#16062,#12996,#12997);
#10883=AXIS2_PLACEMENT_3D('',#16064,#12999,#13000);
#10884=AXIS2_PLACEMENT_3D('',#16066,#13002,#13003);
#10885=AXIS2_PLACEMENT_3D('',#16068,#13005,#13006);
#10886=AXIS2_PLACEMENT_3D('',#16070,#13008,#13009);
#10887=AXIS2_PLACEMENT_3D('',#16072,#13011,#13012);
#10888=AXIS2_PLACEMENT_3D('',#16075,#13015,#13016);
#10889=AXIS2_PLACEMENT_3D('',#16078,#13019,#13020);
#10890=AXIS2_PLACEMENT_3D('',#16081,#13023,#13024);
#10891=AXIS2_PLACEMENT_3D('',#16084,#13027,#13028);
#10892=AXIS2_PLACEMENT_3D('',#16087,#13031,#13032);
#10893=AXIS2_PLACEMENT_3D('',#16090,#13035,#13036);
#10894=AXIS2_PLACEMENT_3D('',#16093,#13039,#13040);
#10895=AXIS2_PLACEMENT_3D('',#16096,#13043,#13044);
#10896=AXIS2_PLACEMENT_3D('',#16098,#13046,#13047);
#10897=AXIS2_PLACEMENT_3D('',#16100,#13049,#13050);
#10898=AXIS2_PLACEMENT_3D('',#16102,#13052,#13053);
#10899=AXIS2_PLACEMENT_3D('',#16104,#13055,#13056);
#10900=AXIS2_PLACEMENT_3D('',#16107,#13059,#13060);
#10901=AXIS2_PLACEMENT_3D('',#16109,#13062,#13063);
#10902=AXIS2_PLACEMENT_3D('',#16111,#13065,#13066);
#10903=AXIS2_PLACEMENT_3D('',#16113,#13068,#13069);
#10904=AXIS2_PLACEMENT_3D('',#16115,#13071,#13072);
#10905=AXIS2_PLACEMENT_3D('',#16117,#13074,#13075);
#10906=AXIS2_PLACEMENT_3D('',#16119,#13077,#13078);
#10907=AXIS2_PLACEMENT_3D('',#16120,#13079,#13080);
#10908=AXIS2_PLACEMENT_3D('',#16123,#13083,#13084);
#10909=AXIS2_PLACEMENT_3D('',#16126,#13087,#13088);
#10910=AXIS2_PLACEMENT_3D('',#16129,#13091,#13092);
#10911=AXIS2_PLACEMENT_3D('',#16132,#13095,#13096);
#10912=AXIS2_PLACEMENT_3D('',#16133,#13097,#13098);
#10913=AXIS2_PLACEMENT_3D('',#16134,#13099,#13100);
#10914=AXIS2_PLACEMENT_3D('',#16135,#13101,#13102);
#10915=AXIS2_PLACEMENT_3D('',#16136,#13103,#13104);
#10916=AXIS2_PLACEMENT_3D('',#16137,#13105,#13106);
#10917=AXIS2_PLACEMENT_3D('',#16138,#13107,#13108);
#10918=AXIS2_PLACEMENT_3D('',#16139,#13109,#13110);
#10919=AXIS2_PLACEMENT_3D('',#16140,#13111,#13112);
#10920=AXIS2_PLACEMENT_3D('',#16141,#13113,#13114);
#10921=AXIS2_PLACEMENT_3D('',#16142,#13115,#13116);
#10922=AXIS2_PLACEMENT_3D('',#16143,#13117,#13118);
#10923=AXIS2_PLACEMENT_3D('',#16144,#13119,#13120);
#10924=AXIS2_PLACEMENT_3D('',#16145,#13121,#13122);
#10925=AXIS2_PLACEMENT_3D('',#16146,#13123,#13124);
#10926=AXIS2_PLACEMENT_3D('',#16147,#13125,#13126);
#10927=AXIS2_PLACEMENT_3D('',#16148,#13127,#13128);
#10928=AXIS2_PLACEMENT_3D('',#16149,#13129,#13130);
#10929=AXIS2_PLACEMENT_3D('',#16150,#13131,#13132);
#10930=AXIS2_PLACEMENT_3D('',#16151,#13133,#13134);
#10931=AXIS2_PLACEMENT_3D('',#16152,#13135,#13136);
#10932=AXIS2_PLACEMENT_3D('',#16153,#13137,#13138);
#10933=AXIS2_PLACEMENT_3D('',#16154,#13139,#13140);
#10934=AXIS2_PLACEMENT_3D('',#16155,#13141,#13142);
#10935=AXIS2_PLACEMENT_3D('',#16156,#13143,#13144);
#10936=AXIS2_PLACEMENT_3D('',#16157,#13145,#13146);
#10937=AXIS2_PLACEMENT_3D('',#16158,#13147,#13148);
#10938=AXIS2_PLACEMENT_3D('',#16159,#13149,#13150);
#10939=AXIS2_PLACEMENT_3D('',#16160,#13151,#13152);
#10940=AXIS2_PLACEMENT_3D('',#16161,#13153,#13154);
#10941=AXIS2_PLACEMENT_3D('',#16162,#13155,#13156);
#10942=AXIS2_PLACEMENT_3D('',#16163,#13157,#13158);
#10943=AXIS2_PLACEMENT_3D('',#16164,#13159,#13160);
#10944=AXIS2_PLACEMENT_3D('',#16165,#13161,#13162);
#10945=AXIS2_PLACEMENT_3D('',#16166,#13163,#13164);
#10946=AXIS2_PLACEMENT_3D('',#16167,#13165,#13166);
#10947=AXIS2_PLACEMENT_3D('',#16168,#13167,#13168);
#10948=AXIS2_PLACEMENT_3D('',#16169,#13169,#13170);
#10949=AXIS2_PLACEMENT_3D('',#16170,#13171,#13172);
#10950=AXIS2_PLACEMENT_3D('',#16171,#13173,#13174);
#10951=AXIS2_PLACEMENT_3D('',#16172,#13175,#13176);
#10952=AXIS2_PLACEMENT_3D('',#16173,#13177,#13178);
#10953=AXIS2_PLACEMENT_3D('',#16174,#13179,#13180);
#10954=AXIS2_PLACEMENT_3D('',#16178,#13182,#13183);
#10955=AXIS2_PLACEMENT_3D('',#16182,#13185,#13186);
#10956=AXIS2_PLACEMENT_3D('',#16183,#13187,#13188);
#10957=AXIS2_PLACEMENT_3D('',#16187,#13190,#13191);
#10958=AXIS2_PLACEMENT_3D('',#16191,#13193,#13194);
#10959=AXIS2_PLACEMENT_3D('',#16192,#13195,#13196);
#10960=AXIS2_PLACEMENT_3D('',#16193,#13197,#13198);
#10961=AXIS2_PLACEMENT_3D('',#16195,#13199,#13200);
#10962=AXIS2_PLACEMENT_3D('',#16197,#13201,#13202);
#10963=AXIS2_PLACEMENT_3D('',#16199,#13203,#13204);
#10964=AXIS2_PLACEMENT_3D('',#16201,#13205,#13206);
#10965=AXIS2_PLACEMENT_3D('',#16203,#13207,#13208);
#10966=AXIS2_PLACEMENT_3D('',#16208,#13210,#13211);
#10967=AXIS2_PLACEMENT_3D('',#16212,#13213,#13214);
#10968=AXIS2_PLACEMENT_3D('',#16216,#13216,#13217);
#10969=AXIS2_PLACEMENT_3D('',#16220,#13219,#13220);
#10970=AXIS2_PLACEMENT_3D('',#16225,#13223,#13224);
#10971=AXIS2_PLACEMENT_3D('',#16229,#13226,#13227);
#10972=AXIS2_PLACEMENT_3D('',#16234,#13230,#13231);
#10973=AXIS2_PLACEMENT_3D('',#16238,#13233,#13234);
#10974=AXIS2_PLACEMENT_3D('',#16242,#13236,#13237);
#10975=AXIS2_PLACEMENT_3D('',#16246,#13239,#13240);
#10976=AXIS2_PLACEMENT_3D('',#16250,#13242,#13243);
#10977=AXIS2_PLACEMENT_3D('',#16254,#13245,#13246);
#10978=AXIS2_PLACEMENT_3D('',#16258,#13248,#13249);
#10979=AXIS2_PLACEMENT_3D('',#16262,#13251,#13252);
#10980=AXIS2_PLACEMENT_3D('',#16263,#13253,#13254);
#10981=AXIS2_PLACEMENT_3D('',#16267,#13257,#13258);
#10982=AXIS2_PLACEMENT_3D('',#16268,#13259,#13260);
#10983=AXIS2_PLACEMENT_3D('',#16271,#13262,#13263);
#10984=AXIS2_PLACEMENT_3D('',#16275,#13266,#13267);
#10985=AXIS2_PLACEMENT_3D('',#16276,#13268,#13269);
#10986=AXIS2_PLACEMENT_3D('',#16279,#13271,#13272);
#10987=AXIS2_PLACEMENT_3D('',#16283,#13275,#13276);
#10988=AXIS2_PLACEMENT_3D('',#16284,#13277,#13278);
#10989=AXIS2_PLACEMENT_3D('',#16287,#13280,#13281);
#10990=AXIS2_PLACEMENT_3D('',#16291,#13284,#13285);
#10991=AXIS2_PLACEMENT_3D('',#16297,#13289,#13290);
#10992=AXIS2_PLACEMENT_3D('',#16303,#13294,#13295);
#10993=AXIS2_PLACEMENT_3D('',#16304,#13296,#13297);
#10994=AXIS2_PLACEMENT_3D('',#16307,#13299,#13300);
#10995=AXIS2_PLACEMENT_3D('',#16311,#13303,#13304);
#10996=AXIS2_PLACEMENT_3D('',#16312,#13305,#13306);
#10997=AXIS2_PLACEMENT_3D('',#16315,#13308,#13309);
#10998=AXIS2_PLACEMENT_3D('',#16319,#13312,#13313);
#10999=AXIS2_PLACEMENT_3D('',#16320,#13314,#13315);
#11000=AXIS2_PLACEMENT_3D('',#16323,#13317,#13318);
#11001=AXIS2_PLACEMENT_3D('',#16325,#13320,#13321);
#11002=AXIS2_PLACEMENT_3D('',#16326,#13322,#13323);
#11003=AXIS2_PLACEMENT_3D('',#16328,#13324,#13325);
#11004=AXIS2_PLACEMENT_3D('',#16330,#13326,#13327);
#11005=AXIS2_PLACEMENT_3D('',#16332,#13328,#13329);
#11006=AXIS2_PLACEMENT_3D('',#16334,#13330,#13331);
#11007=AXIS2_PLACEMENT_3D('',#16336,#13332,#13333);
#11008=AXIS2_PLACEMENT_3D('',#16338,#13334,#13335);
#11009=AXIS2_PLACEMENT_3D('',#16339,#13336,#13337);
#11010=AXIS2_PLACEMENT_3D('',#16342,#13339,#13340);
#11011=AXIS2_PLACEMENT_3D('',#16346,#13342,#13343);
#11012=AXIS2_PLACEMENT_3D('',#16352,#13346,#13347);
#11013=AXIS2_PLACEMENT_3D('',#16356,#13349,#13350);
#11014=AXIS2_PLACEMENT_3D('',#16360,#13352,#13353);
#11015=AXIS2_PLACEMENT_3D('',#16364,#13355,#13356);
#11016=AXIS2_PLACEMENT_3D('',#16365,#13357,#13358);
#11017=AXIS2_PLACEMENT_3D('',#16366,#13359,#13360);
#11018=AXIS2_PLACEMENT_3D('',#16367,#13361,#13362);
#11019=AXIS2_PLACEMENT_3D('',#16368,#13363,#13364);
#11020=AXIS2_PLACEMENT_3D('',#16369,#13365,#13366);
#11021=AXIS2_PLACEMENT_3D('',#16370,#13367,#13368);
#11022=AXIS2_PLACEMENT_3D('',#16371,#13369,#13370);
#11023=AXIS2_PLACEMENT_3D('',#16373,#13372,#13373);
#11024=AXIS2_PLACEMENT_3D('',#16375,#13375,#13376);
#11025=AXIS2_PLACEMENT_3D('',#16378,#13379,#13380);
#11026=AXIS2_PLACEMENT_3D('',#16379,#13381,#13382);
#11027=AXIS2_PLACEMENT_3D('',#16380,#13383,#13384);
#11028=AXIS2_PLACEMENT_3D('',#16383,#13387,#13388);
#11029=AXIS2_PLACEMENT_3D('',#16386,#13391,#13392);
#11030=AXIS2_PLACEMENT_3D('',#16389,#13395,#13396);
#11031=AXIS2_PLACEMENT_3D('',#16392,#13399,#13400);
#11032=AXIS2_PLACEMENT_3D('',#16393,#13401,#13402);
#11033=AXIS2_PLACEMENT_3D('',#16394,#13403,#13404);
#11034=AXIS2_PLACEMENT_3D('',#16395,#13405,#13406);
#11035=AXIS2_PLACEMENT_3D('',#16396,#13407,#13408);
#11036=AXIS2_PLACEMENT_3D('',#16397,#13409,#13410);
#11037=AXIS2_PLACEMENT_3D('',#16398,#13411,#13412);
#11038=AXIS2_PLACEMENT_3D('',#16407,#13417,#13418);
#11039=AXIS2_PLACEMENT_3D('',#16416,#13423,#13424);
#11040=AXIS2_PLACEMENT_3D('',#16425,#13429,#13430);
#11041=AXIS2_PLACEMENT_3D('',#16434,#13435,#13436);
#11042=AXIS2_PLACEMENT_3D('',#16435,#13437,#13438);
#11043=AXIS2_PLACEMENT_3D('',#16437,#13439,#13440);
#11044=AXIS2_PLACEMENT_3D('',#16439,#13441,#13442);
#11045=AXIS2_PLACEMENT_3D('',#16441,#13443,#13444);
#11046=AXIS2_PLACEMENT_3D('',#16443,#13445,#13446);
#11047=AXIS2_PLACEMENT_3D('',#16445,#13447,#13448);
#11048=AXIS2_PLACEMENT_3D('',#16447,#13449,#13450);
#11049=AXIS2_PLACEMENT_3D('',#16449,#13451,#13452);
#11050=AXIS2_PLACEMENT_3D('',#16451,#13453,#13454);
#11051=AXIS2_PLACEMENT_3D('',#16453,#13455,#13456);
#11052=AXIS2_PLACEMENT_3D('',#16455,#13457,#13458);
#11053=AXIS2_PLACEMENT_3D('',#16457,#13459,#13460);
#11054=AXIS2_PLACEMENT_3D('',#16459,#13461,#13462);
#11055=AXIS2_PLACEMENT_3D('',#16464,#13464,#13465);
#11056=AXIS2_PLACEMENT_3D('',#16468,#13467,#13468);
#11057=AXIS2_PLACEMENT_3D('',#16472,#13470,#13471);
#11058=AXIS2_PLACEMENT_3D('',#16476,#13473,#13474);
#11059=AXIS2_PLACEMENT_3D('',#16480,#13476,#13477);
#11060=AXIS2_PLACEMENT_3D('',#16484,#13479,#13480);
#11061=AXIS2_PLACEMENT_3D('',#16488,#13482,#13483);
#11062=AXIS2_PLACEMENT_3D('',#16492,#13485,#13486);
#11063=AXIS2_PLACEMENT_3D('',#16498,#13489,#13490);
#11064=AXIS2_PLACEMENT_3D('',#16502,#13492,#13493);
#11065=AXIS2_PLACEMENT_3D('',#16506,#13495,#13496);
#11066=AXIS2_PLACEMENT_3D('',#16510,#13498,#13499);
#11067=AXIS2_PLACEMENT_3D('',#16514,#13501,#13502);
#11068=AXIS2_PLACEMENT_3D('',#16518,#13504,#13505);
#11069=AXIS2_PLACEMENT_3D('',#16522,#13507,#13508);
#11070=AXIS2_PLACEMENT_3D('',#16526,#13510,#13511);
#11071=AXIS2_PLACEMENT_3D('',#16530,#13513,#13514);
#11072=AXIS2_PLACEMENT_3D('',#16534,#13516,#13517);
#11073=AXIS2_PLACEMENT_3D('',#16538,#13519,#13520);
#11074=AXIS2_PLACEMENT_3D('',#16544,#13523,#13524);
#11075=AXIS2_PLACEMENT_3D('',#16548,#13526,#13527);
#11076=AXIS2_PLACEMENT_3D('',#16552,#13529,#13530);
#11077=AXIS2_PLACEMENT_3D('',#16556,#13532,#13533);
#11078=AXIS2_PLACEMENT_3D('',#16560,#13535,#13536);
#11079=AXIS2_PLACEMENT_3D('',#16564,#13538,#13539);
#11080=AXIS2_PLACEMENT_3D('',#16568,#13541,#13542);
#11081=AXIS2_PLACEMENT_3D('',#16572,#13544,#13545);
#11082=AXIS2_PLACEMENT_3D('',#16576,#13547,#13548);
#11083=AXIS2_PLACEMENT_3D('',#16580,#13550,#13551);
#11084=AXIS2_PLACEMENT_3D('',#16584,#13553,#13554);
#11085=AXIS2_PLACEMENT_3D('',#16588,#13556,#13557);
#11086=AXIS2_PLACEMENT_3D('',#16592,#13559,#13560);
#11087=AXIS2_PLACEMENT_3D('',#16598,#13563,#13564);
#11088=AXIS2_PLACEMENT_3D('',#16602,#13566,#13567);
#11089=AXIS2_PLACEMENT_3D('',#16606,#13569,#13570);
#11090=AXIS2_PLACEMENT_3D('',#16610,#13572,#13573);
#11091=AXIS2_PLACEMENT_3D('',#16614,#13575,#13576);
#11092=AXIS2_PLACEMENT_3D('',#16618,#13578,#13579);
#11093=AXIS2_PLACEMENT_3D('',#16622,#13581,#13582);
#11094=AXIS2_PLACEMENT_3D('',#16626,#13584,#13585);
#11095=AXIS2_PLACEMENT_3D('',#16630,#13587,#13588);
#11096=AXIS2_PLACEMENT_3D('',#16634,#13590,#13591);
#11097=AXIS2_PLACEMENT_3D('',#16638,#13593,#13594);
#11098=AXIS2_PLACEMENT_3D('',#16642,#13596,#13597);
#11099=AXIS2_PLACEMENT_3D('',#16646,#13599,#13600);
#11100=AXIS2_PLACEMENT_3D('',#16650,#13602,#13603);
#11101=AXIS2_PLACEMENT_3D('',#16654,#13605,#13606);
#11102=AXIS2_PLACEMENT_3D('',#16658,#13608,#13609);
#11103=AXIS2_PLACEMENT_3D('',#16661,#13611,#13612);
#11104=AXIS2_PLACEMENT_3D('',#16663,#13613,#13614);
#11105=AXIS2_PLACEMENT_3D('',#16665,#13615,#13616);
#11106=AXIS2_PLACEMENT_3D('',#16667,#13617,#13618);
#11107=AXIS2_PLACEMENT_3D('',#16669,#13619,#13620);
#11108=AXIS2_PLACEMENT_3D('',#16674,#13622,#13623);
#11109=AXIS2_PLACEMENT_3D('',#16680,#13626,#13627);
#11110=AXIS2_PLACEMENT_3D('',#16684,#13629,#13630);
#11111=AXIS2_PLACEMENT_3D('',#16688,#13632,#13633);
#11112=AXIS2_PLACEMENT_3D('',#16692,#13635,#13636);
#11113=AXIS2_PLACEMENT_3D('',#16693,#13637,#13638);
#11114=AXIS2_PLACEMENT_3D('',#16698,#13640,#13641);
#11115=AXIS2_PLACEMENT_3D('',#16701,#13643,#13644);
#11116=AXIS2_PLACEMENT_3D('',#16703,#13645,#13646);
#11117=AXIS2_PLACEMENT_3D('',#16708,#13648,#13649);
#11118=AXIS2_PLACEMENT_3D('',#16712,#13651,#13652);
#11119=AXIS2_PLACEMENT_3D('',#16716,#13654,#13655);
#11120=AXIS2_PLACEMENT_3D('',#16717,#13656,#13657);
#11121=AXIS2_PLACEMENT_3D('',#16721,#13659,#13660);
#11122=AXIS2_PLACEMENT_3D('',#16725,#13662,#13663);
#11123=AXIS2_PLACEMENT_3D('',#16729,#13665,#13666);
#11124=AXIS2_PLACEMENT_3D('',#16733,#13668,#13669);
#11125=AXIS2_PLACEMENT_3D('',#16737,#13671,#13672);
#11126=AXIS2_PLACEMENT_3D('',#16738,#13673,#13674);
#11127=AXIS2_PLACEMENT_3D('',#16742,#13676,#13677);
#11128=AXIS2_PLACEMENT_3D('',#16746,#13679,#13680);
#11129=AXIS2_PLACEMENT_3D('',#16750,#13682,#13683);
#11130=AXIS2_PLACEMENT_3D('',#16751,#13684,#13685);
#11131=AXIS2_PLACEMENT_3D('',#16755,#13687,#13688);
#11132=AXIS2_PLACEMENT_3D('',#16759,#13690,#13691);
#11133=AXIS2_PLACEMENT_3D('',#16763,#13693,#13694);
#11134=AXIS2_PLACEMENT_3D('',#16767,#13696,#13697);
#11135=AXIS2_PLACEMENT_3D('',#16771,#13699,#13700);
#11136=AXIS2_PLACEMENT_3D('',#16772,#13701,#13702);
#11137=AXIS2_PLACEMENT_3D('',#16773,#13703,#13704);
#11138=AXIS2_PLACEMENT_3D('',#16774,#13705,#13706);
#11139=AXIS2_PLACEMENT_3D('',#16776,#13707,#13708);
#11140=AXIS2_PLACEMENT_3D('',#16778,#13709,#13710);
#11141=AXIS2_PLACEMENT_3D('',#16780,#13711,#13712);
#11142=AXIS2_PLACEMENT_3D('',#16782,#13713,#13714);
#11143=AXIS2_PLACEMENT_3D('',#16787,#13716,#13717);
#11144=AXIS2_PLACEMENT_3D('',#16791,#13719,#13720);
#11145=AXIS2_PLACEMENT_3D('',#16795,#13722,#13723);
#11146=AXIS2_PLACEMENT_3D('',#16799,#13725,#13726);
#11147=AXIS2_PLACEMENT_3D('',#16803,#13728,#13729);
#11148=AXIS2_PLACEMENT_3D('',#16807,#13731,#13732);
#11149=AXIS2_PLACEMENT_3D('',#16811,#13734,#13735);
#11150=AXIS2_PLACEMENT_3D('',#16815,#13737,#13738);
#11151=AXIS2_PLACEMENT_3D('',#16821,#13741,#13742);
#11152=AXIS2_PLACEMENT_3D('',#16825,#13744,#13745);
#11153=AXIS2_PLACEMENT_3D('',#16829,#13747,#13748);
#11154=AXIS2_PLACEMENT_3D('',#16833,#13750,#13751);
#11155=AXIS2_PLACEMENT_3D('',#16837,#13753,#13754);
#11156=AXIS2_PLACEMENT_3D('',#16841,#13756,#13757);
#11157=AXIS2_PLACEMENT_3D('',#16845,#13759,#13760);
#11158=AXIS2_PLACEMENT_3D('',#16851,#13763,#13764);
#11159=AXIS2_PLACEMENT_3D('',#16855,#13766,#13767);
#11160=AXIS2_PLACEMENT_3D('',#16859,#13769,#13770);
#11161=AXIS2_PLACEMENT_3D('',#16863,#13772,#13773);
#11162=AXIS2_PLACEMENT_3D('',#16867,#13775,#13776);
#11163=AXIS2_PLACEMENT_3D('',#16871,#13778,#13779);
#11164=AXIS2_PLACEMENT_3D('',#16875,#13781,#13782);
#11165=AXIS2_PLACEMENT_3D('',#16879,#13784,#13785);
#11166=AXIS2_PLACEMENT_3D('',#16883,#13787,#13788);
#11167=AXIS2_PLACEMENT_3D('',#16887,#13790,#13791);
#11168=AXIS2_PLACEMENT_3D('',#16891,#13793,#13794);
#11169=AXIS2_PLACEMENT_3D('',#16895,#13796,#13797);
#11170=AXIS2_PLACEMENT_3D('',#16899,#13799,#13800);
#11171=AXIS2_PLACEMENT_3D('',#16903,#13802,#13803);
#11172=AXIS2_PLACEMENT_3D('',#16907,#13805,#13806);
#11173=AXIS2_PLACEMENT_3D('',#16911,#13808,#13809);
#11174=AXIS2_PLACEMENT_3D('',#16915,#13811,#13812);
#11175=AXIS2_PLACEMENT_3D('',#16921,#13815,#13816);
#11176=AXIS2_PLACEMENT_3D('',#16925,#13818,#13819);
#11177=AXIS2_PLACEMENT_3D('',#16929,#13821,#13822);
#11178=AXIS2_PLACEMENT_3D('',#16933,#13824,#13825);
#11179=AXIS2_PLACEMENT_3D('',#16937,#13827,#13828);
#11180=AXIS2_PLACEMENT_3D('',#16941,#13830,#13831);
#11181=AXIS2_PLACEMENT_3D('',#16945,#13833,#13834);
#11182=AXIS2_PLACEMENT_3D('',#16949,#13836,#13837);
#11183=AXIS2_PLACEMENT_3D('',#16953,#13839,#13840);
#11184=AXIS2_PLACEMENT_3D('',#16957,#13842,#13843);
#11185=AXIS2_PLACEMENT_3D('',#16961,#13845,#13846);
#11186=AXIS2_PLACEMENT_3D('',#16965,#13848,#13849);
#11187=AXIS2_PLACEMENT_3D('',#16971,#13852,#13853);
#11188=AXIS2_PLACEMENT_3D('',#16975,#13855,#13856);
#11189=AXIS2_PLACEMENT_3D('',#16979,#13858,#13859);
#11190=AXIS2_PLACEMENT_3D('',#16983,#13861,#13862);
#11191=AXIS2_PLACEMENT_3D('',#16987,#13864,#13865);
#11192=AXIS2_PLACEMENT_3D('',#16991,#13867,#13868);
#11193=AXIS2_PLACEMENT_3D('',#16992,#13869,#13870);
#11194=AXIS2_PLACEMENT_3D('',#16997,#13872,#13873);
#11195=AXIS2_PLACEMENT_3D('',#17000,#13875,#13876);
#11196=AXIS2_PLACEMENT_3D('',#17005,#13878,#13879);
#11197=AXIS2_PLACEMENT_3D('',#17011,#13882,#13883);
#11198=AXIS2_PLACEMENT_3D('',#17015,#13885,#13886);
#11199=AXIS2_PLACEMENT_3D('',#17016,#13887,#13888);
#11200=AXIS2_PLACEMENT_3D('',#17018,#13889,#13890);
#11201=AXIS2_PLACEMENT_3D('',#17020,#13891,#13892);
#11202=AXIS2_PLACEMENT_3D('',#17022,#13893,#13894);
#11203=AXIS2_PLACEMENT_3D('',#17024,#13895,#13896);
#11204=AXIS2_PLACEMENT_3D('',#17026,#13897,#13898);
#11205=AXIS2_PLACEMENT_3D('',#17028,#13899,#13900);
#11206=AXIS2_PLACEMENT_3D('',#17030,#13901,#13902);
#11207=AXIS2_PLACEMENT_3D('',#17032,#13903,#13904);
#11208=AXIS2_PLACEMENT_3D('',#17034,#13905,#13906);
#11209=AXIS2_PLACEMENT_3D('',#17036,#13907,#13908);
#11210=AXIS2_PLACEMENT_3D('',#17038,#13909,#13910);
#11211=AXIS2_PLACEMENT_3D('',#17043,#13912,#13913);
#11212=AXIS2_PLACEMENT_3D('',#17047,#13915,#13916);
#11213=AXIS2_PLACEMENT_3D('',#17048,#13917,#13918);
#11214=AXIS2_PLACEMENT_3D('',#17052,#13920,#13921);
#11215=AXIS2_PLACEMENT_3D('',#17056,#13923,#13924);
#11216=AXIS2_PLACEMENT_3D('',#17060,#13926,#13927);
#11217=AXIS2_PLACEMENT_3D('',#17064,#13929,#13930);
#11218=AXIS2_PLACEMENT_3D('',#17068,#13932,#13933);
#11219=AXIS2_PLACEMENT_3D('',#17069,#13934,#13935);
#11220=AXIS2_PLACEMENT_3D('',#17073,#13937,#13938);
#11221=AXIS2_PLACEMENT_3D('',#17077,#13940,#13941);
#11222=AXIS2_PLACEMENT_3D('',#17081,#13943,#13944);
#11223=AXIS2_PLACEMENT_3D('',#17082,#13945,#13946);
#11224=AXIS2_PLACEMENT_3D('',#17086,#13948,#13949);
#11225=AXIS2_PLACEMENT_3D('',#17090,#13951,#13952);
#11226=AXIS2_PLACEMENT_3D('',#17094,#13954,#13955);
#11227=AXIS2_PLACEMENT_3D('',#17098,#13957,#13958);
#11228=AXIS2_PLACEMENT_3D('',#17102,#13960,#13961);
#11229=AXIS2_PLACEMENT_3D('',#17103,#13962,#13963);
#11230=AXIS2_PLACEMENT_3D('',#17107,#13965,#13966);
#11231=AXIS2_PLACEMENT_3D('',#17108,#13967,#13968);
#11232=AXIS2_PLACEMENT_3D('',#17110,#13969,#13970);
#11233=AXIS2_PLACEMENT_3D('',#17112,#13971,#13972);
#11234=AXIS2_PLACEMENT_3D('',#17115,#13975,#13976);
#11235=AXIS2_PLACEMENT_3D('',#17118,#13979,#13980);
#11236=AXIS2_PLACEMENT_3D('',#17121,#13983,#13984);
#11237=AXIS2_PLACEMENT_3D('',#17124,#13987,#13988);
#11238=AXIS2_PLACEMENT_3D('',#17125,#13989,#13990);
#11239=AXIS2_PLACEMENT_3D('',#17127,#13991,#13992);
#11240=AXIS2_PLACEMENT_3D('',#17128,#13993,#13994);
#11241=AXIS2_PLACEMENT_3D('',#17130,#13995,#13996);
#11242=AXIS2_PLACEMENT_3D('',#17131,#13997,#13998);
#11243=AXIS2_PLACEMENT_3D('',#17133,#13999,#14000);
#11244=AXIS2_PLACEMENT_3D('',#17134,#14001,#14002);
#11245=AXIS2_PLACEMENT_3D('',#17136,#14003,#14004);
#11246=AXIS2_PLACEMENT_3D('',#17137,#14005,#14006);
#11247=AXIS2_PLACEMENT_3D('',#17139,#14007,#14008);
#11248=AXIS2_PLACEMENT_3D('',#17140,#14009,#14010);
#11249=AXIS2_PLACEMENT_3D('',#17142,#14011,#14012);
#11250=AXIS2_PLACEMENT_3D('',#17143,#14013,#14014);
#11251=AXIS2_PLACEMENT_3D('',#17145,#14015,#14016);
#11252=AXIS2_PLACEMENT_3D('',#17146,#14017,#14018);
#11253=AXIS2_PLACEMENT_3D('',#17148,#14019,#14020);
#11254=AXIS2_PLACEMENT_3D('',#17149,#14021,#14022);
#11255=AXIS2_PLACEMENT_3D('',#17151,#14023,#14024);
#11256=AXIS2_PLACEMENT_3D('',#17152,#14025,#14026);
#11257=AXIS2_PLACEMENT_3D('',#17154,#14027,#14028);
#11258=AXIS2_PLACEMENT_3D('',#17155,#14029,#14030);
#11259=AXIS2_PLACEMENT_3D('',#17156,#14031,#14032);
#11260=AXIS2_PLACEMENT_3D('',#17157,#14033,#14034);
#11261=AXIS2_PLACEMENT_3D('',#17159,#14035,#14036);
#11262=AXIS2_PLACEMENT_3D('',#17160,#14037,#14038);
#11263=AXIS2_PLACEMENT_3D('',#17162,#14039,#14040);
#11264=AXIS2_PLACEMENT_3D('',#17163,#14041,#14042);
#11265=AXIS2_PLACEMENT_3D('',#17164,#14043,#14044);
#11266=AXIS2_PLACEMENT_3D('',#17165,#14045,#14046);
#11267=AXIS2_PLACEMENT_3D('',#17166,#14047,#14048);
#11268=AXIS2_PLACEMENT_3D('',#17169,#14051,#14052);
#11269=AXIS2_PLACEMENT_3D('',#17172,#14055,#14056);
#11270=AXIS2_PLACEMENT_3D('',#17175,#14059,#14060);
#11271=AXIS2_PLACEMENT_3D('',#17178,#14063,#14064);
#11272=AXIS2_PLACEMENT_3D('',#17181,#14067,#14068);
#11273=AXIS2_PLACEMENT_3D('',#17184,#14071,#14072);
#11274=AXIS2_PLACEMENT_3D('',#17187,#14075,#14076);
#11275=AXIS2_PLACEMENT_3D('',#17190,#14079,#14080);
#11276=AXIS2_PLACEMENT_3D('',#17193,#14083,#14084);
#11277=AXIS2_PLACEMENT_3D('',#17196,#14087,#14088);
#11278=AXIS2_PLACEMENT_3D('',#17199,#14091,#14092);
#11279=AXIS2_PLACEMENT_3D('',#17202,#14095,#14096);
#11280=AXIS2_PLACEMENT_3D('',#17205,#14099,#14100);
#11281=AXIS2_PLACEMENT_3D('',#17208,#14103,#14104);
#11282=AXIS2_PLACEMENT_3D('',#17211,#14107,#14108);
#11283=AXIS2_PLACEMENT_3D('',#17214,#14111,#14112);
#11284=AXIS2_PLACEMENT_3D('',#17217,#14115,#14116);
#11285=AXIS2_PLACEMENT_3D('',#17220,#14119,#14120);
#11286=AXIS2_PLACEMENT_3D('',#17223,#14123,#14124);
#11287=AXIS2_PLACEMENT_3D('',#17226,#14127,#14128);
#11288=AXIS2_PLACEMENT_3D('',#17227,#14129,#14130);
#11289=AXIS2_PLACEMENT_3D('',#17228,#14131,#14132);
#11290=AXIS2_PLACEMENT_3D('',#17229,#14133,#14134);
#11291=AXIS2_PLACEMENT_3D('',#17230,#14135,#14136);
#11292=AXIS2_PLACEMENT_3D('',#17231,#14137,#14138);
#11293=AXIS2_PLACEMENT_3D('',#17232,#14139,#14140);
#11294=AXIS2_PLACEMENT_3D('',#17233,#14141,#14142);
#11295=AXIS2_PLACEMENT_3D('',#17234,#14143,#14144);
#11296=AXIS2_PLACEMENT_3D('',#17235,#14145,#14146);
#11297=AXIS2_PLACEMENT_3D('',#17236,#14147,#14148);
#11298=AXIS2_PLACEMENT_3D('',#17237,#14149,#14150);
#11299=AXIS2_PLACEMENT_3D('',#17238,#14151,#14152);
#11300=AXIS2_PLACEMENT_3D('',#17239,#14153,#14154);
#11301=AXIS2_PLACEMENT_3D('',#17240,#14155,#14156);
#11302=AXIS2_PLACEMENT_3D('',#17241,#14157,#14158);
#11303=AXIS2_PLACEMENT_3D('',#17242,#14159,#14160);
#11304=AXIS2_PLACEMENT_3D('',#17243,#14161,#14162);
#11305=AXIS2_PLACEMENT_3D('',#17244,#14163,#14164);
#11306=AXIS2_PLACEMENT_3D('',#17245,#14165,#14166);
#11307=AXIS2_PLACEMENT_3D('',#17246,#14167,#14168);
#11308=AXIS2_PLACEMENT_3D('',#17247,#14169,#14170);
#11309=AXIS2_PLACEMENT_3D('',#17248,#14171,#14172);
#11310=AXIS2_PLACEMENT_3D('',#17249,#14173,#14174);
#11311=AXIS2_PLACEMENT_3D('',#17250,#14175,#14176);
#11312=AXIS2_PLACEMENT_3D('',#17251,#14177,#14178);
#11313=AXIS2_PLACEMENT_3D('',#17252,#14179,#14180);
#11314=AXIS2_PLACEMENT_3D('',#17253,#14181,#14182);
#11315=AXIS2_PLACEMENT_3D('',#17254,#14183,#14184);
#11316=AXIS2_PLACEMENT_3D('',#17257,#14187,#14188);
#11317=AXIS2_PLACEMENT_3D('',#17260,#14191,#14192);
#11318=AXIS2_PLACEMENT_3D('',#17263,#14195,#14196);
#11319=AXIS2_PLACEMENT_3D('',#17266,#14199,#14200);
#11320=AXIS2_PLACEMENT_3D('',#17269,#14203,#14204);
#11321=AXIS2_PLACEMENT_3D('',#17271,#14206,#14207);
#11322=AXIS2_PLACEMENT_3D('',#17274,#14210,#14211);
#11323=AXIS2_PLACEMENT_3D('',#17277,#14214,#14215);
#11324=AXIS2_PLACEMENT_3D('',#17280,#14218,#14219);
#11325=AXIS2_PLACEMENT_3D('',#17283,#14222,#14223);
#11326=AXIS2_PLACEMENT_3D('',#17286,#14226,#14227);
#11327=AXIS2_PLACEMENT_3D('',#17289,#14230,#14231);
#11328=AXIS2_PLACEMENT_3D('',#17292,#14234,#14235);
#11329=AXIS2_PLACEMENT_3D('',#17295,#14238,#14239);
#11330=AXIS2_PLACEMENT_3D('',#17298,#14242,#14243);
#11331=AXIS2_PLACEMENT_3D('',#17301,#14246,#14247);
#11332=AXIS2_PLACEMENT_3D('',#17304,#14250,#14251);
#11333=AXIS2_PLACEMENT_3D('',#17307,#14254,#14255);
#11334=AXIS2_PLACEMENT_3D('',#17309,#14257,#14258);
#11335=AXIS2_PLACEMENT_3D('',#17312,#14261,#14262);
#11336=AXIS2_PLACEMENT_3D('',#17315,#14265,#14266);
#11337=AXIS2_PLACEMENT_3D('',#17318,#14269,#14270);
#11338=AXIS2_PLACEMENT_3D('',#17321,#14273,#14274);
#11339=AXIS2_PLACEMENT_3D('',#17324,#14277,#14278);
#11340=AXIS2_PLACEMENT_3D('',#17327,#14281,#14282);
#11341=AXIS2_PLACEMENT_3D('',#17330,#14285,#14286);
#11342=AXIS2_PLACEMENT_3D('',#17333,#14289,#14290);
#11343=AXIS2_PLACEMENT_3D('',#17336,#14293,#14294);
#11344=AXIS2_PLACEMENT_3D('',#17339,#14297,#14298);
#11345=AXIS2_PLACEMENT_3D('',#17342,#14301,#14302);
#11346=AXIS2_PLACEMENT_3D('',#17345,#14305,#14306);
#11347=AXIS2_PLACEMENT_3D('',#17348,#14309,#14310);
#11348=AXIS2_PLACEMENT_3D('',#17351,#14313,#14314);
#11349=AXIS2_PLACEMENT_3D('',#17354,#14317,#14318);
#11350=AXIS2_PLACEMENT_3D('',#17357,#14321,#14322);
#11351=AXIS2_PLACEMENT_3D('',#17360,#14325,#14326);
#11352=AXIS2_PLACEMENT_3D('',#17362,#14328,#14329);
#11353=AXIS2_PLACEMENT_3D('',#17365,#14332,#14333);
#11354=AXIS2_PLACEMENT_3D('',#17368,#14336,#14337);
#11355=AXIS2_PLACEMENT_3D('',#17371,#14340,#14341);
#11356=AXIS2_PLACEMENT_3D('',#17374,#14344,#14345);
#11357=AXIS2_PLACEMENT_3D('',#17377,#14348,#14349);
#11358=AXIS2_PLACEMENT_3D('',#17380,#14352,#14353);
#11359=AXIS2_PLACEMENT_3D('',#17383,#14356,#14357);
#11360=AXIS2_PLACEMENT_3D('',#17385,#14359,#14360);
#11361=AXIS2_PLACEMENT_3D('',#17388,#14363,#14364);
#11362=AXIS2_PLACEMENT_3D('',#17391,#14367,#14368);
#11363=AXIS2_PLACEMENT_3D('',#17394,#14371,#14372);
#11364=AXIS2_PLACEMENT_3D('',#17397,#14375,#14376);
#11365=AXIS2_PLACEMENT_3D('',#17400,#14379,#14380);
#11366=AXIS2_PLACEMENT_3D('',#17403,#14383,#14384);
#11367=AXIS2_PLACEMENT_3D('',#17406,#14387,#14388);
#11368=AXIS2_PLACEMENT_3D('',#17407,#14389,#14390);
#11369=AXIS2_PLACEMENT_3D('',#17408,#14391,#14392);
#11370=AXIS2_PLACEMENT_3D('',#17409,#14393,#14394);
#11371=AXIS2_PLACEMENT_3D('',#17410,#14395,#14396);
#11372=AXIS2_PLACEMENT_3D('',#17411,#14397,#14398);
#11373=AXIS2_PLACEMENT_3D('',#17412,#14399,#14400);
#11374=AXIS2_PLACEMENT_3D('',#17413,#14401,#14402);
#11375=AXIS2_PLACEMENT_3D('',#17414,#14403,#14404);
#11376=AXIS2_PLACEMENT_3D('',#17415,#14405,#14406);
#11377=AXIS2_PLACEMENT_3D('',#17416,#14407,#14408);
#11378=AXIS2_PLACEMENT_3D('',#17417,#14409,#14410);
#11379=AXIS2_PLACEMENT_3D('',#17418,#14411,#14412);
#11380=AXIS2_PLACEMENT_3D('',#17419,#14413,#14414);
#11381=AXIS2_PLACEMENT_3D('',#17420,#14415,#14416);
#11382=AXIS2_PLACEMENT_3D('',#17421,#14417,#14418);
#11383=AXIS2_PLACEMENT_3D('',#17422,#14419,#14420);
#11384=AXIS2_PLACEMENT_3D('',#17423,#14421,#14422);
#11385=AXIS2_PLACEMENT_3D('',#17424,#14423,#14424);
#11386=AXIS2_PLACEMENT_3D('',#17425,#14425,#14426);
#11387=AXIS2_PLACEMENT_3D('',#17426,#14427,#14428);
#11388=AXIS2_PLACEMENT_3D('',#17427,#14429,#14430);
#11389=AXIS2_PLACEMENT_3D('',#17428,#14431,#14432);
#11390=AXIS2_PLACEMENT_3D('',#17429,#14433,#14434);
#11391=AXIS2_PLACEMENT_3D('',#17430,#14435,#14436);
#11392=AXIS2_PLACEMENT_3D('',#17431,#14437,#14438);
#11393=AXIS2_PLACEMENT_3D('',#17432,#14439,#14440);
#11394=AXIS2_PLACEMENT_3D('',#17433,#14441,#14442);
#11395=AXIS2_PLACEMENT_3D('',#17434,#14443,#14444);
#11396=AXIS2_PLACEMENT_3D('',#17435,#14445,#14446);
#11397=AXIS2_PLACEMENT_3D('',#17436,#14447,#14448);
#11398=AXIS2_PLACEMENT_3D('',#17437,#14449,#14450);
#11399=AXIS2_PLACEMENT_3D('',#17438,#14451,#14452);
#11400=AXIS2_PLACEMENT_3D('',#17439,#14453,#14454);
#11401=AXIS2_PLACEMENT_3D('',#17440,#14455,#14456);
#11402=AXIS2_PLACEMENT_3D('',#17441,#14457,#14458);
#11403=AXIS2_PLACEMENT_3D('',#17442,#14459,#14460);
#11404=AXIS2_PLACEMENT_3D('',#17443,#14461,#14462);
#11405=AXIS2_PLACEMENT_3D('',#17444,#14463,#14464);
#11406=AXIS2_PLACEMENT_3D('',#17445,#14465,#14466);
#11407=AXIS2_PLACEMENT_3D('',#17446,#14467,#14468);
#11408=AXIS2_PLACEMENT_3D('',#17447,#14469,#14470);
#11409=AXIS2_PLACEMENT_3D('',#17448,#14471,#14472);
#11410=AXIS2_PLACEMENT_3D('',#17449,#14473,#14474);
#11411=AXIS2_PLACEMENT_3D('',#17450,#14475,#14476);
#11412=AXIS2_PLACEMENT_3D('',#17451,#14477,#14478);
#11413=AXIS2_PLACEMENT_3D('',#17452,#14479,#14480);
#11414=AXIS2_PLACEMENT_3D('',#17453,#14481,#14482);
#11415=AXIS2_PLACEMENT_3D('',#17454,#14483,#14484);
#11416=AXIS2_PLACEMENT_3D('',#17455,#14485,#14486);
#11417=AXIS2_PLACEMENT_3D('',#17457,#14487,#14488);
#11418=AXIS2_PLACEMENT_3D('',#17458,#14489,#14490);
#11419=AXIS2_PLACEMENT_3D('',#17460,#14491,#14492);
#11420=AXIS2_PLACEMENT_3D('',#17461,#14493,#14494);
#11421=AXIS2_PLACEMENT_3D('',#17462,#14495,#14496);
#11422=AXIS2_PLACEMENT_3D('',#17463,#14497,#14498);
#11423=AXIS2_PLACEMENT_3D('',#17465,#14499,#14500);
#11424=AXIS2_PLACEMENT_3D('',#17466,#14501,#14502);
#11425=AXIS2_PLACEMENT_3D('',#17467,#14503,#14504);
#11426=AXIS2_PLACEMENT_3D('',#17468,#14505,#14506);
#11427=AXIS2_PLACEMENT_3D('',#17469,#14507,#14508);
#11428=AXIS2_PLACEMENT_3D('',#17470,#14509,#14510);
#11429=AXIS2_PLACEMENT_3D('',#17471,#14511,#14512);
#11430=AXIS2_PLACEMENT_3D('',#17472,#14513,#14514);
#11431=AXIS2_PLACEMENT_3D('',#17473,#14515,#14516);
#11432=AXIS2_PLACEMENT_3D('',#17474,#14517,#14518);
#11433=AXIS2_PLACEMENT_3D('',#17475,#14519,#14520);
#11434=AXIS2_PLACEMENT_3D('',#17476,#14521,#14522);
#11435=DIRECTION('',(0.,0.,1.));
#11436=DIRECTION('',(1.,0.,0.));
#11437=DIRECTION('',(0.,-1.,0.));
#11438=DIRECTION('',(0.,0.,1.));
#11439=DIRECTION('',(0.,-1.,0.));
#11440=DIRECTION('',(0.,0.,-1.));
#11441=DIRECTION('',(-1.,0.,0.));
#11442=DIRECTION('',(0.,0.,1.));
#11443=DIRECTION('',(1.,0.,0.));
#11444=DIRECTION('',(0.,0.,1.));
#11445=DIRECTION('',(1.,0.,0.));
#11446=DIRECTION('',(0.,0.,-1.));
#11447=DIRECTION('',(0.,-1.,0.));
#11448=DIRECTION('',(0.,0.,-1.));
#11449=DIRECTION('',(0.,1.,0.));
#11450=DIRECTION('',(0.,0.,-1.));
#11451=DIRECTION('',(0.,1.,0.));
#11452=DIRECTION('',(0.,0.,1.));
#11453=DIRECTION('',(1.,0.,0.));
#11454=DIRECTION('',(0.,0.,-1.));
#11455=DIRECTION('',(-1.,0.,0.));
#11456=DIRECTION('',(0.,0.,-1.));
#11457=DIRECTION('',(-1.,0.,0.));
#11458=DIRECTION('',(0.,0.,1.));
#11459=DIRECTION('',(0.,1.,0.));
#11460=DIRECTION('',(0.,0.,1.));
#11461=DIRECTION('',(0.,0.,-1.));
#11462=DIRECTION('',(0.,0.,1.));
#11463=DIRECTION('',(1.,0.,0.));
#11464=DIRECTION('',(0.,0.,-1.));
#11465=DIRECTION('',(0.,0.,1.));
#11466=DIRECTION('',(1.,0.,0.));
#11467=DIRECTION('',(0.,0.,-1.));
#11468=DIRECTION('',(-1.,0.,0.));
#11469=DIRECTION('',(0.707106781186547,-0.707106781186547,0.));
#11470=DIRECTION('',(0.,0.,-1.));
#11471=DIRECTION('',(0.707106781186548,-0.707106781186548,0.));
#11472=DIRECTION('',(0.707106781186548,0.707106781186548,0.));
#11473=DIRECTION('',(-0.707106781186548,0.707106781186548,0.));
#11474=DIRECTION('',(0.,0.,-1.));
#11475=DIRECTION('',(-1.,0.,0.));
#11476=DIRECTION('',(0.,0.,-1.));
#11477=DIRECTION('',(0.,0.,-1.));
#11478=DIRECTION('',(1.,0.,0.));
#11479=DIRECTION('',(0.,0.,-1.));
#11480=DIRECTION('',(-1.,0.,0.));
#11481=DIRECTION('',(-0.707106781186547,0.707106781186547,0.));
#11482=DIRECTION('',(0.,0.,-1.));
#11483=DIRECTION('',(-0.707106781186548,0.707106781186548,0.));
#11484=DIRECTION('',(-0.707106781186548,-0.707106781186548,0.));
#11485=DIRECTION('',(0.707106781186548,-0.707106781186548,0.));
#11486=DIRECTION('',(0.,0.,1.));
#11487=DIRECTION('',(1.,0.,0.));
#11488=DIRECTION('',(0.,0.,-1.));
#11489=DIRECTION('',(0.,0.,1.));
#11490=DIRECTION('',(1.,0.,0.));
#11491=DIRECTION('',(0.,0.,-1.));
#11492=DIRECTION('',(-1.,0.,0.));
#11493=DIRECTION('',(-1.,2.59444787250661E-016,0.));
#11494=DIRECTION('',(0.,0.,-1.));
#11495=DIRECTION('',(-1.,2.59444787250661E-016,0.));
#11496=DIRECTION('',(-2.59444787250661E-016,-1.,0.));
#11497=DIRECTION('',(1.,-2.60208521396521E-016,0.));
#11498=DIRECTION('',(0.,0.,1.));
#11499=DIRECTION('',(1.,0.,0.));
#11500=DIRECTION('',(0.,0.,-1.));
#11501=DIRECTION('',(0.,0.,1.));
#11502=DIRECTION('',(1.,0.,0.));
#11503=DIRECTION('',(0.,0.,-1.));
#11504=DIRECTION('',(-1.,0.,0.));
#11505=DIRECTION('',(-0.707106781186548,-0.707106781186548,0.));
#11506=DIRECTION('',(0.,0.,-1.));
#11507=DIRECTION('',(-0.707106781186548,-0.707106781186548,0.));
#11508=DIRECTION('',(0.707106781186548,-0.707106781186548,0.));
#11509=DIRECTION('',(0.707106781186548,0.707106781186548,0.));
#11510=DIRECTION('',(0.,0.,-1.));
#11511=DIRECTION('',(-1.,0.,0.));
#11512=DIRECTION('',(0.,0.,-1.));
#11513=DIRECTION('',(0.,0.,-1.));
#11514=DIRECTION('',(1.,0.,0.));
#11515=DIRECTION('',(0.,0.,-1.));
#11516=DIRECTION('',(-1.,0.,0.));
#11517=DIRECTION('',(0.707106781186548,0.707106781186548,0.));
#11518=DIRECTION('',(0.,0.,-1.));
#11519=DIRECTION('',(0.707106781186548,0.707106781186548,0.));
#11520=DIRECTION('',(-0.707106781186548,0.707106781186548,0.));
#11521=DIRECTION('',(-0.707106781186548,-0.707106781186548,0.));
#11522=DIRECTION('',(0.,0.,1.));
#11523=DIRECTION('',(1.,0.,0.));
#11524=DIRECTION('',(0.,0.,-1.));
#11525=DIRECTION('',(0.,0.,1.));
#11526=DIRECTION('',(1.,0.,0.));
#11527=DIRECTION('',(0.,0.,-1.));
#11528=DIRECTION('',(-1.,0.,0.));
#11529=DIRECTION('',(0.,1.,0.));
#11530=DIRECTION('',(0.,0.,-1.));
#11531=DIRECTION('',(0.,1.,0.));
#11532=DIRECTION('',(-1.,0.,0.));
#11533=DIRECTION('',(0.,0.,1.));
#11534=DIRECTION('',(0.,0.,1.));
#11535=DIRECTION('',(1.,0.,0.));
#11536=DIRECTION('',(0.,0.,-1.));
#11537=DIRECTION('',(0.,0.,1.));
#11538=DIRECTION('',(1.,0.,0.));
#11539=DIRECTION('',(0.,0.,-1.));
#11540=DIRECTION('',(-1.,0.,0.));
#11541=DIRECTION('',(-0.707106781186548,0.707106781186547,-5.55111512312578E-017));
#11542=DIRECTION('',(0.,0.,-1.));
#11543=DIRECTION('',(-0.707106781186548,0.707106781186547,0.));
#11544=DIRECTION('',(-0.707106781186547,-0.707106781186548,0.));
#11545=DIRECTION('',(0.707106781186548,-0.707106781186547,0.));
#11546=DIRECTION('',(0.,0.,-1.));
#11547=DIRECTION('',(-1.,0.,0.));
#11548=DIRECTION('',(0.,0.,-1.));
#11549=DIRECTION('',(0.,0.,-1.));
#11550=DIRECTION('',(1.,0.,0.));
#11551=DIRECTION('',(0.,0.,-1.));
#11552=DIRECTION('',(-1.,0.,0.));
#11553=DIRECTION('',(0.707106781186547,-0.707106781186548,6.70078870827236E-017));
#11554=DIRECTION('',(0.,0.,-1.));
#11555=DIRECTION('',(0.707106781186547,-0.707106781186548,0.));
#11556=DIRECTION('',(0.707106781186548,0.707106781186547,0.));
#11557=DIRECTION('',(-0.707106781186547,0.707106781186548,0.));
#11558=DIRECTION('',(0.,0.,1.));
#11559=DIRECTION('',(1.,0.,0.));
#11560=DIRECTION('',(0.,0.,-1.));
#11561=DIRECTION('',(0.,0.,1.));
#11562=DIRECTION('',(1.,0.,0.));
#11563=DIRECTION('',(0.,0.,-1.));
#11564=DIRECTION('',(-1.,0.,0.));
#11565=DIRECTION('',(1.,0.,0.));
#11566=DIRECTION('',(0.,0.,-1.));
#11567=DIRECTION('',(1.,0.,0.));
#11568=DIRECTION('',(0.,1.,0.));
#11569=DIRECTION('',(0.,0.,1.));
#11570=DIRECTION('',(0.,0.,1.));
#11571=DIRECTION('',(1.,0.,0.));
#11572=DIRECTION('',(0.,0.,-1.));
#11573=DIRECTION('',(0.,0.,1.));
#11574=DIRECTION('',(1.,0.,0.));
#11575=DIRECTION('',(0.,0.,-1.));
#11576=DIRECTION('',(-1.,0.,0.));
#11577=DIRECTION('',(0.707106781186547,0.707106781186548,0.));
#11578=DIRECTION('',(0.,0.,-1.));
#11579=DIRECTION('',(0.707106781186547,0.707106781186548,0.));
#11580=DIRECTION('',(-0.707106781186548,0.707106781186547,0.));
#11581=DIRECTION('',(-0.707106781186547,-0.707106781186548,0.));
#11582=DIRECTION('',(0.,0.,-1.));
#11583=DIRECTION('',(-1.,0.,0.));
#11584=DIRECTION('',(0.,0.,-1.));
#11585=DIRECTION('',(0.,0.,-1.));
#11586=DIRECTION('',(1.,0.,0.));
#11587=DIRECTION('',(0.,0.,-1.));
#11588=DIRECTION('',(-1.,0.,0.));
#11589=DIRECTION('',(-0.707106781186548,-0.707106781186547,0.));
#11590=DIRECTION('',(0.,0.,-1.));
#11591=DIRECTION('',(-0.707106781186548,-0.707106781186547,0.));
#11592=DIRECTION('',(0.707106781186547,-0.707106781186548,0.));
#11593=DIRECTION('',(0.707106781186548,0.707106781186547,0.));
#11594=DIRECTION('',(0.,0.,1.));
#11595=DIRECTION('',(1.,0.,0.));
#11596=DIRECTION('',(0.,0.,-1.));
#11597=DIRECTION('',(0.,0.,1.));
#11598=DIRECTION('',(1.,0.,0.));
#11599=DIRECTION('',(0.,0.,-1.));
#11600=DIRECTION('',(-1.,0.,0.));
#11601=DIRECTION('',(0.,0.,1.));
#11602=DIRECTION('',(1.,0.,0.));
#11603=DIRECTION('',(0.,0.,1.));
#11604=DIRECTION('',(1.,0.,0.));
#11605=DIRECTION('',(0.,0.,-1.));
#11606=DIRECTION('',(-1.,0.,0.));
#11607=DIRECTION('',(0.,0.,1.));
#11608=DIRECTION('',(1.,0.,0.));
#11609=DIRECTION('',(0.,0.,1.));
#11610=DIRECTION('',(1.,0.,0.));
#11611=DIRECTION('',(0.,0.,-1.));
#11612=DIRECTION('',(-1.,0.,0.));
#11613=DIRECTION('',(0.,0.,1.));
#11614=DIRECTION('',(1.,0.,0.));
#11615=DIRECTION('',(0.,0.,1.));
#11616=DIRECTION('',(1.,0.,0.));
#11617=DIRECTION('',(0.,0.,-1.));
#11618=DIRECTION('',(-1.,0.,0.));
#11619=DIRECTION('',(0.,0.,1.));
#11620=DIRECTION('',(1.,0.,0.));
#11621=DIRECTION('',(0.,0.,1.));
#11622=DIRECTION('',(1.,0.,0.));
#11623=DIRECTION('',(0.,0.,-1.));
#11624=DIRECTION('',(-1.,0.,0.));
#11625=DIRECTION('',(0.,0.,1.));
#11626=DIRECTION('',(1.,0.,0.));
#11627=DIRECTION('',(0.,0.,1.));
#11628=DIRECTION('',(1.,0.,0.));
#11629=DIRECTION('',(0.,0.,-1.));
#11630=DIRECTION('',(-1.,0.,0.));
#11631=DIRECTION('',(0.,0.,1.));
#11632=DIRECTION('',(1.,0.,0.));
#11633=DIRECTION('',(0.,0.,1.));
#11634=DIRECTION('',(1.,0.,0.));
#11635=DIRECTION('',(0.,0.,-1.));
#11636=DIRECTION('',(-1.,0.,0.));
#11637=DIRECTION('',(0.,0.,1.));
#11638=DIRECTION('',(1.,0.,0.));
#11639=DIRECTION('',(0.,0.,1.));
#11640=DIRECTION('',(1.,0.,0.));
#11641=DIRECTION('',(0.,0.,-1.));
#11642=DIRECTION('',(-1.,0.,0.));
#11643=DIRECTION('',(0.,0.,1.));
#11644=DIRECTION('',(1.,0.,0.));
#11645=DIRECTION('',(0.,0.,1.));
#11646=DIRECTION('',(1.,0.,0.));
#11647=DIRECTION('',(0.,0.,-1.));
#11648=DIRECTION('',(-1.,0.,0.));
#11649=DIRECTION('',(0.,-1.,0.));
#11650=DIRECTION('',(0.,-1.,0.));
#11651=DIRECTION('',(1.,0.,0.));
#11652=DIRECTION('',(0.,0.,-1.));
#11653=DIRECTION('',(-0.707106781186548,0.707106781186548,0.));
#11654=DIRECTION('',(0.,0.,-1.));
#11655=DIRECTION('',(1.,0.,0.));
#11656=DIRECTION('',(0.,1.,0.));
#11657=DIRECTION('',(0.,0.,-1.));
#11658=DIRECTION('',(1.,0.,0.));
#11659=DIRECTION('',(0.707106781186548,0.707106781186547,0.));
#11660=DIRECTION('',(0.,0.,1.));
#11661=DIRECTION('',(1.,0.,0.));
#11662=DIRECTION('',(-0.707106781186547,-0.707106781186548,0.));
#11663=DIRECTION('',(0.,0.,-1.));
#11664=DIRECTION('',(1.,0.,0.));
#11665=DIRECTION('',(-1.,0.,0.));
#11666=DIRECTION('',(0.,0.,-1.));
#11667=DIRECTION('',(1.,0.,0.));
#11668=DIRECTION('',(-0.707106781186547,0.707106781186548,0.));
#11669=DIRECTION('',(0.,0.,1.));
#11670=DIRECTION('',(1.,0.,0.));
#11671=DIRECTION('',(0.707106781186548,-0.707106781186547,0.));
#11672=DIRECTION('',(0.,0.,-1.));
#11673=DIRECTION('',(1.,0.,0.));
#11674=DIRECTION('',(0.,-1.,0.));
#11675=DIRECTION('',(0.,0.,-1.));
#11676=DIRECTION('',(1.,0.,0.));
#11677=DIRECTION('',(-0.707106781186548,-0.707106781186548,0.));
#11678=DIRECTION('',(0.,0.,1.));
#11679=DIRECTION('',(1.,0.,0.));
#11680=DIRECTION('',(0.707106781186548,0.707106781186548,0.));
#11681=DIRECTION('',(0.,0.,-1.));
#11682=DIRECTION('',(1.,0.,0.));
#11683=DIRECTION('',(1.,-2.59444787250661E-016,0.));
#11684=DIRECTION('',(0.,0.,-1.));
#11685=DIRECTION('',(1.,0.,0.));
#11686=DIRECTION('',(0.707106781186548,-0.707106781186548,0.));
#11687=DIRECTION('',(0.,0.,1.));
#11688=DIRECTION('',(1.,0.,0.));
#11689=DIRECTION('',(0.,0.,-1.));
#11690=DIRECTION('',(1.,0.,0.));
#11691=DIRECTION('',(0.,0.,1.));
#11692=DIRECTION('',(0.999999999999999,0.,0.));
#11693=DIRECTION('',(0.,0.,-1.));
#11694=DIRECTION('',(1.,0.,0.));
#11695=DIRECTION('',(0.,0.,-1.));
#11696=DIRECTION('',(1.,0.,0.));
#11697=DIRECTION('',(0.,0.,1.));
#11698=DIRECTION('',(0.999999999999999,0.,0.));
#11699=DIRECTION('',(0.,0.,-1.));
#11700=DIRECTION('',(1.,0.,0.));
#11701=DIRECTION('',(0.,0.,-1.));
#11702=DIRECTION('',(1.,0.,0.));
#11703=DIRECTION('',(0.,0.,1.));
#11704=DIRECTION('',(0.999999999999999,0.,0.));
#11705=DIRECTION('',(0.,0.,-1.));
#11706=DIRECTION('',(1.,0.,0.));
#11707=DIRECTION('',(0.,0.,-1.));
#11708=DIRECTION('',(1.,0.,0.));
#11709=DIRECTION('',(0.,0.,1.));
#11710=DIRECTION('',(0.999999999999999,0.,0.));
#11711=DIRECTION('',(0.,0.,-1.));
#11712=DIRECTION('',(1.,0.,0.));
#11713=DIRECTION('',(0.,0.,1.));
#11714=DIRECTION('',(1.,0.,0.));
#11715=DIRECTION('',(0.,0.,1.));
#11716=DIRECTION('',(1.,0.,0.));
#11717=DIRECTION('',(0.,0.,-1.));
#11718=DIRECTION('',(0.999999999999999,0.,0.));
#11719=DIRECTION('',(0.,0.,1.));
#11720=DIRECTION('',(1.,0.,0.));
#11721=DIRECTION('',(0.,0.,1.));
#11722=DIRECTION('',(1.,0.,0.));
#11723=DIRECTION('',(0.,0.,-1.));
#11724=DIRECTION('',(0.999999999999999,0.,0.));
#11725=DIRECTION('',(0.,0.,1.));
#11726=DIRECTION('',(1.,0.,0.));
#11727=DIRECTION('',(0.,0.,1.));
#11728=DIRECTION('',(1.,0.,0.));
#11729=DIRECTION('',(0.,0.,-1.));
#11730=DIRECTION('',(0.999999999999999,0.,0.));
#11731=DIRECTION('',(0.,0.,1.));
#11732=DIRECTION('',(1.,0.,0.));
#11733=DIRECTION('',(0.,0.,1.));
#11734=DIRECTION('',(1.,0.,0.));
#11735=DIRECTION('',(0.,0.,-1.));
#11736=DIRECTION('',(0.999999999999999,0.,0.));
#11737=DIRECTION('',(0.,0.,1.));
#11738=DIRECTION('',(1.,0.,0.));
#11739=DIRECTION('',(0.,0.,1.));
#11740=DIRECTION('',(1.,0.,0.));
#11741=DIRECTION('',(0.,0.,1.));
#11742=DIRECTION('',(0.,0.,1.));
#11743=DIRECTION('',(1.,0.,0.));
#11744=DIRECTION('',(0.,0.,-1.));
#11745=DIRECTION('',(0.,0.,1.));
#11746=DIRECTION('',(1.,0.,0.));
#11747=DIRECTION('',(0.,0.,-1.));
#11748=DIRECTION('',(0.,0.,1.));
#11749=DIRECTION('',(1.,0.,0.));
#11750=DIRECTION('',(0.,0.,1.));
#11751=DIRECTION('',(0.,0.,1.));
#11752=DIRECTION('',(1.,0.,0.));
#11753=DIRECTION('',(0.,0.,-1.));
#11754=DIRECTION('',(0.,0.,1.));
#11755=DIRECTION('',(1.,0.,0.));
#11756=DIRECTION('',(0.,0.,1.));
#11757=DIRECTION('',(0.,0.,1.));
#11758=DIRECTION('',(1.,0.,0.));
#11759=DIRECTION('',(0.,0.,1.));
#11760=DIRECTION('',(0.,0.,1.));
#11761=DIRECTION('',(1.,0.,0.));
#11762=DIRECTION('',(0.,0.,-1.));
#11763=DIRECTION('',(0.,0.,1.));
#11764=DIRECTION('',(1.,0.,0.));
#11765=DIRECTION('',(0.,0.,-1.));
#11766=DIRECTION('',(-0.999999999999999,0.,0.));
#11767=DIRECTION('',(0.,0.,-1.));
#11768=DIRECTION('',(-0.999999999999999,0.,0.));
#11769=DIRECTION('',(0.,0.,-1.));
#11770=DIRECTION('',(-0.999999999999999,0.,0.));
#11771=DIRECTION('',(0.,0.,-1.));
#11772=DIRECTION('',(-0.999999999999999,0.,0.));
#11773=DIRECTION('',(-0.707106781186548,0.,-0.707106781186547));
#11774=DIRECTION('',(0.500000000000001,0.499999999999999,0.707106781186548));
#11775=DIRECTION('',(0.,0.,1.));
#11776=DIRECTION('',(1.,0.,-5.31831972944037E-017));
#11777=DIRECTION('',(0.499999999999999,0.500000000000001,0.707106781186548));
#11778=DIRECTION('',(0.499999999999999,0.5,-0.707106781186548));
#11779=DIRECTION('',(-0.707106781186548,0.707106781186547,0.));
#11780=DIRECTION('',(-0.707106781186548,0.,-0.707106781186547));
#11781=DIRECTION('',(0.707106781186547,0.,-0.707106781186548));
#11782=DIRECTION('',(0.,1.,0.));
#11783=DIRECTION('',(-0.5,-0.500000000000002,0.707106781186546));
#11784=DIRECTION('',(0.,0.,-1.));
#11785=DIRECTION('',(-1.,0.,-5.30773600858575E-017));
#11786=DIRECTION('',(-0.5,0.5,-0.707106781186547));
#11787=DIRECTION('',(0.,0.,1.));
#11788=DIRECTION('',(1.,0.,-5.31831972944036E-017));
#11789=DIRECTION('',(-0.5,-0.499999999999997,0.70710678118655));
#11790=DIRECTION('',(-0.500000000000002,-0.500000000000001,-0.707106781186545));
#11791=DIRECTION('',(0.707106781186547,-0.707106781186548,0.));
#11792=DIRECTION('',(-0.499999999999999,0.500000000000001,-0.707106781186548));
#11793=DIRECTION('',(0.5,-0.5,-0.707106781186548));
#11794=DIRECTION('',(0.707106781186548,0.707106781186548,0.));
#11795=DIRECTION('',(0.,-0.707106781186548,0.707106781186547));
#11796=DIRECTION('',(0.,0.,1.));
#11797=DIRECTION('',(1.,0.,-5.31831972944036E-017));
#11798=DIRECTION('',(0.500000000000001,-0.499999999999999,-0.707106781186548));
#11799=DIRECTION('',(0.,0.,-1.));
#11800=DIRECTION('',(-1.,0.,-5.30773600858575E-017));
#11801=DIRECTION('',(0.,-0.707106781186548,0.707106781186547));
#11802=DIRECTION('',(0.,-0.707106781186547,-0.707106781186548));
#11803=DIRECTION('',(1.,0.,0.));
#11804=DIRECTION('',(0.500000000000002,-0.500000000000002,-0.707106781186545));
#11805=DIRECTION('',(-0.499999999999999,0.499999999999999,-0.707106781186549));
#11806=DIRECTION('',(-0.707106781186548,-0.707106781186548,0.));
#11807=DIRECTION('',(0.500000000000001,-0.499999999999999,0.707106781186548));
#11808=DIRECTION('',(0.,0.,1.));
#11809=DIRECTION('',(1.,0.,-5.31831972944037E-017));
#11810=DIRECTION('',(0.,-0.707106781186547,-0.707106781186548));
#11811=DIRECTION('',(0.,0.,1.));
#11812=DIRECTION('',(1.,0.,-5.31831972944037E-017));
#11813=DIRECTION('',(0.500000000000001,-0.499999999999998,0.707106781186548));
#11814=DIRECTION('',(0.5,-0.499999999999999,-0.707106781186548));
#11815=DIRECTION('',(0.707106781186547,0.707106781186548,0.));
#11816=DIRECTION('',(0.,-0.707106781186547,-0.707106781186548));
#11817=DIRECTION('',(1.83455168408444E-016,0.707106781186549,-0.707106781186546));
#11818=DIRECTION('',(-1.,2.60208521396521E-016,0.));
#11819=DIRECTION('',(-0.500000000000002,0.5,0.707106781186546));
#11820=DIRECTION('',(0.,0.,-1.));
#11821=DIRECTION('',(-1.,0.,-5.30773600858574E-017));
#11822=DIRECTION('',(-0.5,-0.5,-0.707106781186547));
#11823=DIRECTION('',(0.,0.,1.));
#11824=DIRECTION('',(1.,0.,-5.31831972944035E-017));
#11825=DIRECTION('',(-0.5,0.499999999999998,0.707106781186549));
#11826=DIRECTION('',(-0.500000000000001,0.500000000000002,-0.707106781186546));
#11827=DIRECTION('',(-0.707106781186548,-0.707106781186547,0.));
#11828=DIRECTION('',(-0.500000000000001,-0.499999999999999,-0.707106781186548));
#11829=DIRECTION('',(0.499999999999999,0.499999999999999,-0.707106781186549));
#11830=DIRECTION('',(-0.707106781186548,0.707106781186548,0.));
#11831=DIRECTION('',(-0.707106781186548,0.,0.707106781186547));
#11832=DIRECTION('',(0.,0.,1.));
#11833=DIRECTION('',(1.,0.,-5.31831972944036E-017));
#11834=DIRECTION('',(0.499999999999998,0.500000000000003,-0.707106781186547));
#11835=DIRECTION('',(0.,0.,-1.));
#11836=DIRECTION('',(-1.,0.,-5.30773600858574E-017));
#11837=DIRECTION('',(-0.707106781186548,0.,0.707106781186547));
#11838=DIRECTION('',(-0.707106781186547,0.,-0.707106781186548));
#11839=DIRECTION('',(0.,-1.,0.));
#11840=DIRECTION('',(0.5,0.5,-0.707106781186547));
#11841=DIRECTION('',(-0.5,-0.5,-0.707106781186548));
#11842=DIRECTION('',(0.707106781186548,-0.707106781186548,0.));
#11843=DIRECTION('',(0.,0.,1.));
#11844=DIRECTION('',(1.,0.,-5.31831972944037E-017));
#11845=DIRECTION('',(0.,-1.,0.));
#11846=DIRECTION('',(0.,0.,-1.));
#11847=DIRECTION('',(0.,-1.,0.));
#11848=DIRECTION('',(0.,0.,-1.));
#11849=DIRECTION('',(1.,0.,0.));
#11850=DIRECTION('',(0.,0.,-1.));
#11851=DIRECTION('',(0.,0.,1.));
#11852=DIRECTION('',(1.,0.,0.));
#11853=DIRECTION('',(0.,0.,1.));
#11854=DIRECTION('',(1.,0.,0.));
#11855=DIRECTION('',(0.,0.,-1.));
#11856=DIRECTION('',(0.,0.,-1.));
#11857=DIRECTION('',(-1.,0.,0.));
#11858=DIRECTION('',(0.,0.,-1.));
#11859=DIRECTION('',(1.,0.,0.));
#11860=DIRECTION('',(0.,0.,-1.));
#11861=DIRECTION('',(1.,0.,0.));
#11862=DIRECTION('',(0.,0.,-1.));
#11863=DIRECTION('',(0.,0.,-1.));
#11864=DIRECTION('',(-1.,0.,0.));
#11865=DIRECTION('',(0.,0.,1.));
#11866=DIRECTION('',(1.,0.,0.));
#11867=DIRECTION('',(0.,0.,1.));
#11868=DIRECTION('',(1.,0.,0.));
#11869=DIRECTION('',(0.,0.,-1.));
#11870=DIRECTION('',(0.,0.,-1.));
#11871=DIRECTION('',(-1.,0.,0.));
#11872=DIRECTION('',(1.,0.,0.));
#11873=DIRECTION('',(1.,0.,0.));
#11874=DIRECTION('',(0.,0.,-1.));
#11875=DIRECTION('',(0.,1.,0.));
#11876=DIRECTION('',(0.,0.,1.));
#11877=DIRECTION('',(0.,0.,1.));
#11878=DIRECTION('',(1.,0.,0.));
#11879=DIRECTION('',(0.,0.,1.));
#11880=DIRECTION('',(1.,0.,0.));
#11881=DIRECTION('',(0.,0.,-1.));
#11882=DIRECTION('',(0.,0.,-1.));
#11883=DIRECTION('',(-1.,0.,0.));
#11884=DIRECTION('',(0.,0.,-1.));
#11885=DIRECTION('',(1.,0.,0.));
#11886=DIRECTION('',(0.,0.,-1.));
#11887=DIRECTION('',(1.,0.,0.));
#11888=DIRECTION('',(0.,0.,-1.));
#11889=DIRECTION('',(0.,0.,-1.));
#11890=DIRECTION('',(-1.,0.,0.));
#11891=DIRECTION('',(0.,0.,1.));
#11892=DIRECTION('',(1.,0.,0.));
#11893=DIRECTION('',(0.,0.,1.));
#11894=DIRECTION('',(1.,0.,0.));
#11895=DIRECTION('',(0.,0.,-1.));
#11896=DIRECTION('',(0.,0.,-1.));
#11897=DIRECTION('',(-1.,0.,0.));
#11898=DIRECTION('',(0.,1.,0.));
#11899=DIRECTION('',(0.,1.,0.));
#11900=DIRECTION('',(0.,0.,-1.));
#11901=DIRECTION('',(-1.,0.,0.));
#11902=DIRECTION('',(0.,0.,1.));
#11903=DIRECTION('',(0.,0.,1.));
#11904=DIRECTION('',(1.,0.,0.));
#11905=DIRECTION('',(0.,0.,1.));
#11906=DIRECTION('',(1.,0.,0.));
#11907=DIRECTION('',(0.,0.,-1.));
#11908=DIRECTION('',(0.,0.,-1.));
#11909=DIRECTION('',(-1.,0.,0.));
#11910=DIRECTION('',(0.,0.,-1.));
#11911=DIRECTION('',(1.,0.,0.));
#11912=DIRECTION('',(0.,0.,-1.));
#11913=DIRECTION('',(1.,0.,0.));
#11914=DIRECTION('',(0.,0.,-1.));
#11915=DIRECTION('',(0.,0.,-1.));
#11916=DIRECTION('',(-1.,0.,0.));
#11917=DIRECTION('',(0.,0.,1.));
#11918=DIRECTION('',(1.,0.,0.));
#11919=DIRECTION('',(0.,0.,1.));
#11920=DIRECTION('',(1.,0.,0.));
#11921=DIRECTION('',(0.,0.,-1.));
#11922=DIRECTION('',(0.,0.,-1.));
#11923=DIRECTION('',(-1.,0.,0.));
#11924=DIRECTION('',(-1.,0.,0.));
#11925=DIRECTION('',(-1.,0.,0.));
#11926=DIRECTION('',(0.,0.,-1.));
#11927=DIRECTION('',(0.,-1.,0.));
#11928=DIRECTION('',(0.,0.,-1.));
#11929=DIRECTION('',(0.,0.,1.));
#11930=DIRECTION('',(1.,0.,0.));
#11931=DIRECTION('',(0.,0.,1.));
#11932=DIRECTION('',(1.,0.,0.));
#11933=DIRECTION('',(0.,0.,-1.));
#11934=DIRECTION('',(0.,0.,-1.));
#11935=DIRECTION('',(-1.,0.,0.));
#11936=DIRECTION('',(0.,0.,-1.));
#11937=DIRECTION('',(1.,0.,0.));
#11938=DIRECTION('',(0.,0.,-1.));
#11939=DIRECTION('',(1.,0.,0.));
#11940=DIRECTION('',(0.,0.,-1.));
#11941=DIRECTION('',(0.,0.,-1.));
#11942=DIRECTION('',(-1.,0.,0.));
#11943=DIRECTION('',(0.,0.,-1.));
#11944=DIRECTION('',(0.707106781186548,0.707106781186548,0.));
#11945=DIRECTION('',(0.,0.,-1.));
#11946=DIRECTION('',(0.707106781186547,0.707106781186547,0.));
#11947=DIRECTION('',(-0.707106781186547,0.707106781186547,0.));
#11948=DIRECTION('',(-0.707106781186548,-0.707106781186548,0.));
#11949=DIRECTION('',(0.,0.,1.));
#11950=DIRECTION('',(1.,0.,0.));
#11951=DIRECTION('',(0.,0.,-1.));
#11952=DIRECTION('',(0.,0.,1.));
#11953=DIRECTION('',(1.,0.,0.));
#11954=DIRECTION('',(0.,0.,-1.));
#11955=DIRECTION('',(-1.,0.,0.));
#11956=DIRECTION('',(0.,1.,0.));
#11957=DIRECTION('',(0.,0.,-1.));
#11958=DIRECTION('',(0.,1.,0.));
#11959=DIRECTION('',(-1.,0.,0.));
#11960=DIRECTION('',(0.,0.,1.));
#11961=DIRECTION('',(0.,0.,1.));
#11962=DIRECTION('',(1.,0.,0.));
#11963=DIRECTION('',(0.,0.,-1.));
#11964=DIRECTION('',(0.,0.,1.));
#11965=DIRECTION('',(1.,0.,0.));
#11966=DIRECTION('',(0.,0.,-1.));
#11967=DIRECTION('',(-1.,0.,0.));
#11968=DIRECTION('',(-0.707106781186548,0.707106781186547,0.));
#11969=DIRECTION('',(0.,0.,-1.));
#11970=DIRECTION('',(-0.707106781186548,0.707106781186547,0.));
#11971=DIRECTION('',(-0.707106781186547,-0.707106781186548,0.));
#11972=DIRECTION('',(0.707106781186548,-0.707106781186547,0.));
#11973=DIRECTION('',(0.,0.,-1.));
#11974=DIRECTION('',(1.,0.,0.));
#11975=DIRECTION('',(0.,0.,-1.));
#11976=DIRECTION('',(0.,0.,-1.));
#11977=DIRECTION('',(1.,0.,0.));
#11978=DIRECTION('',(0.,0.,-1.));
#11979=DIRECTION('',(-1.,0.,0.));
#11980=DIRECTION('',(0.707106781186547,-0.707106781186548,0.));
#11981=DIRECTION('',(0.,0.,-1.));
#11982=DIRECTION('',(0.707106781186547,-0.707106781186548,0.));
#11983=DIRECTION('',(0.707106781186548,0.707106781186547,0.));
#11984=DIRECTION('',(-0.707106781186547,0.707106781186548,0.));
#11985=DIRECTION('',(0.,0.,1.));
#11986=DIRECTION('',(1.,0.,0.));
#11987=DIRECTION('',(0.,0.,-1.));
#11988=DIRECTION('',(0.,0.,1.));
#11989=DIRECTION('',(1.,0.,0.));
#11990=DIRECTION('',(0.,0.,-1.));
#11991=DIRECTION('',(-1.,0.,0.));
#11992=DIRECTION('',(1.,0.,0.));
#11993=DIRECTION('',(0.,0.,-1.));
#11994=DIRECTION('',(1.,0.,0.));
#11995=DIRECTION('',(0.,1.,0.));
#11996=DIRECTION('',(0.,0.,1.));
#11997=DIRECTION('',(0.,0.,1.));
#11998=DIRECTION('',(1.,0.,0.));
#11999=DIRECTION('',(0.,0.,-1.));
#12000=DIRECTION('',(0.,0.,1.));
#12001=DIRECTION('',(1.,0.,0.));
#12002=DIRECTION('',(0.,0.,-1.));
#12003=DIRECTION('',(-1.,0.,0.));
#12004=DIRECTION('',(0.707106781186547,0.707106781186548,0.));
#12005=DIRECTION('',(0.,0.,-1.));
#12006=DIRECTION('',(0.707106781186547,0.707106781186548,0.));
#12007=DIRECTION('',(-0.707106781186548,0.707106781186547,0.));
#12008=DIRECTION('',(-0.707106781186547,-0.707106781186548,0.));
#12009=DIRECTION('',(0.,0.,-1.));
#12010=DIRECTION('',(1.,0.,0.));
#12011=DIRECTION('',(0.,0.,-1.));
#12012=DIRECTION('',(0.,0.,-1.));
#12013=DIRECTION('',(1.,0.,0.));
#12014=DIRECTION('',(0.,0.,-1.));
#12015=DIRECTION('',(-1.,0.,0.));
#12016=DIRECTION('',(-0.707106781186548,-0.707106781186547,0.));
#12017=DIRECTION('',(0.,0.,-1.));
#12018=DIRECTION('',(-0.707106781186548,-0.707106781186547,0.));
#12019=DIRECTION('',(0.707106781186547,-0.707106781186548,0.));
#12020=DIRECTION('',(0.707106781186548,0.707106781186547,0.));
#12021=DIRECTION('',(0.,0.,1.));
#12022=DIRECTION('',(1.,0.,0.));
#12023=DIRECTION('',(0.,0.,-1.));
#12024=DIRECTION('',(0.,0.,1.));
#12025=DIRECTION('',(1.,0.,0.));
#12026=DIRECTION('',(0.,0.,-1.));
#12027=DIRECTION('',(-1.,0.,0.));
#12028=DIRECTION('',(0.,-1.,0.));
#12029=DIRECTION('',(0.,0.,-1.));
#12030=DIRECTION('',(0.,-1.,0.));
#12031=DIRECTION('',(1.,0.,0.));
#12032=DIRECTION('',(0.,0.,-1.));
#12033=DIRECTION('',(0.,0.,1.));
#12034=DIRECTION('',(1.,0.,0.));
#12035=DIRECTION('',(0.,0.,-1.));
#12036=DIRECTION('',(0.,0.,1.));
#12037=DIRECTION('',(1.,0.,0.));
#12038=DIRECTION('',(0.,0.,-1.));
#12039=DIRECTION('',(-1.,0.,0.));
#12040=DIRECTION('',(0.707106781186548,-0.707106781186548,0.));
#12041=DIRECTION('',(0.,0.,-1.));
#12042=DIRECTION('',(0.707106781186547,-0.707106781186547,0.));
#12043=DIRECTION('',(0.707106781186547,0.707106781186547,0.));
#12044=DIRECTION('',(-0.707106781186548,0.707106781186548,0.));
#12045=DIRECTION('',(0.,0.,-1.));
#12046=DIRECTION('',(1.,0.,0.));
#12047=DIRECTION('',(0.,0.,-1.));
#12048=DIRECTION('',(0.,0.,-1.));
#12049=DIRECTION('',(1.,0.,0.));
#12050=DIRECTION('',(0.,0.,-1.));
#12051=DIRECTION('',(-1.,0.,0.));
#12052=DIRECTION('',(-0.707106781186548,0.707106781186548,0.));
#12053=DIRECTION('',(0.,0.,-1.));
#12054=DIRECTION('',(-0.707106781186547,0.707106781186547,0.));
#12055=DIRECTION('',(-0.707106781186547,-0.707106781186547,0.));
#12056=DIRECTION('',(0.707106781186548,-0.707106781186548,0.));
#12057=DIRECTION('',(0.,0.,1.));
#12058=DIRECTION('',(1.,0.,0.));
#12059=DIRECTION('',(0.,0.,-1.));
#12060=DIRECTION('',(0.,0.,1.));
#12061=DIRECTION('',(1.,0.,0.));
#12062=DIRECTION('',(0.,0.,-1.));
#12063=DIRECTION('',(-1.,0.,0.));
#12064=DIRECTION('',(-1.,2.59444787250661E-016,0.));
#12065=DIRECTION('',(0.,0.,-1.));
#12066=DIRECTION('',(-1.,2.59444787250661E-016,0.));
#12067=DIRECTION('',(-2.59444787250661E-016,-1.,0.));
#12068=DIRECTION('',(1.,-2.60208521396521E-016,0.));
#12069=DIRECTION('',(0.,0.,1.));
#12070=DIRECTION('',(1.,0.,0.));
#12071=DIRECTION('',(0.,0.,-1.));
#12072=DIRECTION('',(0.,0.,1.));
#12073=DIRECTION('',(1.,0.,0.));
#12074=DIRECTION('',(0.,0.,-1.));
#12075=DIRECTION('',(-1.,0.,0.));
#12076=DIRECTION('',(-0.707106781186548,-0.707106781186548,0.));
#12077=DIRECTION('',(0.,0.,-1.));
#12078=DIRECTION('',(-0.707106781186547,-0.707106781186547,0.));
#12079=DIRECTION('',(0.707106781186547,-0.707106781186547,0.));
#12080=DIRECTION('',(0.707106781186548,0.707106781186548,0.));
#12081=DIRECTION('',(0.,0.,1.));
#12082=DIRECTION('',(1.,0.,0.));
#12083=DIRECTION('',(0.,0.,1.));
#12084=DIRECTION('',(1.,0.,0.));
#12085=DIRECTION('',(0.,0.,-1.));
#12086=DIRECTION('',(-1.,0.,0.));
#12087=DIRECTION('',(0.,0.,1.));
#12088=DIRECTION('',(1.,0.,0.));
#12089=DIRECTION('',(0.,0.,1.));
#12090=DIRECTION('',(1.,0.,0.));
#12091=DIRECTION('',(0.,0.,-1.));
#12092=DIRECTION('',(-1.,0.,0.));
#12093=DIRECTION('',(0.,0.,1.));
#12094=DIRECTION('',(1.,0.,0.));
#12095=DIRECTION('',(0.,0.,1.));
#12096=DIRECTION('',(1.,0.,0.));
#12097=DIRECTION('',(0.,0.,-1.));
#12098=DIRECTION('',(-1.,0.,0.));
#12099=DIRECTION('',(0.,0.,1.));
#12100=DIRECTION('',(1.,0.,0.));
#12101=DIRECTION('',(0.,0.,1.));
#12102=DIRECTION('',(1.,0.,0.));
#12103=DIRECTION('',(0.,0.,-1.));
#12104=DIRECTION('',(-1.,0.,0.));
#12105=DIRECTION('',(0.,0.,1.));
#12106=DIRECTION('',(1.,0.,0.));
#12107=DIRECTION('',(0.,0.,1.));
#12108=DIRECTION('',(1.,0.,0.));
#12109=DIRECTION('',(0.,0.,-1.));
#12110=DIRECTION('',(-1.,0.,0.));
#12111=DIRECTION('',(0.,0.,1.));
#12112=DIRECTION('',(1.,0.,0.));
#12113=DIRECTION('',(0.,0.,1.));
#12114=DIRECTION('',(1.,0.,0.));
#12115=DIRECTION('',(0.,0.,-1.));
#12116=DIRECTION('',(-1.,0.,0.));
#12117=DIRECTION('',(0.,0.,1.));
#12118=DIRECTION('',(1.,0.,0.));
#12119=DIRECTION('',(0.,0.,1.));
#12120=DIRECTION('',(1.,0.,0.));
#12121=DIRECTION('',(0.,0.,-1.));
#12122=DIRECTION('',(-1.,0.,0.));
#12123=DIRECTION('',(0.,0.,1.));
#12124=DIRECTION('',(1.,0.,0.));
#12125=DIRECTION('',(0.,0.,1.));
#12126=DIRECTION('',(1.,0.,0.));
#12127=DIRECTION('',(0.,0.,-1.));
#12128=DIRECTION('',(-1.,0.,0.));
#12129=DIRECTION('',(0.,0.,-1.));
#12130=DIRECTION('',(1.,0.,0.));
#12131=DIRECTION('',(0.,0.,-1.));
#12132=DIRECTION('',(1.,0.,0.));
#12133=DIRECTION('',(0.,0.,-1.));
#12134=DIRECTION('',(-1.,0.,0.));
#12135=DIRECTION('',(0.,0.,1.));
#12136=DIRECTION('',(1.,0.,0.));
#12137=DIRECTION('',(0.,0.,1.));
#12138=DIRECTION('',(1.,0.,0.));
#12139=DIRECTION('',(0.,0.,-1.));
#12140=DIRECTION('',(-1.,0.,0.));
#12141=DIRECTION('',(0.,1.,0.));
#12142=DIRECTION('',(0.,0.,-1.));
#12143=DIRECTION('',(1.,0.,0.));
#12144=DIRECTION('',(0.707106781186548,0.707106781186547,0.));
#12145=DIRECTION('',(0.,0.,1.));
#12146=DIRECTION('',(1.,0.,0.));
#12147=DIRECTION('',(-0.707106781186547,-0.707106781186548,0.));
#12148=DIRECTION('',(0.,0.,-1.));
#12149=DIRECTION('',(1.,0.,0.));
#12150=DIRECTION('',(-1.,0.,0.));
#12151=DIRECTION('',(0.,0.,-1.));
#12152=DIRECTION('',(1.,0.,0.));
#12153=DIRECTION('',(-0.707106781186547,0.707106781186548,0.));
#12154=DIRECTION('',(0.,0.,1.));
#12155=DIRECTION('',(1.,0.,0.));
#12156=DIRECTION('',(0.707106781186548,-0.707106781186547,0.));
#12157=DIRECTION('',(0.,0.,-1.));
#12158=DIRECTION('',(1.,0.,0.));
#12159=DIRECTION('',(0.,-1.,0.));
#12160=DIRECTION('',(0.,0.,-1.));
#12161=DIRECTION('',(1.,0.,0.));
#12162=DIRECTION('',(-0.707106781186548,-0.707106781186548,0.));
#12163=DIRECTION('',(0.,0.,1.));
#12164=DIRECTION('',(1.,0.,0.));
#12165=DIRECTION('',(0.707106781186548,0.707106781186548,0.));
#12166=DIRECTION('',(0.,0.,-1.));
#12167=DIRECTION('',(1.,0.,0.));
#12168=DIRECTION('',(1.,-2.59444787250661E-016,0.));
#12169=DIRECTION('',(0.,0.,-1.));
#12170=DIRECTION('',(1.,0.,0.));
#12171=DIRECTION('',(0.707106781186548,-0.707106781186548,0.));
#12172=DIRECTION('',(0.,0.,1.));
#12173=DIRECTION('',(1.,0.,0.));
#12174=DIRECTION('',(-0.707106781186548,0.707106781186548,0.));
#12175=DIRECTION('',(0.,0.,-1.));
#12176=DIRECTION('',(1.,0.,0.));
#12177=DIRECTION('',(0.,0.,1.));
#12178=DIRECTION('',(1.,0.,0.));
#12179=DIRECTION('',(0.,0.,1.));
#12180=DIRECTION('',(1.,0.,0.));
#12181=DIRECTION('',(-0.499999999999999,0.499999999999999,-0.707106781186549));
#12182=DIRECTION('',(0.707106781186547,0.,0.707106781186548));
#12183=DIRECTION('',(0.,0.,1.));
#12184=DIRECTION('',(1.,0.,-5.18808735712335E-017));
#12185=DIRECTION('',(0.707106781186548,0.,0.707106781186547));
#12186=DIRECTION('',(0.707106781186547,0.,-0.707106781186548));
#12187=DIRECTION('',(0.,1.,0.));
#12188=DIRECTION('',(-0.499999999999999,0.500000000000001,-0.707106781186548));
#12189=DIRECTION('',(0.500000000000001,-0.500000000000001,-0.707106781186546));
#12190=DIRECTION('',(0.707106781186548,0.707106781186548,0.));
#12191=DIRECTION('',(0.500000000000001,0.500000000000001,0.707106781186547));
#12192=DIRECTION('',(0.,0.,1.));
#12193=DIRECTION('',(1.,0.,-5.18808735712333E-017));
#12194=DIRECTION('',(0.500000000000003,-0.499999999999998,-0.707106781186547));
#12195=DIRECTION('',(0.,0.,-1.));
#12196=DIRECTION('',(-1.,0.,-5.17879433568554E-017));
#12197=DIRECTION('',(0.499999999999999,0.500000000000001,0.707106781186548));
#12198=DIRECTION('',(0.499999999999999,0.499999999999999,-0.707106781186549));
#12199=DIRECTION('',(-0.707106781186548,0.707106781186547,0.));
#12200=DIRECTION('',(0.499999999999999,-0.499999999999999,-0.707106781186549));
#12201=DIRECTION('',(-0.500000000000001,0.500000000000001,-0.707106781186546));
#12202=DIRECTION('',(-0.707106781186548,-0.707106781186548,0.));
#12203=DIRECTION('',(-0.500000000000003,-0.499999999999998,0.707106781186547));
#12204=DIRECTION('',(0.,0.,-1.));
#12205=DIRECTION('',(-1.,0.,-5.17879433568554E-017));
#12206=DIRECTION('',(0.,-0.707106781186548,-0.707106781186547));
#12207=DIRECTION('',(0.,0.,1.));
#12208=DIRECTION('',(1.,0.,-5.18808735712333E-017));
#12209=DIRECTION('',(-0.499999999999999,-0.499999999999996,0.707106781186551));
#12210=DIRECTION('',(-0.500000000000003,-0.500000000000002,-0.707106781186544));
#12211=DIRECTION('',(0.707106781186547,-0.707106781186548,0.));
#12212=DIRECTION('',(0.,-0.707106781186547,-0.707106781186548));
#12213=DIRECTION('',(1.83455168408444E-016,0.707106781186548,-0.707106781186547));
#12214=DIRECTION('',(-1.,2.60208521396521E-016,0.));
#12215=DIRECTION('',(0.,-0.707106781186549,0.707106781186546));
#12216=DIRECTION('',(0.,0.,1.));
#12217=DIRECTION('',(1.,0.,-5.18808735712332E-017));
#12218=DIRECTION('',(-0.500000000000001,-0.500000000000001,-0.707106781186547));
#12219=DIRECTION('',(0.,0.,1.));
#12220=DIRECTION('',(1.,0.,-5.18808735712334E-017));
#12221=DIRECTION('',(0.,-0.707106781186548,0.707106781186547));
#12222=DIRECTION('',(0.,-0.707106781186547,-0.707106781186548));
#12223=DIRECTION('',(1.,0.,0.));
#12224=DIRECTION('',(-0.500000000000004,-0.500000000000001,-0.707106781186544));
#12225=DIRECTION('',(0.499999999999998,0.499999999999998,-0.707106781186551));
#12226=DIRECTION('',(-0.707106781186548,0.707106781186548,0.));
#12227=DIRECTION('',(0.500000000000001,-0.500000000000001,0.707106781186547));
#12228=DIRECTION('',(0.,0.,1.));
#12229=DIRECTION('',(1.,0.,-5.18808735712333E-017));
#12230=DIRECTION('',(0.500000000000002,0.500000000000002,-0.707106781186545));
#12231=DIRECTION('',(0.,0.,-1.));
#12232=DIRECTION('',(-1.,0.,-5.17879433568554E-017));
#12233=DIRECTION('',(0.500000000000004,-0.500000000000001,0.707106781186544));
#12234=DIRECTION('',(0.499999999999998,-0.499999999999998,-0.707106781186551));
#12235=DIRECTION('',(0.707106781186547,0.707106781186548,0.));
#12236=DIRECTION('',(0.500000000000003,0.500000000000003,-0.707106781186543));
#12237=DIRECTION('',(-0.499999999999998,-0.499999999999998,-0.707106781186551));
#12238=DIRECTION('',(0.707106781186548,-0.707106781186548,0.));
#12239=DIRECTION('',(-0.500000000000002,0.5,0.707106781186546));
#12240=DIRECTION('',(0.,0.,-1.));
#12241=DIRECTION('',(-1.,0.,-5.17879433568554E-017));
#12242=DIRECTION('',(0.707106781186548,0.,-0.707106781186547));
#12243=DIRECTION('',(0.,0.,1.));
#12244=DIRECTION('',(1.,0.,-5.18808735712333E-017));
#12245=DIRECTION('',(-0.499999999999999,0.499999999999996,0.707106781186551));
#12246=DIRECTION('',(-0.500000000000003,0.500000000000003,-0.707106781186543));
#12247=DIRECTION('',(-0.707106781186548,-0.707106781186547,0.));
#12248=DIRECTION('',(0.707106781186548,0.,-0.707106781186547));
#12249=DIRECTION('',(-0.707106781186547,0.,-0.707106781186548));
#12250=DIRECTION('',(0.,-1.,0.));
#12251=DIRECTION('',(0.,0.,1.));
#12252=DIRECTION('',(1.,0.,-5.18808735712332E-017));
#12253=DIRECTION('',(0.,-1.,0.));
#12254=DIRECTION('',(0.,0.,-1.));
#12255=DIRECTION('',(-1.,0.,0.));
#12256=DIRECTION('',(-1.,0.,0.));
#12257=DIRECTION('',(0.,0.,-1.));
#12258=DIRECTION('',(-1.,0.,0.));
#12259=DIRECTION('',(0.,1.,0.));
#12260=DIRECTION('',(0.,0.,-1.));
#12261=DIRECTION('',(-1.,0.,0.));
#12262=DIRECTION('',(1.,0.,0.));
#12263=DIRECTION('',(0.,0.,-1.));
#12264=DIRECTION('',(-1.,0.,0.));
#12265=DIRECTION('',(0.,-1.,0.));
#12266=DIRECTION('',(0.,0.,-1.));
#12267=DIRECTION('',(-1.,0.,0.));
#12268=DIRECTION('',(-0.838670567945424,-0.544639035015026,0.));
#12269=DIRECTION('',(0.,0.,-1.));
#12270=DIRECTION('',(-0.999999999999999,0.,0.));
#12271=DIRECTION('',(2.94927360307345E-016,1.,0.));
#12272=DIRECTION('',(0.,0.,-1.));
#12273=DIRECTION('',(-1.,0.,0.));
#12274=DIRECTION('',(0.829037572555042,0.559192903470747,0.));
#12275=DIRECTION('',(0.,0.,-1.));
#12276=DIRECTION('',(-1.,0.,0.));
#12277=DIRECTION('',(0.0871557427476582,-0.996194698091746,0.));
#12278=DIRECTION('',(0.,0.,1.));
#12279=DIRECTION('',(-1.,0.,0.));
#12280=DIRECTION('',(0.,0.,-1.));
#12281=DIRECTION('',(-1.,0.,0.));
#12282=DIRECTION('',(0.,0.,1.));
#12283=DIRECTION('',(-1.,0.,0.));
#12284=DIRECTION('',(0.0871557427476585,-0.996194698091746,0.));
#12285=DIRECTION('',(0.,0.,-1.));
#12286=DIRECTION('',(-1.,0.,0.));
#12287=DIRECTION('',(-0.99026806874157,0.139173100960065,0.));
#12288=DIRECTION('',(0.,0.,-1.));
#12289=DIRECTION('',(-1.,0.,0.));
#12290=DIRECTION('',(2.09816015786252E-015,1.,0.));
#12291=DIRECTION('',(0.,0.,-1.));
#12292=DIRECTION('',(-1.,0.,0.));
#12293=DIRECTION('',(0.156434465040231,0.987688340595138,0.));
#12294=DIRECTION('',(0.,0.,-1.));
#12295=DIRECTION('',(-0.999999999999999,0.,0.));
#12296=DIRECTION('',(0.974370064785235,0.224951054343865,0.));
#12297=DIRECTION('',(0.,0.,-1.));
#12298=DIRECTION('',(-1.,0.,0.));
#12299=DIRECTION('',(0.,0.,-1.));
#12300=DIRECTION('',(1.,1.5419764230905E-016,0.));
#12301=DIRECTION('',(-0.962337103917488,-0.271858967892731,0.));
#12302=DIRECTION('',(0.,0.,-1.));
#12303=DIRECTION('',(-1.,0.,0.));
#12304=DIRECTION('',(0.,1.,0.));
#12305=DIRECTION('',(0.,0.,-1.));
#12306=DIRECTION('',(-1.,0.,0.));
#12307=DIRECTION('',(0.342020143325669,0.939692620785908,0.));
#12308=DIRECTION('',(0.,0.,1.));
#12309=DIRECTION('',(1.,0.,0.));
#12310=DIRECTION('',(1.,0.,0.));
#12311=DIRECTION('',(0.,0.,1.));
#12312=DIRECTION('',(1.,0.,0.));
#12313=DIRECTION('',(-5.02026671773525E-016,-1.,0.));
#12314=DIRECTION('',(0.,0.,1.));
#12315=DIRECTION('',(0.999999999999999,0.,0.));
#12316=DIRECTION('',(0.449274855512962,-0.893393588629226,0.));
#12317=DIRECTION('',(0.,0.,-1.));
#12318=DIRECTION('',(-1.,0.,0.));
#12319=DIRECTION('',(-0.769431116393544,-0.638729799778736,0.));
#12320=DIRECTION('',(0.,0.,-1.));
#12321=DIRECTION('',(-1.,0.,0.));
#12322=DIRECTION('',(2.89120579329469E-016,1.,0.));
#12323=DIRECTION('',(0.,0.,-1.));
#12324=DIRECTION('',(-1.,0.,0.));
#12325=DIRECTION('',(0.,0.,-1.));
#12326=DIRECTION('',(1.,0.,0.));
#12327=DIRECTION('',(0.,0.,1.));
#12328=DIRECTION('',(1.,0.,0.));
#12329=DIRECTION('',(0.,0.,1.));
#12330=DIRECTION('',(1.,0.,0.));
#12331=DIRECTION('',(0.,0.,1.));
#12332=DIRECTION('',(1.,0.,0.));
#12333=DIRECTION('',(0.,0.,1.));
#12334=DIRECTION('',(1.,0.,0.));
#12335=DIRECTION('',(0.,0.,1.));
#12336=DIRECTION('',(1.,0.,0.));
#12337=DIRECTION('',(0.,0.,1.));
#12338=DIRECTION('',(1.,0.,0.));
#12339=DIRECTION('',(0.,0.,1.));
#12340=DIRECTION('',(1.,0.,0.));
#12341=DIRECTION('',(0.,0.,1.));
#12342=DIRECTION('',(1.,0.,0.));
#12343=DIRECTION('',(0.,0.,1.));
#12344=DIRECTION('',(-1.,0.,0.));
#12345=DIRECTION('',(0.,0.,-1.));
#12346=DIRECTION('',(-0.999999999999998,0.,0.));
#12347=DIRECTION('',(0.,0.,-1.));
#12348=DIRECTION('',(-0.999999999999998,0.,0.));
#12349=DIRECTION('',(0.,0.,-1.));
#12350=DIRECTION('',(-1.,0.,0.));
#12351=DIRECTION('',(0.,0.,-1.));
#12352=DIRECTION('',(-1.,0.,0.));
#12353=DIRECTION('',(0.,0.,-1.));
#12354=DIRECTION('',(-1.,0.,0.));
#12355=DIRECTION('',(0.,0.,-1.));
#12356=DIRECTION('',(-1.,0.,0.));
#12357=DIRECTION('',(0.,0.,-1.));
#12358=DIRECTION('',(-1.,0.,0.));
#12359=DIRECTION('',(0.,0.,-1.));
#12360=DIRECTION('',(-1.,0.,0.));
#12361=DIRECTION('',(0.,0.,-1.));
#12362=DIRECTION('',(-1.,0.,0.));
#12363=DIRECTION('',(0.,0.,-1.));
#12364=DIRECTION('',(-1.,0.,0.));
#12365=DIRECTION('',(0.,0.,-1.));
#12366=DIRECTION('',(-1.,0.,0.));
#12367=DIRECTION('',(0.,0.,-1.));
#12368=DIRECTION('',(-1.,0.,0.));
#12369=DIRECTION('',(0.,0.,-1.));
#12370=DIRECTION('',(-1.,0.,0.));
#12371=DIRECTION('',(0.,0.,-1.));
#12372=DIRECTION('',(-1.,0.,0.));
#12373=DIRECTION('',(0.0871557427476585,0.996194698091746,0.));
#12374=DIRECTION('',(0.,0.,1.));
#12375=DIRECTION('',(-1.,0.,0.));
#12376=DIRECTION('',(0.,0.,1.));
#12377=DIRECTION('',(1.,0.,0.));
#12378=DIRECTION('',(0.,0.,1.));
#12379=DIRECTION('',(-1.,0.,0.));
#12380=DIRECTION('',(0.0871557427476589,0.996194698091745,0.));
#12381=DIRECTION('',(0.,0.,-1.));
#12382=DIRECTION('',(1.,1.5419764230905E-016,0.));
#12383=DIRECTION('',(0.,0.,-1.));
#12384=DIRECTION('',(-1.,0.,0.));
#12385=DIRECTION('',(0.974370064785235,-0.224951054343864,0.));
#12386=DIRECTION('',(0.,0.,-1.));
#12387=DIRECTION('',(-1.,0.,0.));
#12388=DIRECTION('',(0.156434465040231,-0.987688340595138,0.));
#12389=DIRECTION('',(0.,0.,-1.));
#12390=DIRECTION('',(-1.,0.,0.));
#12391=DIRECTION('',(2.09816015786252E-015,-1.,0.));
#12392=DIRECTION('',(0.,0.,-1.));
#12393=DIRECTION('',(-1.,0.,0.));
#12394=DIRECTION('',(-0.99026806874157,-0.139173100960065,0.));
#12395=DIRECTION('',(0.,0.,-1.));
#12396=DIRECTION('',(-1.,0.,0.));
#12397=DIRECTION('',(2.94927360307345E-016,-1.,0.));
#12398=DIRECTION('',(0.,0.,-1.));
#12399=DIRECTION('',(-1.,0.,0.));
#12400=DIRECTION('',(-0.838670567945424,0.544639035015027,0.));
#12401=DIRECTION('',(0.,0.,-1.));
#12402=DIRECTION('',(-1.,0.,0.));
#12403=DIRECTION('',(5.78241158658936E-016,1.,0.));
#12404=DIRECTION('',(0.,0.,-1.));
#12405=DIRECTION('',(-1.,0.,0.));
#12406=DIRECTION('',(0.829037572555042,-0.559192903470746,0.));
#12407=DIRECTION('',(0.,0.,-1.));
#12408=DIRECTION('',(-0.999999999999999,0.,0.));
#12409=DIRECTION('',(0.707106781186548,-0.707106781186547,0.));
#12410=DIRECTION('',(0.,0.,-1.));
#12411=DIRECTION('',(-1.,0.,0.));
#12412=DIRECTION('',(-1.,0.,0.));
#12413=DIRECTION('',(0.,0.,-1.));
#12414=DIRECTION('',(-1.,0.,0.));
#12415=DIRECTION('',(0.707106781186548,0.707106781186547,0.));
#12416=DIRECTION('',(0.,0.,-1.));
#12417=DIRECTION('',(-1.,0.,0.));
#12418=DIRECTION('',(0.,-1.,0.));
#12419=DIRECTION('',(0.,0.,-1.));
#12420=DIRECTION('',(-1.,0.,0.));
#12421=DIRECTION('',(-0.962337103917482,0.271858967892752,0.));
#12422=DIRECTION('',(0.,0.,1.));
#12423=DIRECTION('',(-1.,0.,0.));
#12424=DIRECTION('',(-5.02026671773525E-016,1.,0.));
#12425=DIRECTION('',(0.,0.,1.));
#12426=DIRECTION('',(-1.,0.,0.));
#12427=DIRECTION('',(1.,0.,0.));
#12428=DIRECTION('',(0.,0.,1.));
#12429=DIRECTION('',(-1.,0.,0.));
#12430=DIRECTION('',(0.342020143325669,-0.939692620785908,0.));
#12431=DIRECTION('',(0.,0.,-1.));
#12432=DIRECTION('',(-1.,0.,0.));
#12433=DIRECTION('',(2.89120579329468E-016,-1.,0.));
#12434=DIRECTION('',(0.,0.,-1.));
#12435=DIRECTION('',(-1.,0.,0.));
#12436=DIRECTION('',(-0.769431116393545,0.638729799778736,0.));
#12437=DIRECTION('',(0.,0.,-1.));
#12438=DIRECTION('',(-0.999999999999999,0.,0.));
#12439=DIRECTION('',(0.449274855512962,0.893393588629226,0.));
#12440=DIRECTION('',(0.,0.,-1.));
#12441=DIRECTION('',(-1.,0.,0.));
#12442=DIRECTION('',(0.,0.,1.));
#12443=DIRECTION('',(1.,0.,0.));
#12444=DIRECTION('',(-0.58460254023274,-0.811319832096706,0.));
#12445=DIRECTION('',(0.,0.,1.));
#12446=DIRECTION('',(1.,0.,0.));
#12447=DIRECTION('',(-1.,-4.37277737865819E-015,0.));
#12448=DIRECTION('',(0.,0.,1.));
#12449=DIRECTION('',(1.,0.,0.));
#12450=DIRECTION('',(-0.58460254023274,0.811319832096706,0.));
#12451=DIRECTION('',(0.,0.,1.));
#12452=DIRECTION('',(1.,0.,0.));
#12453=DIRECTION('',(1.,0.,0.));
#12454=DIRECTION('',(0.,0.,-1.));
#12455=DIRECTION('',(1.,0.,0.));
#12456=DIRECTION('',(5.33761069531325E-016,-1.,0.));
#12457=DIRECTION('',(0.,0.,1.));
#12458=DIRECTION('',(-1.,0.,0.));
#12459=DIRECTION('',(1.,0.,0.));
#12460=DIRECTION('',(0.,0.,-1.));
#12461=DIRECTION('',(-1.,0.,0.));
#12462=DIRECTION('',(1.98254111540207E-015,1.,0.));
#12463=DIRECTION('',(0.,0.,1.));
#12464=DIRECTION('',(-0.999999999999999,0.,0.));
#12465=DIRECTION('',(-0.99026806874157,0.139173100960065,0.));
#12466=DIRECTION('',(0.,0.,1.));
#12467=DIRECTION('',(-0.999999999999999,0.,0.));
#12468=DIRECTION('',(0.087155742747658,-0.996194698091746,0.));
#12469=DIRECTION('',(0.,0.,-1.));
#12470=DIRECTION('',(-1.,0.,0.));
#12471=DIRECTION('',(-2.83220159343152E-016,1.,0.));
#12472=DIRECTION('',(0.,0.,1.));
#12473=DIRECTION('',(-1.,0.,0.));
#12474=DIRECTION('',(-1.,0.,0.));
#12475=DIRECTION('',(0.,0.,1.));
#12476=DIRECTION('',(-1.,0.,0.));
#12477=DIRECTION('',(-2.83220159343152E-016,-1.,0.));
#12478=DIRECTION('',(0.,0.,-1.));
#12479=DIRECTION('',(-1.,0.,0.));
#12480=DIRECTION('',(0.087155742747658,0.996194698091746,0.));
#12481=DIRECTION('',(0.,0.,1.));
#12482=DIRECTION('',(-1.,0.,0.));
#12483=DIRECTION('',(-0.99026806874157,-0.139173100960065,0.));
#12484=DIRECTION('',(0.,0.,1.));
#12485=DIRECTION('',(-0.999999999999999,0.,0.));
#12486=DIRECTION('',(1.98254111540207E-015,-1.,0.));
#12487=DIRECTION('',(0.,0.,-1.));
#12488=DIRECTION('',(-1.,0.,0.));
#12489=DIRECTION('',(1.,0.,0.));
#12490=DIRECTION('',(0.,0.,1.));
#12491=DIRECTION('',(-1.,0.,0.));
#12492=DIRECTION('',(5.33761069531325E-016,1.,0.));
#12493=DIRECTION('',(0.,0.,1.));
#12494=DIRECTION('',(0.999999999999999,0.,0.));
#12495=DIRECTION('',(1.,0.,0.));
#12496=DIRECTION('',(0.,0.,1.));
#12497=DIRECTION('',(-1.,0.,0.));
#12498=DIRECTION('',(0.,0.,-1.));
#12499=DIRECTION('',(-1.,0.,0.));
#12500=DIRECTION('',(0.,0.,-1.));
#12501=DIRECTION('',(1.,0.,0.));
#12502=DIRECTION('',(0.,0.,1.));
#12503=DIRECTION('',(0.,1.,0.));
#12504=DIRECTION('',(0.,0.,1.));
#12505=DIRECTION('',(0.,0.,-1.));
#12506=DIRECTION('',(-1.,0.,0.));
#12507=DIRECTION('',(5.33761069531325E-016,-1.,0.));
#12508=DIRECTION('',(0.,0.,1.));
#12509=DIRECTION('',(-1.,0.,0.));
#12510=DIRECTION('',(1.,0.,0.));
#12511=DIRECTION('',(0.,0.,1.));
#12512=DIRECTION('',(-1.,0.,0.));
#12513=DIRECTION('',(5.33761069531325E-016,1.,0.));
#12514=DIRECTION('',(0.,0.,-1.));
#12515=DIRECTION('',(-1.,0.,0.));
#12516=DIRECTION('',(1.,0.,0.));
#12517=DIRECTION('',(0.,0.,1.));
#12518=DIRECTION('',(-1.,0.,0.));
#12519=DIRECTION('',(1.98254111540207E-015,-1.,0.));
#12520=DIRECTION('',(0.,0.,-1.));
#12521=DIRECTION('',(-0.999999999999999,0.,0.));
#12522=DIRECTION('',(-0.99026806874157,-0.139173100960065,0.));
#12523=DIRECTION('',(0.,0.,-1.));
#12524=DIRECTION('',(-1.,0.,0.));
#12525=DIRECTION('',(0.087155742747658,0.996194698091746,0.));
#12526=DIRECTION('',(0.,0.,1.));
#12527=DIRECTION('',(-1.,0.,0.));
#12528=DIRECTION('',(-2.83220159343152E-016,-1.,0.));
#12529=DIRECTION('',(0.,0.,-1.));
#12530=DIRECTION('',(-1.,0.,0.));
#12531=DIRECTION('',(-1.,0.,0.));
#12532=DIRECTION('',(0.,0.,-1.));
#12533=DIRECTION('',(-1.,0.,0.));
#12534=DIRECTION('',(-2.83220159343152E-016,1.,0.));
#12535=DIRECTION('',(0.,0.,1.));
#12536=DIRECTION('',(-1.,0.,0.));
#12537=DIRECTION('',(0.087155742747658,-0.996194698091746,0.));
#12538=DIRECTION('',(0.,0.,-1.));
#12539=DIRECTION('',(-0.999999999999999,0.,0.));
#12540=DIRECTION('',(-0.99026806874157,0.139173100960065,0.));
#12541=DIRECTION('',(0.,0.,-1.));
#12542=DIRECTION('',(-0.999999999999999,0.,0.));
#12543=DIRECTION('',(1.98254111540207E-015,1.,0.));
#12544=DIRECTION('',(0.,0.,1.));
#12545=DIRECTION('',(-1.,0.,0.));
#12546=DIRECTION('',(0.,0.,-1.));
#12547=DIRECTION('',(-1.,0.,0.));
#12548=DIRECTION('',(-0.58460254023274,-0.811319832096706,0.));
#12549=DIRECTION('',(0.,0.,1.));
#12550=DIRECTION('',(-1.,0.,0.));
#12551=DIRECTION('',(1.,0.,0.));
#12552=DIRECTION('',(0.,0.,1.));
#12553=DIRECTION('',(-1.,0.,0.));
#12554=DIRECTION('',(-0.58460254023274,0.811319832096706,0.));
#12555=DIRECTION('',(0.,0.,1.));
#12556=DIRECTION('',(-1.,0.,0.));
#12557=DIRECTION('',(-1.,-4.37277737865819E-015,0.));
#12558=DIRECTION('',(0.,0.,1.));
#12559=DIRECTION('',(-1.,0.,0.));
#12560=DIRECTION('',(0.449274855512962,0.893393588629226,0.));
#12561=DIRECTION('',(0.,0.,1.));
#12562=DIRECTION('',(-0.999999999999999,0.,0.));
#12563=DIRECTION('',(-0.769431116393545,0.638729799778736,0.));
#12564=DIRECTION('',(0.,0.,1.));
#12565=DIRECTION('',(-1.,0.,0.));
#12566=DIRECTION('',(2.89120579329468E-016,-1.,0.));
#12567=DIRECTION('',(0.,0.,1.));
#12568=DIRECTION('',(-1.,0.,0.));
#12569=DIRECTION('',(-0.962337103917489,0.271858967892731,0.));
#12570=DIRECTION('',(0.,0.,1.));
#12571=DIRECTION('',(-1.,0.,0.));
#12572=DIRECTION('',(0.,-1.,0.));
#12573=DIRECTION('',(0.,0.,1.));
#12574=DIRECTION('',(-1.,0.,0.));
#12575=DIRECTION('',(0.342020143325669,-0.939692620785908,0.));
#12576=DIRECTION('',(0.,0.,1.));
#12577=DIRECTION('',(-1.,0.,0.));
#12578=DIRECTION('',(1.,0.,0.));
#12579=DIRECTION('',(0.,0.,1.));
#12580=DIRECTION('',(-1.,0.,0.));
#12581=DIRECTION('',(-5.02026671773525E-016,1.,0.));
#12582=DIRECTION('',(0.,0.,1.));
#12583=DIRECTION('',(-1.,0.,0.));
#12584=DIRECTION('',(0.707106781186548,0.707106781186547,0.));
#12585=DIRECTION('',(0.,0.,1.));
#12586=DIRECTION('',(-1.,0.,0.));
#12587=DIRECTION('',(-1.,0.,0.));
#12588=DIRECTION('',(0.,0.,1.));
#12589=DIRECTION('',(-1.,0.,0.));
#12590=DIRECTION('',(0.707106781186548,-0.707106781186547,0.));
#12591=DIRECTION('',(0.,0.,1.));
#12592=DIRECTION('',(-1.,0.,0.));
#12593=DIRECTION('',(5.78241158658936E-016,1.,0.));
#12594=DIRECTION('',(0.,0.,1.));
#12595=DIRECTION('',(-1.,0.,0.));
#12596=DIRECTION('',(-0.838670567945424,0.544639035015027,0.));
#12597=DIRECTION('',(0.,0.,1.));
#12598=DIRECTION('',(-1.,0.,0.));
#12599=DIRECTION('',(2.94927360307345E-016,-1.,0.));
#12600=DIRECTION('',(0.,0.,1.));
#12601=DIRECTION('',(-0.999999999999999,0.,0.));
#12602=DIRECTION('',(0.829037572555042,-0.559192903470746,0.));
#12603=DIRECTION('',(0.,0.,1.));
#12604=DIRECTION('',(-1.,0.,0.));
#12605=DIRECTION('',(0.,0.,1.));
#12606=DIRECTION('',(1.,0.,0.));
#12607=DIRECTION('',(0.,0.,-1.));
#12608=DIRECTION('',(-1.,0.,0.));
#12609=DIRECTION('',(0.0871557427476585,0.996194698091746,0.));
#12610=DIRECTION('',(0.,0.,1.));
#12611=DIRECTION('',(-1.,0.,0.));
#12612=DIRECTION('',(-0.99026806874157,-0.139173100960065,0.));
#12613=DIRECTION('',(0.,0.,1.));
#12614=DIRECTION('',(-1.,0.,0.));
#12615=DIRECTION('',(2.09816015786252E-015,-1.,0.));
#12616=DIRECTION('',(0.,0.,1.));
#12617=DIRECTION('',(-1.,0.,0.));
#12618=DIRECTION('',(0.156434465040231,-0.987688340595138,0.));
#12619=DIRECTION('',(0.,0.,1.));
#12620=DIRECTION('',(-1.,0.,0.));
#12621=DIRECTION('',(0.974370064785235,-0.224951054343864,0.));
#12622=DIRECTION('',(0.,0.,1.));
#12623=DIRECTION('',(-1.,0.,0.));
#12624=DIRECTION('',(0.,0.,-1.));
#12625=DIRECTION('',(-1.,0.,0.));
#12626=DIRECTION('',(0.0871557427476583,0.996194698091746,0.));
#12627=DIRECTION('',(0.,0.,-1.));
#12628=DIRECTION('',(-1.,0.,0.));
#12629=DIRECTION('',(0.,0.,-1.));
#12630=DIRECTION('',(-1.,0.,0.));
#12631=DIRECTION('',(0.,0.,-1.));
#12632=DIRECTION('',(-1.,0.,0.));
#12633=DIRECTION('',(0.,0.,-1.));
#12634=DIRECTION('',(-1.,0.,0.));
#12635=DIRECTION('',(0.,0.,-1.));
#12636=DIRECTION('',(-1.,0.,0.));
#12637=DIRECTION('',(0.,0.,-1.));
#12638=DIRECTION('',(-1.,0.,0.));
#12639=DIRECTION('',(0.,0.,-1.));
#12640=DIRECTION('',(-1.,0.,0.));
#12641=DIRECTION('',(0.,0.,-1.));
#12642=DIRECTION('',(-1.,0.,0.));
#12643=DIRECTION('',(0.,0.,-1.));
#12644=DIRECTION('',(-1.,0.,0.));
#12645=DIRECTION('',(0.,0.,-1.));
#12646=DIRECTION('',(-1.,0.,0.));
#12647=DIRECTION('',(0.,0.,-1.));
#12648=DIRECTION('',(-1.,0.,0.));
#12649=DIRECTION('',(0.,0.,-1.));
#12650=DIRECTION('',(-1.,0.,0.));
#12651=DIRECTION('',(0.,0.,-1.));
#12652=DIRECTION('',(-1.,0.,0.));
#12653=DIRECTION('',(0.,0.,-1.));
#12654=DIRECTION('',(-0.999999999999998,0.,0.));
#12655=DIRECTION('',(0.,0.,-1.));
#12656=DIRECTION('',(-0.999999999999998,0.,0.));
#12657=DIRECTION('',(0.,0.,1.));
#12658=DIRECTION('',(-1.,0.,0.));
#12659=DIRECTION('',(0.,0.,1.));
#12660=DIRECTION('',(1.,0.,0.));
#12661=DIRECTION('',(0.,0.,1.));
#12662=DIRECTION('',(1.,0.,0.));
#12663=DIRECTION('',(0.,0.,1.));
#12664=DIRECTION('',(1.,0.,0.));
#12665=DIRECTION('',(0.,0.,1.));
#12666=DIRECTION('',(1.,0.,0.));
#12667=DIRECTION('',(0.,0.,1.));
#12668=DIRECTION('',(1.,0.,0.));
#12669=DIRECTION('',(0.,0.,1.));
#12670=DIRECTION('',(1.,0.,0.));
#12671=DIRECTION('',(0.,0.,1.));
#12672=DIRECTION('',(1.,0.,0.));
#12673=DIRECTION('',(0.,0.,1.));
#12674=DIRECTION('',(1.,0.,0.));
#12675=DIRECTION('',(0.,0.,-1.));
#12676=DIRECTION('',(1.,0.,0.));
#12677=DIRECTION('',(2.89120579329469E-016,1.,0.));
#12678=DIRECTION('',(0.,0.,1.));
#12679=DIRECTION('',(-1.,0.,0.));
#12680=DIRECTION('',(-0.769431116393544,-0.638729799778736,0.));
#12681=DIRECTION('',(0.,0.,1.));
#12682=DIRECTION('',(-1.,0.,0.));
#12683=DIRECTION('',(0.449274855512962,-0.893393588629226,0.));
#12684=DIRECTION('',(0.,0.,1.));
#12685=DIRECTION('',(-1.,0.,0.));
#12686=DIRECTION('',(0.342020143325669,0.939692620785908,0.));
#12687=DIRECTION('',(0.,0.,1.));
#12688=DIRECTION('',(-1.,0.,0.));
#12689=DIRECTION('',(0.,1.,0.));
#12690=DIRECTION('',(0.,0.,1.));
#12691=DIRECTION('',(-1.,0.,0.));
#12692=DIRECTION('',(-0.962337103917489,-0.271858967892731,0.));
#12693=DIRECTION('',(0.,0.,1.));
#12694=DIRECTION('',(-0.999999999999999,0.,0.));
#12695=DIRECTION('',(-5.02026671773525E-016,-1.,0.));
#12696=DIRECTION('',(0.,0.,1.));
#12697=DIRECTION('',(-1.,0.,0.));
#12698=DIRECTION('',(1.,0.,0.));
#12699=DIRECTION('',(0.,0.,1.));
#12700=DIRECTION('',(-1.,0.,0.));
#12701=DIRECTION('',(0.,0.,-1.));
#12702=DIRECTION('',(-1.,0.,0.));
#12703=DIRECTION('',(0.,0.,-1.));
#12704=DIRECTION('',(-1.,0.,0.));
#12705=DIRECTION('',(0.0871557427476575,-0.996194698091746,0.));
#12706=DIRECTION('',(0.,0.,-1.));
#12707=DIRECTION('',(-1.,0.,0.));
#12708=DIRECTION('',(0.,0.,1.));
#12709=DIRECTION('',(-1.,0.,0.));
#12710=DIRECTION('',(0.974370064785235,0.224951054343865,0.));
#12711=DIRECTION('',(0.,0.,1.));
#12712=DIRECTION('',(-0.999999999999999,0.,0.));
#12713=DIRECTION('',(0.156434465040231,0.987688340595138,0.));
#12714=DIRECTION('',(0.,0.,1.));
#12715=DIRECTION('',(-1.,0.,0.));
#12716=DIRECTION('',(2.09816015786252E-015,1.,0.));
#12717=DIRECTION('',(0.,0.,1.));
#12718=DIRECTION('',(-1.,0.,0.));
#12719=DIRECTION('',(-0.99026806874157,0.139173100960065,0.));
#12720=DIRECTION('',(0.,0.,1.));
#12721=DIRECTION('',(-1.,0.,0.));
#12722=DIRECTION('',(0.0871557427476585,-0.996194698091746,0.));
#12723=DIRECTION('',(0.,0.,-1.));
#12724=DIRECTION('',(-1.,0.,0.));
#12725=DIRECTION('',(2.94927360307345E-016,1.,0.));
#12726=DIRECTION('',(0.,0.,1.));
#12727=DIRECTION('',(-0.999999999999999,0.,0.));
#12728=DIRECTION('',(-0.838670567945425,-0.544639035015026,0.));
#12729=DIRECTION('',(0.,0.,1.));
#12730=DIRECTION('',(-1.,0.,0.));
#12731=DIRECTION('',(0.,-1.,0.));
#12732=DIRECTION('',(0.,0.,1.));
#12733=DIRECTION('',(-1.,0.,0.));
#12734=DIRECTION('',(0.829037572555042,0.559192903470747,0.));
#12735=DIRECTION('',(0.,0.,1.));
#12736=DIRECTION('',(-1.,0.,0.));
#12737=DIRECTION('',(0.,1.,0.));
#12738=DIRECTION('',(0.,0.,1.));
#12739=DIRECTION('',(-1.,0.,0.));
#12740=DIRECTION('',(-1.,0.,0.));
#12741=DIRECTION('',(0.,0.,1.));
#12742=DIRECTION('',(-1.,0.,0.));
#12743=DIRECTION('',(0.,-1.,0.));
#12744=DIRECTION('',(0.,0.,1.));
#12745=DIRECTION('',(-1.,0.,0.));
#12746=DIRECTION('',(1.,0.,0.));
#12747=DIRECTION('',(0.,0.,1.));
#12748=DIRECTION('',(-1.,0.,0.));
#12749=DIRECTION('',(0.,0.,-1.));
#12750=DIRECTION('',(-1.,0.,0.));
#12751=DIRECTION('',(0.,0.,-1.));
#12752=DIRECTION('',(0.,0.,1.));
#12753=DIRECTION('',(0.,0.,1.));
#12754=DIRECTION('',(1.,0.,0.));
#12755=DIRECTION('',(0.,0.,-1.));
#12756=DIRECTION('',(0.,0.,1.));
#12757=DIRECTION('',(0.,0.,1.));
#12758=DIRECTION('',(1.,0.,0.));
#12759=DIRECTION('',(0.,0.,1.));
#12760=DIRECTION('',(0.,0.,-1.));
#12761=DIRECTION('',(1.,-2.83220159343152E-016,0.));
#12762=DIRECTION('',(2.84494650060196E-016,1.,0.));
#12763=DIRECTION('',(0.,0.,-1.));
#12764=DIRECTION('',(0.,0.,1.));
#12765=DIRECTION('',(-1.,-2.83220159343152E-016,0.));
#12766=DIRECTION('',(2.84494650060196E-016,-1.,0.));
#12767=DIRECTION('',(0.,0.,1.));
#12768=DIRECTION('',(0.,0.,-1.));
#12769=DIRECTION('',(0.,-1.,0.));
#12770=DIRECTION('',(0.,0.,-1.));
#12771=DIRECTION('',(0.,0.,1.));
#12772=DIRECTION('',(1.,0.,0.));
#12773=DIRECTION('',(0.,0.,1.));
#12774=DIRECTION('',(1.,0.,0.));
#12775=DIRECTION('',(0.,0.,1.));
#12776=DIRECTION('',(1.,0.,0.));
#12777=DIRECTION('',(0.,0.,1.));
#12778=DIRECTION('',(1.,0.,0.));
#12779=DIRECTION('',(0.,0.,1.));
#12780=DIRECTION('',(1.,0.,0.));
#12781=DIRECTION('',(0.,0.,1.));
#12782=DIRECTION('',(1.,0.,0.));
#12783=DIRECTION('',(0.,0.,1.));
#12784=DIRECTION('',(1.,0.,0.));
#12785=DIRECTION('',(0.,0.,1.));
#12786=DIRECTION('',(1.,0.,0.));
#12787=DIRECTION('',(0.,0.,1.));
#12788=DIRECTION('',(1.,0.,0.));
#12789=DIRECTION('',(0.,0.,1.));
#12790=DIRECTION('',(1.,0.,0.));
#12791=DIRECTION('',(0.,0.,-1.));
#12792=DIRECTION('',(-0.999999999999998,0.,0.));
#12793=DIRECTION('',(0.,0.,-1.));
#12794=DIRECTION('',(-0.999999999999998,0.,0.));
#12795=DIRECTION('',(0.,0.,-1.));
#12796=DIRECTION('',(-1.,0.,0.));
#12797=DIRECTION('',(0.,0.,-1.));
#12798=DIRECTION('',(-1.,0.,0.));
#12799=DIRECTION('',(0.,0.,-1.));
#12800=DIRECTION('',(-1.,0.,0.));
#12801=DIRECTION('',(0.,0.,-1.));
#12802=DIRECTION('',(-1.,0.,0.));
#12803=DIRECTION('',(0.,0.,1.));
#12804=DIRECTION('',(0.,0.,-1.));
#12805=DIRECTION('',(0.,1.,0.));
#12806=DIRECTION('',(0.,0.,1.));
#12807=DIRECTION('',(0.,0.,-1.));
#12808=DIRECTION('',(-1.,0.,0.));
#12809=DIRECTION('',(0.,0.,-1.));
#12810=DIRECTION('',(-1.,0.,0.));
#12811=DIRECTION('',(0.,0.,-1.));
#12812=DIRECTION('',(-1.,0.,0.));
#12813=DIRECTION('',(0.,0.,-1.));
#12814=DIRECTION('',(-1.,0.,0.));
#12815=DIRECTION('',(0.,0.,-1.));
#12816=DIRECTION('',(-1.,0.,0.));
#12817=DIRECTION('',(0.,0.,-1.));
#12818=DIRECTION('',(-1.,0.,0.));
#12819=DIRECTION('',(0.,0.,-1.));
#12820=DIRECTION('',(-1.,0.,0.));
#12821=DIRECTION('',(0.,0.,-1.));
#12822=DIRECTION('',(-1.,0.,0.));
#12823=DIRECTION('',(0.,0.,1.));
#12824=DIRECTION('',(0.,0.,-1.));
#12825=DIRECTION('',(-1.,-1.98254111540207E-015,0.));
#12826=DIRECTION('',(1.98105420956551E-015,-1.,0.));
#12827=DIRECTION('',(0.,0.,-1.));
#12828=DIRECTION('',(0.,0.,1.));
#12829=DIRECTION('',(0.996194698091746,-0.087155742747658,0.));
#12830=DIRECTION('',(0.087155742747658,0.996194698091746,0.));
#12831=DIRECTION('',(0.,0.,1.));
#12832=DIRECTION('',(0.,0.,-1.));
#12833=DIRECTION('',(-0.139173100960065,0.99026806874157,0.));
#12834=DIRECTION('',(-0.99026806874157,-0.139173100960065,0.));
#12835=DIRECTION('',(0.,0.,1.));
#12836=DIRECTION('',(0.,0.,-1.));
#12837=DIRECTION('',(-0.996194698091746,-0.087155742747658,0.));
#12838=DIRECTION('',(0.087155742747658,-0.996194698091746,0.));
#12839=DIRECTION('',(0.,0.,-1.));
#12840=DIRECTION('',(0.,0.,1.));
#12841=DIRECTION('',(1.,-1.98254111540207E-015,0.));
#12842=DIRECTION('',(1.98105420956551E-015,1.,0.));
#12843=DIRECTION('',(0.,0.,-1.));
#12844=DIRECTION('',(0.,0.,1.));
#12845=DIRECTION('',(0.139173100960065,0.99026806874157,0.));
#12846=DIRECTION('',(-0.99026806874157,0.139173100960065,0.));
#12847=DIRECTION('',(0.,0.,1.));
#12848=DIRECTION('',(1.,0.,0.));
#12849=DIRECTION('',(0.,0.,1.));
#12850=DIRECTION('',(0.999999999999999,0.,0.));
#12851=DIRECTION('',(0.,0.,1.));
#12852=DIRECTION('',(0.999999999999999,0.,0.));
#12853=DIRECTION('',(0.,0.,1.));
#12854=DIRECTION('',(0.999999999999999,0.,0.));
#12855=DIRECTION('',(0.,0.,-1.));
#12856=DIRECTION('',(-1.,0.,0.));
#12857=DIRECTION('',(0.,0.,-1.));
#12858=DIRECTION('',(-1.,0.,0.));
#12859=DIRECTION('',(0.,0.,-1.));
#12860=DIRECTION('',(-1.,0.,0.));
#12861=DIRECTION('',(0.,0.,-1.));
#12862=DIRECTION('',(-1.,0.,0.));
#12863=DIRECTION('',(0.,0.,-1.));
#12864=DIRECTION('',(-1.,0.,0.));
#12865=DIRECTION('',(0.,0.,-1.));
#12866=DIRECTION('',(-1.,0.,0.));
#12867=DIRECTION('',(0.,0.,1.));
#12868=DIRECTION('',(0.,0.,-1.));
#12869=DIRECTION('',(0.224951054343864,0.974370064785235,0.));
#12870=DIRECTION('',(-0.974370064785235,0.224951054343864,0.));
#12871=DIRECTION('',(0.,0.,1.));
#12872=DIRECTION('',(0.,0.,1.));
#12873=DIRECTION('',(0.,0.,-1.));
#12874=DIRECTION('',(-1.,0.,0.));
#12875=DIRECTION('',(0.,0.,-1.));
#12876=DIRECTION('',(-0.996194698091746,0.0871557427476583,0.));
#12877=DIRECTION('',(-0.0871557427476583,-0.996194698091746,0.));
#12878=DIRECTION('',(0.,0.,1.));
#12879=DIRECTION('',(0.,0.,-1.));
#12880=DIRECTION('',(-0.996194698091746,0.0871557427476585,0.));
#12881=DIRECTION('',(-0.0871557427476585,-0.996194698091746,0.));
#12882=DIRECTION('',(0.,0.,1.));
#12883=DIRECTION('',(0.,0.,-1.));
#12884=DIRECTION('',(0.139173100960065,-0.99026806874157,0.));
#12885=DIRECTION('',(0.99026806874157,0.139173100960065,0.));
#12886=DIRECTION('',(0.,0.,-1.));
#12887=DIRECTION('',(0.,0.,1.));
#12888=DIRECTION('',(1.,2.09816015786252E-015,0.));
#12889=DIRECTION('',(-2.09901540593194E-015,1.,0.));
#12890=DIRECTION('',(0.,0.,-1.));
#12891=DIRECTION('',(0.,0.,1.));
#12892=DIRECTION('',(0.987688340595138,0.156434465040231,0.));
#12893=DIRECTION('',(-0.156434465040231,0.987688340595138,0.));
#12894=DIRECTION('',(0.,0.,-1.));
#12895=DIRECTION('',(0.,0.,1.));
#12896=DIRECTION('',(0.893393588629226,0.449274855512962,0.));
#12897=DIRECTION('',(-0.449274855512962,0.893393588629226,0.));
#12898=DIRECTION('',(0.,0.,1.));
#12899=DIRECTION('',(0.,0.,-1.));
#12900=DIRECTION('',(-1.,2.89120579329469E-016,0.));
#12901=DIRECTION('',(-2.91433543964104E-016,-1.,0.));
#12902=DIRECTION('',(0.,0.,1.));
#12903=DIRECTION('',(0.,0.,-1.));
#12904=DIRECTION('',(0.638729799778736,-0.769431116393544,0.));
#12905=DIRECTION('',(0.769431116393544,0.638729799778736,0.));
#12906=DIRECTION('',(0.,0.,-1.));
#12907=DIRECTION('',(0.,0.,1.));
#12908=DIRECTION('',(1.,2.94927360307345E-016,0.));
#12909=DIRECTION('',(-2.94902990916057E-016,1.,0.));
#12910=DIRECTION('',(0.,0.,-1.));
#12911=DIRECTION('',(0.,0.,1.));
#12912=DIRECTION('',(0.559192903470746,0.829037572555042,0.));
#12913=DIRECTION('',(-0.829037572555042,0.559192903470746,0.));
#12914=DIRECTION('',(0.,0.,-1.));
#12915=DIRECTION('',(0.,0.,1.));
#12916=DIRECTION('',(-1.,5.78241158658936E-016,0.));
#12917=DIRECTION('',(-5.759281940243E-016,-1.,0.));
#12918=DIRECTION('',(0.,0.,1.));
#12919=DIRECTION('',(0.,0.,-1.));
#12920=DIRECTION('',(-0.544639035015027,-0.838670567945424,0.));
#12921=DIRECTION('',(0.838670567945424,-0.544639035015027,0.));
#12922=DIRECTION('',(0.,0.,1.));
#12923=DIRECTION('',(0.,0.,1.));
#12924=DIRECTION('',(0.,0.,-1.));
#12925=DIRECTION('',(-0.999999999999999,0.,0.));
#12926=DIRECTION('',(0.,0.,1.));
#12927=DIRECTION('',(1.,-5.02026671773525E-016,0.));
#12928=DIRECTION('',(5.03069808033274E-016,1.,0.));
#12929=DIRECTION('',(0.,0.,1.));
#12930=DIRECTION('',(0.,0.,-1.));
#12931=DIRECTION('',(-1.,0.,0.));
#12932=DIRECTION('',(0.,0.,1.));
#12933=DIRECTION('',(0.,1.,0.));
#12934=DIRECTION('',(0.,0.,1.));
#12935=DIRECTION('',(0.,0.,1.));
#12936=DIRECTION('',(0.,0.,-1.));
#12937=DIRECTION('',(-1.,0.,0.));
#12938=DIRECTION('',(0.,0.,-1.));
#12939=DIRECTION('',(-0.939692620785908,0.342020143325669,0.));
#12940=DIRECTION('',(-0.342020143325669,-0.939692620785908,0.));
#12941=DIRECTION('',(0.,0.,1.));
#12942=DIRECTION('',(0.,0.,-1.));
#12943=DIRECTION('',(-1.,0.,0.));
#12944=DIRECTION('',(0.,0.,1.));
#12945=DIRECTION('',(0.,0.,1.));
#12946=DIRECTION('',(0.271858967892731,-0.962337103917489,0.));
#12947=DIRECTION('',(0.962337103917489,0.271858967892731,0.));
#12948=DIRECTION('',(0.,0.,-1.));
#12949=DIRECTION('',(0.,0.,1.));
#12950=DIRECTION('',(0.707106781186547,0.707106781186548,0.));
#12951=DIRECTION('',(-0.707106781186548,0.707106781186547,0.));
#12952=DIRECTION('',(0.,0.,-1.));
#12953=DIRECTION('',(0.,0.,1.));
#12954=DIRECTION('',(-0.707106781186547,0.707106781186548,0.));
#12955=DIRECTION('',(-0.707106781186548,-0.707106781186547,0.));
#12956=DIRECTION('',(0.,0.,1.));
#12957=DIRECTION('',(0.,0.,-1.));
#12958=DIRECTION('',(0.,-1.,0.));
#12959=DIRECTION('',(0.,0.,-1.));
#12960=DIRECTION('',(0.,0.,-1.));
#12961=DIRECTION('',(0.,0.,1.));
#12962=DIRECTION('',(0.996194698091746,0.0871557427476585,0.));
#12963=DIRECTION('',(-0.0871557427476585,0.996194698091746,0.));
#12964=DIRECTION('',(0.,0.,1.));
#12965=DIRECTION('',(0.,0.,1.));
#12966=DIRECTION('',(0.996194698091746,0.0871557427476575,0.));
#12967=DIRECTION('',(-0.0871557427476575,0.996194698091746,0.));
#12968=DIRECTION('',(0.,0.,-1.));
#12969=DIRECTION('',(0.,0.,-1.));
#12970=DIRECTION('',(-1.,0.,0.));
#12971=DIRECTION('',(0.,0.,-1.));
#12972=DIRECTION('',(0.,0.,1.));
#12973=DIRECTION('',(-0.224951054343865,0.974370064785235,0.));
#12974=DIRECTION('',(-0.974370064785235,-0.224951054343865,0.));
#12975=DIRECTION('',(0.,0.,-1.));
#12976=DIRECTION('',(0.,0.,1.));
#12977=DIRECTION('',(-0.987688340595138,0.156434465040231,0.));
#12978=DIRECTION('',(-0.156434465040231,-0.987688340595138,0.));
#12979=DIRECTION('',(0.,0.,1.));
#12980=DIRECTION('',(0.,0.,-1.));
#12981=DIRECTION('',(-1.,2.09816015786252E-015,0.));
#12982=DIRECTION('',(-2.09901540593194E-015,-1.,0.));
#12983=DIRECTION('',(0.,0.,1.));
#12984=DIRECTION('',(0.,0.,-1.));
#12985=DIRECTION('',(-0.139173100960065,-0.99026806874157,0.));
#12986=DIRECTION('',(0.99026806874157,-0.139173100960065,0.));
#12987=DIRECTION('',(0.,0.,-1.));
#12988=DIRECTION('',(0.,0.,1.));
#12989=DIRECTION('',(1.,0.,0.));
#12990=DIRECTION('',(0.,0.,-1.));
#12991=DIRECTION('',(0.,0.,1.));
#12992=DIRECTION('',(0.,0.,1.));
#12993=DIRECTION('',(0.939692620785908,0.342020143325669,0.));
#12994=DIRECTION('',(-0.342020143325669,0.939692620785908,0.));
#12995=DIRECTION('',(0.,0.,1.));
#12996=DIRECTION('',(0.,0.,-1.));
#12997=DIRECTION('',(-1.,0.,0.));
#12998=DIRECTION('',(0.,0.,1.));
#12999=DIRECTION('',(0.,1.,0.));
#13000=DIRECTION('',(0.,0.,1.));
#13001=DIRECTION('',(0.,0.,1.));
#13002=DIRECTION('',(0.,0.,-1.));
#13003=DIRECTION('',(-1.,0.,0.));
#13004=DIRECTION('',(0.,0.,1.));
#13005=DIRECTION('',(-1.,-5.02026671773525E-016,0.));
#13006=DIRECTION('',(5.03069808033274E-016,-1.,0.));
#13007=DIRECTION('',(0.,0.,1.));
#13008=DIRECTION('',(0.,0.,-1.));
#13009=DIRECTION('',(-1.,0.,0.));
#13010=DIRECTION('',(0.,0.,-1.));
#13011=DIRECTION('',(-0.271858967892731,-0.962337103917489,0.));
#13012=DIRECTION('',(0.962337103917489,-0.271858967892731,0.));
#13013=DIRECTION('',(0.,0.,-1.));
#13014=DIRECTION('',(0.,0.,1.));
#13015=DIRECTION('',(1.,0.,0.));
#13016=DIRECTION('',(0.,0.,-1.));
#13017=DIRECTION('',(0.,0.,-1.));
#13018=DIRECTION('',(0.,0.,1.));
#13019=DIRECTION('',(-0.559192903470747,0.829037572555042,0.));
#13020=DIRECTION('',(-0.829037572555042,-0.559192903470747,0.));
#13021=DIRECTION('',(0.,0.,1.));
#13022=DIRECTION('',(0.,0.,-1.));
#13023=DIRECTION('',(-1.,2.94927360307345E-016,0.));
#13024=DIRECTION('',(-2.94902990916057E-016,-1.,0.));
#13025=DIRECTION('',(0.,0.,-1.));
#13026=DIRECTION('',(0.,0.,1.));
#13027=DIRECTION('',(0.544639035015026,-0.838670567945424,0.));
#13028=DIRECTION('',(0.838670567945425,0.544639035015026,0.));
#13029=DIRECTION('',(0.,0.,-1.));
#13030=DIRECTION('',(0.,0.,1.));
#13031=DIRECTION('',(1.,2.89120579329468E-016,0.));
#13032=DIRECTION('',(-2.91433543964104E-016,1.,0.));
#13033=DIRECTION('',(0.,0.,-1.));
#13034=DIRECTION('',(0.,0.,1.));
#13035=DIRECTION('',(-0.893393588629226,0.449274855512962,0.));
#13036=DIRECTION('',(-0.449274855512962,-0.893393588629226,0.));
#13037=DIRECTION('',(0.,0.,1.));
#13038=DIRECTION('',(0.,0.,-1.));
#13039=DIRECTION('',(-0.638729799778736,-0.769431116393545,0.));
#13040=DIRECTION('',(0.769431116393545,-0.638729799778736,0.));
#13041=DIRECTION('',(0.,0.,-1.));
#13042=DIRECTION('',(0.,0.,1.));
#13043=DIRECTION('',(-1.,5.33761069531325E-016,0.));
#13044=DIRECTION('',(-5.34294830600857E-016,-1.,0.));
#13045=DIRECTION('',(0.,0.,1.));
#13046=DIRECTION('',(0.,0.,-1.));
#13047=DIRECTION('',(-1.,0.,0.));
#13048=DIRECTION('',(0.,0.,1.));
#13049=DIRECTION('',(0.,1.,0.));
#13050=DIRECTION('',(0.,0.,1.));
#13051=DIRECTION('',(0.,0.,1.));
#13052=DIRECTION('',(0.,0.,-1.));
#13053=DIRECTION('',(-1.,0.,0.));
#13054=DIRECTION('',(0.,0.,1.));
#13055=DIRECTION('',(1.,5.33761069531325E-016,0.));
#13056=DIRECTION('',(-5.34294830600857E-016,1.,0.));
#13057=DIRECTION('',(0.,0.,1.));
#13058=DIRECTION('',(0.,0.,1.));
#13059=DIRECTION('',(0.,0.,-1.));
#13060=DIRECTION('',(-1.,0.,0.));
#13061=DIRECTION('',(0.,0.,1.));
#13062=DIRECTION('',(0.,1.,0.));
#13063=DIRECTION('',(0.,0.,1.));
#13064=DIRECTION('',(0.,0.,1.));
#13065=DIRECTION('',(0.,0.,-1.));
#13066=DIRECTION('',(-1.,0.,0.));
#13067=DIRECTION('',(0.,0.,1.));
#13068=DIRECTION('',(-0.811319832096706,-0.58460254023274,0.));
#13069=DIRECTION('',(0.58460254023274,-0.811319832096706,0.));
#13070=DIRECTION('',(0.,0.,1.));
#13071=DIRECTION('',(0.,0.,-1.));
#13072=DIRECTION('',(-1.,0.,0.));
#13073=DIRECTION('',(0.,0.,1.));
#13074=DIRECTION('',(4.37277737865819E-015,-1.,0.));
#13075=DIRECTION('',(1.,4.37323788293753E-015,0.));
#13076=DIRECTION('',(0.,0.,1.));
#13077=DIRECTION('',(0.,0.,-1.));
#13078=DIRECTION('',(-1.,0.,0.));
#13079=DIRECTION('',(0.811319832096706,-0.58460254023274,0.));
#13080=DIRECTION('',(0.58460254023274,0.811319832096706,0.));
#13081=DIRECTION('',(0.,0.,-1.));
#13082=DIRECTION('',(0.,0.,1.));
#13083=DIRECTION('',(1.,0.,0.));
#13084=DIRECTION('',(0.,0.,-1.));
#13085=DIRECTION('',(0.,0.,-1.));
#13086=DIRECTION('',(0.,0.,1.));
#13087=DIRECTION('',(0.,1.,0.));
#13088=DIRECTION('',(0.,0.,1.));
#13089=DIRECTION('',(0.,0.,-1.));
#13090=DIRECTION('',(0.,0.,1.));
#13091=DIRECTION('',(-1.,0.,0.));
#13092=DIRECTION('',(0.,0.,1.));
#13093=DIRECTION('',(0.,0.,1.));
#13094=DIRECTION('',(0.,0.,-1.));
#13095=DIRECTION('',(0.,-1.,0.));
#13096=DIRECTION('',(0.,0.,-1.));
#13097=DIRECTION('',(0.,0.,-1.));
#13098=DIRECTION('',(-1.,0.,0.));
#13099=DIRECTION('',(0.,0.,1.));
#13100=DIRECTION('',(1.,0.,0.));
#13101=DIRECTION('',(0.,0.,-1.));
#13102=DIRECTION('',(-1.,0.,0.));
#13103=DIRECTION('',(0.,0.,-1.));
#13104=DIRECTION('',(-1.,0.,0.));
#13105=DIRECTION('',(0.,0.,1.));
#13106=DIRECTION('',(1.,0.,0.));
#13107=DIRECTION('',(0.,0.,1.));
#13108=DIRECTION('',(1.,0.,0.));
#13109=DIRECTION('',(0.,0.,1.));
#13110=DIRECTION('',(1.,0.,0.));
#13111=DIRECTION('',(0.,0.,-1.));
#13112=DIRECTION('',(-1.,0.,0.));
#13113=DIRECTION('',(0.,0.,-1.));
#13114=DIRECTION('',(-1.,0.,0.));
#13115=DIRECTION('',(0.,0.,-1.));
#13116=DIRECTION('',(-1.,0.,0.));
#13117=DIRECTION('',(0.,0.,-1.));
#13118=DIRECTION('',(-1.,0.,0.));
#13119=DIRECTION('',(0.,0.,-1.));
#13120=DIRECTION('',(-1.,0.,0.));
#13121=DIRECTION('',(0.,0.,-1.));
#13122=DIRECTION('',(-0.999999999999999,0.,0.));
#13123=DIRECTION('',(0.,0.,-1.));
#13124=DIRECTION('',(-1.,0.,0.));
#13125=DIRECTION('',(0.,0.,-1.));
#13126=DIRECTION('',(-1.,0.,0.));
#13127=DIRECTION('',(0.,0.,-1.));
#13128=DIRECTION('',(-1.,0.,0.));
#13129=DIRECTION('',(0.,0.,-1.));
#13130=DIRECTION('',(-1.,0.,0.));
#13131=DIRECTION('',(0.,0.,-1.));
#13132=DIRECTION('',(-1.,0.,0.));
#13133=DIRECTION('',(0.,0.,-1.));
#13134=DIRECTION('',(-1.,0.,0.));
#13135=DIRECTION('',(0.,0.,-1.));
#13136=DIRECTION('',(-0.999999999999999,0.,0.));
#13137=DIRECTION('',(0.,0.,-1.));
#13138=DIRECTION('',(-1.,0.,0.));
#13139=DIRECTION('',(0.,0.,-1.));
#13140=DIRECTION('',(-1.,0.,0.));
#13141=DIRECTION('',(0.,0.,-1.));
#13142=DIRECTION('',(-1.,0.,0.));
#13143=DIRECTION('',(0.,0.,-1.));
#13144=DIRECTION('',(-1.,0.,0.));
#13145=DIRECTION('',(0.,0.,-1.));
#13146=DIRECTION('',(-0.999999999999999,0.,0.));
#13147=DIRECTION('',(0.,0.,-1.));
#13148=DIRECTION('',(-1.,0.,0.));
#13149=DIRECTION('',(0.,0.,-1.));
#13150=DIRECTION('',(-1.,0.,0.));
#13151=DIRECTION('',(0.,0.,-1.));
#13152=DIRECTION('',(-1.,0.,0.));
#13153=DIRECTION('',(0.,0.,-1.));
#13154=DIRECTION('',(-1.,0.,0.));
#13155=DIRECTION('',(0.,0.,-1.));
#13156=DIRECTION('',(-1.,0.,0.));
#13157=DIRECTION('',(0.,0.,-1.));
#13158=DIRECTION('',(-1.,0.,0.));
#13159=DIRECTION('',(0.,0.,-1.));
#13160=DIRECTION('',(-1.,0.,0.));
#13161=DIRECTION('',(0.,0.,-1.));
#13162=DIRECTION('',(-1.,0.,0.));
#13163=DIRECTION('',(0.,0.,-1.));
#13164=DIRECTION('',(-1.,0.,0.));
#13165=DIRECTION('',(0.,0.,-1.));
#13166=DIRECTION('',(-1.,0.,0.));
#13167=DIRECTION('',(0.,0.,-1.));
#13168=DIRECTION('',(-0.999999999999999,0.,0.));
#13169=DIRECTION('',(0.,0.,-1.));
#13170=DIRECTION('',(-1.,0.,0.));
#13171=DIRECTION('',(0.,0.,-1.));
#13172=DIRECTION('',(-1.,0.,0.));
#13173=DIRECTION('',(0.,0.,-1.));
#13174=DIRECTION('',(-1.,0.,0.));
#13175=DIRECTION('',(0.,0.,-1.));
#13176=DIRECTION('',(-1.,0.,0.));
#13177=DIRECTION('',(0.,0.,1.));
#13178=DIRECTION('',(1.,0.,0.));
#13179=DIRECTION('',(0.,0.,-1.));
#13180=DIRECTION('',(-1.,0.,0.));
#13181=DIRECTION('',(0.,0.,-1.));
#13182=DIRECTION('',(0.,0.,-1.));
#13183=DIRECTION('',(1.,0.,0.));
#13184=DIRECTION('',(0.,0.,-1.));
#13185=DIRECTION('',(0.,0.,-1.));
#13186=DIRECTION('',(1.,0.,0.));
#13187=DIRECTION('',(0.,0.,-1.));
#13188=DIRECTION('',(-1.,0.,0.));
#13189=DIRECTION('',(0.,0.,-1.));
#13190=DIRECTION('',(0.,0.,-1.));
#13191=DIRECTION('',(-1.,0.,0.));
#13192=DIRECTION('',(0.,0.,-1.));
#13193=DIRECTION('',(0.,0.,-1.));
#13194=DIRECTION('',(-1.,0.,0.));
#13195=DIRECTION('',(0.,0.,-1.));
#13196=DIRECTION('',(-1.,0.,0.));
#13197=DIRECTION('',(0.,0.,1.));
#13198=DIRECTION('',(1.,0.,0.));
#13199=DIRECTION('',(0.,0.,1.));
#13200=DIRECTION('',(0.999999999999999,0.,0.));
#13201=DIRECTION('',(0.,0.,1.));
#13202=DIRECTION('',(1.,0.,0.));
#13203=DIRECTION('',(0.,0.,1.));
#13204=DIRECTION('',(1.,0.,0.));
#13205=DIRECTION('',(0.,0.,1.));
#13206=DIRECTION('',(0.999999999999999,0.,0.));
#13207=DIRECTION('',(0.,0.,1.));
#13208=DIRECTION('',(1.,0.,0.));
#13209=DIRECTION('',(1.,0.,0.));
#13210=DIRECTION('',(0.,0.,1.));
#13211=DIRECTION('',(1.,0.,0.));
#13212=DIRECTION('',(0.707106781186547,0.707106781186548,0.));
#13213=DIRECTION('',(0.,0.,-1.));
#13214=DIRECTION('',(-1.,0.,0.));
#13215=DIRECTION('',(-0.707106781186547,-0.707106781186547,0.));
#13216=DIRECTION('',(0.,0.,1.));
#13217=DIRECTION('',(1.,0.,0.));
#13218=DIRECTION('',(0.,-1.,0.));
#13219=DIRECTION('',(0.,0.,1.));
#13220=DIRECTION('',(-1.,0.,0.));
#13221=DIRECTION('',(0.707106781186547,-0.707106781186547,0.));
#13222=DIRECTION('',(-0.427845427199889,-0.903851918415923,0.));
#13223=DIRECTION('',(0.,0.,-1.));
#13224=DIRECTION('',(1.,0.,0.));
#13225=DIRECTION('',(-1.,0.,0.));
#13226=DIRECTION('',(0.,0.,-1.));
#13227=DIRECTION('',(1.,0.,0.));
#13228=DIRECTION('',(-0.427845427199889,0.903851918415923,0.));
#13229=DIRECTION('',(0.707106781186547,0.707106781186547,0.));
#13230=DIRECTION('',(0.,0.,1.));
#13231=DIRECTION('',(-1.,0.,0.));
#13232=DIRECTION('',(0.,1.,0.));
#13233=DIRECTION('',(0.,0.,1.));
#13234=DIRECTION('',(1.,0.,0.));
#13235=DIRECTION('',(-0.707106781186547,0.707106781186547,0.));
#13236=DIRECTION('',(0.,0.,-1.));
#13237=DIRECTION('',(1.,0.,0.));
#13238=DIRECTION('',(0.707106781186547,-0.707106781186548,0.));
#13239=DIRECTION('',(0.,0.,1.));
#13240=DIRECTION('',(1.,0.,0.));
#13241=DIRECTION('',(1.73472347597681E-016,1.,0.));
#13242=DIRECTION('',(0.,0.,1.));
#13243=DIRECTION('',(1.,0.,0.));
#13244=DIRECTION('',(-1.,0.,0.));
#13245=DIRECTION('',(0.,0.,1.));
#13246=DIRECTION('',(1.,0.,0.));
#13247=DIRECTION('',(1.73472347597681E-016,-1.,0.));
#13248=DIRECTION('',(0.,0.,1.));
#13249=DIRECTION('',(1.,0.,0.));
#13250=DIRECTION('',(1.,0.,0.));
#13251=DIRECTION('',(0.,0.,1.));
#13252=DIRECTION('',(1.,0.,0.));
#13253=DIRECTION('',(0.,0.,1.));
#13254=DIRECTION('',(1.,0.,0.));
#13255=DIRECTION('',(0.707106781186547,0.707106781186547,0.));
#13256=DIRECTION('',(0.,0.,-1.));
#13257=DIRECTION('',(-0.707106781186547,0.707106781186547,0.));
#13258=DIRECTION('',(-0.707106781186548,-0.707106781186548,0.));
#13259=DIRECTION('',(0.,0.,1.));
#13260=DIRECTION('',(-1.,0.,0.));
#13261=DIRECTION('',(0.,0.,-1.));
#13262=DIRECTION('',(0.,0.,-1.));
#13263=DIRECTION('',(-1.,0.,0.));
#13264=DIRECTION('',(0.,1.,0.));
#13265=DIRECTION('',(0.,0.,-1.));
#13266=DIRECTION('',(-1.,0.,0.));
#13267=DIRECTION('',(0.,0.,1.));
#13268=DIRECTION('',(0.,0.,1.));
#13269=DIRECTION('',(1.,0.,0.));
#13270=DIRECTION('',(0.,0.,-1.));
#13271=DIRECTION('',(0.,0.,-1.));
#13272=DIRECTION('',(-1.,0.,0.));
#13273=DIRECTION('',(-0.707106781186547,0.707106781186547,0.));
#13274=DIRECTION('',(0.,0.,-1.));
#13275=DIRECTION('',(-0.707106781186547,-0.707106781186547,0.));
#13276=DIRECTION('',(0.707106781186548,-0.707106781186548,0.));
#13277=DIRECTION('',(0.,0.,-1.));
#13278=DIRECTION('',(1.,0.,0.));
#13279=DIRECTION('',(0.,0.,-1.));
#13280=DIRECTION('',(0.,0.,-1.));
#13281=DIRECTION('',(-1.,0.,0.));
#13282=DIRECTION('',(0.707106781186547,-0.707106781186548,0.));
#13283=DIRECTION('',(0.,0.,1.));
#13284=DIRECTION('',(0.707106781186548,0.707106781186547,0.));
#13285=DIRECTION('',(-0.707106781186547,0.707106781186548,0.));
#13286=DIRECTION('',(1.,0.,0.));
#13287=DIRECTION('',(0.,0.,1.));
#13288=DIRECTION('',(0.,0.,-1.));
#13289=DIRECTION('',(0.,1.,0.));
#13290=DIRECTION('',(0.,0.,1.));
#13291=DIRECTION('',(0.,0.,-1.));
#13292=DIRECTION('',(0.707106781186547,0.707106781186548,0.));
#13293=DIRECTION('',(0.,0.,-1.));
#13294=DIRECTION('',(-0.707106781186548,0.707106781186547,0.));
#13295=DIRECTION('',(-0.707106781186547,-0.707106781186548,0.));
#13296=DIRECTION('',(0.,0.,-1.));
#13297=DIRECTION('',(-1.,0.,0.));
#13298=DIRECTION('',(0.,0.,-1.));
#13299=DIRECTION('',(0.,0.,-1.));
#13300=DIRECTION('',(-1.,0.,0.));
#13301=DIRECTION('',(-0.707106781186547,-0.707106781186547,0.));
#13302=DIRECTION('',(0.,0.,-1.));
#13303=DIRECTION('',(0.707106781186547,-0.707106781186547,0.));
#13304=DIRECTION('',(0.707106781186548,0.707106781186547,0.));
#13305=DIRECTION('',(0.,0.,1.));
#13306=DIRECTION('',(1.,0.,0.));
#13307=DIRECTION('',(0.,0.,-1.));
#13308=DIRECTION('',(0.,0.,-1.));
#13309=DIRECTION('',(-1.,0.,0.));
#13310=DIRECTION('',(0.,-1.,0.));
#13311=DIRECTION('',(0.,0.,-1.));
#13312=DIRECTION('',(1.,0.,0.));
#13313=DIRECTION('',(0.,0.,-1.));
#13314=DIRECTION('',(0.,0.,1.));
#13315=DIRECTION('',(-1.,0.,0.));
#13316=DIRECTION('',(0.,0.,-1.));
#13317=DIRECTION('',(0.,0.,-1.));
#13318=DIRECTION('',(-1.,0.,0.));
#13319=DIRECTION('',(0.707106781186547,-0.707106781186547,0.));
#13320=DIRECTION('',(0.707106781186547,0.707106781186547,0.));
#13321=DIRECTION('',(-0.707106781186548,0.707106781186548,0.));
#13322=DIRECTION('',(0.,0.,1.));
#13323=DIRECTION('',(1.,0.,0.));
#13324=DIRECTION('',(0.,0.,1.));
#13325=DIRECTION('',(0.999999999999999,0.,0.));
#13326=DIRECTION('',(0.,0.,1.));
#13327=DIRECTION('',(1.,0.,0.));
#13328=DIRECTION('',(0.,0.,1.));
#13329=DIRECTION('',(1.,0.,0.));
#13330=DIRECTION('',(0.,0.,1.));
#13331=DIRECTION('',(0.999999999999999,0.,0.));
#13332=DIRECTION('',(0.,0.,1.));
#13333=DIRECTION('',(1.,0.,0.));
#13334=DIRECTION('',(0.,0.,-1.));
#13335=DIRECTION('',(1.,0.,0.));
#13336=DIRECTION('',(0.,0.,-1.));
#13337=DIRECTION('',(1.,0.,0.));
#13338=DIRECTION('',(0.427845427199889,-0.903851918415923,0.));
#13339=DIRECTION('',(0.,0.,1.));
#13340=DIRECTION('',(1.,0.,0.));
#13341=DIRECTION('',(-1.,0.,0.));
#13342=DIRECTION('',(0.,0.,1.));
#13343=DIRECTION('',(1.,0.,0.));
#13344=DIRECTION('',(0.427845427199889,0.903851918415923,0.));
#13345=DIRECTION('',(-1.,0.,0.));
#13346=DIRECTION('',(0.,0.,-1.));
#13347=DIRECTION('',(1.,0.,0.));
#13348=DIRECTION('',(1.73472347597681E-016,1.,0.));
#13349=DIRECTION('',(0.,0.,-1.));
#13350=DIRECTION('',(1.,0.,0.));
#13351=DIRECTION('',(1.,0.,0.));
#13352=DIRECTION('',(0.,0.,-1.));
#13353=DIRECTION('',(1.,0.,0.));
#13354=DIRECTION('',(1.73472347597681E-016,-1.,0.));
#13355=DIRECTION('',(0.,0.,-1.));
#13356=DIRECTION('',(1.,0.,0.));
#13357=DIRECTION('',(0.,0.,1.));
#13358=DIRECTION('',(1.,0.,0.));
#13359=DIRECTION('',(0.,0.,1.));
#13360=DIRECTION('',(1.,0.,0.));
#13361=DIRECTION('',(0.,0.,1.));
#13362=DIRECTION('',(0.999999999999999,0.,0.));
#13363=DIRECTION('',(0.,0.,1.));
#13364=DIRECTION('',(1.,0.,0.));
#13365=DIRECTION('',(0.,0.,1.));
#13366=DIRECTION('',(1.,0.,0.));
#13367=DIRECTION('',(0.,0.,1.));
#13368=DIRECTION('',(0.999999999999999,0.,0.));
#13369=DIRECTION('',(0.,0.,1.));
#13370=DIRECTION('',(1.,0.,0.));
#13371=DIRECTION('',(0.,0.,1.));
#13372=DIRECTION('',(-0.903851918415923,0.427845427199889,0.));
#13373=DIRECTION('',(-0.427845427199889,-0.903851918415923,0.));
#13374=DIRECTION('',(0.,0.,-1.));
#13375=DIRECTION('',(0.903851918415923,0.427845427199889,0.));
#13376=DIRECTION('',(-0.427845427199889,0.903851918415923,0.));
#13377=DIRECTION('',(0.,0.,-1.));
#13378=DIRECTION('',(0.,0.,1.));
#13379=DIRECTION('',(0.,-1.,0.));
#13380=DIRECTION('',(0.,0.,-1.));
#13381=DIRECTION('',(0.,0.,-1.));
#13382=DIRECTION('',(-1.,0.,0.));
#13383=DIRECTION('',(0.,0.,-1.));
#13384=DIRECTION('',(-1.,0.,0.));
#13385=DIRECTION('',(0.,0.,-1.));
#13386=DIRECTION('',(0.,0.,1.));
#13387=DIRECTION('',(1.,1.73472347597681E-016,0.));
#13388=DIRECTION('',(-1.73472347597681E-016,1.,0.));
#13389=DIRECTION('',(0.,0.,-1.));
#13390=DIRECTION('',(0.,0.,1.));
#13391=DIRECTION('',(0.,1.,0.));
#13392=DIRECTION('',(0.,0.,1.));
#13393=DIRECTION('',(0.,0.,1.));
#13394=DIRECTION('',(0.,0.,-1.));
#13395=DIRECTION('',(-1.,1.73472347597681E-016,0.));
#13396=DIRECTION('',(-1.73472347597681E-016,-1.,0.));
#13397=DIRECTION('',(0.,0.,-1.));
#13398=DIRECTION('',(0.,0.,1.));
#13399=DIRECTION('',(0.,-1.,0.));
#13400=DIRECTION('',(0.,0.,-1.));
#13401=DIRECTION('',(0.,0.,-1.));
#13402=DIRECTION('',(-1.,0.,0.));
#13403=DIRECTION('',(0.,0.,-1.));
#13404=DIRECTION('',(-1.,0.,0.));
#13405=DIRECTION('',(0.,0.,-1.));
#13406=DIRECTION('',(-1.,0.,0.));
#13407=DIRECTION('',(0.,0.,-1.));
#13408=DIRECTION('',(-1.,0.,0.));
#13409=DIRECTION('',(0.,0.,-1.));
#13410=DIRECTION('',(-1.,0.,0.));
#13411=DIRECTION('',(0.,0.,-1.));
#13412=DIRECTION('',(-1.,0.,0.));
#13413=DIRECTION('',(2.32788698711726E-015,1.,0.));
#13414=DIRECTION('',(0.,0.,1.));
#13415=DIRECTION('',(2.32788698711726E-015,1.,0.));
#13416=DIRECTION('',(0.,0.,-1.));
#13417=DIRECTION('',(-1.,2.32788698711726E-015,0.));
#13418=DIRECTION('',(-2.32452945780892E-015,-1.,0.));
#13419=DIRECTION('',(2.32788698711726E-015,1.,0.));
#13420=DIRECTION('',(0.,0.,1.));
#13421=DIRECTION('',(2.32788698711726E-015,1.,0.));
#13422=DIRECTION('',(0.,0.,-1.));
#13423=DIRECTION('',(-1.,2.32788698711726E-015,0.));
#13424=DIRECTION('',(-2.32452945780892E-015,-1.,0.));
#13425=DIRECTION('',(2.32788698711726E-015,-1.,0.));
#13426=DIRECTION('',(0.,0.,1.));
#13427=DIRECTION('',(2.32788698711726E-015,-1.,0.));
#13428=DIRECTION('',(0.,0.,-1.));
#13429=DIRECTION('',(1.,2.32788698711726E-015,0.));
#13430=DIRECTION('',(-2.32452945780892E-015,1.,0.));
#13431=DIRECTION('',(2.32788698711726E-015,-1.,0.));
#13432=DIRECTION('',(0.,0.,1.));
#13433=DIRECTION('',(2.32788698711726E-015,-1.,0.));
#13434=DIRECTION('',(0.,0.,-1.));
#13435=DIRECTION('',(1.,2.32788698711726E-015,0.));
#13436=DIRECTION('',(-2.32452945780892E-015,1.,0.));
#13437=DIRECTION('',(0.,0.,-1.));
#13438=DIRECTION('',(-1.,0.,0.));
#13439=DIRECTION('',(0.,0.,-1.));
#13440=DIRECTION('',(-1.,0.,0.));
#13441=DIRECTION('',(0.,0.,-1.));
#13442=DIRECTION('',(-1.,0.,0.));
#13443=DIRECTION('',(0.,0.,-1.));
#13444=DIRECTION('',(-1.,0.,0.));
#13445=DIRECTION('',(0.,0.,-1.));
#13446=DIRECTION('',(-1.,0.,0.));
#13447=DIRECTION('',(0.,0.,-1.));
#13448=DIRECTION('',(-1.,0.,0.));
#13449=DIRECTION('',(0.,0.,-1.));
#13450=DIRECTION('',(-1.,0.,0.));
#13451=DIRECTION('',(0.,0.,-1.));
#13452=DIRECTION('',(-1.,0.,0.));
#13453=DIRECTION('',(0.,0.,-1.));
#13454=DIRECTION('',(-1.,0.,0.));
#13455=DIRECTION('',(0.,0.,-1.));
#13456=DIRECTION('',(-1.,0.,0.));
#13457=DIRECTION('',(0.,0.,-1.));
#13458=DIRECTION('',(-1.,0.,0.));
#13459=DIRECTION('',(0.,0.,-1.));
#13460=DIRECTION('',(-0.999999999999998,0.,0.));
#13461=DIRECTION('',(0.,0.,-1.));
#13462=DIRECTION('',(-0.999999999999998,0.,0.));
#13463=DIRECTION('',(-0.837948593055442,-0.545749168937897,0.));
#13464=DIRECTION('',(0.,0.,-1.));
#13465=DIRECTION('',(-1.,0.,0.));
#13466=DIRECTION('',(-1.,0.,0.));
#13467=DIRECTION('',(0.,0.,-1.));
#13468=DIRECTION('',(-1.,0.,0.));
#13469=DIRECTION('',(0.372561346058971,0.928007566468468,0.));
#13470=DIRECTION('',(0.,0.,-1.));
#13471=DIRECTION('',(-1.,0.,0.));
#13472=DIRECTION('',(1.,0.,0.));
#13473=DIRECTION('',(0.,0.,-1.));
#13474=DIRECTION('',(-1.,0.,0.));
#13475=DIRECTION('',(0.128308077932757,-0.991734358151013,0.));
#13476=DIRECTION('',(0.,0.,-1.));
#13477=DIRECTION('',(-0.999999999999999,0.,0.));
#13478=DIRECTION('',(2.24036692165998E-015,-1.,0.));
#13479=DIRECTION('',(0.,0.,-1.));
#13480=DIRECTION('',(-1.,0.,0.));
#13481=DIRECTION('',(-0.997853660633868,-0.0654833716266223,0.));
#13482=DIRECTION('',(0.,0.,-1.));
#13483=DIRECTION('',(-1.,0.,0.));
#13484=DIRECTION('',(1.83582945144525E-016,1.,0.));
#13485=DIRECTION('',(0.,0.,-1.));
#13486=DIRECTION('',(-1.,0.,0.));
#13487=DIRECTION('',(0.929878252681216,0.367867415233435,0.));
#13488=DIRECTION('',(0.899866327603079,-0.436165785506095,0.));
#13489=DIRECTION('',(0.,0.,-1.));
#13490=DIRECTION('',(-0.999999999999999,0.,0.));
#13491=DIRECTION('',(2.14270890372939E-015,-1.,0.));
#13492=DIRECTION('',(0.,0.,-1.));
#13493=DIRECTION('',(-0.999999999999999,0.,0.));
#13494=DIRECTION('',(-1.,0.,0.));
#13495=DIRECTION('',(0.,0.,-1.));
#13496=DIRECTION('',(-1.,0.,0.));
#13497=DIRECTION('',(2.67838612966175E-016,1.,0.));
#13498=DIRECTION('',(0.,0.,-1.));
#13499=DIRECTION('',(-1.,0.,0.));
#13500=DIRECTION('',(0.960213827309021,0.279265833650595,0.));
#13501=DIRECTION('',(0.,0.,-1.));
#13502=DIRECTION('',(-1.,0.,0.));
#13503=DIRECTION('',(0.959989428238879,-0.280036243492857,0.));
#13504=DIRECTION('',(0.,0.,-1.));
#13505=DIRECTION('',(-0.999999999999999,0.,0.));
#13506=DIRECTION('',(-0.898794046299165,0.438371146789082,0.));
#13507=DIRECTION('',(0.,0.,-1.));
#13508=DIRECTION('',(-0.999999999999999,0.,0.));
#13509=DIRECTION('',(2.54672032905078E-015,1.,0.));
#13510=DIRECTION('',(0.,0.,-1.));
#13511=DIRECTION('',(-0.999999999999999,0.,0.));
#13512=DIRECTION('',(0.925890849064286,0.377791126972321,0.));
#13513=DIRECTION('',(0.,0.,-1.));
#13514=DIRECTION('',(-1.,0.,0.));
#13515=DIRECTION('',(0.848048096156426,-0.529919264233205,0.));
#13516=DIRECTION('',(0.,0.,-1.));
#13517=DIRECTION('',(-1.,0.,0.));
#13518=DIRECTION('',(2.33764937463248E-016,-1.,0.));
#13519=DIRECTION('',(0.,0.,-1.));
#13520=DIRECTION('',(-1.,0.,0.));
#13521=DIRECTION('',(-0.929089646223723,-0.369854605595061,0.));
#13522=DIRECTION('',(-0.927571793222078,-0.373644976439907,0.));
#13523=DIRECTION('',(0.,0.,-1.));
#13524=DIRECTION('',(-1.,0.,0.));
#13525=DIRECTION('',(-0.927183854566785,0.374606593415917,0.));
#13526=DIRECTION('',(0.,0.,-1.));
#13527=DIRECTION('',(-0.999999999999999,0.,0.));
#13528=DIRECTION('',(2.04519741372654E-015,1.,0.));
#13529=DIRECTION('',(0.,0.,-1.));
#13530=DIRECTION('',(-1.,0.,0.));
#13531=DIRECTION('',(0.989855770980326,0.142075869368954,0.));
#13532=DIRECTION('',(0.,0.,-1.));
#13533=DIRECTION('',(-1.,0.,0.));
#13534=DIRECTION('',(1.82609054888643E-016,-1.,0.));
#13535=DIRECTION('',(0.,0.,-1.));
#13536=DIRECTION('',(-1.,0.,0.));
#13537=DIRECTION('',(2.67838612966175E-016,-1.,0.));
#13538=DIRECTION('',(0.,0.,-1.));
#13539=DIRECTION('',(-1.,0.,0.));
#13540=DIRECTION('',(-1.,0.,0.));
#13541=DIRECTION('',(0.,0.,-1.));
#13542=DIRECTION('',(-0.999999999999999,0.,0.));
#13543=DIRECTION('',(1.60703167779704E-015,1.,0.));
#13544=DIRECTION('',(0.,0.,-1.));
#13545=DIRECTION('',(-1.,0.,0.));
#13546=DIRECTION('',(0.959989428238879,0.280036243492857,0.));
#13547=DIRECTION('',(0.,0.,-1.));
#13548=DIRECTION('',(-1.,0.,0.));
#13549=DIRECTION('',(0.960213827309021,-0.279265833650595,0.));
#13550=DIRECTION('',(0.,0.,-1.));
#13551=DIRECTION('',(-1.,0.,0.));
#13552=DIRECTION('',(1.83582945144525E-016,-1.,0.));
#13553=DIRECTION('',(0.,0.,-1.));
#13554=DIRECTION('',(-1.,0.,0.));
#13555=DIRECTION('',(-0.997853660633867,0.0654833716266223,0.));
#13556=DIRECTION('',(0.,0.,-1.));
#13557=DIRECTION('',(-0.999999999999999,0.,0.));
#13558=DIRECTION('',(1.79229353732798E-015,1.,0.));
#13559=DIRECTION('',(0.,0.,-1.));
#13560=DIRECTION('',(-0.999999999999999,0.,0.));
#13561=DIRECTION('',(0.899866327603079,0.436165785506095,0.));
#13562=DIRECTION('',(0.929878252681216,-0.367867415233435,0.));
#13563=DIRECTION('',(0.,0.,-1.));
#13564=DIRECTION('',(-1.,0.,0.));
#13565=DIRECTION('',(-1.,0.,0.));
#13566=DIRECTION('',(0.,0.,-1.));
#13567=DIRECTION('',(-1.,0.,0.));
#13568=DIRECTION('',(-0.837948593055442,0.545749168937897,0.));
#13569=DIRECTION('',(0.,0.,-1.));
#13570=DIRECTION('',(-0.999999999999999,0.,0.));
#13571=DIRECTION('',(0.128308077932757,0.991734358151013,0.));
#13572=DIRECTION('',(0.,0.,-1.));
#13573=DIRECTION('',(-1.,0.,0.));
#13574=DIRECTION('',(1.,0.,0.));
#13575=DIRECTION('',(0.,0.,-1.));
#13576=DIRECTION('',(-1.,0.,0.));
#13577=DIRECTION('',(0.372561346058971,-0.928007566468468,0.));
#13578=DIRECTION('',(0.,0.,-1.));
#13579=DIRECTION('',(-1.,0.,0.));
#13580=DIRECTION('',(-0.927183854566786,-0.374606593415917,0.));
#13581=DIRECTION('',(0.,0.,-1.));
#13582=DIRECTION('',(-1.,0.,0.));
#13583=DIRECTION('',(-0.927571793222078,0.373644976439907,0.));
#13584=DIRECTION('',(0.,0.,-1.));
#13585=DIRECTION('',(-1.,0.,0.));
#13586=DIRECTION('',(1.82609054888643E-016,1.,0.));
#13587=DIRECTION('',(0.,0.,-1.));
#13588=DIRECTION('',(-1.,0.,0.));
#13589=DIRECTION('',(0.989855770980326,-0.142075869368954,0.));
#13590=DIRECTION('',(0.,0.,-1.));
#13591=DIRECTION('',(-0.999999999999999,0.,0.));
#13592=DIRECTION('',(1.81795325664581E-015,-1.,0.));
#13593=DIRECTION('',(0.,0.,-1.));
#13594=DIRECTION('',(-0.999999999999999,0.,0.));
#13595=DIRECTION('',(-0.929089646223723,0.369854605595061,0.));
#13596=DIRECTION('',(0.,0.,-1.));
#13597=DIRECTION('',(-1.,0.,0.));
#13598=DIRECTION('',(2.33764937463249E-016,1.,0.));
#13599=DIRECTION('',(0.,0.,-1.));
#13600=DIRECTION('',(-1.,0.,0.));
#13601=DIRECTION('',(0.848048096156426,0.529919264233205,0.));
#13602=DIRECTION('',(0.,0.,-1.));
#13603=DIRECTION('',(-1.,0.,0.));
#13604=DIRECTION('',(0.925890849064286,-0.377791126972321,0.));
#13605=DIRECTION('',(0.,0.,-1.));
#13606=DIRECTION('',(-0.999999999999999,0.,0.));
#13607=DIRECTION('',(2.54672032905078E-015,-1.,0.));
#13608=DIRECTION('',(0.,0.,-1.));
#13609=DIRECTION('',(-0.999999999999999,0.,0.));
#13610=DIRECTION('',(-0.898794046299165,-0.438371146789082,0.));
#13611=DIRECTION('',(0.,0.,-1.));
#13612=DIRECTION('',(-1.,0.,0.));
#13613=DIRECTION('',(0.,0.,-1.));
#13614=DIRECTION('',(-1.,0.,0.));
#13615=DIRECTION('',(0.,0.,-1.));
#13616=DIRECTION('',(-1.,0.,0.));
#13617=DIRECTION('',(0.,0.,-1.));
#13618=DIRECTION('',(-1.,0.,0.));
#13619=DIRECTION('',(0.,0.,-1.));
#13620=DIRECTION('',(-1.,0.,0.));
#13621=DIRECTION('',(0.,1.,0.));
#13622=DIRECTION('',(0.,0.,-1.));
#13623=DIRECTION('',(-1.,0.,0.));
#13624=DIRECTION('',(0.,-1.,0.));
#13625=DIRECTION('',(0.,-1.,0.));
#13626=DIRECTION('',(0.,0.,-1.));
#13627=DIRECTION('',(-1.,0.,0.));
#13628=DIRECTION('',(0.,1.,0.));
#13629=DIRECTION('',(0.,0.,-1.));
#13630=DIRECTION('',(-1.,0.,0.));
#13631=DIRECTION('',(0.,-1.,0.));
#13632=DIRECTION('',(0.,0.,-1.));
#13633=DIRECTION('',(-1.,0.,0.));
#13634=DIRECTION('',(0.,1.,0.));
#13635=DIRECTION('',(0.,0.,-1.));
#13636=DIRECTION('',(-1.,0.,0.));
#13637=DIRECTION('',(0.,0.,-1.));
#13638=DIRECTION('',(-1.,0.,0.));
#13639=DIRECTION('',(0.,1.,0.));
#13640=DIRECTION('',(0.,0.,-1.));
#13641=DIRECTION('',(-1.,0.,0.));
#13642=DIRECTION('',(0.,-1.,0.));
#13643=DIRECTION('',(0.,0.,-1.));
#13644=DIRECTION('',(-1.,0.,0.));
#13645=DIRECTION('',(0.,0.,-1.));
#13646=DIRECTION('',(-1.,0.,0.));
#13647=DIRECTION('',(0.707106781186548,0.707106781186547,0.));
#13648=DIRECTION('',(0.,0.,1.));
#13649=DIRECTION('',(-0.999999999999999,0.,0.));
#13650=DIRECTION('',(-2.31296463463574E-016,1.,0.));
#13651=DIRECTION('',(0.,0.,1.));
#13652=DIRECTION('',(-1.,0.,0.));
#13653=DIRECTION('',(-0.707106781186548,0.707106781186547,0.));
#13654=DIRECTION('',(0.,0.,-1.));
#13655=DIRECTION('',(-1.,0.,0.));
#13656=DIRECTION('',(0.,0.,-1.));
#13657=DIRECTION('',(-1.,0.,0.));
#13658=DIRECTION('',(0.707106781186548,0.707106781186547,0.));
#13659=DIRECTION('',(0.,0.,1.));
#13660=DIRECTION('',(-0.999999999999999,0.,0.));
#13661=DIRECTION('',(2.47817639425258E-016,1.,0.));
#13662=DIRECTION('',(0.,0.,1.));
#13663=DIRECTION('',(-1.,0.,0.));
#13664=DIRECTION('',(-0.707106781186548,0.707106781186547,0.));
#13665=DIRECTION('',(0.,0.,-1.));
#13666=DIRECTION('',(-1.,0.,0.));
#13667=DIRECTION('',(2.32788698711726E-015,1.,0.));
#13668=DIRECTION('',(0.,0.,1.));
#13669=DIRECTION('',(-1.,0.,0.));
#13670=DIRECTION('',(-1.,0.,0.));
#13671=DIRECTION('',(0.,0.,1.));
#13672=DIRECTION('',(-1.,0.,0.));
#13673=DIRECTION('',(0.,0.,-1.));
#13674=DIRECTION('',(-1.,0.,0.));
#13675=DIRECTION('',(0.707106781186548,0.707106781186547,0.));
#13676=DIRECTION('',(0.,0.,1.));
#13677=DIRECTION('',(-1.,0.,0.));
#13678=DIRECTION('',(-2.47817639425258E-016,1.,0.));
#13679=DIRECTION('',(0.,0.,1.));
#13680=DIRECTION('',(-0.999999999999999,0.,0.));
#13681=DIRECTION('',(-0.707106781186548,0.707106781186547,0.));
#13682=DIRECTION('',(0.,0.,-1.));
#13683=DIRECTION('',(-1.,0.,0.));
#13684=DIRECTION('',(0.,0.,-1.));
#13685=DIRECTION('',(-1.,0.,0.));
#13686=DIRECTION('',(0.707106781186548,0.707106781186547,0.));
#13687=DIRECTION('',(0.,0.,1.));
#13688=DIRECTION('',(-1.,0.,0.));
#13689=DIRECTION('',(2.31296463463574E-016,1.,0.));
#13690=DIRECTION('',(0.,0.,1.));
#13691=DIRECTION('',(-0.999999999999999,0.,0.));
#13692=DIRECTION('',(-0.707106781186548,0.707106781186547,0.));
#13693=DIRECTION('',(0.,0.,-1.));
#13694=DIRECTION('',(-1.,0.,0.));
#13695=DIRECTION('',(2.32788698711726E-015,-1.,0.));
#13696=DIRECTION('',(0.,0.,1.));
#13697=DIRECTION('',(-1.,0.,0.));
#13698=DIRECTION('',(1.,0.,0.));
#13699=DIRECTION('',(0.,0.,1.));
#13700=DIRECTION('',(-1.,0.,0.));
#13701=DIRECTION('',(0.,0.,-1.));
#13702=DIRECTION('',(-1.,0.,0.));
#13703=DIRECTION('',(0.,0.,-1.));
#13704=DIRECTION('',(-1.,0.,0.));
#13705=DIRECTION('',(0.,0.,1.));
#13706=DIRECTION('',(1.,0.,0.));
#13707=DIRECTION('',(0.,0.,1.));
#13708=DIRECTION('',(0.999999999999998,0.,0.));
#13709=DIRECTION('',(0.,0.,1.));
#13710=DIRECTION('',(0.999999999999998,0.,0.));
#13711=DIRECTION('',(0.,0.,-1.));
#13712=DIRECTION('',(-1.,0.,0.));
#13713=DIRECTION('',(0.,0.,-1.));
#13714=DIRECTION('',(1.,0.,0.));
#13715=DIRECTION('',(0.372561346058971,0.928007566468468,0.));
#13716=DIRECTION('',(0.,0.,1.));
#13717=DIRECTION('',(-1.,0.,0.));
#13718=DIRECTION('',(-1.,0.,0.));
#13719=DIRECTION('',(0.,0.,1.));
#13720=DIRECTION('',(-1.,0.,0.));
#13721=DIRECTION('',(-0.837948593055442,-0.545749168937897,0.));
#13722=DIRECTION('',(0.,0.,1.));
#13723=DIRECTION('',(-0.999999999999999,0.,0.));
#13724=DIRECTION('',(0.128308077932757,-0.991734358151013,0.));
#13725=DIRECTION('',(0.,0.,1.));
#13726=DIRECTION('',(-1.,0.,0.));
#13727=DIRECTION('',(1.,0.,0.));
#13728=DIRECTION('',(0.,0.,1.));
#13729=DIRECTION('',(-1.,0.,0.));
#13730=DIRECTION('',(1.83582945144525E-016,1.,0.));
#13731=DIRECTION('',(0.,0.,1.));
#13732=DIRECTION('',(-1.,0.,0.));
#13733=DIRECTION('',(-0.997853660633868,-0.0654833716266223,0.));
#13734=DIRECTION('',(0.,0.,1.));
#13735=DIRECTION('',(-1.,0.,0.));
#13736=DIRECTION('',(2.24036692165998E-015,-1.,0.));
#13737=DIRECTION('',(0.,0.,1.));
#13738=DIRECTION('',(-0.999999999999999,0.,0.));
#13739=DIRECTION('',(0.899866327603079,-0.436165785506095,0.));
#13740=DIRECTION('',(0.929878252681216,0.367867415233435,0.));
#13741=DIRECTION('',(0.,0.,1.));
#13742=DIRECTION('',(-1.,0.,0.));
#13743=DIRECTION('',(2.67838612966175E-016,1.,0.));
#13744=DIRECTION('',(0.,0.,1.));
#13745=DIRECTION('',(-1.,0.,0.));
#13746=DIRECTION('',(-1.,0.,0.));
#13747=DIRECTION('',(0.,0.,1.));
#13748=DIRECTION('',(-0.999999999999999,0.,0.));
#13749=DIRECTION('',(2.14270890372939E-015,-1.,0.));
#13750=DIRECTION('',(0.,0.,1.));
#13751=DIRECTION('',(-0.999999999999999,0.,0.));
#13752=DIRECTION('',(0.959989428238879,-0.280036243492857,0.));
#13753=DIRECTION('',(0.,0.,1.));
#13754=DIRECTION('',(-1.,0.,0.));
#13755=DIRECTION('',(0.960213827309021,0.279265833650595,0.));
#13756=DIRECTION('',(0.,0.,1.));
#13757=DIRECTION('',(-1.,0.,0.));
#13758=DIRECTION('',(2.54672032905078E-015,1.,0.));
#13759=DIRECTION('',(0.,0.,1.));
#13760=DIRECTION('',(-0.999999999999999,0.,0.));
#13761=DIRECTION('',(-0.898794046299165,0.438371146789082,0.));
#13762=DIRECTION('',(-0.929089646223723,-0.369854605595061,0.));
#13763=DIRECTION('',(0.,0.,1.));
#13764=DIRECTION('',(-1.,0.,0.));
#13765=DIRECTION('',(2.33764937463248E-016,-1.,0.));
#13766=DIRECTION('',(0.,0.,1.));
#13767=DIRECTION('',(-1.,0.,0.));
#13768=DIRECTION('',(0.848048096156426,-0.529919264233205,0.));
#13769=DIRECTION('',(0.,0.,1.));
#13770=DIRECTION('',(-1.,0.,0.));
#13771=DIRECTION('',(0.925890849064286,0.377791126972321,0.));
#13772=DIRECTION('',(0.,0.,1.));
#13773=DIRECTION('',(-0.999999999999999,0.,0.));
#13774=DIRECTION('',(2.04519741372654E-015,1.,0.));
#13775=DIRECTION('',(0.,0.,1.));
#13776=DIRECTION('',(-0.999999999999999,0.,0.));
#13777=DIRECTION('',(-0.927183854566785,0.374606593415917,0.));
#13778=DIRECTION('',(0.,0.,1.));
#13779=DIRECTION('',(-1.,0.,0.));
#13780=DIRECTION('',(-0.927571793222078,-0.373644976439907,0.));
#13781=DIRECTION('',(0.,0.,1.));
#13782=DIRECTION('',(-1.,0.,0.));
#13783=DIRECTION('',(1.82609054888643E-016,-1.,0.));
#13784=DIRECTION('',(0.,0.,1.));
#13785=DIRECTION('',(-1.,0.,0.));
#13786=DIRECTION('',(0.989855770980326,0.142075869368954,0.));
#13787=DIRECTION('',(0.,0.,1.));
#13788=DIRECTION('',(-1.,0.,0.));
#13789=DIRECTION('',(1.60703167779704E-015,1.,0.));
#13790=DIRECTION('',(0.,0.,1.));
#13791=DIRECTION('',(-0.999999999999999,0.,0.));
#13792=DIRECTION('',(-1.,0.,0.));
#13793=DIRECTION('',(0.,0.,1.));
#13794=DIRECTION('',(-1.,0.,0.));
#13795=DIRECTION('',(2.67838612966175E-016,-1.,0.));
#13796=DIRECTION('',(0.,0.,1.));
#13797=DIRECTION('',(-1.,0.,0.));
#13798=DIRECTION('',(0.960213827309021,-0.279265833650595,0.));
#13799=DIRECTION('',(0.,0.,1.));
#13800=DIRECTION('',(-1.,0.,0.));
#13801=DIRECTION('',(0.959989428238879,0.280036243492857,0.));
#13802=DIRECTION('',(0.,0.,1.));
#13803=DIRECTION('',(-1.,0.,0.));
#13804=DIRECTION('',(1.79229353732798E-015,1.,0.));
#13805=DIRECTION('',(0.,0.,1.));
#13806=DIRECTION('',(-0.999999999999999,0.,0.));
#13807=DIRECTION('',(-0.997853660633867,0.0654833716266223,0.));
#13808=DIRECTION('',(0.,0.,1.));
#13809=DIRECTION('',(-1.,0.,0.));
#13810=DIRECTION('',(1.83582945144525E-016,-1.,0.));
#13811=DIRECTION('',(0.,0.,1.));
#13812=DIRECTION('',(-1.,0.,0.));
#13813=DIRECTION('',(0.929878252681216,-0.367867415233435,0.));
#13814=DIRECTION('',(0.899866327603079,0.436165785506095,0.));
#13815=DIRECTION('',(0.,0.,1.));
#13816=DIRECTION('',(-0.999999999999999,0.,0.));
#13817=DIRECTION('',(0.128308077932757,0.991734358151013,0.));
#13818=DIRECTION('',(0.,0.,1.));
#13819=DIRECTION('',(-0.999999999999999,0.,0.));
#13820=DIRECTION('',(-0.837948593055442,0.545749168937897,0.));
#13821=DIRECTION('',(0.,0.,1.));
#13822=DIRECTION('',(-1.,0.,0.));
#13823=DIRECTION('',(-1.,0.,0.));
#13824=DIRECTION('',(0.,0.,1.));
#13825=DIRECTION('',(-1.,0.,0.));
#13826=DIRECTION('',(0.372561346058971,-0.928007566468468,0.));
#13827=DIRECTION('',(0.,0.,1.));
#13828=DIRECTION('',(-1.,0.,0.));
#13829=DIRECTION('',(1.,0.,0.));
#13830=DIRECTION('',(0.,0.,1.));
#13831=DIRECTION('',(-1.,0.,0.));
#13832=DIRECTION('',(1.82609054888643E-016,1.,0.));
#13833=DIRECTION('',(0.,0.,1.));
#13834=DIRECTION('',(-1.,0.,0.));
#13835=DIRECTION('',(-0.927571793222078,0.373644976439907,0.));
#13836=DIRECTION('',(0.,0.,1.));
#13837=DIRECTION('',(-1.,0.,0.));
#13838=DIRECTION('',(-0.927183854566786,-0.374606593415917,0.));
#13839=DIRECTION('',(0.,0.,1.));
#13840=DIRECTION('',(-0.999999999999999,0.,0.));
#13841=DIRECTION('',(1.81795325664581E-015,-1.,0.));
#13842=DIRECTION('',(0.,0.,1.));
#13843=DIRECTION('',(-0.999999999999999,0.,0.));
#13844=DIRECTION('',(0.989855770980326,-0.142075869368954,0.));
#13845=DIRECTION('',(0.,0.,1.));
#13846=DIRECTION('',(-1.,0.,0.));
#13847=DIRECTION('',(2.33764937463249E-016,1.,0.));
#13848=DIRECTION('',(0.,0.,1.));
#13849=DIRECTION('',(-1.,0.,0.));
#13850=DIRECTION('',(-0.929089646223723,0.369854605595061,0.));
#13851=DIRECTION('',(-0.898794046299165,-0.438371146789082,0.));
#13852=DIRECTION('',(0.,0.,1.));
#13853=DIRECTION('',(-0.999999999999999,0.,0.));
#13854=DIRECTION('',(2.54672032905078E-015,-1.,0.));
#13855=DIRECTION('',(0.,0.,1.));
#13856=DIRECTION('',(-0.999999999999999,0.,0.));
#13857=DIRECTION('',(0.925890849064286,-0.377791126972321,0.));
#13858=DIRECTION('',(0.,0.,1.));
#13859=DIRECTION('',(-1.,0.,0.));
#13860=DIRECTION('',(0.848048096156426,0.529919264233205,0.));
#13861=DIRECTION('',(0.,0.,1.));
#13862=DIRECTION('',(-1.,0.,0.));
#13863=DIRECTION('',(0.,1.,0.));
#13864=DIRECTION('',(0.,0.,1.));
#13865=DIRECTION('',(-1.,0.,0.));
#13866=DIRECTION('',(0.,-1.,0.));
#13867=DIRECTION('',(0.,0.,1.));
#13868=DIRECTION('',(-1.,0.,0.));
#13869=DIRECTION('',(0.,0.,1.));
#13870=DIRECTION('',(-1.,0.,0.));
#13871=DIRECTION('',(0.,-1.,0.));
#13872=DIRECTION('',(0.,0.,1.));
#13873=DIRECTION('',(-1.,0.,0.));
#13874=DIRECTION('',(0.,1.,0.));
#13875=DIRECTION('',(0.,0.,1.));
#13876=DIRECTION('',(-1.,0.,0.));
#13877=DIRECTION('',(0.,-1.,0.));
#13878=DIRECTION('',(0.,0.,1.));
#13879=DIRECTION('',(-1.,0.,0.));
#13880=DIRECTION('',(0.,1.,0.));
#13881=DIRECTION('',(0.,1.,0.));
#13882=DIRECTION('',(0.,0.,1.));
#13883=DIRECTION('',(-1.,0.,0.));
#13884=DIRECTION('',(0.,-1.,0.));
#13885=DIRECTION('',(0.,0.,1.));
#13886=DIRECTION('',(-1.,0.,0.));
#13887=DIRECTION('',(0.,0.,1.));
#13888=DIRECTION('',(1.,0.,0.));
#13889=DIRECTION('',(0.,0.,1.));
#13890=DIRECTION('',(1.,0.,0.));
#13891=DIRECTION('',(0.,0.,1.));
#13892=DIRECTION('',(1.,0.,0.));
#13893=DIRECTION('',(0.,0.,1.));
#13894=DIRECTION('',(1.,0.,0.));
#13895=DIRECTION('',(0.,0.,1.));
#13896=DIRECTION('',(0.999999999999998,0.,0.));
#13897=DIRECTION('',(0.,0.,1.));
#13898=DIRECTION('',(0.999999999999998,0.,0.));
#13899=DIRECTION('',(0.,0.,1.));
#13900=DIRECTION('',(0.999999999999998,0.,0.));
#13901=DIRECTION('',(0.,0.,1.));
#13902=DIRECTION('',(0.999999999999998,0.,0.));
#13903=DIRECTION('',(0.,0.,1.));
#13904=DIRECTION('',(0.999999999999998,0.,0.));
#13905=DIRECTION('',(0.,0.,1.));
#13906=DIRECTION('',(0.999999999999998,0.,0.));
#13907=DIRECTION('',(0.,0.,1.));
#13908=DIRECTION('',(-0.999999999999999,0.,0.));
#13909=DIRECTION('',(0.,0.,1.));
#13910=DIRECTION('',(-0.999999999999999,0.,0.));
#13911=DIRECTION('',(-2.31296463463574E-016,1.,0.));
#13912=DIRECTION('',(0.,0.,-1.));
#13913=DIRECTION('',(-0.999999999999999,0.,0.));
#13914=DIRECTION('',(0.707106781186548,0.707106781186547,0.));
#13915=DIRECTION('',(0.,0.,1.));
#13916=DIRECTION('',(-1.,0.,0.));
#13917=DIRECTION('',(0.,0.,-1.));
#13918=DIRECTION('',(-1.,0.,0.));
#13919=DIRECTION('',(1.,0.,0.));
#13920=DIRECTION('',(0.,0.,-1.));
#13921=DIRECTION('',(-1.,0.,0.));
#13922=DIRECTION('',(2.32788698711726E-015,-1.,0.));
#13923=DIRECTION('',(0.,0.,1.));
#13924=DIRECTION('',(-1.,0.,0.));
#13925=DIRECTION('',(-0.707106781186548,0.707106781186547,0.));
#13926=DIRECTION('',(0.,0.,-1.));
#13927=DIRECTION('',(-0.999999999999999,0.,0.));
#13928=DIRECTION('',(2.31296463463574E-016,1.,0.));
#13929=DIRECTION('',(0.,0.,-1.));
#13930=DIRECTION('',(-1.,0.,0.));
#13931=DIRECTION('',(0.707106781186548,0.707106781186547,0.));
#13932=DIRECTION('',(0.,0.,1.));
#13933=DIRECTION('',(-1.,0.,0.));
#13934=DIRECTION('',(0.,0.,1.));
#13935=DIRECTION('',(-1.,0.,0.));
#13936=DIRECTION('',(-0.707106781186548,0.707106781186547,0.));
#13937=DIRECTION('',(0.,0.,-1.));
#13938=DIRECTION('',(-0.999999999999999,0.,0.));
#13939=DIRECTION('',(-2.47817639425258E-016,1.,0.));
#13940=DIRECTION('',(0.,0.,-1.));
#13941=DIRECTION('',(-1.,0.,0.));
#13942=DIRECTION('',(0.707106781186548,0.707106781186547,0.));
#13943=DIRECTION('',(0.,0.,1.));
#13944=DIRECTION('',(-1.,0.,0.));
#13945=DIRECTION('',(0.,0.,-1.));
#13946=DIRECTION('',(-1.,0.,0.));
#13947=DIRECTION('',(-1.,0.,0.));
#13948=DIRECTION('',(0.,0.,-1.));
#13949=DIRECTION('',(-1.,0.,0.));
#13950=DIRECTION('',(2.32788698711726E-015,1.,0.));
#13951=DIRECTION('',(0.,0.,1.));
#13952=DIRECTION('',(-1.,0.,0.));
#13953=DIRECTION('',(-0.707106781186548,0.707106781186547,0.));
#13954=DIRECTION('',(0.,0.,-1.));
#13955=DIRECTION('',(-1.,0.,0.));
#13956=DIRECTION('',(2.47817639425258E-016,1.,0.));
#13957=DIRECTION('',(0.,0.,-1.));
#13958=DIRECTION('',(-0.999999999999999,0.,0.));
#13959=DIRECTION('',(0.707106781186548,0.707106781186547,0.));
#13960=DIRECTION('',(0.,0.,1.));
#13961=DIRECTION('',(-1.,0.,0.));
#13962=DIRECTION('',(0.,0.,1.));
#13963=DIRECTION('',(-1.,0.,0.));
#13964=DIRECTION('',(-0.707106781186548,0.707106781186547,0.));
#13965=DIRECTION('',(0.,0.,-1.));
#13966=DIRECTION('',(-1.,0.,0.));
#13967=DIRECTION('',(0.,0.,1.));
#13968=DIRECTION('',(-0.999999999999999,0.,0.));
#13969=DIRECTION('',(0.,0.,1.));
#13970=DIRECTION('',(-0.999999999999999,0.,0.));
#13971=DIRECTION('',(0.,0.,-1.));
#13972=DIRECTION('',(-1.,0.,0.));
#13973=DIRECTION('',(0.,0.,-1.));
#13974=DIRECTION('',(0.,0.,1.));
#13975=DIRECTION('',(0.,1.,0.));
#13976=DIRECTION('',(0.,0.,1.));
#13977=DIRECTION('',(0.,0.,-1.));
#13978=DIRECTION('',(0.,0.,1.));
#13979=DIRECTION('',(1.,2.32788698711726E-015,0.));
#13980=DIRECTION('',(-2.32452945780892E-015,1.,0.));
#13981=DIRECTION('',(0.,0.,1.));
#13982=DIRECTION('',(0.,0.,-1.));
#13983=DIRECTION('',(0.,-1.,0.));
#13984=DIRECTION('',(0.,0.,-1.));
#13985=DIRECTION('',(0.,0.,-1.));
#13986=DIRECTION('',(0.,0.,1.));
#13987=DIRECTION('',(-1.,2.32788698711726E-015,0.));
#13988=DIRECTION('',(-2.32452945780892E-015,-1.,0.));
#13989=DIRECTION('',(0.,0.,1.));
#13990=DIRECTION('',(-0.999999999999999,0.,0.));
#13991=DIRECTION('',(0.,0.,-1.));
#13992=DIRECTION('',(-0.999999999999999,0.,0.));
#13993=DIRECTION('',(0.,0.,1.));
#13994=DIRECTION('',(-0.999999999999999,0.,0.));
#13995=DIRECTION('',(0.,0.,-1.));
#13996=DIRECTION('',(-0.999999999999999,0.,0.));
#13997=DIRECTION('',(0.,0.,1.));
#13998=DIRECTION('',(-0.999999999999999,0.,0.));
#13999=DIRECTION('',(0.,0.,-1.));
#14000=DIRECTION('',(-0.999999999999999,0.,0.));
#14001=DIRECTION('',(0.,0.,1.));
#14002=DIRECTION('',(-0.999999999999999,0.,0.));
#14003=DIRECTION('',(0.,0.,-1.));
#14004=DIRECTION('',(-0.999999999999999,0.,0.));
#14005=DIRECTION('',(0.,0.,1.));
#14006=DIRECTION('',(-0.999999999999998,0.,0.));
#14007=DIRECTION('',(0.,0.,1.));
#14008=DIRECTION('',(0.999999999999998,0.,0.));
#14009=DIRECTION('',(0.,0.,1.));
#14010=DIRECTION('',(-0.999999999999998,0.,0.));
#14011=DIRECTION('',(0.,0.,1.));
#14012=DIRECTION('',(0.999999999999998,0.,0.));
#14013=DIRECTION('',(0.,0.,1.));
#14014=DIRECTION('',(-0.999999999999998,0.,0.));
#14015=DIRECTION('',(0.,0.,1.));
#14016=DIRECTION('',(0.999999999999998,0.,0.));
#14017=DIRECTION('',(0.,0.,1.));
#14018=DIRECTION('',(-0.999999999999998,0.,0.));
#14019=DIRECTION('',(0.,0.,1.));
#14020=DIRECTION('',(0.999999999999998,0.,0.));
#14021=DIRECTION('',(0.,0.,1.));
#14022=DIRECTION('',(-0.999999999999998,0.,0.));
#14023=DIRECTION('',(0.,0.,1.));
#14024=DIRECTION('',(0.999999999999998,0.,0.));
#14025=DIRECTION('',(0.,0.,1.));
#14026=DIRECTION('',(-0.999999999999998,0.,0.));
#14027=DIRECTION('',(0.,0.,1.));
#14028=DIRECTION('',(0.999999999999998,0.,0.));
#14029=DIRECTION('',(0.,0.,1.));
#14030=DIRECTION('',(1.,0.,0.));
#14031=DIRECTION('',(0.,0.,1.));
#14032=DIRECTION('',(1.,0.,0.));
#14033=DIRECTION('',(0.,0.,1.));
#14034=DIRECTION('',(-1.,0.,0.));
#14035=DIRECTION('',(0.,0.,1.));
#14036=DIRECTION('',(1.,0.,0.));
#14037=DIRECTION('',(0.,0.,1.));
#14038=DIRECTION('',(-1.,0.,0.));
#14039=DIRECTION('',(0.,0.,1.));
#14040=DIRECTION('',(1.,0.,0.));
#14041=DIRECTION('',(0.,0.,-1.));
#14042=DIRECTION('',(-1.,0.,0.));
#14043=DIRECTION('',(0.,0.,-1.));
#14044=DIRECTION('',(-1.,0.,0.));
#14045=DIRECTION('',(0.,0.,-1.));
#14046=DIRECTION('',(-1.,0.,0.));
#14047=DIRECTION('',(0.,0.,-1.));
#14048=DIRECTION('',(-1.,0.,0.));
#14049=DIRECTION('',(0.,0.,1.));
#14050=DIRECTION('',(0.,0.,-1.));
#14051=DIRECTION('',(0.707106781186547,-0.707106781186548,0.));
#14052=DIRECTION('',(0.707106781186548,0.707106781186547,0.));
#14053=DIRECTION('',(0.,0.,-1.));
#14054=DIRECTION('',(0.,0.,1.));
#14055=DIRECTION('',(1.,-2.31296463463574E-016,0.));
#14056=DIRECTION('',(2.28983498828939E-016,1.,0.));
#14057=DIRECTION('',(0.,0.,-1.));
#14058=DIRECTION('',(0.,0.,1.));
#14059=DIRECTION('',(0.707106781186547,0.707106781186548,0.));
#14060=DIRECTION('',(-0.707106781186548,0.707106781186547,0.));
#14061=DIRECTION('',(0.,0.,1.));
#14062=DIRECTION('',(0.,0.,-1.));
#14063=DIRECTION('',(0.707106781186547,-0.707106781186548,0.));
#14064=DIRECTION('',(0.707106781186548,0.707106781186547,0.));
#14065=DIRECTION('',(0.,0.,-1.));
#14066=DIRECTION('',(0.,0.,1.));
#14067=DIRECTION('',(1.,2.47817639425258E-016,0.));
#14068=DIRECTION('',(-2.4980018054066E-016,1.,0.));
#14069=DIRECTION('',(0.,0.,-1.));
#14070=DIRECTION('',(0.,0.,1.));
#14071=DIRECTION('',(0.707106781186547,0.707106781186548,0.));
#14072=DIRECTION('',(-0.707106781186548,0.707106781186547,0.));
#14073=DIRECTION('',(0.,0.,-1.));
#14074=DIRECTION('',(0.,0.,1.));
#14075=DIRECTION('',(0.707106781186547,0.707106781186548,0.));
#14076=DIRECTION('',(-0.707106781186548,0.707106781186547,0.));
#14077=DIRECTION('',(0.,0.,-1.));
#14078=DIRECTION('',(0.,0.,1.));
#14079=DIRECTION('',(1.,-2.47817639425258E-016,0.));
#14080=DIRECTION('',(2.4980018054066E-016,1.,0.));
#14081=DIRECTION('',(0.,0.,1.));
#14082=DIRECTION('',(0.,0.,-1.));
#14083=DIRECTION('',(0.707106781186547,-0.707106781186548,0.));
#14084=DIRECTION('',(0.707106781186548,0.707106781186547,0.));
#14085=DIRECTION('',(0.,0.,-1.));
#14086=DIRECTION('',(0.,0.,1.));
#14087=DIRECTION('',(0.707106781186547,0.707106781186548,0.));
#14088=DIRECTION('',(-0.707106781186548,0.707106781186547,0.));
#14089=DIRECTION('',(0.,0.,-1.));
#14090=DIRECTION('',(0.,0.,1.));
#14091=DIRECTION('',(1.,2.31296463463574E-016,0.));
#14092=DIRECTION('',(-2.28983498828939E-016,1.,0.));
#14093=DIRECTION('',(0.,0.,1.));
#14094=DIRECTION('',(0.,0.,-1.));
#14095=DIRECTION('',(0.707106781186547,-0.707106781186548,0.));
#14096=DIRECTION('',(0.707106781186548,0.707106781186547,0.));
#14097=DIRECTION('',(0.,0.,-1.));
#14098=DIRECTION('',(0.,0.,1.));
#14099=DIRECTION('',(1.,0.,0.));
#14100=DIRECTION('',(0.,0.,-1.));
#14101=DIRECTION('',(0.,0.,1.));
#14102=DIRECTION('',(0.,0.,-1.));
#14103=DIRECTION('',(-1.,0.,0.));
#14104=DIRECTION('',(0.,0.,1.));
#14105=DIRECTION('',(0.,0.,1.));
#14106=DIRECTION('',(0.,0.,-1.));
#14107=DIRECTION('',(1.,0.,0.));
#14108=DIRECTION('',(0.,0.,-1.));
#14109=DIRECTION('',(0.,0.,-1.));
#14110=DIRECTION('',(0.,0.,1.));
#14111=DIRECTION('',(-1.,0.,0.));
#14112=DIRECTION('',(0.,0.,1.));
#14113=DIRECTION('',(0.,0.,1.));
#14114=DIRECTION('',(0.,0.,-1.));
#14115=DIRECTION('',(1.,0.,0.));
#14116=DIRECTION('',(0.,0.,-1.));
#14117=DIRECTION('',(0.,0.,1.));
#14118=DIRECTION('',(0.,0.,-1.));
#14119=DIRECTION('',(-1.,0.,0.));
#14120=DIRECTION('',(0.,0.,1.));
#14121=DIRECTION('',(0.,0.,-1.));
#14122=DIRECTION('',(0.,0.,1.));
#14123=DIRECTION('',(1.,0.,0.));
#14124=DIRECTION('',(0.,0.,-1.));
#14125=DIRECTION('',(0.,0.,1.));
#14126=DIRECTION('',(0.,0.,-1.));
#14127=DIRECTION('',(-1.,0.,0.));
#14128=DIRECTION('',(0.,0.,1.));
#14129=DIRECTION('',(0.,0.,1.));
#14130=DIRECTION('',(1.,0.,0.));
#14131=DIRECTION('',(0.,0.,1.));
#14132=DIRECTION('',(1.,0.,0.));
#14133=DIRECTION('',(0.,0.,1.));
#14134=DIRECTION('',(1.,0.,0.));
#14135=DIRECTION('',(0.,0.,1.));
#14136=DIRECTION('',(1.,0.,0.));
#14137=DIRECTION('',(0.,0.,1.));
#14138=DIRECTION('',(1.,0.,0.));
#14139=DIRECTION('',(0.,0.,1.));
#14140=DIRECTION('',(1.,0.,0.));
#14141=DIRECTION('',(0.,0.,1.));
#14142=DIRECTION('',(1.,0.,0.));
#14143=DIRECTION('',(0.,0.,1.));
#14144=DIRECTION('',(1.,0.,0.));
#14145=DIRECTION('',(0.,0.,1.));
#14146=DIRECTION('',(1.,0.,0.));
#14147=DIRECTION('',(0.,0.,1.));
#14148=DIRECTION('',(1.,0.,0.));
#14149=DIRECTION('',(0.,0.,1.));
#14150=DIRECTION('',(1.,0.,0.));
#14151=DIRECTION('',(0.,0.,1.));
#14152=DIRECTION('',(1.,0.,0.));
#14153=DIRECTION('',(0.,0.,-1.));
#14154=DIRECTION('',(-1.,0.,0.));
#14155=DIRECTION('',(0.,0.,-1.));
#14156=DIRECTION('',(-1.,0.,0.));
#14157=DIRECTION('',(0.,0.,-1.));
#14158=DIRECTION('',(-1.,0.,0.));
#14159=DIRECTION('',(0.,0.,-1.));
#14160=DIRECTION('',(-1.,0.,0.));
#14161=DIRECTION('',(0.,0.,1.));
#14162=DIRECTION('',(0.999999999999999,0.,0.));
#14163=DIRECTION('',(0.,0.,1.));
#14164=DIRECTION('',(1.,0.,0.));
#14165=DIRECTION('',(0.,0.,1.));
#14166=DIRECTION('',(0.999999999999999,0.,0.));
#14167=DIRECTION('',(0.,0.,1.));
#14168=DIRECTION('',(1.,0.,0.));
#14169=DIRECTION('',(0.,0.,1.));
#14170=DIRECTION('',(1.,0.,0.));
#14171=DIRECTION('',(0.,0.,1.));
#14172=DIRECTION('',(0.999999999999999,0.,0.));
#14173=DIRECTION('',(0.,0.,1.));
#14174=DIRECTION('',(1.,0.,0.));
#14175=DIRECTION('',(0.,0.,1.));
#14176=DIRECTION('',(0.999999999999999,0.,0.));
#14177=DIRECTION('',(0.,0.,1.));
#14178=DIRECTION('',(1.,0.,-4.1577234157331E-017));
#14179=DIRECTION('',(0.,0.,1.));
#14180=DIRECTION('',(1.,0.,-4.1577234157331E-017));
#14181=DIRECTION('',(0.,0.,1.));
#14182=DIRECTION('',(1.,0.,-4.15772341573309E-017));
#14183=DIRECTION('',(0.,0.,1.));
#14184=DIRECTION('',(1.,0.,-4.15772341573309E-017));
#14185=DIRECTION('',(0.,0.,-1.));
#14186=DIRECTION('',(0.,0.,1.));
#14187=DIRECTION('',(1.,-2.33764937463249E-016,0.));
#14188=DIRECTION('',(2.34187669256869E-016,1.,0.));
#14189=DIRECTION('',(0.,0.,1.));
#14190=DIRECTION('',(0.,0.,-1.));
#14191=DIRECTION('',(0.529919264233205,-0.848048096156426,0.));
#14192=DIRECTION('',(0.848048096156426,0.529919264233205,0.));
#14193=DIRECTION('',(0.,0.,-1.));
#14194=DIRECTION('',(0.,0.,1.));
#14195=DIRECTION('',(-0.377791126972321,-0.925890849064286,0.));
#14196=DIRECTION('',(0.925890849064286,-0.377791126972321,0.));
#14197=DIRECTION('',(0.,0.,1.));
#14198=DIRECTION('',(0.,0.,-1.));
#14199=DIRECTION('',(-1.,-2.54672032905078E-015,0.));
#14200=DIRECTION('',(2.54657406273395E-015,-1.,0.));
#14201=DIRECTION('',(0.,0.,-1.));
#14202=DIRECTION('',(0.,0.,-1.));
#14203=DIRECTION('',(-0.438371146789082,0.898794046299165,0.));
#14204=DIRECTION('',(-0.898794046299165,-0.438371146789082,0.));
#14205=DIRECTION('',(0.,0.,1.));
#14206=DIRECTION('',(0.369854605595061,0.929089646223723,0.));
#14207=DIRECTION('',(-0.929089646223723,0.369854605595061,0.));
#14208=DIRECTION('',(0.,0.,-1.));
#14209=DIRECTION('',(0.,0.,1.));
#14210=DIRECTION('',(1.,-1.82609054888643E-016,0.));
#14211=DIRECTION('',(1.83013326715553E-016,1.,0.));
#14212=DIRECTION('',(0.,0.,1.));
#14213=DIRECTION('',(0.,0.,-1.));
#14214=DIRECTION('',(-0.142075869368954,-0.989855770980326,0.));
#14215=DIRECTION('',(0.989855770980326,-0.142075869368954,0.));
#14216=DIRECTION('',(0.,0.,1.));
#14217=DIRECTION('',(0.,0.,-1.));
#14218=DIRECTION('',(-1.,-1.81795325664581E-015,0.));
#14219=DIRECTION('',(1.81799020282369E-015,-1.,0.));
#14220=DIRECTION('',(0.,0.,1.));
#14221=DIRECTION('',(0.,0.,-1.));
#14222=DIRECTION('',(-0.374606593415917,0.927183854566786,0.));
#14223=DIRECTION('',(-0.927183854566786,-0.374606593415917,0.));
#14224=DIRECTION('',(0.,0.,1.));
#14225=DIRECTION('',(0.,0.,-1.));
#14226=DIRECTION('',(0.373644976439907,0.927571793222078,0.));
#14227=DIRECTION('',(-0.927571793222078,0.373644976439907,0.));
#14228=DIRECTION('',(0.,0.,-1.));
#14229=DIRECTION('',(0.,0.,1.));
#14230=DIRECTION('',(0.991734358151013,-0.128308077932757,0.));
#14231=DIRECTION('',(0.128308077932757,0.991734358151013,0.));
#14232=DIRECTION('',(0.,0.,1.));
#14233=DIRECTION('',(0.,0.,-1.));
#14234=DIRECTION('',(0.,-1.,0.));
#14235=DIRECTION('',(0.,0.,-1.));
#14236=DIRECTION('',(0.,0.,1.));
#14237=DIRECTION('',(0.,0.,-1.));
#14238=DIRECTION('',(-0.928007566468468,-0.372561346058971,0.));
#14239=DIRECTION('',(0.372561346058971,-0.928007566468468,0.));
#14240=DIRECTION('',(0.,0.,1.));
#14241=DIRECTION('',(0.,0.,-1.));
#14242=DIRECTION('',(0.,1.,0.));
#14243=DIRECTION('',(0.,0.,1.));
#14244=DIRECTION('',(0.,0.,1.));
#14245=DIRECTION('',(0.,0.,-1.));
#14246=DIRECTION('',(0.545749168937897,0.837948593055442,0.));
#14247=DIRECTION('',(-0.837948593055442,0.545749168937897,0.));
#14248=DIRECTION('',(0.,0.,-1.));
#14249=DIRECTION('',(0.,0.,1.));
#14250=DIRECTION('',(1.,-1.79229353732798E-015,0.));
#14251=DIRECTION('',(1.79370407416002E-015,1.,0.));
#14252=DIRECTION('',(0.,0.,-1.));
#14253=DIRECTION('',(0.,0.,-1.));
#14254=DIRECTION('',(0.436165785506095,-0.899866327603079,0.));
#14255=DIRECTION('',(0.899866327603079,0.436165785506095,0.));
#14256=DIRECTION('',(0.,0.,1.));
#14257=DIRECTION('',(-0.367867415233435,-0.929878252681216,0.));
#14258=DIRECTION('',(0.929878252681216,-0.367867415233435,0.));
#14259=DIRECTION('',(0.,0.,1.));
#14260=DIRECTION('',(0.,0.,-1.));
#14261=DIRECTION('',(-1.,-1.83582945144525E-016,0.));
#14262=DIRECTION('',(1.83880688453542E-016,-1.,0.));
#14263=DIRECTION('',(0.,0.,1.));
#14264=DIRECTION('',(0.,0.,-1.));
#14265=DIRECTION('',(0.0654833716266223,0.997853660633868,0.));
#14266=DIRECTION('',(-0.997853660633868,0.0654833716266223,0.));
#14267=DIRECTION('',(0.,0.,-1.));
#14268=DIRECTION('',(0.,0.,1.));
#14269=DIRECTION('',(1.,-1.60703167779705E-015,0.));
#14270=DIRECTION('',(1.60635393875452E-015,1.,0.));
#14271=DIRECTION('',(0.,0.,1.));
#14272=DIRECTION('',(0.,0.,-1.));
#14273=DIRECTION('',(0.280036243492857,-0.959989428238879,0.));
#14274=DIRECTION('',(0.959989428238879,0.280036243492857,0.));
#14275=DIRECTION('',(0.,0.,1.));
#14276=DIRECTION('',(0.,0.,-1.));
#14277=DIRECTION('',(-0.279265833650595,-0.960213827309021,0.));
#14278=DIRECTION('',(0.960213827309021,-0.279265833650595,0.));
#14279=DIRECTION('',(0.,0.,1.));
#14280=DIRECTION('',(0.,0.,-1.));
#14281=DIRECTION('',(-1.,-2.67838612966175E-016,0.));
#14282=DIRECTION('',(2.68014777038417E-016,-1.,0.));
#14283=DIRECTION('',(0.,0.,1.));
#14284=DIRECTION('',(0.,0.,-1.));
#14285=DIRECTION('',(0.,1.,0.));
#14286=DIRECTION('',(0.,0.,1.));
#14287=DIRECTION('',(0.,0.,-1.));
#14288=DIRECTION('',(0.,0.,1.));
#14289=DIRECTION('',(1.,-2.04519741372654E-015,0.));
#14290=DIRECTION('',(2.04350425470068E-015,1.,0.));
#14291=DIRECTION('',(0.,0.,1.));
#14292=DIRECTION('',(0.,0.,-1.));
#14293=DIRECTION('',(0.142075869368954,-0.989855770980326,0.));
#14294=DIRECTION('',(0.989855770980326,0.142075869368954,0.));
#14295=DIRECTION('',(0.,0.,1.));
#14296=DIRECTION('',(0.,0.,-1.));
#14297=DIRECTION('',(-1.,-1.82609054888643E-016,0.));
#14298=DIRECTION('',(1.83013326715553E-016,-1.,0.));
#14299=DIRECTION('',(0.,0.,1.));
#14300=DIRECTION('',(0.,0.,-1.));
#14301=DIRECTION('',(-0.373644976439907,0.927571793222078,0.));
#14302=DIRECTION('',(-0.927571793222078,-0.373644976439907,0.));
#14303=DIRECTION('',(0.,0.,1.));
#14304=DIRECTION('',(0.,0.,-1.));
#14305=DIRECTION('',(0.374606593415917,0.927183854566785,0.));
#14306=DIRECTION('',(-0.927183854566786,0.374606593415917,0.));
#14307=DIRECTION('',(0.,0.,-1.));
#14308=DIRECTION('',(0.,0.,1.));
#14309=DIRECTION('',(1.,-2.54672032905078E-015,0.));
#14310=DIRECTION('',(2.54657406273395E-015,1.,0.));
#14311=DIRECTION('',(0.,0.,1.));
#14312=DIRECTION('',(0.,0.,-1.));
#14313=DIRECTION('',(0.377791126972321,-0.925890849064286,0.));
#14314=DIRECTION('',(0.925890849064286,0.377791126972321,0.));
#14315=DIRECTION('',(0.,0.,-1.));
#14316=DIRECTION('',(0.,0.,1.));
#14317=DIRECTION('',(-0.529919264233205,-0.848048096156426,0.));
#14318=DIRECTION('',(0.848048096156426,-0.529919264233205,0.));
#14319=DIRECTION('',(0.,0.,1.));
#14320=DIRECTION('',(0.,0.,-1.));
#14321=DIRECTION('',(-1.,-2.33764937463248E-016,0.));
#14322=DIRECTION('',(2.34187669256869E-016,-1.,0.));
#14323=DIRECTION('',(0.,0.,-1.));
#14324=DIRECTION('',(0.,0.,-1.));
#14325=DIRECTION('',(-0.369854605595061,0.929089646223723,0.));
#14326=DIRECTION('',(-0.929089646223723,-0.369854605595061,0.));
#14327=DIRECTION('',(0.,0.,1.));
#14328=DIRECTION('',(0.438371146789082,0.898794046299165,0.));
#14329=DIRECTION('',(-0.898794046299165,0.438371146789082,0.));
#14330=DIRECTION('',(0.,0.,-1.));
#14331=DIRECTION('',(0.,0.,1.));
#14332=DIRECTION('',(1.,-2.67838612966175E-016,0.));
#14333=DIRECTION('',(2.68014777038417E-016,1.,0.));
#14334=DIRECTION('',(0.,0.,1.));
#14335=DIRECTION('',(0.,0.,-1.));
#14336=DIRECTION('',(0.279265833650595,-0.960213827309021,0.));
#14337=DIRECTION('',(0.960213827309021,0.279265833650595,0.));
#14338=DIRECTION('',(0.,0.,1.));
#14339=DIRECTION('',(0.,0.,-1.));
#14340=DIRECTION('',(-0.280036243492857,-0.959989428238879,0.));
#14341=DIRECTION('',(0.959989428238879,-0.280036243492857,0.));
#14342=DIRECTION('',(0.,0.,1.));
#14343=DIRECTION('',(0.,0.,-1.));
#14344=DIRECTION('',(-1.,-2.14270890372939E-015,0.));
#14345=DIRECTION('',(2.14411821630733E-015,-1.,0.));
#14346=DIRECTION('',(0.,0.,1.));
#14347=DIRECTION('',(0.,0.,-1.));
#14348=DIRECTION('',(0.,1.,0.));
#14349=DIRECTION('',(0.,0.,1.));
#14350=DIRECTION('',(0.,0.,-1.));
#14351=DIRECTION('',(0.,0.,1.));
#14352=DIRECTION('',(1.,-1.83582945144525E-016,0.));
#14353=DIRECTION('',(1.83880688453542E-016,1.,0.));
#14354=DIRECTION('',(0.,0.,-1.));
#14355=DIRECTION('',(0.,0.,-1.));
#14356=DIRECTION('',(0.367867415233435,-0.929878252681216,0.));
#14357=DIRECTION('',(0.929878252681216,0.367867415233435,0.));
#14358=DIRECTION('',(0.,0.,1.));
#14359=DIRECTION('',(-0.436165785506095,-0.899866327603079,0.));
#14360=DIRECTION('',(0.899866327603079,-0.436165785506095,0.));
#14361=DIRECTION('',(0.,0.,1.));
#14362=DIRECTION('',(0.,0.,-1.));
#14363=DIRECTION('',(-1.,-2.24036692165998E-015,0.));
#14364=DIRECTION('',(2.24126273096203E-015,-1.,0.));
#14365=DIRECTION('',(0.,0.,1.));
#14366=DIRECTION('',(0.,0.,-1.));
#14367=DIRECTION('',(-0.0654833716266223,0.997853660633868,0.));
#14368=DIRECTION('',(-0.997853660633868,-0.0654833716266223,0.));
#14369=DIRECTION('',(0.,0.,-1.));
#14370=DIRECTION('',(0.,0.,1.));
#14371=DIRECTION('',(0.928007566468468,-0.372561346058971,0.));
#14372=DIRECTION('',(0.372561346058971,0.928007566468468,0.));
#14373=DIRECTION('',(0.,0.,1.));
#14374=DIRECTION('',(0.,0.,-1.));
#14375=DIRECTION('',(0.,-1.,0.));
#14376=DIRECTION('',(0.,0.,-1.));
#14377=DIRECTION('',(0.,0.,1.));
#14378=DIRECTION('',(0.,0.,-1.));
#14379=DIRECTION('',(-0.991734358151013,-0.128308077932757,0.));
#14380=DIRECTION('',(0.128308077932757,-0.991734358151013,0.));
#14381=DIRECTION('',(0.,0.,1.));
#14382=DIRECTION('',(0.,0.,-1.));
#14383=DIRECTION('',(-0.545749168937897,0.837948593055442,0.));
#14384=DIRECTION('',(-0.837948593055442,-0.545749168937897,0.));
#14385=DIRECTION('',(0.,0.,1.));
#14386=DIRECTION('',(0.,0.,-1.));
#14387=DIRECTION('',(0.,1.,0.));
#14388=DIRECTION('',(0.,0.,1.));
#14389=DIRECTION('',(0.,0.,1.));
#14390=DIRECTION('',(1.,0.,0.));
#14391=DIRECTION('',(0.,0.,1.));
#14392=DIRECTION('',(1.,0.,0.));
#14393=DIRECTION('',(0.,0.,1.));
#14394=DIRECTION('',(0.999999999999999,0.,0.));
#14395=DIRECTION('',(0.,0.,1.));
#14396=DIRECTION('',(1.,0.,0.));
#14397=DIRECTION('',(0.,0.,1.));
#14398=DIRECTION('',(0.999999999999999,0.,0.));
#14399=DIRECTION('',(0.,0.,1.));
#14400=DIRECTION('',(1.,0.,0.));
#14401=DIRECTION('',(0.,0.,1.));
#14402=DIRECTION('',(1.,0.,0.));
#14403=DIRECTION('',(0.,0.,1.));
#14404=DIRECTION('',(1.,0.,0.));
#14405=DIRECTION('',(0.,0.,1.));
#14406=DIRECTION('',(1.,0.,0.));
#14407=DIRECTION('',(0.,0.,1.));
#14408=DIRECTION('',(0.999999999999999,0.,0.));
#14409=DIRECTION('',(0.,0.,1.));
#14410=DIRECTION('',(1.,0.,0.));
#14411=DIRECTION('',(0.,0.,1.));
#14412=DIRECTION('',(1.,0.,0.));
#14413=DIRECTION('',(0.,0.,1.));
#14414=DIRECTION('',(0.999999999999999,0.,0.));
#14415=DIRECTION('',(0.,0.,1.));
#14416=DIRECTION('',(0.999999999999999,0.,0.));
#14417=DIRECTION('',(0.,0.,1.));
#14418=DIRECTION('',(1.,0.,0.));
#14419=DIRECTION('',(0.,0.,1.));
#14420=DIRECTION('',(1.,0.,0.));
#14421=DIRECTION('',(0.,0.,1.));
#14422=DIRECTION('',(0.999999999999999,0.,0.));
#14423=DIRECTION('',(0.,0.,1.));
#14424=DIRECTION('',(1.,0.,0.));
#14425=DIRECTION('',(0.,0.,1.));
#14426=DIRECTION('',(1.,0.,0.));
#14427=DIRECTION('',(0.,0.,1.));
#14428=DIRECTION('',(0.999999999999999,0.,0.));
#14429=DIRECTION('',(0.,0.,1.));
#14430=DIRECTION('',(0.999999999999999,0.,0.));
#14431=DIRECTION('',(0.,0.,1.));
#14432=DIRECTION('',(1.,0.,0.));
#14433=DIRECTION('',(0.,0.,1.));
#14434=DIRECTION('',(1.,0.,0.));
#14435=DIRECTION('',(0.,0.,1.));
#14436=DIRECTION('',(1.,0.,0.));
#14437=DIRECTION('',(0.,0.,1.));
#14438=DIRECTION('',(1.,0.,0.));
#14439=DIRECTION('',(0.,0.,1.));
#14440=DIRECTION('',(0.999999999999999,0.,0.));
#14441=DIRECTION('',(0.,0.,1.));
#14442=DIRECTION('',(1.,0.,0.));
#14443=DIRECTION('',(0.,0.,1.));
#14444=DIRECTION('',(1.,0.,0.));
#14445=DIRECTION('',(0.,0.,1.));
#14446=DIRECTION('',(1.,0.,0.));
#14447=DIRECTION('',(0.,0.,1.));
#14448=DIRECTION('',(1.,0.,0.));
#14449=DIRECTION('',(0.,0.,1.));
#14450=DIRECTION('',(0.999999999999999,0.,0.));
#14451=DIRECTION('',(0.,0.,1.));
#14452=DIRECTION('',(1.,0.,0.));
#14453=DIRECTION('',(0.,0.,1.));
#14454=DIRECTION('',(1.,0.,0.));
#14455=DIRECTION('',(0.,0.,1.));
#14456=DIRECTION('',(0.999999999999999,0.,0.));
#14457=DIRECTION('',(0.,0.,1.));
#14458=DIRECTION('',(0.999999999999999,0.,0.));
#14459=DIRECTION('',(0.,0.,1.));
#14460=DIRECTION('',(1.,0.,0.));
#14461=DIRECTION('',(0.,0.,1.));
#14462=DIRECTION('',(1.,0.,0.));
#14463=DIRECTION('',(0.,0.,1.));
#14464=DIRECTION('',(1.,0.,0.));
#14465=DIRECTION('',(0.,0.,1.));
#14466=DIRECTION('',(1.,0.,0.));
#14467=DIRECTION('',(0.,0.,1.));
#14468=DIRECTION('',(1.,0.,0.));
#14469=DIRECTION('',(0.,0.,1.));
#14470=DIRECTION('',(1.,0.,0.));
#14471=DIRECTION('',(0.,0.,1.));
#14472=DIRECTION('',(0.999999999999999,0.,0.));
#14473=DIRECTION('',(0.,0.,1.));
#14474=DIRECTION('',(0.999999999999999,0.,0.));
#14475=DIRECTION('',(0.,0.,1.));
#14476=DIRECTION('',(1.,0.,0.));
#14477=DIRECTION('',(0.,0.,1.));
#14478=DIRECTION('',(1.,0.,0.));
#14479=DIRECTION('',(0.,0.,1.));
#14480=DIRECTION('',(0.999999999999999,0.,0.));
#14481=DIRECTION('',(0.,0.,1.));
#14482=DIRECTION('',(0.999999999999999,0.,0.));
#14483=DIRECTION('',(0.,0.,1.));
#14484=DIRECTION('',(1.,0.,0.));
#14485=DIRECTION('',(0.,0.,1.));
#14486=DIRECTION('',(-1.,0.,0.));
#14487=DIRECTION('',(0.,0.,1.));
#14488=DIRECTION('',(1.,0.,0.));
#14489=DIRECTION('',(0.,0.,1.));
#14490=DIRECTION('',(-1.,0.,0.));
#14491=DIRECTION('',(0.,0.,1.));
#14492=DIRECTION('',(1.,0.,0.));
#14493=DIRECTION('',(0.,0.,1.));
#14494=DIRECTION('',(0.999999999999998,0.,0.));
#14495=DIRECTION('',(0.,0.,1.));
#14496=DIRECTION('',(0.999999999999998,0.,0.));
#14497=DIRECTION('',(0.,0.,1.));
#14498=DIRECTION('',(-1.,0.,0.));
#14499=DIRECTION('',(0.,0.,1.));
#14500=DIRECTION('',(1.,0.,0.));
#14501=DIRECTION('',(0.,0.,1.));
#14502=DIRECTION('',(1.,0.,3.45838013551995E-017));
#14503=DIRECTION('',(0.,0.,1.));
#14504=DIRECTION('',(1.,0.,3.45838013551995E-017));
#14505=DIRECTION('',(0.,0.,1.));
#14506=DIRECTION('',(1.,0.,3.45838013551995E-017));
#14507=DIRECTION('',(0.,0.,1.));
#14508=DIRECTION('',(1.,0.,3.45838013551995E-017));
#14509=DIRECTION('',(0.,0.,1.));
#14510=DIRECTION('',(1.,0.,3.45838013551995E-017));
#14511=DIRECTION('',(0.,0.,1.));
#14512=DIRECTION('',(1.,0.,3.45838013551995E-017));
#14513=DIRECTION('',(0.,0.,1.));
#14514=DIRECTION('',(1.,0.,3.45838013551995E-017));
#14515=DIRECTION('',(0.,0.,1.));
#14516=DIRECTION('',(1.,0.,3.45838013551995E-017));
#14517=DIRECTION('',(0.,0.,1.));
#14518=DIRECTION('',(1.,0.,3.45838013551995E-017));
#14519=DIRECTION('',(0.,0.,1.));
#14520=DIRECTION('',(1.,0.,3.45838013551995E-017));
#14521=DIRECTION('',(0.,0.,1.));
#14522=DIRECTION('',(1.,0.,3.45838013551995E-017));
#14523=CARTESIAN_POINT('',(0.,0.,0.));
#14524=CARTESIAN_POINT('',(-11.75,-8.25,0.));
#14525=CARTESIAN_POINT('',(-11.75,5.25,0.));
#14526=CARTESIAN_POINT('',(-11.75,-5.25,0.));
#14527=CARTESIAN_POINT('',(-11.75,5.25,3.));
#14528=CARTESIAN_POINT('',(-11.75,5.25,3.));
#14529=CARTESIAN_POINT('',(-11.75,-8.25,3.));
#14530=CARTESIAN_POINT('',(-11.75,-5.25,3.));
#14531=CARTESIAN_POINT('',(-11.75,-5.25,0.));
#14532=CARTESIAN_POINT('',(-11.75,-8.25,3.));
#14533=CARTESIAN_POINT('',(8.25,-11.75,0.));
#14534=CARTESIAN_POINT('',(-5.25,-11.75,0.));
#14535=CARTESIAN_POINT('',(5.25,-11.75,0.));
#14536=CARTESIAN_POINT('',(-5.25,-11.75,3.));
#14537=CARTESIAN_POINT('',(-5.25,-11.75,3.));
#14538=CARTESIAN_POINT('',(8.25,-11.75,3.));
#14539=CARTESIAN_POINT('',(5.25,-11.75,3.));
#14540=CARTESIAN_POINT('',(5.25,-11.75,0.));
#14541=CARTESIAN_POINT('',(8.25,-11.75,3.));
#14542=CARTESIAN_POINT('',(11.75,8.25,3.));
#14543=CARTESIAN_POINT('',(11.75,-5.25,3.));
#14544=CARTESIAN_POINT('',(11.75,5.25,3.));
#14545=CARTESIAN_POINT('',(11.75,5.25,0.));
#14546=CARTESIAN_POINT('',(11.75,5.25,0.));
#14547=CARTESIAN_POINT('',(11.75,8.25,0.));
#14548=CARTESIAN_POINT('',(11.75,-5.25,0.));
#14549=CARTESIAN_POINT('',(11.75,-5.25,3.));
#14550=CARTESIAN_POINT('',(11.75,8.25,3.));
#14551=CARTESIAN_POINT('',(-8.25,11.75,3.));
#14552=CARTESIAN_POINT('',(5.25,11.75,3.));
#14553=CARTESIAN_POINT('',(-5.25,11.75,3.));
#14554=CARTESIAN_POINT('',(-5.25,11.75,0.));
#14555=CARTESIAN_POINT('',(-5.25,11.75,0.));
#14556=CARTESIAN_POINT('',(-8.25,11.75,0.));
#14557=CARTESIAN_POINT('',(5.25,11.75,0.));
#14558=CARTESIAN_POINT('',(5.25,11.75,3.));
#14559=CARTESIAN_POINT('',(-8.25,11.75,3.));
#14560=CARTESIAN_POINT('',(14.9,-6.68629150101522,3.));
#14561=CARTESIAN_POINT('',(14.9,-6.68629150101522,2.6));
#14562=CARTESIAN_POINT('',(14.9,-6.68629150101522,0.));
#14563=CARTESIAN_POINT('',(18.,-6.68629150101522,2.6));
#14564=CARTESIAN_POINT('',(15.8079689783217,-8.87832252269352,2.6));
#14565=CARTESIAN_POINT('',(15.8079689783217,-8.87832252269352,3.));
#14566=CARTESIAN_POINT('',(15.8079689783217,-8.87832252269352,0.));
#14567=CARTESIAN_POINT('',(18.,-6.68629150101522,0.));
#14568=CARTESIAN_POINT('',(18.,-6.68629150101522,3.));
#14569=CARTESIAN_POINT('',(15.8079689783217,-8.87832252269352,2.6));
#14570=CARTESIAN_POINT('',(17.9605122421383,-11.0308657865101,2.6));
#14571=CARTESIAN_POINT('',(17.9605122421383,-11.0308657865101,3.));
#14572=CARTESIAN_POINT('',(17.9605122421383,-11.0308657865101,-1.73472347597681E-015));
#14573=CARTESIAN_POINT('',(15.8079689783217,-8.87832252269352,0.));
#14574=CARTESIAN_POINT('',(15.8079689783217,-8.87832252269352,3.));
#14575=CARTESIAN_POINT('',(14.4956890143242,-14.4956890143242,2.6));
#14576=CARTESIAN_POINT('',(11.0308657865102,-17.9605122421383,2.6));
#14577=CARTESIAN_POINT('',(11.0308657865102,-17.9605122421383,3.));
#14578=CARTESIAN_POINT('',(11.0308657865102,-17.9605122421383,0.));
#14579=CARTESIAN_POINT('',(14.4956890143242,-14.4956890143242,0.));
#14580=CARTESIAN_POINT('',(14.4956890143242,-14.4956890143242,3.));
#14581=CARTESIAN_POINT('',(11.0308657865102,-17.9605122421383,2.6));
#14582=CARTESIAN_POINT('',(8.87832252269355,-15.8079689783217,2.6));
#14583=CARTESIAN_POINT('',(8.87832252269355,-15.8079689783217,3.));
#14584=CARTESIAN_POINT('',(8.87832252269355,-15.8079689783217,-1.73472347597681E-015));
#14585=CARTESIAN_POINT('',(11.0308657865102,-17.9605122421383,0.));
#14586=CARTESIAN_POINT('',(11.0308657865102,-17.9605122421383,3.));
#14587=CARTESIAN_POINT('',(6.68629150101525,-18.,2.6));
#14588=CARTESIAN_POINT('',(6.68629150101525,-14.9,2.6));
#14589=CARTESIAN_POINT('',(6.68629150101525,-14.9,3.));
#14590=CARTESIAN_POINT('',(6.68629150101525,-14.9,0.));
#14591=CARTESIAN_POINT('',(6.68629150101525,-18.,0.));
#14592=CARTESIAN_POINT('',(6.68629150101525,-18.,3.));
#14593=CARTESIAN_POINT('',(2.59444787250661E-017,-14.9,2.6));
#14594=CARTESIAN_POINT('',(-6.68629150101525,-14.9,2.6));
#14595=CARTESIAN_POINT('',(-6.68629150101525,-14.9,3.));
#14596=CARTESIAN_POINT('',(-6.68629150101525,-14.9,0.));
#14597=CARTESIAN_POINT('',(2.59444787250661E-017,-14.9,0.));
#14598=CARTESIAN_POINT('',(2.59444787250661E-017,-14.9,3.));
#14599=CARTESIAN_POINT('',(-6.68629150101525,-18.,2.6));
#14600=CARTESIAN_POINT('',(-8.87832252269355,-15.8079689783217,2.6));
#14601=CARTESIAN_POINT('',(-8.87832252269355,-15.8079689783217,3.));
#14602=CARTESIAN_POINT('',(-8.87832252269355,-15.8079689783217,0.));
#14603=CARTESIAN_POINT('',(-6.68629150101525,-18.,0.));
#14604=CARTESIAN_POINT('',(-6.68629150101525,-18.,3.));
#14605=CARTESIAN_POINT('',(-8.87832252269355,-15.8079689783217,2.6));
#14606=CARTESIAN_POINT('',(-11.0308657865102,-17.9605122421383,2.6));
#14607=CARTESIAN_POINT('',(-11.0308657865102,-17.9605122421383,3.));
#14608=CARTESIAN_POINT('',(-11.0308657865102,-17.9605122421383,-1.73472347597681E-015));
#14609=CARTESIAN_POINT('',(-8.87832252269355,-15.8079689783217,0.));
#14610=CARTESIAN_POINT('',(-8.87832252269355,-15.8079689783217,3.));
#14611=CARTESIAN_POINT('',(-14.4956890143242,-14.4956890143242,2.6));
#14612=CARTESIAN_POINT('',(-17.9605122421383,-11.0308657865101,2.6));
#14613=CARTESIAN_POINT('',(-17.9605122421383,-11.0308657865101,3.));
#14614=CARTESIAN_POINT('',(-17.9605122421383,-11.0308657865101,0.));
#14615=CARTESIAN_POINT('',(-14.4956890143242,-14.4956890143242,0.));
#14616=CARTESIAN_POINT('',(-14.4956890143242,-14.4956890143242,3.));
#14617=CARTESIAN_POINT('',(-17.9605122421383,-11.0308657865101,2.6));
#14618=CARTESIAN_POINT('',(-15.8079689783217,-8.87832252269352,2.6));
#14619=CARTESIAN_POINT('',(-15.8079689783217,-8.87832252269352,3.));
#14620=CARTESIAN_POINT('',(-15.8079689783217,-8.87832252269352,-1.73472347597681E-015));
#14621=CARTESIAN_POINT('',(-17.9605122421383,-11.0308657865101,0.));
#14622=CARTESIAN_POINT('',(-17.9605122421383,-11.0308657865101,3.));
#14623=CARTESIAN_POINT('',(-18.,-6.68629150101522,2.6));
#14624=CARTESIAN_POINT('',(-14.9,-6.68629150101522,2.6));
#14625=CARTESIAN_POINT('',(-14.9,-6.68629150101522,3.));
#14626=CARTESIAN_POINT('',(-14.9,-6.68629150101522,0.));
#14627=CARTESIAN_POINT('',(-18.,-6.68629150101522,0.));
#14628=CARTESIAN_POINT('',(-18.,-6.68629150101522,3.));
#14629=CARTESIAN_POINT('',(-14.9,6.1,2.6));
#14630=CARTESIAN_POINT('',(-14.9,6.68629150101524,2.6));
#14631=CARTESIAN_POINT('',(-14.9,6.68629150101524,3.));
#14632=CARTESIAN_POINT('',(-14.9,6.68629150101524,0.));
#14633=CARTESIAN_POINT('',(-14.9,6.1,0.));
#14634=CARTESIAN_POINT('',(-14.9,6.1,3.));
#14635=CARTESIAN_POINT('',(-18.,6.68629150101524,2.6));
#14636=CARTESIAN_POINT('',(-15.8079689783217,8.87832252269354,2.6));
#14637=CARTESIAN_POINT('',(-15.8079689783217,8.87832252269353,3.));
#14638=CARTESIAN_POINT('',(-15.8079689783217,8.87832252269353,0.));
#14639=CARTESIAN_POINT('',(-18.,6.68629150101524,0.));
#14640=CARTESIAN_POINT('',(-18.,6.68629150101524,3.));
#14641=CARTESIAN_POINT('',(-15.8079689783217,8.87832252269353,2.6));
#14642=CARTESIAN_POINT('',(-17.9605122421383,11.0308657865101,2.6));
#14643=CARTESIAN_POINT('',(-17.9605122421383,11.0308657865101,3.));
#14644=CARTESIAN_POINT('',(-17.9605122421383,11.0308657865101,-1.73472347597681E-015));
#14645=CARTESIAN_POINT('',(-15.8079689783217,8.87832252269353,0.));
#14646=CARTESIAN_POINT('',(-15.8079689783217,8.87832252269353,3.));
#14647=CARTESIAN_POINT('',(-14.4956890143242,14.4956890143242,2.6));
#14648=CARTESIAN_POINT('',(-11.0308657865101,17.9605122421383,2.6));
#14649=CARTESIAN_POINT('',(-11.0308657865101,17.9605122421383,3.));
#14650=CARTESIAN_POINT('',(-11.0308657865101,17.9605122421383,0.));
#14651=CARTESIAN_POINT('',(-14.4956890143242,14.4956890143242,0.));
#14652=CARTESIAN_POINT('',(-14.4956890143242,14.4956890143242,3.));
#14653=CARTESIAN_POINT('',(-11.0308657865101,17.9605122421383,2.6));
#14654=CARTESIAN_POINT('',(-8.87832252269352,15.8079689783217,2.6));
#14655=CARTESIAN_POINT('',(-8.87832252269352,15.8079689783217,3.));
#14656=CARTESIAN_POINT('',(-8.87832252269352,15.8079689783217,0.));
#14657=CARTESIAN_POINT('',(-11.0308657865101,17.9605122421383,0.));
#14658=CARTESIAN_POINT('',(-11.0308657865101,17.9605122421383,3.));
#14659=CARTESIAN_POINT('',(-6.68629150101522,18.,2.6));
#14660=CARTESIAN_POINT('',(-6.68629150101522,14.9,2.6));
#14661=CARTESIAN_POINT('',(-6.68629150101522,14.9,3.));
#14662=CARTESIAN_POINT('',(-6.68629150101522,14.9,0.));
#14663=CARTESIAN_POINT('',(-6.68629150101522,18.,0.));
#14664=CARTESIAN_POINT('',(-6.68629150101522,18.,3.));
#14665=CARTESIAN_POINT('',(1.77635683940025E-015,14.9,2.6));
#14666=CARTESIAN_POINT('',(6.68629150101522,14.9,2.6));
#14667=CARTESIAN_POINT('',(6.68629150101522,14.9,3.));
#14668=CARTESIAN_POINT('',(6.68629150101522,14.9,0.));
#14669=CARTESIAN_POINT('',(1.77635683940025E-015,14.9,0.));
#14670=CARTESIAN_POINT('',(1.77635683940025E-015,14.9,3.));
#14671=CARTESIAN_POINT('',(6.68629150101522,18.,2.6));
#14672=CARTESIAN_POINT('',(8.87832252269352,15.8079689783217,2.6));
#14673=CARTESIAN_POINT('',(8.87832252269352,15.8079689783217,3.));
#14674=CARTESIAN_POINT('',(8.87832252269352,15.8079689783217,0.));
#14675=CARTESIAN_POINT('',(6.68629150101522,18.,0.));
#14676=CARTESIAN_POINT('',(6.68629150101522,18.,3.));
#14677=CARTESIAN_POINT('',(8.87832252269352,15.8079689783217,2.6));
#14678=CARTESIAN_POINT('',(11.0308657865101,17.9605122421383,2.6));
#14679=CARTESIAN_POINT('',(11.0308657865101,17.9605122421383,3.));
#14680=CARTESIAN_POINT('',(11.0308657865101,17.9605122421383,0.));
#14681=CARTESIAN_POINT('',(8.87832252269352,15.8079689783217,0.));
#14682=CARTESIAN_POINT('',(8.87832252269352,15.8079689783217,3.));
#14683=CARTESIAN_POINT('',(14.4956890143242,14.4956890143242,2.6));
#14684=CARTESIAN_POINT('',(17.9605122421383,11.0308657865102,2.6));
#14685=CARTESIAN_POINT('',(17.9605122421383,11.0308657865102,3.));
#14686=CARTESIAN_POINT('',(17.9605122421383,11.0308657865102,0.));
#14687=CARTESIAN_POINT('',(14.4956890143242,14.4956890143242,0.));
#14688=CARTESIAN_POINT('',(14.4956890143242,14.4956890143242,3.));
#14689=CARTESIAN_POINT('',(17.9605122421383,11.0308657865101,2.6));
#14690=CARTESIAN_POINT('',(15.8079689783217,8.87832252269354,2.6));
#14691=CARTESIAN_POINT('',(15.8079689783217,8.87832252269353,3.));
#14692=CARTESIAN_POINT('',(15.8079689783217,8.87832252269353,-1.73472347597681E-015));
#14693=CARTESIAN_POINT('',(17.9605122421383,11.0308657865101,0.));
#14694=CARTESIAN_POINT('',(17.9605122421383,11.0308657865101,3.));
#14695=CARTESIAN_POINT('',(18.,6.68629150101524,2.6));
#14696=CARTESIAN_POINT('',(14.9,6.68629150101524,2.6));
#14697=CARTESIAN_POINT('',(14.9,6.68629150101524,3.));
#14698=CARTESIAN_POINT('',(14.9,6.68629150101524,0.));
#14699=CARTESIAN_POINT('',(18.,6.68629150101524,0.));
#14700=CARTESIAN_POINT('',(18.,6.68629150101524,3.));
#14701=CARTESIAN_POINT('',(15.25,15.25,3.));
#14702=CARTESIAN_POINT('',(16.85,15.25,3.));
#14703=CARTESIAN_POINT('',(15.25,15.25,0.));
#14704=CARTESIAN_POINT('',(16.85,15.25,0.));
#14705=CARTESIAN_POINT('',(15.25,15.25,3.));
#14706=CARTESIAN_POINT('',(15.25,-15.25,3.));
#14707=CARTESIAN_POINT('',(16.85,-15.25,3.));
#14708=CARTESIAN_POINT('',(15.25,-15.25,0.));
#14709=CARTESIAN_POINT('',(16.85,-15.25,0.));
#14710=CARTESIAN_POINT('',(15.25,-15.25,3.));
#14711=CARTESIAN_POINT('',(10.,10.,3.));
#14712=CARTESIAN_POINT('',(11.1,10.,3.));
#14713=CARTESIAN_POINT('',(10.,10.,0.));
#14714=CARTESIAN_POINT('',(11.1,10.,0.));
#14715=CARTESIAN_POINT('',(10.,10.,3.));
#14716=CARTESIAN_POINT('',(10.,-10.,3.));
#14717=CARTESIAN_POINT('',(11.1,-10.,3.));
#14718=CARTESIAN_POINT('',(10.,-10.,0.));
#14719=CARTESIAN_POINT('',(11.1,-10.,0.));
#14720=CARTESIAN_POINT('',(10.,-10.,3.));
#14721=CARTESIAN_POINT('',(-10.,10.,3.));
#14722=CARTESIAN_POINT('',(-8.9,10.,3.));
#14723=CARTESIAN_POINT('',(-10.,10.,0.));
#14724=CARTESIAN_POINT('',(-8.9,10.,0.));
#14725=CARTESIAN_POINT('',(-10.,10.,3.));
#14726=CARTESIAN_POINT('',(-10.,-10.,3.));
#14727=CARTESIAN_POINT('',(-8.9,-10.,3.));
#14728=CARTESIAN_POINT('',(-10.,-10.,0.));
#14729=CARTESIAN_POINT('',(-8.9,-10.,0.));
#14730=CARTESIAN_POINT('',(-10.,-10.,3.));
#14731=CARTESIAN_POINT('',(-15.25,15.25,3.));
#14732=CARTESIAN_POINT('',(-13.65,15.25,3.));
#14733=CARTESIAN_POINT('',(-15.25,15.25,0.));
#14734=CARTESIAN_POINT('',(-13.65,15.25,0.));
#14735=CARTESIAN_POINT('',(-15.25,15.25,3.));
#14736=CARTESIAN_POINT('',(-15.25,-15.25,3.));
#14737=CARTESIAN_POINT('',(-13.65,-15.25,3.));
#14738=CARTESIAN_POINT('',(-15.25,-15.25,0.));
#14739=CARTESIAN_POINT('',(-13.65,-15.25,0.));
#14740=CARTESIAN_POINT('',(-15.25,-15.25,3.));
#14741=CARTESIAN_POINT('',(14.9,6.1,2.6));
#14742=CARTESIAN_POINT('',(14.9,6.1,0.));
#14743=CARTESIAN_POINT('',(14.9,6.1,3.));
#14744=CARTESIAN_POINT('',(15.5251262658471,-9.16116523516814,3.));
#14745=CARTESIAN_POINT('',(17.6776695296637,-11.3137084989848,3.));
#14746=CARTESIAN_POINT('',(15.5251262658471,-9.16116523516814,3.));
#14747=CARTESIAN_POINT('',(18.,-6.68629150101522,3.));
#14748=CARTESIAN_POINT('',(14.5,-6.68629150101522,3.));
#14749=CARTESIAN_POINT('',(14.5,-6.68629150101522,3.));
#14750=CARTESIAN_POINT('',(14.5,6.68629150101524,3.));
#14751=CARTESIAN_POINT('',(18.,6.68629150101524,3.));
#14752=CARTESIAN_POINT('',(15.5251262658471,9.16116523516815,3.));
#14753=CARTESIAN_POINT('',(8.83883476483186,2.47487373415294,3.));
#14754=CARTESIAN_POINT('',(17.6776695296637,11.3137084989848,3.));
#14755=CARTESIAN_POINT('',(14.4956890143242,14.4956890143242,3.));
#14756=CARTESIAN_POINT('',(11.3137084989848,17.6776695296637,3.));
#14757=CARTESIAN_POINT('',(2.47487373415291,8.83883476483184,3.));
#14758=CARTESIAN_POINT('',(9.16116523516814,15.5251262658471,3.));
#14759=CARTESIAN_POINT('',(6.68629150101522,18.,3.));
#14760=CARTESIAN_POINT('',(6.68629150101522,14.5,3.));
#14761=CARTESIAN_POINT('',(18.,14.5,3.));
#14762=CARTESIAN_POINT('',(-6.68629150101522,14.5,3.));
#14763=CARTESIAN_POINT('',(-6.68629150101522,18.,3.));
#14764=CARTESIAN_POINT('',(-9.16116523516814,15.5251262658471,3.));
#14765=CARTESIAN_POINT('',(15.5251262658471,-9.16116523516815,3.));
#14766=CARTESIAN_POINT('',(-11.3137084989848,17.6776695296637,3.));
#14767=CARTESIAN_POINT('',(-14.4956890143242,14.4956890143242,3.));
#14768=CARTESIAN_POINT('',(-17.6776695296637,11.3137084989848,3.));
#14769=CARTESIAN_POINT('',(9.16116523516818,-15.5251262658471,3.));
#14770=CARTESIAN_POINT('',(-15.5251262658471,9.16116523516815,3.));
#14771=CARTESIAN_POINT('',(-18.,6.68629150101524,3.));
#14772=CARTESIAN_POINT('',(-14.5,6.68629150101524,3.));
#14773=CARTESIAN_POINT('',(-14.5,-6.68629150101522,3.));
#14774=CARTESIAN_POINT('',(-14.5,-6.68629150101522,3.));
#14775=CARTESIAN_POINT('',(-18.,-6.68629150101522,3.));
#14776=CARTESIAN_POINT('',(-15.5251262658471,-9.16116523516814,3.));
#14777=CARTESIAN_POINT('',(2.47487373415292,8.83883476483186,3.));
#14778=CARTESIAN_POINT('',(-17.6776695296637,-11.3137084989848,3.));
#14779=CARTESIAN_POINT('',(-14.4956890143242,-14.4956890143242,3.));
#14780=CARTESIAN_POINT('',(-11.3137084989848,-17.6776695296637,3.));
#14781=CARTESIAN_POINT('',(8.83883476483185,2.47487373415294,3.));
#14782=CARTESIAN_POINT('',(-9.16116523516817,-15.5251262658471,3.));
#14783=CARTESIAN_POINT('',(-6.68629150101525,-18.,3.));
#14784=CARTESIAN_POINT('',(-6.68629150101525,-14.5,3.));
#14785=CARTESIAN_POINT('',(18.,-14.5,3.));
#14786=CARTESIAN_POINT('',(6.68629150101525,-14.5,3.));
#14787=CARTESIAN_POINT('',(6.68629150101525,-18.,3.));
#14788=CARTESIAN_POINT('',(9.16116523516817,-15.5251262658471,3.));
#14789=CARTESIAN_POINT('',(9.16116523516815,-15.5251262658471,3.));
#14790=CARTESIAN_POINT('',(11.3137084989848,-17.6776695296637,3.));
#14791=CARTESIAN_POINT('',(14.4956890143242,-14.4956890143242,3.));
#14792=CARTESIAN_POINT('',(-8.75,5.25,3.));
#14793=CARTESIAN_POINT('',(-9.10403645324667,8.22903645324667,3.));
#14794=CARTESIAN_POINT('',(-9.2220486043289,9.2220486043289,3.));
#14795=CARTESIAN_POINT('',(-8.22903645324667,9.10403645324667,3.));
#14796=CARTESIAN_POINT('',(-5.25,8.75,3.));
#14797=CARTESIAN_POINT('',(5.25,8.75,3.));
#14798=CARTESIAN_POINT('',(8.22903645324667,9.10403645324667,3.));
#14799=CARTESIAN_POINT('',(9.2220486043289,9.2220486043289,3.));
#14800=CARTESIAN_POINT('',(9.10403645324667,8.22903645324667,3.));
#14801=CARTESIAN_POINT('',(8.75,5.25,3.));
#14802=CARTESIAN_POINT('',(8.75,-5.25,3.));
#14803=CARTESIAN_POINT('',(9.10403645324667,-8.22903645324667,3.));
#14804=CARTESIAN_POINT('',(9.2220486043289,-9.2220486043289,3.));
#14805=CARTESIAN_POINT('',(8.22903645324667,-9.10403645324667,3.));
#14806=CARTESIAN_POINT('',(5.25,-8.75,3.));
#14807=CARTESIAN_POINT('',(-5.25,-8.75,3.));
#14808=CARTESIAN_POINT('',(-8.22903645324667,-9.10403645324667,3.));
#14809=CARTESIAN_POINT('',(-9.2220486043289,-9.2220486043289,3.));
#14810=CARTESIAN_POINT('',(-9.10403645324667,-8.22903645324667,3.));
#14811=CARTESIAN_POINT('',(-8.75,-5.25,3.));
#14812=CARTESIAN_POINT('',(18.,-6.68629150101522,3.));
#14813=CARTESIAN_POINT('',(-5.25,8.75,0.));
#14814=CARTESIAN_POINT('',(-8.22903645324667,9.10403645324667,0.));
#14815=CARTESIAN_POINT('',(-9.2220486043289,9.2220486043289,0.));
#14816=CARTESIAN_POINT('',(-9.10403645324667,8.22903645324667,0.));
#14817=CARTESIAN_POINT('',(-8.75,5.25,0.));
#14818=CARTESIAN_POINT('',(-8.75,-5.25,0.));
#14819=CARTESIAN_POINT('',(-9.10403645324667,-8.22903645324667,0.));
#14820=CARTESIAN_POINT('',(-9.2220486043289,-9.2220486043289,0.));
#14821=CARTESIAN_POINT('',(-8.22903645324667,-9.10403645324667,0.));
#14822=CARTESIAN_POINT('',(-5.25,-8.75,0.));
#14823=CARTESIAN_POINT('',(5.25,-8.75,0.));
#14824=CARTESIAN_POINT('',(8.22903645324667,-9.10403645324667,0.));
#14825=CARTESIAN_POINT('',(9.2220486043289,-9.2220486043289,0.));
#14826=CARTESIAN_POINT('',(9.10403645324667,-8.22903645324667,0.));
#14827=CARTESIAN_POINT('',(8.75,-5.25,0.));
#14828=CARTESIAN_POINT('',(8.75,5.25,0.));
#14829=CARTESIAN_POINT('',(9.10403645324667,8.22903645324667,0.));
#14830=CARTESIAN_POINT('',(9.2220486043289,9.2220486043289,0.));
#14831=CARTESIAN_POINT('',(8.22903645324667,9.10403645324667,0.));
#14832=CARTESIAN_POINT('',(5.25,8.75,0.));
#14833=CARTESIAN_POINT('',(18.,-6.68629150101522,0.));
#14834=CARTESIAN_POINT('',(-9.10403645324667,8.22903645324667,3.));
#14835=CARTESIAN_POINT('',(-8.75,5.25,3.));
#14836=CARTESIAN_POINT('',(-9.10403645324667,-8.22903645324667,3.));
#14837=CARTESIAN_POINT('',(-8.75,-5.25,3.));
#14838=CARTESIAN_POINT('',(9.10403645324667,8.22903645324667,3.));
#14839=CARTESIAN_POINT('',(8.75,5.25,3.));
#14840=CARTESIAN_POINT('',(9.10403645324667,-8.22903645324667,3.));
#14841=CARTESIAN_POINT('',(8.75,-5.25,3.));
#14842=CARTESIAN_POINT('',(-8.22903645324667,9.10403645324667,3.));
#14843=CARTESIAN_POINT('',(-5.25,8.75,3.));
#14844=CARTESIAN_POINT('',(-8.22903645324667,-9.10403645324667,3.));
#14845=CARTESIAN_POINT('',(-5.25,-8.75,3.));
#14846=CARTESIAN_POINT('',(8.22903645324667,9.10403645324667,3.));
#14847=CARTESIAN_POINT('',(5.25,8.75,3.));
#14848=CARTESIAN_POINT('',(8.22903645324667,-9.10403645324667,3.));
#14849=CARTESIAN_POINT('',(5.25,-8.75,3.));
#14850=CARTESIAN_POINT('',(-9.2220486043289,9.2220486043289,3.));
#14851=CARTESIAN_POINT('',(-9.2220486043289,-9.2220486043289,3.));
#14852=CARTESIAN_POINT('',(9.2220486043289,-9.2220486043289,3.));
#14853=CARTESIAN_POINT('',(9.2220486043289,9.2220486043289,3.));
#14854=CARTESIAN_POINT('',(-14.5,6.68629150101524,3.));
#14855=CARTESIAN_POINT('',(-15.8786796564404,8.80761184457488,2.5));
#14856=CARTESIAN_POINT('',(-18.,6.68629150101524,2.5));
#14857=CARTESIAN_POINT('',(-18.031222920257,10.9601551083915,2.5));
#14858=CARTESIAN_POINT('',(-15.8786796564404,8.80761184457488,2.5));
#14859=CARTESIAN_POINT('',(-14.5,-6.68629150101522,3.));
#14860=CARTESIAN_POINT('',(-15.,6.1,2.5));
#14861=CARTESIAN_POINT('',(-10.9601551083915,18.031222920257,2.5));
#14862=CARTESIAN_POINT('',(-14.4956890143242,14.4956890143242,2.5));
#14863=CARTESIAN_POINT('',(-15.5251262658471,-9.16116523516814,3.));
#14864=CARTESIAN_POINT('',(-18.,-6.68629150101522,2.5));
#14865=CARTESIAN_POINT('',(-8.80761184457487,15.8786796564404,2.5));
#14866=CARTESIAN_POINT('',(-10.9601551083915,18.031222920257,2.5));
#14867=CARTESIAN_POINT('',(-17.6776695296637,-11.3137084989848,3.));
#14868=CARTESIAN_POINT('',(-18.031222920257,-10.9601551083915,2.5));
#14869=CARTESIAN_POINT('',(-6.68629150101522,15.,2.5));
#14870=CARTESIAN_POINT('',(-6.68629150101522,18.,2.5));
#14871=CARTESIAN_POINT('',(-11.3137084989848,-17.6776695296637,3.));
#14872=CARTESIAN_POINT('',(-14.4956890143242,-14.4956890143242,2.5));
#14873=CARTESIAN_POINT('',(6.68629150101522,15.,2.5));
#14874=CARTESIAN_POINT('',(1.77635683940025E-015,15.,2.5));
#14875=CARTESIAN_POINT('',(-9.16116523516817,-15.5251262658471,3.));
#14876=CARTESIAN_POINT('',(-8.80761184457489,-15.8786796564404,2.5));
#14877=CARTESIAN_POINT('',(8.80761184457486,15.8786796564403,2.5));
#14878=CARTESIAN_POINT('',(6.68629150101522,18.,2.5));
#14879=CARTESIAN_POINT('',(-6.68629150101525,-14.5,3.));
#14880=CARTESIAN_POINT('',(-6.68629150101525,-18.,2.5));
#14881=CARTESIAN_POINT('',(10.9601551083915,18.031222920257,2.5));
#14882=CARTESIAN_POINT('',(8.80761184457486,15.8786796564403,2.5));
#14883=CARTESIAN_POINT('',(6.68629150101525,-14.5,3.));
#14884=CARTESIAN_POINT('',(0.,-15.,2.5));
#14885=CARTESIAN_POINT('',(18.031222920257,10.9601551083915,2.5));
#14886=CARTESIAN_POINT('',(14.4956890143242,14.4956890143242,2.5));
#14887=CARTESIAN_POINT('',(9.16116523516817,-15.5251262658471,3.));
#14888=CARTESIAN_POINT('',(6.68629150101525,-18.,2.5));
#14889=CARTESIAN_POINT('',(15.8786796564404,8.80761184457488,2.5));
#14890=CARTESIAN_POINT('',(18.031222920257,10.9601551083915,2.5));
#14891=CARTESIAN_POINT('',(11.3137084989848,-17.6776695296637,3.));
#14892=CARTESIAN_POINT('',(10.9601551083915,-18.031222920257,2.5));
#14893=CARTESIAN_POINT('',(15.,6.68629150101524,2.5));
#14894=CARTESIAN_POINT('',(18.,6.68629150101524,2.5));
#14895=CARTESIAN_POINT('',(17.6776695296637,-11.3137084989848,3.));
#14896=CARTESIAN_POINT('',(14.4956890143242,-14.4956890143242,2.5));
#14897=CARTESIAN_POINT('',(15.,-6.68629150101522,2.5));
#14898=CARTESIAN_POINT('',(15.,6.1,2.5));
#14899=CARTESIAN_POINT('',(15.5251262658471,-9.16116523516814,3.));
#14900=CARTESIAN_POINT('',(15.8786796564404,-8.80761184457486,2.5));
#14901=CARTESIAN_POINT('',(18.,-6.68629150101522,2.5));
#14902=CARTESIAN_POINT('',(-11.75,5.25,3.));
#14903=CARTESIAN_POINT('',(-11.75,5.25,3.));
#14904=CARTESIAN_POINT('',(-11.75,-5.25,3.));
#14905=CARTESIAN_POINT('',(-11.75,5.25,5.));
#14906=CARTESIAN_POINT('',(-11.75,5.25,5.));
#14907=CARTESIAN_POINT('',(-11.75,5.25,5.));
#14908=CARTESIAN_POINT('',(-11.75,-5.25,5.));
#14909=CARTESIAN_POINT('',(-11.75,-5.25,5.));
#14910=CARTESIAN_POINT('',(-11.75,5.25,5.));
#14911=CARTESIAN_POINT('',(-8.75,-5.25,3.));
#14912=CARTESIAN_POINT('',(-9.10403645324668,-8.22903645324667,3.));
#14913=CARTESIAN_POINT('',(-8.75,-5.25,5.));
#14914=CARTESIAN_POINT('',(-9.10403645324668,-8.22903645324667,5.));
#14915=CARTESIAN_POINT('',(-9.10403645324668,-8.22903645324667,5.));
#14916=CARTESIAN_POINT('',(-8.75,-5.25,5.));
#14917=CARTESIAN_POINT('',(-9.2220486043289,-9.2220486043289,3.));
#14918=CARTESIAN_POINT('',(-8.22903645324667,-9.10403645324667,3.));
#14919=CARTESIAN_POINT('',(-9.2220486043289,-9.2220486043289,5.));
#14920=CARTESIAN_POINT('',(-8.22903645324667,-9.10403645324667,5.));
#14921=CARTESIAN_POINT('',(-8.22903645324667,-9.10403645324667,5.));
#14922=CARTESIAN_POINT('',(-9.2220486043289,-9.2220486043289,5.));
#14923=CARTESIAN_POINT('',(-5.25,-8.75,3.));
#14924=CARTESIAN_POINT('',(-5.25,-11.75,3.));
#14925=CARTESIAN_POINT('',(-5.25,-8.75,5.));
#14926=CARTESIAN_POINT('',(-5.25,-11.75,5.));
#14927=CARTESIAN_POINT('',(-5.25,-11.75,5.));
#14928=CARTESIAN_POINT('',(-5.25,-8.75,5.));
#14929=CARTESIAN_POINT('',(-5.25,-11.75,3.));
#14930=CARTESIAN_POINT('',(5.25,-11.75,3.));
#14931=CARTESIAN_POINT('',(-5.25,-11.75,5.));
#14932=CARTESIAN_POINT('',(5.25,-11.75,5.));
#14933=CARTESIAN_POINT('',(5.25,-11.75,5.));
#14934=CARTESIAN_POINT('',(-5.25,-11.75,5.));
#14935=CARTESIAN_POINT('',(5.25,-8.75,3.));
#14936=CARTESIAN_POINT('',(8.22903645324667,-9.10403645324668,3.));
#14937=CARTESIAN_POINT('',(5.25,-8.75,5.));
#14938=CARTESIAN_POINT('',(8.22903645324667,-9.10403645324668,5.));
#14939=CARTESIAN_POINT('',(8.22903645324667,-9.10403645324668,5.));
#14940=CARTESIAN_POINT('',(5.25,-8.75,5.));
#14941=CARTESIAN_POINT('',(9.2220486043289,-9.2220486043289,3.));
#14942=CARTESIAN_POINT('',(9.10403645324667,-8.22903645324667,3.));
#14943=CARTESIAN_POINT('',(9.2220486043289,-9.2220486043289,5.));
#14944=CARTESIAN_POINT('',(9.10403645324667,-8.22903645324667,5.));
#14945=CARTESIAN_POINT('',(9.10403645324667,-8.22903645324667,5.));
#14946=CARTESIAN_POINT('',(9.2220486043289,-9.2220486043289,5.));
#14947=CARTESIAN_POINT('',(8.75,-5.25,3.));
#14948=CARTESIAN_POINT('',(11.75,-5.25,3.));
#14949=CARTESIAN_POINT('',(8.75,-5.25,5.));
#14950=CARTESIAN_POINT('',(11.75,-5.25,5.));
#14951=CARTESIAN_POINT('',(11.75,-5.25,5.));
#14952=CARTESIAN_POINT('',(8.75,-5.25,5.));
#14953=CARTESIAN_POINT('',(11.75,-5.25,3.));
#14954=CARTESIAN_POINT('',(11.75,5.25,3.));
#14955=CARTESIAN_POINT('',(11.75,-5.25,5.));
#14956=CARTESIAN_POINT('',(11.75,5.25,5.));
#14957=CARTESIAN_POINT('',(11.75,5.25,5.));
#14958=CARTESIAN_POINT('',(11.75,-5.25,5.));
#14959=CARTESIAN_POINT('',(8.75,5.25,3.));
#14960=CARTESIAN_POINT('',(9.10403645324667,8.22903645324667,3.));
#14961=CARTESIAN_POINT('',(8.75,5.25,5.));
#14962=CARTESIAN_POINT('',(9.10403645324667,8.22903645324667,5.));
#14963=CARTESIAN_POINT('',(9.10403645324667,8.22903645324667,5.));
#14964=CARTESIAN_POINT('',(8.75,5.25,5.));
#14965=CARTESIAN_POINT('',(9.2220486043289,9.2220486043289,3.));
#14966=CARTESIAN_POINT('',(8.22903645324667,9.10403645324667,3.));
#14967=CARTESIAN_POINT('',(9.2220486043289,9.2220486043289,5.));
#14968=CARTESIAN_POINT('',(8.22903645324667,9.10403645324667,5.));
#14969=CARTESIAN_POINT('',(8.22903645324667,9.10403645324667,5.));
#14970=CARTESIAN_POINT('',(9.2220486043289,9.2220486043289,5.));
#14971=CARTESIAN_POINT('',(5.25,8.75,3.));
#14972=CARTESIAN_POINT('',(5.25,11.75,3.));
#14973=CARTESIAN_POINT('',(5.25,8.75,5.));
#14974=CARTESIAN_POINT('',(5.25,11.75,5.));
#14975=CARTESIAN_POINT('',(5.25,11.75,5.));
#14976=CARTESIAN_POINT('',(5.25,8.75,5.));
#14977=CARTESIAN_POINT('',(5.25,11.75,3.));
#14978=CARTESIAN_POINT('',(-5.25,11.75,3.));
#14979=CARTESIAN_POINT('',(5.25,11.75,5.));
#14980=CARTESIAN_POINT('',(-5.25,11.75,5.));
#14981=CARTESIAN_POINT('',(-5.25,11.75,5.));
#14982=CARTESIAN_POINT('',(5.25,11.75,5.));
#14983=CARTESIAN_POINT('',(-5.25,8.75,3.));
#14984=CARTESIAN_POINT('',(-8.22903645324667,9.10403645324668,3.));
#14985=CARTESIAN_POINT('',(-5.25,8.75,5.));
#14986=CARTESIAN_POINT('',(-8.22903645324667,9.10403645324668,5.));
#14987=CARTESIAN_POINT('',(-8.22903645324667,9.10403645324668,5.));
#14988=CARTESIAN_POINT('',(-5.25,8.75,5.));
#14989=CARTESIAN_POINT('',(-9.2220486043289,9.2220486043289,3.));
#14990=CARTESIAN_POINT('',(-9.10403645324667,8.22903645324667,3.));
#14991=CARTESIAN_POINT('',(-9.2220486043289,9.2220486043289,5.));
#14992=CARTESIAN_POINT('',(-9.10403645324667,8.22903645324667,5.));
#14993=CARTESIAN_POINT('',(-9.10403645324667,8.22903645324667,5.));
#14994=CARTESIAN_POINT('',(-9.2220486043289,9.2220486043289,5.));
#14995=CARTESIAN_POINT('',(-17.9605122421383,-11.0308657865101,5.));
#14996=CARTESIAN_POINT('',(-17.9605122421383,-11.0308657865101,4.5));
#14997=CARTESIAN_POINT('',(-17.9605122421383,-11.0308657865101,3.));
#14998=CARTESIAN_POINT('',(-17.9605122421383,-11.0308657865101,4.5));
#14999=CARTESIAN_POINT('',(-15.8079689783217,-8.87832252269352,4.5));
#15000=CARTESIAN_POINT('',(-15.8079689783217,-8.87832252269352,5.));
#15001=CARTESIAN_POINT('',(-15.8079689783217,-8.87832252269352,3.));
#15002=CARTESIAN_POINT('',(-17.9605122421383,-11.0308657865101,3.));
#15003=CARTESIAN_POINT('',(-17.9605122421383,-11.0308657865101,5.));
#15004=CARTESIAN_POINT('',(-18.,-6.68629150101522,4.5));
#15005=CARTESIAN_POINT('',(-14.9,-6.68629150101522,4.5));
#15006=CARTESIAN_POINT('',(-14.9,-6.68629150101522,5.));
#15007=CARTESIAN_POINT('',(-14.9,-6.68629150101522,3.));
#15008=CARTESIAN_POINT('',(-18.,-6.68629150101522,3.));
#15009=CARTESIAN_POINT('',(-18.,-6.68629150101522,5.));
#15010=CARTESIAN_POINT('',(-14.9,-6.68629150101522,4.5));
#15011=CARTESIAN_POINT('',(-14.9,6.68629150101524,4.5));
#15012=CARTESIAN_POINT('',(-14.9,6.68629150101524,5.));
#15013=CARTESIAN_POINT('',(-14.9,6.68629150101524,3.));
#15014=CARTESIAN_POINT('',(-14.9,-6.68629150101522,3.));
#15015=CARTESIAN_POINT('',(-14.9,-6.68629150101522,5.));
#15016=CARTESIAN_POINT('',(-18.,6.68629150101524,4.5));
#15017=CARTESIAN_POINT('',(-15.8079689783217,8.87832252269353,4.5));
#15018=CARTESIAN_POINT('',(-15.8079689783217,8.87832252269353,5.));
#15019=CARTESIAN_POINT('',(-15.8079689783217,8.87832252269353,3.));
#15020=CARTESIAN_POINT('',(-18.,6.68629150101524,3.));
#15021=CARTESIAN_POINT('',(-18.,6.68629150101524,5.));
#15022=CARTESIAN_POINT('',(-15.8079689783217,8.87832252269354,4.5));
#15023=CARTESIAN_POINT('',(-17.9605122421383,11.0308657865101,4.5));
#15024=CARTESIAN_POINT('',(-17.9605122421383,11.0308657865101,5.));
#15025=CARTESIAN_POINT('',(-17.9605122421383,11.0308657865101,3.));
#15026=CARTESIAN_POINT('',(-15.8079689783217,8.87832252269354,3.));
#15027=CARTESIAN_POINT('',(-15.8079689783217,8.87832252269354,5.));
#15028=CARTESIAN_POINT('',(-14.4956890143242,14.4956890143242,4.5));
#15029=CARTESIAN_POINT('',(-11.0308657865101,17.9605122421383,4.5));
#15030=CARTESIAN_POINT('',(-11.0308657865101,17.9605122421383,5.));
#15031=CARTESIAN_POINT('',(-11.0308657865101,17.9605122421383,3.));
#15032=CARTESIAN_POINT('',(-14.4956890143242,14.4956890143242,3.));
#15033=CARTESIAN_POINT('',(-14.4956890143242,14.4956890143242,5.));
#15034=CARTESIAN_POINT('',(-11.0308657865101,17.9605122421383,4.5));
#15035=CARTESIAN_POINT('',(-8.87832252269352,15.8079689783217,4.5));
#15036=CARTESIAN_POINT('',(-8.87832252269352,15.8079689783217,5.));
#15037=CARTESIAN_POINT('',(-8.87832252269352,15.8079689783217,3.));
#15038=CARTESIAN_POINT('',(-11.0308657865101,17.9605122421383,3.));
#15039=CARTESIAN_POINT('',(-11.0308657865101,17.9605122421383,5.));
#15040=CARTESIAN_POINT('',(-6.68629150101522,18.,4.5));
#15041=CARTESIAN_POINT('',(-6.68629150101522,14.9,4.5));
#15042=CARTESIAN_POINT('',(-6.68629150101522,14.9,5.));
#15043=CARTESIAN_POINT('',(-6.68629150101522,14.9,3.));
#15044=CARTESIAN_POINT('',(-6.68629150101522,18.,3.));
#15045=CARTESIAN_POINT('',(-6.68629150101522,18.,5.));
#15046=CARTESIAN_POINT('',(-6.68629150101522,14.9,4.5));
#15047=CARTESIAN_POINT('',(6.68629150101522,14.9,4.5));
#15048=CARTESIAN_POINT('',(6.68629150101522,14.9,5.));
#15049=CARTESIAN_POINT('',(6.68629150101522,14.9,3.));
#15050=CARTESIAN_POINT('',(-6.68629150101522,14.9,3.));
#15051=CARTESIAN_POINT('',(-6.68629150101522,14.9,5.));
#15052=CARTESIAN_POINT('',(6.68629150101522,18.,4.5));
#15053=CARTESIAN_POINT('',(8.87832252269352,15.8079689783217,4.5));
#15054=CARTESIAN_POINT('',(8.87832252269352,15.8079689783217,5.));
#15055=CARTESIAN_POINT('',(8.87832252269352,15.8079689783217,3.));
#15056=CARTESIAN_POINT('',(6.68629150101522,18.,3.));
#15057=CARTESIAN_POINT('',(6.68629150101522,18.,5.));
#15058=CARTESIAN_POINT('',(8.87832252269352,15.8079689783217,4.5));
#15059=CARTESIAN_POINT('',(11.0308657865101,17.9605122421383,4.5));
#15060=CARTESIAN_POINT('',(11.0308657865101,17.9605122421383,5.));
#15061=CARTESIAN_POINT('',(11.0308657865101,17.9605122421383,3.));
#15062=CARTESIAN_POINT('',(8.87832252269352,15.8079689783217,3.));
#15063=CARTESIAN_POINT('',(8.87832252269352,15.8079689783217,5.));
#15064=CARTESIAN_POINT('',(14.4956890143242,14.4956890143242,4.5));
#15065=CARTESIAN_POINT('',(17.9605122421383,11.0308657865102,4.5));
#15066=CARTESIAN_POINT('',(17.9605122421383,11.0308657865102,5.));
#15067=CARTESIAN_POINT('',(17.9605122421383,11.0308657865102,3.));
#15068=CARTESIAN_POINT('',(14.4956890143242,14.4956890143242,3.));
#15069=CARTESIAN_POINT('',(14.4956890143242,14.4956890143242,5.));
#15070=CARTESIAN_POINT('',(17.9605122421383,11.0308657865101,4.5));
#15071=CARTESIAN_POINT('',(15.8079689783217,8.87832252269353,4.5));
#15072=CARTESIAN_POINT('',(15.8079689783217,8.87832252269353,5.));
#15073=CARTESIAN_POINT('',(15.8079689783217,8.87832252269353,3.));
#15074=CARTESIAN_POINT('',(17.9605122421383,11.0308657865101,3.));
#15075=CARTESIAN_POINT('',(17.9605122421383,11.0308657865101,5.));
#15076=CARTESIAN_POINT('',(18.,6.68629150101524,4.5));
#15077=CARTESIAN_POINT('',(14.9,6.68629150101524,4.5));
#15078=CARTESIAN_POINT('',(14.9,6.68629150101524,5.));
#15079=CARTESIAN_POINT('',(14.9,6.68629150101524,3.));
#15080=CARTESIAN_POINT('',(18.,6.68629150101524,3.));
#15081=CARTESIAN_POINT('',(18.,6.68629150101524,5.));
#15082=CARTESIAN_POINT('',(14.9,6.68629150101524,4.5));
#15083=CARTESIAN_POINT('',(14.9,-6.68629150101522,4.5));
#15084=CARTESIAN_POINT('',(14.9,-6.68629150101522,5.));
#15085=CARTESIAN_POINT('',(14.9,-6.68629150101522,3.));
#15086=CARTESIAN_POINT('',(14.9,6.68629150101524,3.));
#15087=CARTESIAN_POINT('',(14.9,6.68629150101524,5.));
#15088=CARTESIAN_POINT('',(18.,-6.68629150101522,4.5));
#15089=CARTESIAN_POINT('',(15.8079689783217,-8.87832252269352,4.5));
#15090=CARTESIAN_POINT('',(15.8079689783217,-8.87832252269352,5.));
#15091=CARTESIAN_POINT('',(15.8079689783217,-8.87832252269352,3.));
#15092=CARTESIAN_POINT('',(18.,-6.68629150101522,3.));
#15093=CARTESIAN_POINT('',(18.,-6.68629150101522,5.));
#15094=CARTESIAN_POINT('',(15.8079689783217,-8.87832252269352,4.5));
#15095=CARTESIAN_POINT('',(17.9605122421383,-11.0308657865101,4.5));
#15096=CARTESIAN_POINT('',(17.9605122421383,-11.0308657865101,5.));
#15097=CARTESIAN_POINT('',(17.9605122421383,-11.0308657865101,3.));
#15098=CARTESIAN_POINT('',(15.8079689783217,-8.87832252269352,3.));
#15099=CARTESIAN_POINT('',(15.8079689783217,-8.87832252269352,5.));
#15100=CARTESIAN_POINT('',(14.4956890143242,-14.4956890143242,4.5));
#15101=CARTESIAN_POINT('',(11.0308657865102,-17.9605122421383,4.5));
#15102=CARTESIAN_POINT('',(11.0308657865102,-17.9605122421383,5.));
#15103=CARTESIAN_POINT('',(11.0308657865102,-17.9605122421383,3.));
#15104=CARTESIAN_POINT('',(14.4956890143242,-14.4956890143242,3.));
#15105=CARTESIAN_POINT('',(14.4956890143242,-14.4956890143242,5.));
#15106=CARTESIAN_POINT('',(11.0308657865101,-17.9605122421383,4.5));
#15107=CARTESIAN_POINT('',(8.87832252269355,-15.8079689783217,4.5));
#15108=CARTESIAN_POINT('',(8.87832252269355,-15.8079689783217,5.));
#15109=CARTESIAN_POINT('',(8.87832252269355,-15.8079689783217,3.));
#15110=CARTESIAN_POINT('',(11.0308657865101,-17.9605122421383,3.));
#15111=CARTESIAN_POINT('',(11.0308657865101,-17.9605122421383,5.));
#15112=CARTESIAN_POINT('',(6.68629150101525,-18.,4.5));
#15113=CARTESIAN_POINT('',(6.68629150101525,-14.9,4.5));
#15114=CARTESIAN_POINT('',(6.68629150101525,-14.9,5.));
#15115=CARTESIAN_POINT('',(6.68629150101525,-14.9,3.));
#15116=CARTESIAN_POINT('',(6.68629150101525,-18.,3.));
#15117=CARTESIAN_POINT('',(6.68629150101525,-18.,5.));
#15118=CARTESIAN_POINT('',(6.68629150101525,-14.9,4.5));
#15119=CARTESIAN_POINT('',(-6.68629150101525,-14.9,4.5));
#15120=CARTESIAN_POINT('',(-6.68629150101525,-14.9,5.));
#15121=CARTESIAN_POINT('',(-6.68629150101525,-14.9,3.));
#15122=CARTESIAN_POINT('',(6.68629150101525,-14.9,3.));
#15123=CARTESIAN_POINT('',(6.68629150101525,-14.9,5.));
#15124=CARTESIAN_POINT('',(-6.68629150101525,-18.,4.5));
#15125=CARTESIAN_POINT('',(-8.87832252269355,-15.8079689783217,4.5));
#15126=CARTESIAN_POINT('',(-8.87832252269355,-15.8079689783217,5.));
#15127=CARTESIAN_POINT('',(-8.87832252269355,-15.8079689783217,3.));
#15128=CARTESIAN_POINT('',(-6.68629150101525,-18.,3.));
#15129=CARTESIAN_POINT('',(-6.68629150101525,-18.,5.));
#15130=CARTESIAN_POINT('',(-8.87832252269355,-15.8079689783217,4.5));
#15131=CARTESIAN_POINT('',(-11.0308657865102,-17.9605122421383,4.5));
#15132=CARTESIAN_POINT('',(-11.0308657865102,-17.9605122421383,5.));
#15133=CARTESIAN_POINT('',(-11.0308657865102,-17.9605122421383,3.));
#15134=CARTESIAN_POINT('',(-8.87832252269355,-15.8079689783217,3.));
#15135=CARTESIAN_POINT('',(-8.87832252269355,-15.8079689783217,5.));
#15136=CARTESIAN_POINT('',(-15.25,15.25,5.));
#15137=CARTESIAN_POINT('',(-13.1125,15.25,5.));
#15138=CARTESIAN_POINT('',(-15.25,15.25,3.));
#15139=CARTESIAN_POINT('',(-13.1125,15.25,3.));
#15140=CARTESIAN_POINT('',(-15.25,15.25,5.));
#15141=CARTESIAN_POINT('',(-10.,-10.,5.));
#15142=CARTESIAN_POINT('',(-8.9,-10.,5.));
#15143=CARTESIAN_POINT('',(-10.,-10.,3.));
#15144=CARTESIAN_POINT('',(-8.9,-10.,3.));
#15145=CARTESIAN_POINT('',(-10.,-10.,5.));
#15146=CARTESIAN_POINT('',(-10.,10.,5.));
#15147=CARTESIAN_POINT('',(-8.9,10.,5.));
#15148=CARTESIAN_POINT('',(-10.,10.,3.));
#15149=CARTESIAN_POINT('',(-8.9,10.,3.));
#15150=CARTESIAN_POINT('',(-10.,10.,5.));
#15151=CARTESIAN_POINT('',(10.,-10.,5.));
#15152=CARTESIAN_POINT('',(11.1,-10.,5.));
#15153=CARTESIAN_POINT('',(10.,-10.,3.));
#15154=CARTESIAN_POINT('',(11.1,-10.,3.));
#15155=CARTESIAN_POINT('',(10.,-10.,5.));
#15156=CARTESIAN_POINT('',(10.,10.,5.));
#15157=CARTESIAN_POINT('',(11.1,10.,5.));
#15158=CARTESIAN_POINT('',(10.,10.,3.));
#15159=CARTESIAN_POINT('',(11.1,10.,3.));
#15160=CARTESIAN_POINT('',(10.,10.,5.));
#15161=CARTESIAN_POINT('',(15.25,-15.25,5.));
#15162=CARTESIAN_POINT('',(17.3875,-15.25,5.));
#15163=CARTESIAN_POINT('',(15.25,-15.25,3.));
#15164=CARTESIAN_POINT('',(17.3875,-15.25,3.));
#15165=CARTESIAN_POINT('',(15.25,-15.25,5.));
#15166=CARTESIAN_POINT('',(15.25,15.25,5.));
#15167=CARTESIAN_POINT('',(17.3875,15.25,5.));
#15168=CARTESIAN_POINT('',(15.25,15.25,3.));
#15169=CARTESIAN_POINT('',(17.3875,15.25,3.));
#15170=CARTESIAN_POINT('',(15.25,15.25,5.));
#15171=CARTESIAN_POINT('',(-8.75,5.25,3.));
#15172=CARTESIAN_POINT('',(-8.75,5.25,5.));
#15173=CARTESIAN_POINT('',(-8.75,5.25,5.));
#15174=CARTESIAN_POINT('',(-14.4956890143242,-14.4956890143242,4.5));
#15175=CARTESIAN_POINT('',(-14.4956890143242,-14.4956890143242,3.));
#15176=CARTESIAN_POINT('',(-14.4956890143242,-14.4956890143242,5.));
#15177=CARTESIAN_POINT('',(-15.25,-15.25,5.));
#15178=CARTESIAN_POINT('',(-13.1125,-15.25,5.));
#15179=CARTESIAN_POINT('',(-15.25,-15.25,3.));
#15180=CARTESIAN_POINT('',(-13.1125,-15.25,3.));
#15181=CARTESIAN_POINT('',(-15.25,-15.25,5.));
#15182=CARTESIAN_POINT('',(14.4,-6.68629150101522,5.));
#15183=CARTESIAN_POINT('',(14.4,-6.68629150101522,5.));
#15184=CARTESIAN_POINT('',(14.4,6.68629150101524,5.));
#15185=CARTESIAN_POINT('',(18.,6.68629150101524,5.));
#15186=CARTESIAN_POINT('',(15.4544155877284,9.2318759132868,5.));
#15187=CARTESIAN_POINT('',(-9.23187591328682,-15.4544155877284,5.));
#15188=CARTESIAN_POINT('',(17.606958851545,11.3844191771034,5.));
#15189=CARTESIAN_POINT('',(14.4956890143242,14.4956890143242,5.));
#15190=CARTESIAN_POINT('',(11.3844191771034,17.606958851545,5.));
#15191=CARTESIAN_POINT('',(-15.4544155877284,-9.23187591328682,5.));
#15192=CARTESIAN_POINT('',(9.23187591328679,15.4544155877284,5.));
#15193=CARTESIAN_POINT('',(6.68629150101522,18.,5.));
#15194=CARTESIAN_POINT('',(6.68629150101522,14.4,5.));
#15195=CARTESIAN_POINT('',(-18.,14.4,5.));
#15196=CARTESIAN_POINT('',(-6.68629150101522,14.4,5.));
#15197=CARTESIAN_POINT('',(-6.68629150101522,18.,5.));
#15198=CARTESIAN_POINT('',(-9.23187591328679,15.4544155877284,5.));
#15199=CARTESIAN_POINT('',(-2.54558441227157,8.76812408671321,5.));
#15200=CARTESIAN_POINT('',(-11.3844191771034,17.606958851545,5.));
#15201=CARTESIAN_POINT('',(-14.4956890143242,14.4956890143242,5.));
#15202=CARTESIAN_POINT('',(-17.606958851545,11.3844191771034,5.));
#15203=CARTESIAN_POINT('',(-8.7681240867132,2.54558441227159,5.));
#15204=CARTESIAN_POINT('',(-15.4544155877284,9.2318759132868,5.));
#15205=CARTESIAN_POINT('',(-18.,6.68629150101524,5.));
#15206=CARTESIAN_POINT('',(-14.4,6.68629150101524,5.));
#15207=CARTESIAN_POINT('',(-14.4,-6.68629150101522,5.));
#15208=CARTESIAN_POINT('',(-14.4,-6.68629150101522,5.));
#15209=CARTESIAN_POINT('',(-18.,-6.68629150101522,5.));
#15210=CARTESIAN_POINT('',(-15.4544155877284,-9.23187591328679,5.));
#15211=CARTESIAN_POINT('',(-15.4544155877284,-9.23187591328679,5.));
#15212=CARTESIAN_POINT('',(-17.606958851545,-11.3844191771034,5.));
#15213=CARTESIAN_POINT('',(-14.4956890143242,-14.4956890143242,5.));
#15214=CARTESIAN_POINT('',(-11.3844191771034,-17.606958851545,5.));
#15215=CARTESIAN_POINT('',(-9.23187591328681,-15.4544155877284,5.));
#15216=CARTESIAN_POINT('',(-9.23187591328682,-15.4544155877284,5.));
#15217=CARTESIAN_POINT('',(-6.68629150101525,-18.,5.));
#15218=CARTESIAN_POINT('',(-6.68629150101525,-14.4,5.));
#15219=CARTESIAN_POINT('',(-18.,-14.4,5.));
#15220=CARTESIAN_POINT('',(6.68629150101525,-14.4,5.));
#15221=CARTESIAN_POINT('',(6.68629150101525,-18.,5.));
#15222=CARTESIAN_POINT('',(9.23187591328682,-15.4544155877284,5.));
#15223=CARTESIAN_POINT('',(-8.76812408671319,2.54558441227159,5.));
#15224=CARTESIAN_POINT('',(11.3844191771034,-17.606958851545,5.));
#15225=CARTESIAN_POINT('',(14.4956890143242,-14.4956890143242,5.));
#15226=CARTESIAN_POINT('',(17.606958851545,-11.3844191771034,5.));
#15227=CARTESIAN_POINT('',(-2.54558441227157,8.76812408671321,5.));
#15228=CARTESIAN_POINT('',(15.4544155877284,-9.23187591328679,5.));
#15229=CARTESIAN_POINT('',(18.,-6.68629150101522,5.));
#15230=CARTESIAN_POINT('',(-18.,-6.68629150101522,5.));
#15231=CARTESIAN_POINT('',(-18.,-6.68629150101522,3.));
#15232=CARTESIAN_POINT('',(-15.4544155877284,-9.23187591328679,5.));
#15233=CARTESIAN_POINT('',(-14.9,-6.68629150101522,4.5));
#15234=CARTESIAN_POINT('',(-18.,-6.68629150101522,4.5));
#15235=CARTESIAN_POINT('',(-14.9,6.68629150101524,4.5));
#15236=CARTESIAN_POINT('',(-14.9,-6.68629150101522,4.5));
#15237=CARTESIAN_POINT('',(-17.606958851545,-11.3844191771034,5.));
#15238=CARTESIAN_POINT('',(-17.9605122421383,-11.0308657865101,4.5));
#15239=CARTESIAN_POINT('',(-15.8079689783217,8.87832252269353,4.5));
#15240=CARTESIAN_POINT('',(-18.,6.68629150101524,4.5));
#15241=CARTESIAN_POINT('',(-11.3844191771034,-17.606958851545,5.));
#15242=CARTESIAN_POINT('',(-14.4956890143242,-14.4956890143242,4.5));
#15243=CARTESIAN_POINT('',(-17.9605122421383,11.0308657865101,4.5));
#15244=CARTESIAN_POINT('',(-15.8079689783217,8.87832252269354,4.5));
#15245=CARTESIAN_POINT('',(-9.23187591328682,-15.4544155877284,5.));
#15246=CARTESIAN_POINT('',(-8.87832252269355,-15.8079689783217,4.5));
#15247=CARTESIAN_POINT('',(-11.0308657865101,17.9605122421383,4.5));
#15248=CARTESIAN_POINT('',(-14.4956890143242,14.4956890143242,4.5));
#15249=CARTESIAN_POINT('',(-6.68629150101525,-14.4,5.));
#15250=CARTESIAN_POINT('',(-6.68629150101525,-18.,4.5));
#15251=CARTESIAN_POINT('',(-8.87832252269352,15.8079689783217,4.5));
#15252=CARTESIAN_POINT('',(-11.0308657865101,17.9605122421383,4.5));
#15253=CARTESIAN_POINT('',(6.68629150101525,-14.4,5.));
#15254=CARTESIAN_POINT('',(6.68629150101525,-14.9,4.5));
#15255=CARTESIAN_POINT('',(-6.68629150101522,14.9,4.5));
#15256=CARTESIAN_POINT('',(-6.68629150101522,18.,4.5));
#15257=CARTESIAN_POINT('',(9.23187591328682,-15.4544155877284,5.));
#15258=CARTESIAN_POINT('',(6.68629150101525,-18.,4.5));
#15259=CARTESIAN_POINT('',(6.68629150101522,14.9,4.5));
#15260=CARTESIAN_POINT('',(-6.68629150101522,14.9,4.5));
#15261=CARTESIAN_POINT('',(11.3844191771034,-17.606958851545,5.));
#15262=CARTESIAN_POINT('',(11.0308657865101,-17.9605122421383,4.5));
#15263=CARTESIAN_POINT('',(8.87832252269352,15.8079689783217,4.5));
#15264=CARTESIAN_POINT('',(6.68629150101522,18.,4.5));
#15265=CARTESIAN_POINT('',(17.606958851545,-11.3844191771034,5.));
#15266=CARTESIAN_POINT('',(14.4956890143242,-14.4956890143242,4.5));
#15267=CARTESIAN_POINT('',(11.0308657865101,17.9605122421383,4.5));
#15268=CARTESIAN_POINT('',(8.87832252269352,15.8079689783217,4.5));
#15269=CARTESIAN_POINT('',(15.4544155877284,-9.2318759132868,5.));
#15270=CARTESIAN_POINT('',(15.8079689783217,-8.87832252269352,4.5));
#15271=CARTESIAN_POINT('',(17.9605122421383,11.0308657865102,4.5));
#15272=CARTESIAN_POINT('',(14.4956890143242,14.4956890143242,4.5));
#15273=CARTESIAN_POINT('',(14.4,-6.68629150101522,5.));
#15274=CARTESIAN_POINT('',(18.,-6.68629150101522,4.5));
#15275=CARTESIAN_POINT('',(15.8079689783217,8.87832252269353,4.5));
#15276=CARTESIAN_POINT('',(17.9605122421383,11.0308657865101,4.5));
#15277=CARTESIAN_POINT('',(14.4,6.68629150101524,5.));
#15278=CARTESIAN_POINT('',(14.9,6.68629150101524,4.5));
#15279=CARTESIAN_POINT('',(18.,6.68629150101524,4.5));
#15280=CARTESIAN_POINT('',(-13.,5.,0.));
#15281=CARTESIAN_POINT('',(-13.,3.,0.));
#15282=CARTESIAN_POINT('',(-13.,-3.,0.));
#15283=CARTESIAN_POINT('',(-11.,3.,0.));
#15284=CARTESIAN_POINT('',(-11.,5.,0.));
#15285=CARTESIAN_POINT('',(13.,5.,0.));
#15286=CARTESIAN_POINT('',(11.,5.,0.));
#15287=CARTESIAN_POINT('',(11.,3.,0.));
#15288=CARTESIAN_POINT('',(13.,3.,0.));
#15289=CARTESIAN_POINT('',(13.,-5.,0.));
#15290=CARTESIAN_POINT('',(13.,-3.,0.));
#15291=CARTESIAN_POINT('',(11.,-3.,0.));
#15292=CARTESIAN_POINT('',(11.,-5.,0.));
#15293=CARTESIAN_POINT('',(-13.,-5.,0.));
#15294=CARTESIAN_POINT('',(-11.,-5.,0.));
#15295=CARTESIAN_POINT('',(-11.,-3.,0.));
#15296=CARTESIAN_POINT('',(-34.,-17.6232188581702,0.));
#15297=CARTESIAN_POINT('',(-34.,-18.709130257447,0.));
#15298=CARTESIAN_POINT('',(-34.,-25.8617659274775,0.));
#15299=CARTESIAN_POINT('',(-32.,-18.709130257447,0.));
#15300=CARTESIAN_POINT('',(-33.08927807003,-17.0317891215562,0.));
#15301=CARTESIAN_POINT('',(-24.5873496757829,-11.5105722655106,0.));
#15302=CARTESIAN_POINT('',(-27.6766277458129,-13.5167729016866,0.));
#15303=CARTESIAN_POINT('',(-26.5873496757829,-15.1941140375775,0.));
#15304=CARTESIAN_POINT('',(-24.5873496757829,-15.1941140375775,0.));
#15305=CARTESIAN_POINT('',(-24.5873496757829,-23.2743060484261,0.));
#15306=CARTESIAN_POINT('',(-24.5873496757829,-22.2108871851031,0.));
#15307=CARTESIAN_POINT('',(-26.5873496757829,-22.2108871851031,0.));
#15308=CARTESIAN_POINT('',(-25.4689638688414,-23.8689623302132,0.));
#15309=CARTESIAN_POINT('',(-34.,-29.6232188581702,0.));
#15310=CARTESIAN_POINT('',(-30.8816141930585,-27.5198410725876,0.));
#15311=CARTESIAN_POINT('',(-32.,-25.8617659274775,0.));
#15312=CARTESIAN_POINT('',(-35.0766431599489,41.0243923441685,0.));
#15313=CARTESIAN_POINT('',(-35.0003355918916,40.1521928501774,0.));
#15314=CARTESIAN_POINT('',(-34.1712385858715,30.6755707073043,0.));
#15315=CARTESIAN_POINT('',(-36.4946276390292,40.0214592360559,0.));
#15316=CARTESIAN_POINT('',(-35.7462393473205,41.3214265298111,0.));
#15317=CARTESIAN_POINT('',(-34.,44.3546835485732,0.));
#15318=CARTESIAN_POINT('',(-36.2464296015596,47.0386272970964,0.));
#15319=CARTESIAN_POINT('',(-37.2091851450852,48.1888889036063,0.));
#15320=CARTESIAN_POINT('',(-35.7148930979476,48.3196225177278,0.));
#15321=CARTESIAN_POINT('',(-35.9097007284145,50.5462839229411,0.));
#15322=CARTESIAN_POINT('',(-35.7453460502034,48.6677013547848,0.));
#15323=CARTESIAN_POINT('',(-34.2510540030657,48.7984349689063,0.));
#15324=CARTESIAN_POINT('',(-34.0422943516256,50.2838370720187,0.));
#15325=CARTESIAN_POINT('',(-26.,49.1535663109189,0.));
#15326=CARTESIAN_POINT('',(-27.2912403485599,49.3350383073069,0.));
#15327=CARTESIAN_POINT('',(-27.5,47.8496362041945,0.));
#15328=CARTESIAN_POINT('',(-26.,47.8496362041945,0.));
#15329=CARTESIAN_POINT('',(-26.,47.5,0.));
#15330=CARTESIAN_POINT('',(-26.,47.618052560237,0.));
#15331=CARTESIAN_POINT('',(-27.5,47.618052560237,0.));
#15332=CARTESIAN_POINT('',(-26.0184674891073,47.3834008626766,0.));
#15333=CARTESIAN_POINT('',(-29.106995676568,27.88320134098,0.));
#15334=CARTESIAN_POINT('',(-28.948721108072,28.882507637556,0.));
#15335=CARTESIAN_POINT('',(-30.4302536189647,29.1171593351164,0.));
#15336=CARTESIAN_POINT('',(-30.092827037449,27.6556042379385,0.));
#15337=CARTESIAN_POINT('',(-34.,26.7535622836597,0.));
#15338=CARTESIAN_POINT('',(-32.2004723254569,27.1690159827618,0.));
#15339=CARTESIAN_POINT('',(-32.5378989069727,28.6305710799397,0.));
#15340=CARTESIAN_POINT('',(-34.0366763615865,28.5700224090919,0.));
#15341=CARTESIAN_POINT('',(-79.,26.7535622836597,0.));
#15342=CARTESIAN_POINT('',(19.804799103942,-38.443798284325,0.));
#15343=CARTESIAN_POINT('',(31.4562820642145,-35.1522696514739,0.));
#15344=CARTESIAN_POINT('',(18.385703381251,-38.8446909621001,0.));
#15345=CARTESIAN_POINT('',(32.,-37.0769438593089,0.));
#15346=CARTESIAN_POINT('',(34.,-37.0769438593089,0.));
#15347=CARTESIAN_POINT('',(34.,-49.9491396823892,0.));
#15348=CARTESIAN_POINT('',(34.,-49.0675047788469,0.));
#15349=CARTESIAN_POINT('',(29.,-49.0675047788469,0.));
#15350=CARTESIAN_POINT('',(33.6984631039295,-50.7776054954753,0.));
#15351=CARTESIAN_POINT('',(30.751325154141,-58.8748004645371,0.));
#15352=CARTESIAN_POINT('',(30.751325154141,-58.8748004645371,0.));
#15353=CARTESIAN_POINT('',(24.1734768086396,-56.4806594612574,0.));
#15354=CARTESIAN_POINT('',(24.1734768086396,-63.4806594612574,0.));
#15355=CARTESIAN_POINT('',(19.,-63.4806594612574,0.));
#15356=CARTESIAN_POINT('',(19.,-63.4806594612574,0.));
#15357=CARTESIAN_POINT('',(19.,-61.4806594612574,0.));
#15358=CARTESIAN_POINT('',(17.,-61.4806594612574,0.));
#15359=CARTESIAN_POINT('',(17.,-40.748014283082,0.));
#15360=CARTESIAN_POINT('',(17.,-40.748014283082,0.));
#15361=CARTESIAN_POINT('',(19.,-40.748014283082,0.));
#15362=CARTESIAN_POINT('',(25.4853035952968,14.9316735262223,0.));
#15363=CARTESIAN_POINT('',(26.2000423083583,13.5103988299894,0.));
#15364=CARTESIAN_POINT('',(30.2132128227416,5.53011512697145,0.));
#15365=CARTESIAN_POINT('',(27.9868294856168,14.4089485410153,0.));
#15366=CARTESIAN_POINT('',(26.7093698860593,15.9478107738024,0.));
#15367=CARTESIAN_POINT('',(34.,22.,0.));
#15368=CARTESIAN_POINT('',(30.7225404004425,19.2792741686606,0.));
#15369=CARTESIAN_POINT('',(32.,17.7404119358735,0.));
#15370=CARTESIAN_POINT('',(34.,17.7404119358735,0.));
#15371=CARTESIAN_POINT('',(34.,-1.99999999999993,0.));
#15372=CARTESIAN_POINT('',(34.,6.42866483799737,0.));
#15373=CARTESIAN_POINT('',(32.,6.42866483799737,0.));
#15374=CARTESIAN_POINT('',(-35.,-11.,0.));
#15375=CARTESIAN_POINT('',(-33.4,-11.,0.));
#15376=CARTESIAN_POINT('',(-15.25,-15.25,0.));
#15377=CARTESIAN_POINT('',(-13.65,-15.25,0.));
#15378=CARTESIAN_POINT('',(-15.25,15.25,0.));
#15379=CARTESIAN_POINT('',(-13.65,15.25,0.));
#15380=CARTESIAN_POINT('',(-10.,-10.,0.));
#15381=CARTESIAN_POINT('',(-7.9,-10.,0.));
#15382=CARTESIAN_POINT('',(-10.,10.,0.));
#15383=CARTESIAN_POINT('',(-7.9,10.,0.));
#15384=CARTESIAN_POINT('',(10.,-10.,0.));
#15385=CARTESIAN_POINT('',(12.1,-10.,0.));
#15386=CARTESIAN_POINT('',(10.,10.,0.));
#15387=CARTESIAN_POINT('',(12.1,10.,0.));
#15388=CARTESIAN_POINT('',(15.25,-15.25,0.));
#15389=CARTESIAN_POINT('',(16.85,-15.25,0.));
#15390=CARTESIAN_POINT('',(15.25,15.25,0.));
#15391=CARTESIAN_POINT('',(16.85,15.25,0.));
#15392=CARTESIAN_POINT('',(35.,-11.,0.));
#15393=CARTESIAN_POINT('',(33.4,-11.,0.));
#15394=CARTESIAN_POINT('',(34.,-63.4806594612574,0.));
#15395=CARTESIAN_POINT('',(32.4,-63.4806594612574,0.));
#15396=CARTESIAN_POINT('',(-34.,-63.4806594612574,0.));
#15397=CARTESIAN_POINT('',(-35.6,-63.4806594612574,0.));
#15398=CARTESIAN_POINT('',(12.,-63.4806594612574,0.));
#15399=CARTESIAN_POINT('',(10.4,-63.4806594612574,0.));
#15400=CARTESIAN_POINT('',(12.,-39.4806594612574,0.));
#15401=CARTESIAN_POINT('',(10.4,-39.4806594612574,0.));
#15402=CARTESIAN_POINT('',(-12.,-39.4806594612574,0.));
#15403=CARTESIAN_POINT('',(-13.6,-39.4806594612574,0.));
#15404=CARTESIAN_POINT('',(-12.,-63.4806594612574,0.));
#15405=CARTESIAN_POINT('',(-13.6,-63.4806594612574,0.));
#15406=CARTESIAN_POINT('',(24.,-30.4683401547756,0.));
#15407=CARTESIAN_POINT('',(22.4,-30.4683401547756,0.));
#15408=CARTESIAN_POINT('',(-24.,-30.4683401547756,0.));
#15409=CARTESIAN_POINT('',(-25.6,-30.4683401547756,0.));
#15410=CARTESIAN_POINT('',(-20.6466251722766,-1.5956547764676E-016,0.));
#15411=CARTESIAN_POINT('',(-22.2466251722766,-1.5956547764676E-016,0.));
#15412=CARTESIAN_POINT('',(20.6466251722766,-1.5956547764676E-016,0.));
#15413=CARTESIAN_POINT('',(19.0466251722766,-1.5956547764676E-016,0.));
#15414=CARTESIAN_POINT('',(-24.,20.5316598452244,0.));
#15415=CARTESIAN_POINT('',(-25.6,20.5316598452244,0.));
#15416=CARTESIAN_POINT('',(24.,20.5316598452244,0.));
#15417=CARTESIAN_POINT('',(22.4,20.5316598452244,0.));
#15418=CARTESIAN_POINT('',(21.5,35.01,0.));
#15419=CARTESIAN_POINT('',(19.9,35.01,0.));
#15420=CARTESIAN_POINT('',(-21.5,35.01,0.));
#15421=CARTESIAN_POINT('',(-23.1,35.01,0.));
#15422=CARTESIAN_POINT('',(35.6385855298903,47.4474230237367,0.));
#15423=CARTESIAN_POINT('',(35.7148930979476,48.3196225177278,0.));
#15424=CARTESIAN_POINT('',(35.7453460502033,48.6677013547848,0.));
#15425=CARTESIAN_POINT('',(37.2091851450852,48.1888889036063,0.));
#15426=CARTESIAN_POINT('',(36.2464296015596,47.0386272970964,0.));
#15427=CARTESIAN_POINT('',(34.,44.3546835485732,0.));
#15428=CARTESIAN_POINT('',(35.7462393473205,41.3214265298111,0.));
#15429=CARTESIAN_POINT('',(36.4946276390292,40.0214592360559,0.));
#15430=CARTESIAN_POINT('',(35.0003355918916,40.1521928501774,0.));
#15431=CARTESIAN_POINT('',(34.1712385858715,30.6755707073043,0.));
#15432=CARTESIAN_POINT('',(34.1712385858715,30.6755707073042,0.));
#15433=CARTESIAN_POINT('',(79.,26.7535622836597,0.));
#15434=CARTESIAN_POINT('',(34.0366763615865,28.5700224090919,0.));
#15435=CARTESIAN_POINT('',(32.5378989069727,28.6305710799397,0.));
#15436=CARTESIAN_POINT('',(32.2004723254569,27.1690159827618,0.));
#15437=CARTESIAN_POINT('',(29.106995676568,27.88320134098,0.));
#15438=CARTESIAN_POINT('',(30.0928270374489,27.6556042379385,0.));
#15439=CARTESIAN_POINT('',(30.4302536189647,29.1171593351164,0.));
#15440=CARTESIAN_POINT('',(28.948721108072,28.882507637556,0.));
#15441=CARTESIAN_POINT('',(27.1291457614135,40.3708542385865,0.));
#15442=CARTESIAN_POINT('',(26.0184674891073,47.3834008626766,0.));
#15443=CARTESIAN_POINT('',(27.5,47.618052560237,0.));
#15444=CARTESIAN_POINT('',(26.,47.618052560237,0.));
#15445=CARTESIAN_POINT('',(26.,49.1535663109189,0.));
#15446=CARTESIAN_POINT('',(26.,47.8496362041945,0.));
#15447=CARTESIAN_POINT('',(27.5,47.8496362041945,0.));
#15448=CARTESIAN_POINT('',(27.2912403485599,49.3350383073069,0.));
#15449=CARTESIAN_POINT('',(35.9097007284144,50.5462839229411,0.));
#15450=CARTESIAN_POINT('',(34.0422943516256,50.2838370720187,0.));
#15451=CARTESIAN_POINT('',(34.2510540030657,48.7984349689063,0.));
#15452=CARTESIAN_POINT('',(24.5873496757829,-11.5105722655106,0.));
#15453=CARTESIAN_POINT('',(24.5873496757829,-15.1941140375775,0.));
#15454=CARTESIAN_POINT('',(24.5873496757829,-22.2108871851031,0.));
#15455=CARTESIAN_POINT('',(26.5873496757829,-15.1941140375775,0.));
#15456=CARTESIAN_POINT('',(27.6766277458129,-13.5167729016866,0.));
#15457=CARTESIAN_POINT('',(34.,-17.6232188581702,0.));
#15458=CARTESIAN_POINT('',(33.08927807003,-17.0317891215562,0.));
#15459=CARTESIAN_POINT('',(32.,-18.709130257447,0.));
#15460=CARTESIAN_POINT('',(34.,-18.709130257447,0.));
#15461=CARTESIAN_POINT('',(34.,-29.6232188581702,0.));
#15462=CARTESIAN_POINT('',(34.,-25.8617659274775,0.));
#15463=CARTESIAN_POINT('',(32.,-25.8617659274775,0.));
#15464=CARTESIAN_POINT('',(30.8816141930585,-27.5198410725876,0.));
#15465=CARTESIAN_POINT('',(24.5873496757829,-23.2743060484261,0.));
#15466=CARTESIAN_POINT('',(25.4689638688414,-23.8689623302132,0.));
#15467=CARTESIAN_POINT('',(26.5873496757829,-22.2108871851031,0.));
#15468=CARTESIAN_POINT('',(-10.,21.5,0.));
#15469=CARTESIAN_POINT('',(-6.5857864376269,18.0857864376269,0.));
#15470=CARTESIAN_POINT('',(-1.4142135623731,12.9142135623731,0.));
#15471=CARTESIAN_POINT('',(-5.17157287525381,19.5,0.));
#15472=CARTESIAN_POINT('',(-5.17157287525381,21.5,0.));
#15473=CARTESIAN_POINT('',(10.,21.5,0.));
#15474=CARTESIAN_POINT('',(5.17157287525381,21.5,0.));
#15475=CARTESIAN_POINT('',(5.17157287525381,19.5,0.));
#15476=CARTESIAN_POINT('',(6.5857864376269,18.0857864376269,0.));
#15477=CARTESIAN_POINT('',(0.,11.5,0.));
#15478=CARTESIAN_POINT('',(1.4142135623731,12.9142135623731,0.));
#15479=CARTESIAN_POINT('',(1.30104260698261E-015,14.3284271247462,0.));
#15480=CARTESIAN_POINT('',(-34.,-34.433672675614,0.));
#15481=CARTESIAN_POINT('',(-34.,-37.0769438593089,0.));
#15482=CARTESIAN_POINT('',(-34.,-49.0675047788469,0.));
#15483=CARTESIAN_POINT('',(-32.,-37.0769438593089,0.));
#15484=CARTESIAN_POINT('',(-31.4562820642145,-35.1522696514736,0.));
#15485=CARTESIAN_POINT('',(-18.3857033812514,-38.8446909621,0.));
#15486=CARTESIAN_POINT('',(-18.3857033812514,-38.8446909621,0.));
#15487=CARTESIAN_POINT('',(-19.,-40.748014283082,0.));
#15488=CARTESIAN_POINT('',(-17.,-40.748014283082,0.));
#15489=CARTESIAN_POINT('',(-17.,-61.4806594612574,0.));
#15490=CARTESIAN_POINT('',(-17.,-61.4806594612574,0.));
#15491=CARTESIAN_POINT('',(-19.,-61.4806594612574,0.));
#15492=CARTESIAN_POINT('',(-19.,-63.4806594612574,0.));
#15493=CARTESIAN_POINT('',(-24.1734768086396,-63.4806594612574,0.));
#15494=CARTESIAN_POINT('',(-24.1734768086396,-63.4806594612574,0.));
#15495=CARTESIAN_POINT('',(-24.1734768086396,-56.4806594612574,0.));
#15496=CARTESIAN_POINT('',(-30.751325154141,-58.8748004645371,0.));
#15497=CARTESIAN_POINT('',(-34.,-49.9491396823892,0.));
#15498=CARTESIAN_POINT('',(-33.6984631039295,-50.7776054954753,0.));
#15499=CARTESIAN_POINT('',(-29.,-49.0675047788469,0.));
#15500=CARTESIAN_POINT('',(-34.,22.,0.));
#15501=CARTESIAN_POINT('',(-34.,17.7404119358735,0.));
#15502=CARTESIAN_POINT('',(-34.,6.42866483799737,0.));
#15503=CARTESIAN_POINT('',(-32.,17.7404119358735,0.));
#15504=CARTESIAN_POINT('',(-30.7225404004425,19.2792741686606,0.));
#15505=CARTESIAN_POINT('',(-25.4853035952968,14.9316735262223,0.));
#15506=CARTESIAN_POINT('',(-26.7093698860593,15.9478107738024,0.));
#15507=CARTESIAN_POINT('',(-27.9868294856168,14.4089485410153,0.));
#15508=CARTESIAN_POINT('',(-26.2000423083583,13.5103988299894,0.));
#15509=CARTESIAN_POINT('',(-34.,-2.00000000000001,0.));
#15510=CARTESIAN_POINT('',(-30.2132128227416,5.53011512697145,0.));
#15511=CARTESIAN_POINT('',(-32.,6.42866483799737,0.));
#15512=CARTESIAN_POINT('',(-11.3457800555121,-30.9806594612574,0.));
#15513=CARTESIAN_POINT('',(-13.3740796357539,-29.5191531106755,0.));
#15514=CARTESIAN_POINT('',(-11.3457800555121,-33.4806594612574,0.));
#15515=CARTESIAN_POINT('',(-2.41605918947879,-14.3114543807919,0.));
#15516=CARTESIAN_POINT('',(-2.41605918947879,-14.3114543807919,0.));
#15517=CARTESIAN_POINT('',(-0.79341952528538,-15.4806594612574,0.));
#15518=CARTESIAN_POINT('',(-0.79341952528538,-13.4806594612574,0.));
#15519=CARTESIAN_POINT('',(0.793419525285372,-13.4806594612574,0.));
#15520=CARTESIAN_POINT('',(0.793419525285372,-13.4806594612573,0.));
#15521=CARTESIAN_POINT('',(0.793419525285372,-15.4806594612574,0.));
#15522=CARTESIAN_POINT('',(2.41605918947879,-14.3114543807919,0.));
#15523=CARTESIAN_POINT('',(13.3740796357539,-29.5191531106755,0.));
#15524=CARTESIAN_POINT('',(13.3740796357539,-29.5191531106755,0.));
#15525=CARTESIAN_POINT('',(11.3457800555121,-30.9806594612574,0.));
#15526=CARTESIAN_POINT('',(11.3457800555121,-33.4806594612574,0.));
#15527=CARTESIAN_POINT('',(-11.3457800555121,-33.4806594612574,0.));
#15528=CARTESIAN_POINT('',(-2.80331313717852E-015,-51.4806594612574,0.));
#15529=CARTESIAN_POINT('',(14.5,-51.4806594612574,0.));
#15530=CARTESIAN_POINT('',(-16.4,41.,0.));
#15531=CARTESIAN_POINT('',(-16.4,45.5,0.));
#15532=CARTESIAN_POINT('',(-16.4,28.,0.));
#15533=CARTESIAN_POINT('',(-17.4,45.5,0.));
#15534=CARTESIAN_POINT('',(-17.4,46.5,0.));
#15535=CARTESIAN_POINT('',(35.,46.5,0.));
#15536=CARTESIAN_POINT('',(-20.,46.5,0.));
#15537=CARTESIAN_POINT('',(-20.,47.5,0.));
#15538=CARTESIAN_POINT('',(-21.,47.5,0.));
#15539=CARTESIAN_POINT('',(-21.,46.5,0.));
#15540=CARTESIAN_POINT('',(-21.,51.7614265243676,0.));
#15541=CARTESIAN_POINT('',(-23.,51.7614265243676,0.));
#15542=CARTESIAN_POINT('',(-22.7216537980799,53.7419626618507,0.));
#15543=CARTESIAN_POINT('',(-21.,53.5,0.));
#15544=CARTESIAN_POINT('',(-35.2138352236141,55.497624266649,0.));
#15545=CARTESIAN_POINT('',(-35.9097007284144,50.5462839229411,0.));
#15546=CARTESIAN_POINT('',(-40.8906742188732,50.1105052092028,0.));
#15547=CARTESIAN_POINT('',(-41.4385231462435,56.3724471030572,0.));
#15548=CARTESIAN_POINT('',(-39.1522120763302,30.239791993566,0.));
#15549=CARTESIAN_POINT('',(-79.,26.7535622836597,0.));
#15550=CARTESIAN_POINT('',(-39.,26.7535622836597,0.));
#15551=CARTESIAN_POINT('',(-39.,53.5,0.));
#15552=CARTESIAN_POINT('',(-39.,-62.,0.));
#15553=CARTESIAN_POINT('',(-32.,-62.,0.));
#15554=CARTESIAN_POINT('',(-32.,-69.,0.));
#15555=CARTESIAN_POINT('',(-39.,-69.,0.));
#15556=CARTESIAN_POINT('',(32.,-69.,0.));
#15557=CARTESIAN_POINT('',(32.,-62.,0.));
#15558=CARTESIAN_POINT('',(39.,-62.,0.));
#15559=CARTESIAN_POINT('',(39.,-69.,0.));
#15560=CARTESIAN_POINT('',(39.,26.7535622836597,0.));
#15561=CARTESIAN_POINT('',(79.,26.7535622836597,0.));
#15562=CARTESIAN_POINT('',(39.1522120763302,30.239791993566,0.));
#15563=CARTESIAN_POINT('',(39.,28.5,0.));
#15564=CARTESIAN_POINT('',(40.8906742188732,50.1105052092028,0.));
#15565=CARTESIAN_POINT('',(35.9097007284144,50.5462839229411,0.));
#15566=CARTESIAN_POINT('',(35.2138352236141,55.497624266649,0.));
#15567=CARTESIAN_POINT('',(41.4385231462435,56.3724471030572,0.));
#15568=CARTESIAN_POINT('',(22.7216537980799,53.7419626618507,0.));
#15569=CARTESIAN_POINT('',(23.,51.7614265243676,0.));
#15570=CARTESIAN_POINT('',(21.,51.7614265243676,0.));
#15571=CARTESIAN_POINT('',(21.,53.5,0.));
#15572=CARTESIAN_POINT('',(21.,47.5,0.));
#15573=CARTESIAN_POINT('',(20.,47.5,0.));
#15574=CARTESIAN_POINT('',(20.,46.5,0.));
#15575=CARTESIAN_POINT('',(35.,46.5,0.));
#15576=CARTESIAN_POINT('',(17.4,46.5,0.));
#15577=CARTESIAN_POINT('',(17.4,45.5,0.));
#15578=CARTESIAN_POINT('',(16.4,45.5,0.));
#15579=CARTESIAN_POINT('',(16.4,28.,0.));
#15580=CARTESIAN_POINT('',(16.4,28.,0.));
#15581=CARTESIAN_POINT('',(13.9,28.,0.));
#15582=CARTESIAN_POINT('',(13.9,25.5,0.));
#15583=CARTESIAN_POINT('',(-13.9000000000002,25.5,0.));
#15584=CARTESIAN_POINT('',(-13.9000000000002,25.5,0.));
#15585=CARTESIAN_POINT('',(-13.9000000000002,28.,0.));
#15586=CARTESIAN_POINT('',(35.,-11.,0.));
#15587=CARTESIAN_POINT('',(-17.4,46.5,3.));
#15588=CARTESIAN_POINT('',(-17.4,46.5,-2.));
#15589=CARTESIAN_POINT('',(35.,46.5,-2.));
#15590=CARTESIAN_POINT('',(-20.,46.5,-2.));
#15591=CARTESIAN_POINT('',(-20.,46.5,0.));
#15592=CARTESIAN_POINT('',(-21.,46.5,3.));
#15593=CARTESIAN_POINT('',(-17.4,45.5,-2.));
#15594=CARTESIAN_POINT('',(-16.4,45.5,-2.));
#15595=CARTESIAN_POINT('',(-16.4,-11.,-2.));
#15596=CARTESIAN_POINT('',(-16.4,28.,-2.));
#15597=CARTESIAN_POINT('',(-13.9000000000002,28.,-2.));
#15598=CARTESIAN_POINT('',(-13.9000000000002,25.5,-2.));
#15599=CARTESIAN_POINT('',(35.,25.5,-2.));
#15600=CARTESIAN_POINT('',(13.9,25.5,-2.));
#15601=CARTESIAN_POINT('',(13.9,28.,-2.));
#15602=CARTESIAN_POINT('',(16.4,28.,-2.));
#15603=CARTESIAN_POINT('',(16.4,-11.,-2.));
#15604=CARTESIAN_POINT('',(16.4,45.5,-2.));
#15605=CARTESIAN_POINT('',(17.4,45.5,-2.));
#15606=CARTESIAN_POINT('',(17.4,46.5,-2.));
#15607=CARTESIAN_POINT('',(35.,46.5,-2.));
#15608=CARTESIAN_POINT('',(20.,46.5,-2.));
#15609=CARTESIAN_POINT('',(20.,47.5,-2.));
#15610=CARTESIAN_POINT('',(21.,47.5,-2.));
#15611=CARTESIAN_POINT('',(21.,53.5,-2.));
#15612=CARTESIAN_POINT('',(21.,51.7614265243676,-2.));
#15613=CARTESIAN_POINT('',(23.,51.7614265243676,-2.));
#15614=CARTESIAN_POINT('',(22.7216537980799,53.7419626618507,-2.));
#15615=CARTESIAN_POINT('',(41.4385231462435,56.3724471030572,-2.));
#15616=CARTESIAN_POINT('',(35.2138352236141,55.497624266649,-2.));
#15617=CARTESIAN_POINT('',(35.9097007284144,50.5462839229411,-2.));
#15618=CARTESIAN_POINT('',(40.8906742188732,50.1105052092028,-2.));
#15619=CARTESIAN_POINT('',(39.,28.5,-2.));
#15620=CARTESIAN_POINT('',(39.1522120763302,30.239791993566,-2.));
#15621=CARTESIAN_POINT('',(79.,26.7535622836597,-2.));
#15622=CARTESIAN_POINT('',(39.,26.7535622836597,-2.));
#15623=CARTESIAN_POINT('',(39.,-69.,-2.));
#15624=CARTESIAN_POINT('',(39.,-62.,-2.));
#15625=CARTESIAN_POINT('',(32.,-62.,-2.));
#15626=CARTESIAN_POINT('',(32.,-69.,-2.));
#15627=CARTESIAN_POINT('',(-39.,-69.,-2.));
#15628=CARTESIAN_POINT('',(-32.,-69.,-2.));
#15629=CARTESIAN_POINT('',(-32.,-62.,-2.));
#15630=CARTESIAN_POINT('',(-39.,-62.,-2.));
#15631=CARTESIAN_POINT('',(-39.,53.5,-2.));
#15632=CARTESIAN_POINT('',(-39.,26.7535622836597,-2.));
#15633=CARTESIAN_POINT('',(-79.,26.7535622836597,-2.));
#15634=CARTESIAN_POINT('',(-39.1522120763302,30.239791993566,-2.));
#15635=CARTESIAN_POINT('',(-41.4385231462435,56.3724471030572,-2.));
#15636=CARTESIAN_POINT('',(-40.8906742188732,50.1105052092028,-2.));
#15637=CARTESIAN_POINT('',(-35.9097007284144,50.5462839229411,-2.));
#15638=CARTESIAN_POINT('',(-35.2138352236141,55.497624266649,-2.));
#15639=CARTESIAN_POINT('',(-21.,53.5,-2.));
#15640=CARTESIAN_POINT('',(-22.7216537980799,53.7419626618507,-2.));
#15641=CARTESIAN_POINT('',(-23.,51.7614265243676,-2.));
#15642=CARTESIAN_POINT('',(-21.,51.7614265243676,-2.));
#15643=CARTESIAN_POINT('',(-21.,46.5,-2.));
#15644=CARTESIAN_POINT('',(-21.,47.5,-2.));
#15645=CARTESIAN_POINT('',(-20.,47.5,-2.));
#15646=CARTESIAN_POINT('',(-2.80331313717852E-015,-51.4806594612574,-2.));
#15647=CARTESIAN_POINT('',(-14.5,-51.4806594612574,-2.));
#15648=CARTESIAN_POINT('',(11.9418796683643,5.61470012883856,-2.));
#15649=CARTESIAN_POINT('',(-2.41605918947879,-14.3114543807919,-2.));
#15650=CARTESIAN_POINT('',(-13.3740796357539,-29.5191531106755,-2.));
#15651=CARTESIAN_POINT('',(-11.3457800555121,-30.9806594612574,-2.));
#15652=CARTESIAN_POINT('',(-11.3457800555121,-33.4806594612574,-2.));
#15653=CARTESIAN_POINT('',(35.,-33.4806594612574,-2.));
#15654=CARTESIAN_POINT('',(11.3457800555121,-33.4806594612574,-2.));
#15655=CARTESIAN_POINT('',(11.3457800555121,-30.9806594612574,-2.));
#15656=CARTESIAN_POINT('',(13.3740796357539,-29.5191531106755,-2.));
#15657=CARTESIAN_POINT('',(11.9813294348958,-27.5862743061069,-2.));
#15658=CARTESIAN_POINT('',(2.41605918947879,-14.3114543807919,-2.));
#15659=CARTESIAN_POINT('',(0.793419525285372,-15.4806594612574,-2.));
#15660=CARTESIAN_POINT('',(0.793419525285372,-13.4806594612573,-2.));
#15661=CARTESIAN_POINT('',(35.,-13.4806594612572,-2.));
#15662=CARTESIAN_POINT('',(-0.79341952528538,-13.4806594612574,-2.));
#15663=CARTESIAN_POINT('',(-0.79341952528538,-15.4806594612574,-2.));
#15664=CARTESIAN_POINT('',(-23.6849086690911,18.5118010680503,-2.));
#15665=CARTESIAN_POINT('',(-30.2132128227416,5.53011512697145,-2.));
#15666=CARTESIAN_POINT('',(-26.2000423083583,13.5103988299894,-2.));
#15667=CARTESIAN_POINT('',(-27.9868294856168,14.4089485410153,-2.));
#15668=CARTESIAN_POINT('',(-26.7093698860593,15.9478107738024,-2.));
#15669=CARTESIAN_POINT('',(23.0678059946286,-25.3738422064505,-2.));
#15670=CARTESIAN_POINT('',(-30.7225404004425,19.2792741686606,-2.));
#15671=CARTESIAN_POINT('',(-32.,17.7404119358735,-2.));
#15672=CARTESIAN_POINT('',(-34.,17.7404119358735,-2.));
#15673=CARTESIAN_POINT('',(-34.,-11.,-2.));
#15674=CARTESIAN_POINT('',(-34.,6.42866483799737,-2.));
#15675=CARTESIAN_POINT('',(-32.,6.42866483799737,-2.));
#15676=CARTESIAN_POINT('',(23.7696796233591,-50.7535312926904,-2.));
#15677=CARTESIAN_POINT('',(-18.3857033812514,-38.8446909621,-2.));
#15678=CARTESIAN_POINT('',(-31.4562820642145,-35.1522696514739,-2.));
#15679=CARTESIAN_POINT('',(-32.,-37.0769438593089,-2.));
#15680=CARTESIAN_POINT('',(-34.,-37.0769438593089,-2.));
#15681=CARTESIAN_POINT('',(-34.,-11.,-2.));
#15682=CARTESIAN_POINT('',(-34.,-49.0675047788469,-2.));
#15683=CARTESIAN_POINT('',(-29.,-49.0675047788469,-2.));
#15684=CARTESIAN_POINT('',(-33.6984631039296,-50.7776054954753,-2.));
#15685=CARTESIAN_POINT('',(-38.4465454854998,-37.7323563664007,-2.));
#15686=CARTESIAN_POINT('',(-30.751325154141,-58.8748004645371,-2.));
#15687=CARTESIAN_POINT('',(-24.1734768086396,-56.4806594612574,-2.));
#15688=CARTESIAN_POINT('',(-24.1734768086396,-63.4806594612574,-2.));
#15689=CARTESIAN_POINT('',(35.,-63.4806594612574,-2.));
#15690=CARTESIAN_POINT('',(-19.,-63.4806594612574,-2.));
#15691=CARTESIAN_POINT('',(-19.,-61.4806594612574,-2.));
#15692=CARTESIAN_POINT('',(-17.,-61.4806594612574,-2.));
#15693=CARTESIAN_POINT('',(-17.,-11.,-2.));
#15694=CARTESIAN_POINT('',(-17.,-40.748014283082,-2.));
#15695=CARTESIAN_POINT('',(-19.,-40.748014283082,-2.));
#15696=CARTESIAN_POINT('',(6.25,17.75,-2.));
#15697=CARTESIAN_POINT('',(1.4142135623731,12.9142135623731,-2.));
#15698=CARTESIAN_POINT('',(6.5857864376269,18.0857864376269,-2.));
#15699=CARTESIAN_POINT('',(5.17157287525381,19.5,-2.));
#15700=CARTESIAN_POINT('',(5.17157287525381,21.5,-2.));
#15701=CARTESIAN_POINT('',(35.,21.5,-2.));
#15702=CARTESIAN_POINT('',(-5.17157287525381,21.5,-2.));
#15703=CARTESIAN_POINT('',(-5.17157287525381,19.5,-2.));
#15704=CARTESIAN_POINT('',(-6.5857864376269,18.0857864376269,-2.));
#15705=CARTESIAN_POINT('',(28.75,-17.25,-2.));
#15706=CARTESIAN_POINT('',(-1.41421356237309,12.9142135623731,-2.));
#15707=CARTESIAN_POINT('',(1.30104260698261E-015,14.3284271247462,-2.));
#15708=CARTESIAN_POINT('',(34.,-11.,-2.));
#15709=CARTESIAN_POINT('',(34.,-25.8617659274775,-2.));
#15710=CARTESIAN_POINT('',(34.,-18.709130257447,-2.));
#15711=CARTESIAN_POINT('',(32.,-18.709130257447,-2.));
#15712=CARTESIAN_POINT('',(33.08927807003,-17.0317891215562,-2.));
#15713=CARTESIAN_POINT('',(31.6780625701108,-16.1153350602706,-2.));
#15714=CARTESIAN_POINT('',(27.6766277458129,-13.5167729016866,-2.));
#15715=CARTESIAN_POINT('',(26.5873496757829,-15.1941140375775,-2.));
#15716=CARTESIAN_POINT('',(24.5873496757829,-15.1941140375775,-2.));
#15717=CARTESIAN_POINT('',(24.5873496757829,-11.,-2.));
#15718=CARTESIAN_POINT('',(24.5873496757829,-22.2108871851031,-2.));
#15719=CARTESIAN_POINT('',(26.5873496757829,-22.2108871851031,-2.));
#15720=CARTESIAN_POINT('',(25.4689638688414,-23.8689623302132,-2.));
#15721=CARTESIAN_POINT('',(26.0537293740284,-24.2633916438175,-2.));
#15722=CARTESIAN_POINT('',(30.8816141930585,-27.5198410725876,-2.));
#15723=CARTESIAN_POINT('',(32.,-25.8617659274775,-2.));
#15724=CARTESIAN_POINT('',(34.,44.3546835485732,-2.));
#15725=CARTESIAN_POINT('',(35.7462393473205,41.3214265298111,-2.));
#15726=CARTESIAN_POINT('',(36.2464296015596,47.0386272970964,-2.));
#15727=CARTESIAN_POINT('',(37.2091851450852,48.1888889036063,-2.));
#15728=CARTESIAN_POINT('',(35.7148930979476,48.3196225177278,-2.));
#15729=CARTESIAN_POINT('',(30.5590905066438,-10.6114707635867,-2.));
#15730=CARTESIAN_POINT('',(35.7453460502033,48.6677013547848,-2.));
#15731=CARTESIAN_POINT('',(34.2510540030657,48.7984349689063,-2.));
#15732=CARTESIAN_POINT('',(34.0422943516256,50.2838370720187,-2.));
#15733=CARTESIAN_POINT('',(26.5353926512704,49.2288108410219,-2.));
#15734=CARTESIAN_POINT('',(27.2912403485599,49.3350383073069,-2.));
#15735=CARTESIAN_POINT('',(27.5,47.8496362041945,-2.));
#15736=CARTESIAN_POINT('',(26.,47.8496362041945,-2.));
#15737=CARTESIAN_POINT('',(26.0000000000001,-11.,-2.));
#15738=CARTESIAN_POINT('',(26.,47.618052560237,-2.));
#15739=CARTESIAN_POINT('',(27.5,47.618052560237,-2.));
#15740=CARTESIAN_POINT('',(26.0184674891073,47.3834008626766,-2.));
#15741=CARTESIAN_POINT('',(35.2589927621391,-10.9589795763205,-2.));
#15742=CARTESIAN_POINT('',(28.948721108072,28.882507637556,-2.));
#15743=CARTESIAN_POINT('',(30.4302536189647,29.1171593351164,-2.));
#15744=CARTESIAN_POINT('',(30.0928270374489,27.6556042379385,-2.));
#15745=CARTESIAN_POINT('',(43.22443321998,24.6239340720044,-2.));
#15746=CARTESIAN_POINT('',(32.2004723254569,27.1690159827618,-2.));
#15747=CARTESIAN_POINT('',(32.5378989069727,28.6305710799397,-2.));
#15748=CARTESIAN_POINT('',(34.0366763615865,28.5700224090919,-2.));
#15749=CARTESIAN_POINT('',(79.,26.7535622836597,-2.));
#15750=CARTESIAN_POINT('',(34.1712385858715,30.6755707073042,-2.));
#15751=CARTESIAN_POINT('',(30.5590905066438,-10.6114707635867,-2.));
#15752=CARTESIAN_POINT('',(35.0003355918916,40.1521928501774,-2.));
#15753=CARTESIAN_POINT('',(36.4946276390292,40.0214592360559,-2.));
#15754=CARTESIAN_POINT('',(-21.5,35.01,-2.));
#15755=CARTESIAN_POINT('',(-23.1,35.01,-2.));
#15756=CARTESIAN_POINT('',(21.5,35.01,-2.));
#15757=CARTESIAN_POINT('',(19.9,35.01,-2.));
#15758=CARTESIAN_POINT('',(24.,20.5316598452244,-2.));
#15759=CARTESIAN_POINT('',(22.4,20.5316598452244,-2.));
#15760=CARTESIAN_POINT('',(-24.,20.5316598452244,-2.));
#15761=CARTESIAN_POINT('',(-25.6,20.5316598452244,-2.));
#15762=CARTESIAN_POINT('',(20.6466251722766,-1.5956547764676E-016,-2.));
#15763=CARTESIAN_POINT('',(19.0466251722766,-1.5956547764676E-016,-2.));
#15764=CARTESIAN_POINT('',(-20.6466251722766,-1.5956547764676E-016,-2.));
#15765=CARTESIAN_POINT('',(-22.2466251722766,-1.5956547764676E-016,-2.));
#15766=CARTESIAN_POINT('',(-24.,-30.4683401547756,-2.));
#15767=CARTESIAN_POINT('',(-25.6,-30.4683401547756,-2.));
#15768=CARTESIAN_POINT('',(24.,-30.4683401547756,-2.));
#15769=CARTESIAN_POINT('',(22.4,-30.4683401547756,-2.));
#15770=CARTESIAN_POINT('',(-12.,-63.4806594612574,-2.));
#15771=CARTESIAN_POINT('',(-13.6,-63.4806594612574,-2.));
#15772=CARTESIAN_POINT('',(-12.,-39.4806594612574,-2.));
#15773=CARTESIAN_POINT('',(-13.6,-39.4806594612574,-2.));
#15774=CARTESIAN_POINT('',(12.,-39.4806594612574,-2.));
#15775=CARTESIAN_POINT('',(10.4,-39.4806594612574,-2.));
#15776=CARTESIAN_POINT('',(12.,-63.4806594612574,-2.));
#15777=CARTESIAN_POINT('',(10.4,-63.4806594612574,-2.));
#15778=CARTESIAN_POINT('',(-34.,-63.4806594612574,-2.));
#15779=CARTESIAN_POINT('',(-35.6,-63.4806594612574,-2.));
#15780=CARTESIAN_POINT('',(34.,-63.4806594612574,-2.));
#15781=CARTESIAN_POINT('',(32.4,-63.4806594612574,-2.));
#15782=CARTESIAN_POINT('',(35.,-11.,-2.));
#15783=CARTESIAN_POINT('',(33.4,-11.,-2.));
#15784=CARTESIAN_POINT('',(15.25,15.25,-2.));
#15785=CARTESIAN_POINT('',(16.85,15.25,-2.));
#15786=CARTESIAN_POINT('',(15.25,-15.25,-2.));
#15787=CARTESIAN_POINT('',(16.85,-15.25,-2.));
#15788=CARTESIAN_POINT('',(10.,10.,-2.));
#15789=CARTESIAN_POINT('',(12.1,10.,-2.));
#15790=CARTESIAN_POINT('',(10.,-10.,-2.));
#15791=CARTESIAN_POINT('',(12.1,-10.,-2.));
#15792=CARTESIAN_POINT('',(-10.,10.,-2.));
#15793=CARTESIAN_POINT('',(-7.9,10.,-2.));
#15794=CARTESIAN_POINT('',(-10.,-10.,-2.));
#15795=CARTESIAN_POINT('',(-7.9,-10.,-2.));
#15796=CARTESIAN_POINT('',(-15.25,15.25,-2.));
#15797=CARTESIAN_POINT('',(-13.65,15.25,-2.));
#15798=CARTESIAN_POINT('',(-15.25,-15.25,-2.));
#15799=CARTESIAN_POINT('',(-13.65,-15.25,-2.));
#15800=CARTESIAN_POINT('',(-35.,-11.,-2.));
#15801=CARTESIAN_POINT('',(-33.4,-11.,-2.));
#15802=CARTESIAN_POINT('',(34.,-11.,-2.));
#15803=CARTESIAN_POINT('',(34.,6.42866483799737,-2.));
#15804=CARTESIAN_POINT('',(34.,17.7404119358735,-2.));
#15805=CARTESIAN_POINT('',(32.,17.7404119358735,-2.));
#15806=CARTESIAN_POINT('',(30.7225404004425,19.2792741686606,-2.));
#15807=CARTESIAN_POINT('',(18.3738910065946,9.02825859777991,-2.));
#15808=CARTESIAN_POINT('',(26.7093698860593,15.9478107738024,-2.));
#15809=CARTESIAN_POINT('',(27.9868294856168,14.4089485410153,-2.));
#15810=CARTESIAN_POINT('',(26.2000423083583,13.5103988299894,-2.));
#15811=CARTESIAN_POINT('',(37.8142613748246,-9.58474821328187,-2.));
#15812=CARTESIAN_POINT('',(30.2132128227416,5.53011512697145,-2.));
#15813=CARTESIAN_POINT('',(32.,6.42866483799737,-2.));
#15814=CARTESIAN_POINT('',(46.6349899763356,-15.2347900273718,-2.));
#15815=CARTESIAN_POINT('',(30.751325154141,-58.8748004645371,-2.));
#15816=CARTESIAN_POINT('',(33.6984631039295,-50.7776054954753,-2.));
#15817=CARTESIAN_POINT('',(29.,-49.0675047788469,-2.));
#15818=CARTESIAN_POINT('',(34.,-49.0675047788469,-2.));
#15819=CARTESIAN_POINT('',(34.,-11.,-2.));
#15820=CARTESIAN_POINT('',(34.,-37.0769438593089,-2.));
#15821=CARTESIAN_POINT('',(32.,-37.0769438593089,-2.));
#15822=CARTESIAN_POINT('',(31.4562820642145,-35.1522696514739,-2.));
#15823=CARTESIAN_POINT('',(41.0568094869819,-32.4401332641782,-2.));
#15824=CARTESIAN_POINT('',(18.385703381251,-38.8446909621001,-2.));
#15825=CARTESIAN_POINT('',(19.,-40.748014283082,-2.));
#15826=CARTESIAN_POINT('',(17.,-40.748014283082,-2.));
#15827=CARTESIAN_POINT('',(17.,-11.,-2.));
#15828=CARTESIAN_POINT('',(17.,-61.4806594612574,-2.));
#15829=CARTESIAN_POINT('',(19.,-61.4806594612574,-2.));
#15830=CARTESIAN_POINT('',(19.,-63.4806594612574,-2.));
#15831=CARTESIAN_POINT('',(35.,-63.4806594612574,-2.));
#15832=CARTESIAN_POINT('',(24.1734768086396,-63.4806594612574,-2.));
#15833=CARTESIAN_POINT('',(24.1734768086396,-56.4806594612574,-2.));
#15834=CARTESIAN_POINT('',(-34.,44.3546835485732,-2.));
#15835=CARTESIAN_POINT('',(-35.7462393473205,41.3214265298111,-2.));
#15836=CARTESIAN_POINT('',(-36.2464296015596,47.0386272970964,-2.));
#15837=CARTESIAN_POINT('',(-36.4946276390292,40.0214592360559,-2.));
#15838=CARTESIAN_POINT('',(-35.0003355918916,40.1521928501774,-2.));
#15839=CARTESIAN_POINT('',(-30.0273618620711,-16.6891569819292,-2.));
#15840=CARTESIAN_POINT('',(-34.1712385858715,30.6755707073043,-2.));
#15841=CARTESIAN_POINT('',(-79.,26.7535622836597,-2.));
#15842=CARTESIAN_POINT('',(-34.0366763615865,28.5700224090919,-2.));
#15843=CARTESIAN_POINT('',(-32.5378989069727,28.6305710799397,-2.));
#15844=CARTESIAN_POINT('',(-32.2004723254569,27.1690159827618,-2.));
#15845=CARTESIAN_POINT('',(23.2333584004909,39.966924209622,-2.));
#15846=CARTESIAN_POINT('',(-30.092827037449,27.6556042379385,-2.));
#15847=CARTESIAN_POINT('',(-30.4302536189647,29.1171593351164,-2.));
#15848=CARTESIAN_POINT('',(-28.948721108072,28.8825076375561,-2.));
#15849=CARTESIAN_POINT('',(-33.5459708324694,-0.143384773197324,-2.));
#15850=CARTESIAN_POINT('',(-26.0184674891073,47.3834008626766,-2.));
#15851=CARTESIAN_POINT('',(-27.5,47.618052560237,-2.));
#15852=CARTESIAN_POINT('',(-26.,47.618052560237,-2.));
#15853=CARTESIAN_POINT('',(-26.0000000000001,-10.9999999999999,-2.));
#15854=CARTESIAN_POINT('',(-26.,47.8496362041945,-2.));
#15855=CARTESIAN_POINT('',(-27.5,47.8496362041945,-2.));
#15856=CARTESIAN_POINT('',(-27.2912403485599,49.3350383073069,-2.));
#15857=CARTESIAN_POINT('',(42.1087667065708,39.581503387427,-2.));
#15858=CARTESIAN_POINT('',(-34.0422943516256,50.2838370720187,-2.));
#15859=CARTESIAN_POINT('',(-34.2510540030657,48.7984349689063,-2.));
#15860=CARTESIAN_POINT('',(-35.7453460502034,48.6677013547848,-2.));
#15861=CARTESIAN_POINT('',(-30.0273618620711,-16.6891569819293,-2.));
#15862=CARTESIAN_POINT('',(-35.7148930979476,48.3196225177278,-2.));
#15863=CARTESIAN_POINT('',(-37.2091851450852,48.1888889036063,-2.));
#15864=CARTESIAN_POINT('',(-24.5873496757829,-11.,-2.));
#15865=CARTESIAN_POINT('',(-24.5873496757829,-22.2108871851031,-2.));
#15866=CARTESIAN_POINT('',(-24.5873496757829,-15.1941140375775,-2.));
#15867=CARTESIAN_POINT('',(-26.5873496757829,-15.1941140375775,-2.));
#15868=CARTESIAN_POINT('',(-27.6766277458129,-13.5167729016866,-2.));
#15869=CARTESIAN_POINT('',(17.5577199375423,15.8587559572204,-2.));
#15870=CARTESIAN_POINT('',(-33.0892780700301,-17.0317891215562,-2.));
#15871=CARTESIAN_POINT('',(-32.,-18.709130257447,-2.));
#15872=CARTESIAN_POINT('',(-34.,-18.709130257447,-2.));
#15873=CARTESIAN_POINT('',(-34.,-11.,-2.));
#15874=CARTESIAN_POINT('',(-34.,-25.8617659274775,-2.));
#15875=CARTESIAN_POINT('',(-32.,-25.8617659274775,-2.));
#15876=CARTESIAN_POINT('',(-30.8816141930585,-27.5198410725876,-2.));
#15877=CARTESIAN_POINT('',(22.0575013955285,8.18804326602003,-2.));
#15878=CARTESIAN_POINT('',(-25.4689638688414,-23.8689623302132,-2.));
#15879=CARTESIAN_POINT('',(-26.5873496757829,-22.2108871851031,-2.));
#15880=CARTESIAN_POINT('',(13.,-11.,-2.));
#15881=CARTESIAN_POINT('',(13.,-3.,-2.));
#15882=CARTESIAN_POINT('',(13.,3.,-2.));
#15883=CARTESIAN_POINT('',(11.,3.,-2.));
#15884=CARTESIAN_POINT('',(11.,5.,-2.));
#15885=CARTESIAN_POINT('',(35.,5.,-2.));
#15886=CARTESIAN_POINT('',(-11.,5.,-2.));
#15887=CARTESIAN_POINT('',(-11.,3.,-2.));
#15888=CARTESIAN_POINT('',(-13.,3.,-2.));
#15889=CARTESIAN_POINT('',(-13.,-11.,-2.));
#15890=CARTESIAN_POINT('',(-13.,-3.,-2.));
#15891=CARTESIAN_POINT('',(-11.,-3.,-2.));
#15892=CARTESIAN_POINT('',(-11.,-5.,-2.));
#15893=CARTESIAN_POINT('',(35.,-5.,-2.));
#15894=CARTESIAN_POINT('',(11.,-5.,-2.));
#15895=CARTESIAN_POINT('',(11.,-3.,-2.));
#15896=CARTESIAN_POINT('',(35.,-11.,-2.));
#15897=CARTESIAN_POINT('',(-35.7462393473205,41.3214265298111,-2.));
#15898=CARTESIAN_POINT('',(-36.2464296015596,47.0386272970964,-2.));
#15899=CARTESIAN_POINT('',(-34.,44.3546835485732,-2.));
#15900=CARTESIAN_POINT('',(36.2464296015596,47.0386272970964,-2.));
#15901=CARTESIAN_POINT('',(35.7462393473205,41.3214265298111,-2.));
#15902=CARTESIAN_POINT('',(34.,44.3546835485732,-2.));
#15903=CARTESIAN_POINT('',(39.,26.7535622836597,0.));
#15904=CARTESIAN_POINT('',(39.,-62.,-2.));
#15905=CARTESIAN_POINT('',(39.,-69.,-2.));
#15906=CARTESIAN_POINT('',(-39.,26.7535622836597,-2.));
#15907=CARTESIAN_POINT('',(-39.,-62.,-2.));
#15908=CARTESIAN_POINT('',(-39.,53.5,-2.));
#15909=CARTESIAN_POINT('',(32.,-69.,-2.));
#15910=CARTESIAN_POINT('',(-32.,-69.,-2.));
#15911=CARTESIAN_POINT('',(-39.,-69.,-2.));
#15912=CARTESIAN_POINT('',(-15.25,-15.25,-2.));
#15913=CARTESIAN_POINT('',(-15.25,15.25,-2.));
#15914=CARTESIAN_POINT('',(-10.,-10.,-2.));
#15915=CARTESIAN_POINT('',(-10.,10.,-2.));
#15916=CARTESIAN_POINT('',(10.,-10.,-2.));
#15917=CARTESIAN_POINT('',(10.,10.,-2.));
#15918=CARTESIAN_POINT('',(15.25,-15.25,-2.));
#15919=CARTESIAN_POINT('',(15.25,15.25,-2.));
#15920=CARTESIAN_POINT('',(35.,-11.,-2.));
#15921=CARTESIAN_POINT('',(-35.,-11.,-2.));
#15922=CARTESIAN_POINT('',(34.,-63.4806594612574,0.));
#15923=CARTESIAN_POINT('',(-34.,-63.4806594612574,0.));
#15924=CARTESIAN_POINT('',(12.,-63.4806594612574,0.));
#15925=CARTESIAN_POINT('',(12.,-39.4806594612574,0.));
#15926=CARTESIAN_POINT('',(-12.,-39.4806594612574,0.));
#15927=CARTESIAN_POINT('',(-12.,-63.4806594612574,0.));
#15928=CARTESIAN_POINT('',(17.4,46.5,3.));
#15929=CARTESIAN_POINT('',(20.,46.5,-2.));
#15930=CARTESIAN_POINT('',(-21.,46.5,3.));
#15931=CARTESIAN_POINT('',(24.,-30.4683401547756,0.));
#15932=CARTESIAN_POINT('',(-24.,-30.4683401547756,0.));
#15933=CARTESIAN_POINT('',(-20.6466251722766,-1.5956547764676E-016,0.));
#15934=CARTESIAN_POINT('',(20.6466251722766,-1.5956547764676E-016,0.));
#15935=CARTESIAN_POINT('',(-24.,20.5316598452244,0.));
#15936=CARTESIAN_POINT('',(24.,20.5316598452244,0.));
#15937=CARTESIAN_POINT('',(32.,-62.,-2.));
#15938=CARTESIAN_POINT('',(-32.,-62.,-2.));
#15939=CARTESIAN_POINT('',(21.,47.5,0.));
#15940=CARTESIAN_POINT('',(21.,51.7614265243676,-2.));
#15941=CARTESIAN_POINT('',(21.,53.5,-2.));
#15942=CARTESIAN_POINT('',(39.1522120763302,30.239791993566,-2.));
#15943=CARTESIAN_POINT('',(40.8906742188732,50.1105052092028,-2.));
#15944=CARTESIAN_POINT('',(39.,28.5,-2.));
#15945=CARTESIAN_POINT('',(22.7216537980799,53.7419626618507,-2.));
#15946=CARTESIAN_POINT('',(35.2138352236141,55.497624266649,-2.));
#15947=CARTESIAN_POINT('',(41.4385231462435,56.3724471030572,-2.));
#15948=CARTESIAN_POINT('',(-39.1522120763302,30.239791993566,0.));
#15949=CARTESIAN_POINT('',(-40.8906742188732,50.1105052092028,-2.));
#15950=CARTESIAN_POINT('',(-41.4385231462435,56.3724471030572,-2.));
#15951=CARTESIAN_POINT('',(-21.,47.5,-2.));
#15952=CARTESIAN_POINT('',(-21.,51.7614265243676,-2.));
#15953=CARTESIAN_POINT('',(-21.,46.5,-2.));
#15954=CARTESIAN_POINT('',(-22.7216537980799,53.7419626618507,-2.));
#15955=CARTESIAN_POINT('',(-35.2138352236141,55.497624266649,-2.));
#15956=CARTESIAN_POINT('',(-21.,53.5,-2.));
#15957=CARTESIAN_POINT('',(-35.9097007284144,50.5462839229411,-2.));
#15958=CARTESIAN_POINT('',(35.9097007284144,50.5462839229411,-2.));
#15959=CARTESIAN_POINT('',(-23.,51.7614265243676,-2.));
#15960=CARTESIAN_POINT('',(23.,51.7614265243676,-2.));
#15961=CARTESIAN_POINT('',(20.,47.5,-2.));
#15962=CARTESIAN_POINT('',(-20.,47.5,3.));
#15963=CARTESIAN_POINT('',(-79.,26.7535622836597,-2.));
#15964=CARTESIAN_POINT('',(79.,26.7535622836597,-2.));
#15965=CARTESIAN_POINT('',(21.5,35.01,0.));
#15966=CARTESIAN_POINT('',(-21.5,35.01,0.));
#15967=CARTESIAN_POINT('',(30.0928270374489,27.6556042379385,0.));
#15968=CARTESIAN_POINT('',(32.2004723254569,27.1690159827618,-2.));
#15969=CARTESIAN_POINT('',(29.106995676568,27.88320134098,0.));
#15970=CARTESIAN_POINT('',(34.0366763615865,28.5700224090919,0.));
#15971=CARTESIAN_POINT('',(34.1712385858715,30.6755707073042,0.));
#15972=CARTESIAN_POINT('',(79.,26.7535622836597,0.));
#15973=CARTESIAN_POINT('',(35.0003355918916,40.1521928501774,-2.));
#15974=CARTESIAN_POINT('',(34.384688267514,33.1153117324861,0.));
#15975=CARTESIAN_POINT('',(35.7148930979476,48.3196225177278,0.));
#15976=CARTESIAN_POINT('',(35.7453460502033,48.6677013547848,-2.));
#15977=CARTESIAN_POINT('',(35.6385855298903,47.4474230237367,0.));
#15978=CARTESIAN_POINT('',(34.0422943516256,50.2838370720187,0.));
#15979=CARTESIAN_POINT('',(27.2912403485599,49.3350383073069,-2.));
#15980=CARTESIAN_POINT('',(35.9097007284144,50.5462839229411,0.));
#15981=CARTESIAN_POINT('',(26.,47.618052560237,-2.));
#15982=CARTESIAN_POINT('',(26.,47.8496362041945,0.));
#15983=CARTESIAN_POINT('',(26.,49.1535663109189,0.));
#15984=CARTESIAN_POINT('',(28.948721108072,28.882507637556,-2.));
#15985=CARTESIAN_POINT('',(26.0184674891073,47.3834008626766,0.));
#15986=CARTESIAN_POINT('',(26.,47.5,0.));
#15987=CARTESIAN_POINT('',(30.2132128227416,5.53011512697145,-2.));
#15988=CARTESIAN_POINT('',(26.2000423083583,13.5103988299894,0.));
#15989=CARTESIAN_POINT('',(25.4853035952968,14.9316735262223,0.));
#15990=CARTESIAN_POINT('',(34.,6.42866483799737,0.));
#15991=CARTESIAN_POINT('',(34.,17.7404119358735,-2.));
#15992=CARTESIAN_POINT('',(34.,-1.99999999999993,0.));
#15993=CARTESIAN_POINT('',(30.7225404004425,19.2792741686606,0.));
#15994=CARTESIAN_POINT('',(26.7093698860593,15.9478107738024,-2.));
#15995=CARTESIAN_POINT('',(34.,22.,0.));
#15996=CARTESIAN_POINT('',(24.5873496757829,-22.2108871851031,-2.));
#15997=CARTESIAN_POINT('',(24.5873496757829,-15.1941140375775,0.));
#15998=CARTESIAN_POINT('',(24.5873496757829,-11.5105722655106,0.));
#15999=CARTESIAN_POINT('',(30.8816141930585,-27.5198410725876,-2.));
#16000=CARTESIAN_POINT('',(25.4689638688414,-23.8689623302132,0.));
#16001=CARTESIAN_POINT('',(24.5873496757829,-23.2743060484261,0.));
#16002=CARTESIAN_POINT('',(34.,-18.709130257447,-2.));
#16003=CARTESIAN_POINT('',(34.,-25.8617659274775,0.));
#16004=CARTESIAN_POINT('',(34.,-29.6232188581702,0.));
#16005=CARTESIAN_POINT('',(33.08927807003,-17.0317891215562,0.));
#16006=CARTESIAN_POINT('',(27.6766277458129,-13.5167729016866,-2.));
#16007=CARTESIAN_POINT('',(34.,-17.6232188581702,0.));
#16008=CARTESIAN_POINT('',(18.385703381251,-38.8446909621001,0.));
#16009=CARTESIAN_POINT('',(17.,-40.748014283082,0.));
#16010=CARTESIAN_POINT('',(19.,-40.748014283082,0.));
#16011=CARTESIAN_POINT('',(17.,-61.4806594612574,0.));
#16012=CARTESIAN_POINT('',(17.,-40.748014283082,0.));
#16013=CARTESIAN_POINT('',(19.,-63.4806594612574,0.));
#16014=CARTESIAN_POINT('',(19.,-61.4806594612574,0.));
#16015=CARTESIAN_POINT('',(24.1734768086396,-63.4806594612574,0.));
#16016=CARTESIAN_POINT('',(19.,-63.4806594612574,0.));
#16017=CARTESIAN_POINT('',(30.751325154141,-58.8748004645371,0.));
#16018=CARTESIAN_POINT('',(24.1734768086396,-56.4806594612574,0.));
#16019=CARTESIAN_POINT('',(33.6984631039295,-50.7776054954753,-2.));
#16020=CARTESIAN_POINT('',(30.751325154141,-58.8748004645371,0.));
#16021=CARTESIAN_POINT('',(34.,-49.0675047788469,0.));
#16022=CARTESIAN_POINT('',(34.,-37.0769438593089,-2.));
#16023=CARTESIAN_POINT('',(34.,-49.9491396823892,0.));
#16024=CARTESIAN_POINT('',(31.4562820642145,-35.1522696514739,0.));
#16025=CARTESIAN_POINT('',(34.,-34.433672675614,0.));
#16026=CARTESIAN_POINT('',(-1.41421356237309,12.9142135623731,-2.));
#16027=CARTESIAN_POINT('',(-6.5857864376269,18.0857864376269,0.));
#16028=CARTESIAN_POINT('',(-10.,21.5,0.));
#16029=CARTESIAN_POINT('',(6.5857864376269,18.0857864376269,-2.));
#16030=CARTESIAN_POINT('',(1.4142135623731,12.9142135623731,0.));
#16031=CARTESIAN_POINT('',(0.,11.5,0.));
#16032=CARTESIAN_POINT('',(5.17157287525381,21.5,0.));
#16033=CARTESIAN_POINT('',(-5.17157287525381,21.5,-2.));
#16034=CARTESIAN_POINT('',(10.,21.5,0.));
#16035=CARTESIAN_POINT('',(-35.7148930979476,48.3196225177278,0.));
#16036=CARTESIAN_POINT('',(-35.7453460502034,48.6677013547848,0.));
#16037=CARTESIAN_POINT('',(-35.9097007284145,50.5462839229411,0.));
#16038=CARTESIAN_POINT('',(-35.0003355918916,40.1521928501774,0.));
#16039=CARTESIAN_POINT('',(-34.1712385858715,30.6755707073043,0.));
#16040=CARTESIAN_POINT('',(-34.384688267514,33.115311732486,0.));
#16041=CARTESIAN_POINT('',(-34.0366763615865,28.5700224090919,0.));
#16042=CARTESIAN_POINT('',(-79.,26.7535622836597,0.));
#16043=CARTESIAN_POINT('',(-30.092827037449,27.6556042379385,-2.));
#16044=CARTESIAN_POINT('',(-32.2004723254569,27.1690159827618,0.));
#16045=CARTESIAN_POINT('',(-34.,26.7535622836597,0.));
#16046=CARTESIAN_POINT('',(-26.0184674891073,47.3834008626766,-2.));
#16047=CARTESIAN_POINT('',(-28.948721108072,28.882507637556,0.));
#16048=CARTESIAN_POINT('',(-27.1291457614135,40.3708542385865,0.));
#16049=CARTESIAN_POINT('',(-26.,47.618052560237,0.));
#16050=CARTESIAN_POINT('',(-26.,47.8496362041945,-2.));
#16051=CARTESIAN_POINT('',(-26.,47.5,0.));
#16052=CARTESIAN_POINT('',(-27.2912403485599,49.3350383073069,0.));
#16053=CARTESIAN_POINT('',(-34.0422943516256,50.2838370720187,-2.));
#16054=CARTESIAN_POINT('',(-26.,49.1535663109189,0.));
#16055=CARTESIAN_POINT('',(-34.,-49.0675047788469,-2.));
#16056=CARTESIAN_POINT('',(-34.,-37.0769438593089,0.));
#16057=CARTESIAN_POINT('',(-34.,-34.433672675614,0.));
#16058=CARTESIAN_POINT('',(-33.6984631039295,-50.7776054954753,0.));
#16059=CARTESIAN_POINT('',(-30.751325154141,-58.8748004645371,0.));
#16060=CARTESIAN_POINT('',(-34.,-49.9491396823892,0.));
#16061=CARTESIAN_POINT('',(-24.1734768086396,-63.4806594612574,0.));
#16062=CARTESIAN_POINT('',(-24.1734768086396,-56.4806594612574,0.));
#16063=CARTESIAN_POINT('',(-19.,-63.4806594612574,0.));
#16064=CARTESIAN_POINT('',(-24.1734768086396,-63.4806594612574,0.));
#16065=CARTESIAN_POINT('',(-17.,-61.4806594612574,0.));
#16066=CARTESIAN_POINT('',(-19.,-61.4806594612574,0.));
#16067=CARTESIAN_POINT('',(-17.,-40.748014283082,0.));
#16068=CARTESIAN_POINT('',(-17.,-61.4806594612574,0.));
#16069=CARTESIAN_POINT('',(-18.3857033812514,-38.8446909621,0.));
#16070=CARTESIAN_POINT('',(-19.,-40.748014283082,0.));
#16071=CARTESIAN_POINT('',(-31.4562820642145,-35.1522696514739,-2.));
#16072=CARTESIAN_POINT('',(-18.5275998244437,-38.8046054032694,0.));
#16073=CARTESIAN_POINT('',(-34.,-25.8617659274775,-2.));
#16074=CARTESIAN_POINT('',(-34.,-18.709130257447,0.));
#16075=CARTESIAN_POINT('',(-34.,-17.6232188581702,0.));
#16076=CARTESIAN_POINT('',(-25.4689638688414,-23.8689623302132,-2.));
#16077=CARTESIAN_POINT('',(-30.8816141930585,-27.5198410725876,0.));
#16078=CARTESIAN_POINT('',(-34.,-29.6232188581702,0.));
#16079=CARTESIAN_POINT('',(-24.5873496757829,-22.2108871851031,0.));
#16080=CARTESIAN_POINT('',(-24.5873496757829,-15.1941140375775,-2.));
#16081=CARTESIAN_POINT('',(-24.5873496757829,-23.2743060484261,0.));
#16082=CARTESIAN_POINT('',(-33.08927807003,-17.0317891215562,-2.));
#16083=CARTESIAN_POINT('',(-27.6766277458129,-13.5167729016866,0.));
#16084=CARTESIAN_POINT('',(-24.5873496757829,-11.5105722655106,0.));
#16085=CARTESIAN_POINT('',(-34.,6.42866483799737,-2.));
#16086=CARTESIAN_POINT('',(-34.,17.7404119358735,0.));
#16087=CARTESIAN_POINT('',(-34.,22.,0.));
#16088=CARTESIAN_POINT('',(-26.2000423083583,13.5103988299894,-2.));
#16089=CARTESIAN_POINT('',(-30.2132128227416,5.53011512697145,0.));
#16090=CARTESIAN_POINT('',(-34.,-2.00000000000001,0.));
#16091=CARTESIAN_POINT('',(-26.7093698860593,15.9478107738024,0.));
#16092=CARTESIAN_POINT('',(-30.7225404004425,19.2792741686606,-2.));
#16093=CARTESIAN_POINT('',(-25.4853035952968,14.9316735262223,0.));
#16094=CARTESIAN_POINT('',(16.4,45.5,0.));
#16095=CARTESIAN_POINT('',(16.4,28.,0.));
#16096=CARTESIAN_POINT('',(16.4,28.,0.));
#16097=CARTESIAN_POINT('',(13.9,25.5,0.));
#16098=CARTESIAN_POINT('',(13.9,28.,0.));
#16099=CARTESIAN_POINT('',(-13.9000000000002,25.5,0.));
#16100=CARTESIAN_POINT('',(-13.9000000000002,25.5,0.));
#16101=CARTESIAN_POINT('',(-16.4,28.,0.));
#16102=CARTESIAN_POINT('',(-13.9000000000002,28.,0.));
#16103=CARTESIAN_POINT('',(-16.4,45.5,0.));
#16104=CARTESIAN_POINT('',(-16.4,41.,0.));
#16105=CARTESIAN_POINT('',(-13.3740796357539,-29.5191531106755,0.));
#16106=CARTESIAN_POINT('',(-11.3457800555121,-33.4806594612574,0.));
#16107=CARTESIAN_POINT('',(-11.3457800555121,-30.9806594612574,0.));
#16108=CARTESIAN_POINT('',(11.3457800555121,-33.4806594612574,0.));
#16109=CARTESIAN_POINT('',(-11.3457800555121,-33.4806594612574,0.));
#16110=CARTESIAN_POINT('',(13.3740796357539,-29.5191531106755,0.));
#16111=CARTESIAN_POINT('',(11.3457800555121,-30.9806594612574,0.));
#16112=CARTESIAN_POINT('',(2.41605918947879,-14.3114543807919,0.));
#16113=CARTESIAN_POINT('',(13.3740796357539,-29.5191531106755,0.));
#16114=CARTESIAN_POINT('',(0.793419525285372,-13.4806594612573,0.));
#16115=CARTESIAN_POINT('',(0.793419525285372,-15.4806594612574,0.));
#16116=CARTESIAN_POINT('',(-0.79341952528538,-13.4806594612574,0.));
#16117=CARTESIAN_POINT('',(0.793419525285372,-13.4806594612574,0.));
#16118=CARTESIAN_POINT('',(-2.41605918947879,-14.3114543807919,0.));
#16119=CARTESIAN_POINT('',(-0.79341952528538,-15.4806594612574,0.));
#16120=CARTESIAN_POINT('',(-2.41605918947879,-14.3114543807919,0.));
#16121=CARTESIAN_POINT('',(-13.,-3.,-2.));
#16122=CARTESIAN_POINT('',(-13.,3.,0.));
#16123=CARTESIAN_POINT('',(-13.,5.,0.));
#16124=CARTESIAN_POINT('',(11.,-5.,-2.));
#16125=CARTESIAN_POINT('',(-11.,-5.,0.));
#16126=CARTESIAN_POINT('',(-13.,-5.,0.));
#16127=CARTESIAN_POINT('',(13.,3.,-2.));
#16128=CARTESIAN_POINT('',(13.,-3.,0.));
#16129=CARTESIAN_POINT('',(13.,-5.,0.));
#16130=CARTESIAN_POINT('',(11.,5.,0.));
#16131=CARTESIAN_POINT('',(-11.,5.,-2.));
#16132=CARTESIAN_POINT('',(13.,5.,0.));
#16133=CARTESIAN_POINT('',(-2.80331313717852E-015,-51.4806594612574,0.));
#16134=CARTESIAN_POINT('',(37.2091851450852,48.1888889036063,-2.));
#16135=CARTESIAN_POINT('',(30.4302536189647,29.1171593351164,0.));
#16136=CARTESIAN_POINT('',(32.5378989069727,28.6305710799397,0.));
#16137=CARTESIAN_POINT('',(36.4946276390292,40.0214592360559,-2.));
#16138=CARTESIAN_POINT('',(-36.4946276390292,40.0214592360559,-2.));
#16139=CARTESIAN_POINT('',(-37.2091851450852,48.1888889036063,-2.));
#16140=CARTESIAN_POINT('',(34.2510540030657,48.7984349689063,0.));
#16141=CARTESIAN_POINT('',(27.5,47.618052560237,0.));
#16142=CARTESIAN_POINT('',(27.5,47.8496362041945,0.));
#16143=CARTESIAN_POINT('',(-27.5,47.618052560237,0.));
#16144=CARTESIAN_POINT('',(-27.5,47.8496362041945,0.));
#16145=CARTESIAN_POINT('',(-30.4302536189647,29.1171593351164,0.));
#16146=CARTESIAN_POINT('',(-32.5378989069727,28.6305710799397,0.));
#16147=CARTESIAN_POINT('',(-34.2510540030657,48.7984349689063,0.));
#16148=CARTESIAN_POINT('',(32.,-37.0769438593089,0.));
#16149=CARTESIAN_POINT('',(-32.,-37.0769438593089,0.));
#16150=CARTESIAN_POINT('',(32.,-18.709130257447,0.));
#16151=CARTESIAN_POINT('',(32.,-25.8617659274775,0.));
#16152=CARTESIAN_POINT('',(26.5873496757829,-22.2108871851031,0.));
#16153=CARTESIAN_POINT('',(26.5873496757829,-15.1941140375775,0.));
#16154=CARTESIAN_POINT('',(-26.5873496757829,-22.2108871851031,0.));
#16155=CARTESIAN_POINT('',(-32.,-25.8617659274775,0.));
#16156=CARTESIAN_POINT('',(-32.,-18.709130257447,0.));
#16157=CARTESIAN_POINT('',(-26.5873496757829,-15.1941140375775,0.));
#16158=CARTESIAN_POINT('',(11.,3.,0.));
#16159=CARTESIAN_POINT('',(11.,-3.,0.));
#16160=CARTESIAN_POINT('',(-11.,-3.,0.));
#16161=CARTESIAN_POINT('',(-11.,3.,0.));
#16162=CARTESIAN_POINT('',(5.17157287525381,19.5,0.));
#16163=CARTESIAN_POINT('',(1.30104260698261E-015,14.3284271247462,0.));
#16164=CARTESIAN_POINT('',(-5.17157287525381,19.5,0.));
#16165=CARTESIAN_POINT('',(32.,6.42866483799737,0.));
#16166=CARTESIAN_POINT('',(32.,17.7404119358735,0.));
#16167=CARTESIAN_POINT('',(27.9868294856168,14.4089485410153,0.));
#16168=CARTESIAN_POINT('',(-27.9868294856168,14.4089485410153,0.));
#16169=CARTESIAN_POINT('',(-32.,6.42866483799737,0.));
#16170=CARTESIAN_POINT('',(-32.,17.7404119358735,0.));
#16171=CARTESIAN_POINT('',(29.,-49.0675047788469,0.));
#16172=CARTESIAN_POINT('',(-29.,-49.0675047788469,0.));
#16173=CARTESIAN_POINT('',(-17.4,45.5,0.));
#16174=CARTESIAN_POINT('',(17.4,45.5,0.));
#16175=CARTESIAN_POINT('',(19.0149486064038,-16.6349161503237,10.));
#16176=CARTESIAN_POINT('',(19.0149486064038,-16.6349161503237,7.));
#16177=CARTESIAN_POINT('',(19.0149486064038,-16.6349161503237,5.));
#16178=CARTESIAN_POINT('',(14.4956890143242,-14.4956890143242,7.));
#16179=CARTESIAN_POINT('',(18.031222920257,-10.9601551083915,7.));
#16180=CARTESIAN_POINT('',(18.031222920257,-10.9601551083915,7.));
#16181=CARTESIAN_POINT('',(18.031222920257,-10.9601551083915,5.));
#16182=CARTESIAN_POINT('',(14.4956890143242,-14.4956890143242,5.));
#16183=CARTESIAN_POINT('',(14.4956890143242,-14.4956890143242,7.));
#16184=CARTESIAN_POINT('',(-19.0149486064038,-16.6349161503237,10.));
#16185=CARTESIAN_POINT('',(-19.0149486064038,-16.6349161503237,7.));
#16186=CARTESIAN_POINT('',(-19.0149486064038,-16.6349161503237,5.));
#16187=CARTESIAN_POINT('',(-14.4956890143242,-14.4956890143242,5.));
#16188=CARTESIAN_POINT('',(-18.031222920257,-10.9601551083915,5.));
#16189=CARTESIAN_POINT('',(-18.031222920257,-10.9601551083915,7.));
#16190=CARTESIAN_POINT('',(-18.031222920257,-10.9601551083915,7.));
#16191=CARTESIAN_POINT('',(-14.4956890143242,-14.4956890143242,7.));
#16192=CARTESIAN_POINT('',(-14.4956890143242,-14.4956890143242,7.));
#16193=CARTESIAN_POINT('',(-24.,-30.4683401547756,7.));
#16194=CARTESIAN_POINT('',(-21.875,-30.4683401547756,7.));
#16195=CARTESIAN_POINT('',(-20.6466251722766,0.,7.));
#16196=CARTESIAN_POINT('',(-18.5216251722766,0.,7.));
#16197=CARTESIAN_POINT('',(-24.,20.5316598452244,7.));
#16198=CARTESIAN_POINT('',(-21.875,20.5316598452244,7.));
#16199=CARTESIAN_POINT('',(24.,-30.4683401547756,7.));
#16200=CARTESIAN_POINT('',(26.125,-30.4683401547756,7.));
#16201=CARTESIAN_POINT('',(20.6466251722766,-1.5956547764676E-016,7.));
#16202=CARTESIAN_POINT('',(22.7716251722766,-1.5956547764676E-016,7.));
#16203=CARTESIAN_POINT('',(24.,20.5316598452244,7.));
#16204=CARTESIAN_POINT('',(26.125,20.5316598452244,7.));
#16205=CARTESIAN_POINT('',(1.77635683940025E-015,17.,7.));
#16206=CARTESIAN_POINT('',(-9.10050506338832,17.,7.));
#16207=CARTESIAN_POINT('',(9.10050506338832,17.,7.));
#16208=CARTESIAN_POINT('',(9.10050506338832,19.,7.));
#16209=CARTESIAN_POINT('',(10.5147186257614,17.5857864376269,7.));
#16210=CARTESIAN_POINT('',(8.80761184457486,15.8786796564404,7.));
#16211=CARTESIAN_POINT('',(10.9601551083915,18.031222920257,7.));
#16212=CARTESIAN_POINT('',(14.4956890143242,14.4956890143242,7.));
#16213=CARTESIAN_POINT('',(18.031222920257,10.9601551083915,7.));
#16214=CARTESIAN_POINT('',(18.031222920257,10.9601551083915,7.));
#16215=CARTESIAN_POINT('',(15.8786796564404,8.80761184457488,7.));
#16216=CARTESIAN_POINT('',(18.,6.68629150101524,7.));
#16217=CARTESIAN_POINT('',(15.,6.68629150101524,7.));
#16218=CARTESIAN_POINT('',(15.,6.68629150101524,7.));
#16219=CARTESIAN_POINT('',(15.,-6.68629150101521,7.));
#16220=CARTESIAN_POINT('',(18.,-6.68629150101522,7.));
#16221=CARTESIAN_POINT('',(15.8786796564404,-8.80761184457487,7.));
#16222=CARTESIAN_POINT('',(15.8786796564404,-8.80761184457487,7.));
#16223=CARTESIAN_POINT('',(5.79148040613989,-44.5703721376481,7.));
#16224=CARTESIAN_POINT('',(15.5298309399346,-23.9974589951996,7.));
#16225=CARTESIAN_POINT('',(12.3663492254789,-22.5,7.));
#16226=CARTESIAN_POINT('',(12.3663492254789,-26.,7.));
#16227=CARTESIAN_POINT('',(14.5819123769186,-26.,7.));
#16228=CARTESIAN_POINT('',(-12.3663492254789,-26.,7.));
#16229=CARTESIAN_POINT('',(-12.3663492254789,-22.5,7.));
#16230=CARTESIAN_POINT('',(-15.5298309399346,-23.9974589951996,7.));
#16231=CARTESIAN_POINT('',(-14.577962465781,-26.0083444499633,7.));
#16232=CARTESIAN_POINT('',(-18.031222920257,-10.9601551083915,7.));
#16233=CARTESIAN_POINT('',(-15.8786796564404,-8.80761184457486,7.));
#16234=CARTESIAN_POINT('',(-18.,-6.68629150101522,7.));
#16235=CARTESIAN_POINT('',(-15.,-6.68629150101521,7.));
#16236=CARTESIAN_POINT('',(-15.,-6.68629150101521,7.));
#16237=CARTESIAN_POINT('',(-15.,6.68629150101524,7.));
#16238=CARTESIAN_POINT('',(-18.,6.68629150101524,7.));
#16239=CARTESIAN_POINT('',(-15.8786796564404,8.80761184457488,7.));
#16240=CARTESIAN_POINT('',(-15.8786796564404,8.80761184457488,7.));
#16241=CARTESIAN_POINT('',(-18.031222920257,10.9601551083915,7.));
#16242=CARTESIAN_POINT('',(-14.4956890143242,14.4956890143242,7.));
#16243=CARTESIAN_POINT('',(-10.9601551083915,18.031222920257,7.));
#16244=CARTESIAN_POINT('',(-10.9601551083915,18.031222920257,7.));
#16245=CARTESIAN_POINT('',(-10.5147186257614,17.5857864376269,7.));
#16246=CARTESIAN_POINT('',(-9.10050506338832,19.,7.));
#16247=CARTESIAN_POINT('',(30.,-35.,7.));
#16248=CARTESIAN_POINT('',(30.,-30.,7.));
#16249=CARTESIAN_POINT('',(30.,20.,7.));
#16250=CARTESIAN_POINT('',(25.,20.,7.));
#16251=CARTESIAN_POINT('',(25.,25.,7.));
#16252=CARTESIAN_POINT('',(30.,25.,7.));
#16253=CARTESIAN_POINT('',(-25.,25.,7.));
#16254=CARTESIAN_POINT('',(-25.,20.,7.));
#16255=CARTESIAN_POINT('',(-30.,20.,7.));
#16256=CARTESIAN_POINT('',(-30.,25.,7.));
#16257=CARTESIAN_POINT('',(-30.,-30.,7.));
#16258=CARTESIAN_POINT('',(-25.,-30.,7.));
#16259=CARTESIAN_POINT('',(-25.,-35.,7.));
#16260=CARTESIAN_POINT('',(-30.,-35.,7.));
#16261=CARTESIAN_POINT('',(25.,-35.,7.));
#16262=CARTESIAN_POINT('',(25.,-30.,7.));
#16263=CARTESIAN_POINT('',(-24.,-30.4683401547756,7.));
#16264=CARTESIAN_POINT('',(-18.031222920257,-10.9601551083915,5.));
#16265=CARTESIAN_POINT('',(-15.8786796564404,-8.80761184457486,5.));
#16266=CARTESIAN_POINT('',(-15.8786796564404,-8.80761184457486,7.));
#16267=CARTESIAN_POINT('',(-18.031222920257,-10.9601551083915,7.));
#16268=CARTESIAN_POINT('',(-18.,-6.68629150101522,5.));
#16269=CARTESIAN_POINT('',(-15.,-6.68629150101521,5.));
#16270=CARTESIAN_POINT('',(-15.,-6.68629150101521,7.));
#16271=CARTESIAN_POINT('',(-18.,-6.68629150101522,7.));
#16272=CARTESIAN_POINT('',(-15.,-5.9,5.));
#16273=CARTESIAN_POINT('',(-15.,6.68629150101524,5.));
#16274=CARTESIAN_POINT('',(-15.,6.68629150101524,7.));
#16275=CARTESIAN_POINT('',(-15.,-5.9,7.));
#16276=CARTESIAN_POINT('',(-18.,6.68629150101524,5.));
#16277=CARTESIAN_POINT('',(-15.8786796564404,8.80761184457488,5.));
#16278=CARTESIAN_POINT('',(-15.8786796564404,8.80761184457488,7.));
#16279=CARTESIAN_POINT('',(-18.,6.68629150101524,7.));
#16280=CARTESIAN_POINT('',(-15.8786796564404,8.80761184457488,5.));
#16281=CARTESIAN_POINT('',(-18.031222920257,10.9601551083915,5.));
#16282=CARTESIAN_POINT('',(-18.031222920257,10.9601551083915,7.));
#16283=CARTESIAN_POINT('',(-15.8786796564404,8.80761184457488,7.));
#16284=CARTESIAN_POINT('',(-14.4956890143242,14.4956890143242,5.));
#16285=CARTESIAN_POINT('',(-10.9601551083915,18.031222920257,5.));
#16286=CARTESIAN_POINT('',(-10.9601551083915,18.031222920257,7.));
#16287=CARTESIAN_POINT('',(-14.4956890143242,14.4956890143242,7.));
#16288=CARTESIAN_POINT('',(-10.9601551083915,18.031222920257,5.));
#16289=CARTESIAN_POINT('',(-10.5147186257614,17.5857864376269,5.));
#16290=CARTESIAN_POINT('',(-10.5147186257614,17.5857864376269,7.));
#16291=CARTESIAN_POINT('',(-10.9601551083915,18.031222920257,7.));
#16292=CARTESIAN_POINT('',(1.77635683940025E-015,17.,5.));
#16293=CARTESIAN_POINT('',(-9.10050506338832,17.,5.));
#16294=CARTESIAN_POINT('',(9.10050506338832,17.,5.));
#16295=CARTESIAN_POINT('',(9.10050506338832,17.,7.));
#16296=CARTESIAN_POINT('',(-9.10050506338832,17.,7.));
#16297=CARTESIAN_POINT('',(1.77635683940025E-015,17.,7.));
#16298=CARTESIAN_POINT('',(10.5147186257614,17.5857864376269,7.));
#16299=CARTESIAN_POINT('',(10.5147186257614,17.5857864376269,5.));
#16300=CARTESIAN_POINT('',(8.80761184457486,15.8786796564404,5.));
#16301=CARTESIAN_POINT('',(10.9601551083915,18.031222920257,5.));
#16302=CARTESIAN_POINT('',(10.9601551083915,18.031222920257,7.));
#16303=CARTESIAN_POINT('',(8.80761184457486,15.8786796564404,7.));
#16304=CARTESIAN_POINT('',(14.4956890143242,14.4956890143242,5.));
#16305=CARTESIAN_POINT('',(18.031222920257,10.9601551083915,5.));
#16306=CARTESIAN_POINT('',(18.031222920257,10.9601551083915,7.));
#16307=CARTESIAN_POINT('',(14.4956890143242,14.4956890143242,7.));
#16308=CARTESIAN_POINT('',(18.031222920257,10.9601551083915,5.));
#16309=CARTESIAN_POINT('',(15.8786796564404,8.80761184457488,5.));
#16310=CARTESIAN_POINT('',(15.8786796564404,8.80761184457488,7.));
#16311=CARTESIAN_POINT('',(18.031222920257,10.9601551083915,7.));
#16312=CARTESIAN_POINT('',(18.,6.68629150101524,5.));
#16313=CARTESIAN_POINT('',(15.,6.68629150101524,5.));
#16314=CARTESIAN_POINT('',(15.,6.68629150101524,7.));
#16315=CARTESIAN_POINT('',(18.,6.68629150101524,7.));
#16316=CARTESIAN_POINT('',(15.,-6.09999999999999,5.));
#16317=CARTESIAN_POINT('',(15.,-6.68629150101521,5.));
#16318=CARTESIAN_POINT('',(15.,-6.68629150101521,7.));
#16319=CARTESIAN_POINT('',(15.,-6.09999999999999,7.));
#16320=CARTESIAN_POINT('',(18.,-6.68629150101522,5.));
#16321=CARTESIAN_POINT('',(15.8786796564404,-8.80761184457487,5.));
#16322=CARTESIAN_POINT('',(15.8786796564404,-8.80761184457487,7.));
#16323=CARTESIAN_POINT('',(18.,-6.68629150101522,7.));
#16324=CARTESIAN_POINT('',(15.8786796564404,-8.80761184457487,5.));
#16325=CARTESIAN_POINT('',(15.8786796564404,-8.80761184457487,7.));
#16326=CARTESIAN_POINT('',(24.,20.5316598452244,5.));
#16327=CARTESIAN_POINT('',(26.125,20.5316598452244,5.));
#16328=CARTESIAN_POINT('',(20.6466251722766,-1.5956547764676E-016,5.));
#16329=CARTESIAN_POINT('',(22.7716251722766,-1.5956547764676E-016,5.));
#16330=CARTESIAN_POINT('',(24.,-30.4683401547756,5.));
#16331=CARTESIAN_POINT('',(26.125,-30.4683401547756,5.));
#16332=CARTESIAN_POINT('',(-24.,20.5316598452244,5.));
#16333=CARTESIAN_POINT('',(-21.875,20.5316598452244,5.));
#16334=CARTESIAN_POINT('',(-20.6466251722766,0.,5.));
#16335=CARTESIAN_POINT('',(-18.5216251722766,0.,5.));
#16336=CARTESIAN_POINT('',(-24.,-30.4683401547756,5.));
#16337=CARTESIAN_POINT('',(-21.875,-30.4683401547756,5.));
#16338=CARTESIAN_POINT('',(9.10050506338832,19.,5.));
#16339=CARTESIAN_POINT('',(-9.10050506338832,19.,5.));
#16340=CARTESIAN_POINT('',(-19.0149486064038,-16.6349161503237,5.));
#16341=CARTESIAN_POINT('',(-15.5298309399346,-23.9974589951996,5.));
#16342=CARTESIAN_POINT('',(-12.3663492254789,-22.5,5.));
#16343=CARTESIAN_POINT('',(-12.3663492254789,-26.,5.));
#16344=CARTESIAN_POINT('',(14.5819123769186,-26.,5.));
#16345=CARTESIAN_POINT('',(12.3663492254789,-26.,5.));
#16346=CARTESIAN_POINT('',(12.3663492254789,-22.5,5.));
#16347=CARTESIAN_POINT('',(15.5298309399346,-23.9974589951996,5.));
#16348=CARTESIAN_POINT('',(14.5819123769186,-26.,5.));
#16349=CARTESIAN_POINT('',(30.,25.,5.));
#16350=CARTESIAN_POINT('',(25.,25.,5.));
#16351=CARTESIAN_POINT('',(-25.,25.,5.));
#16352=CARTESIAN_POINT('',(25.,20.,5.));
#16353=CARTESIAN_POINT('',(30.,20.,5.));
#16354=CARTESIAN_POINT('',(30.,-35.,5.));
#16355=CARTESIAN_POINT('',(30.,-30.,5.));
#16356=CARTESIAN_POINT('',(25.,-30.,5.));
#16357=CARTESIAN_POINT('',(25.,-35.,5.));
#16358=CARTESIAN_POINT('',(-30.,-35.,5.));
#16359=CARTESIAN_POINT('',(-25.,-35.,5.));
#16360=CARTESIAN_POINT('',(-25.,-30.,5.));
#16361=CARTESIAN_POINT('',(-30.,-30.,5.));
#16362=CARTESIAN_POINT('',(-30.,25.,5.));
#16363=CARTESIAN_POINT('',(-30.,20.,5.));
#16364=CARTESIAN_POINT('',(-25.,20.,5.));
#16365=CARTESIAN_POINT('',(-24.,-30.4683401547756,5.));
#16366=CARTESIAN_POINT('',(-24.,-30.4683401547756,5.));
#16367=CARTESIAN_POINT('',(-20.6466251722766,0.,5.));
#16368=CARTESIAN_POINT('',(-24.,20.5316598452244,5.));
#16369=CARTESIAN_POINT('',(24.,-30.4683401547756,5.));
#16370=CARTESIAN_POINT('',(20.6466251722766,-1.5956547764676E-016,5.));
#16371=CARTESIAN_POINT('',(24.,20.5316598452244,5.));
#16372=CARTESIAN_POINT('',(15.5298309399346,-23.9974589951996,10.));
#16373=CARTESIAN_POINT('',(14.5819123769186,-26.,10.));
#16374=CARTESIAN_POINT('',(-15.5298309399346,-23.9974589951996,10.));
#16375=CARTESIAN_POINT('',(-19.0149486064038,-16.6349161503237,10.));
#16376=CARTESIAN_POINT('',(12.3663492254789,-26.,7.));
#16377=CARTESIAN_POINT('',(-12.3663492254789,-26.,7.));
#16378=CARTESIAN_POINT('',(14.5819123769186,-26.,7.));
#16379=CARTESIAN_POINT('',(12.3663492254789,-22.5,7.));
#16380=CARTESIAN_POINT('',(-12.3663492254789,-22.5,10.));
#16381=CARTESIAN_POINT('',(-30.,20.,7.));
#16382=CARTESIAN_POINT('',(-30.,-30.,7.));
#16383=CARTESIAN_POINT('',(-30.,25.,7.));
#16384=CARTESIAN_POINT('',(-25.,-35.,7.));
#16385=CARTESIAN_POINT('',(25.,-35.,7.));
#16386=CARTESIAN_POINT('',(-30.,-35.,7.));
#16387=CARTESIAN_POINT('',(30.,20.,7.));
#16388=CARTESIAN_POINT('',(30.,-30.,7.));
#16389=CARTESIAN_POINT('',(30.,-35.,7.));
#16390=CARTESIAN_POINT('',(25.,25.,7.));
#16391=CARTESIAN_POINT('',(-25.,25.,7.));
#16392=CARTESIAN_POINT('',(30.,25.,7.));
#16393=CARTESIAN_POINT('',(25.,20.,7.));
#16394=CARTESIAN_POINT('',(-25.,20.,7.));
#16395=CARTESIAN_POINT('',(-25.,-30.,7.));
#16396=CARTESIAN_POINT('',(25.,-30.,7.));
#16397=CARTESIAN_POINT('',(9.10050506338832,19.,7.));
#16398=CARTESIAN_POINT('',(-9.10050506338832,19.,7.));
#16399=CARTESIAN_POINT('',(-39.,-69.,40.));
#16400=CARTESIAN_POINT('',(-38.9999999999998,41.7426406871193,40.));
#16401=CARTESIAN_POINT('',(-38.9999999999997,79.,40.));
#16402=CARTESIAN_POINT('',(-38.9999999999998,41.7426406871193,42.));
#16403=CARTESIAN_POINT('',(-38.9999999999998,41.7426406871193,42.));
#16404=CARTESIAN_POINT('',(-39.,-69.,42.));
#16405=CARTESIAN_POINT('',(-38.9999999999997,79.,42.));
#16406=CARTESIAN_POINT('',(-38.9999999999997,79.,42.));
#16407=CARTESIAN_POINT('',(-39.,-69.,42.));
#16408=CARTESIAN_POINT('',(-39.,-69.,40.));
#16409=CARTESIAN_POINT('',(-38.9999999999999,-9.75735931288073,40.));
#16410=CARTESIAN_POINT('',(-38.9999999999999,3.25735931288045,40.));
#16411=CARTESIAN_POINT('',(-38.9999999999999,-9.75735931288073,42.));
#16412=CARTESIAN_POINT('',(-38.9999999999999,-9.75735931288073,42.));
#16413=CARTESIAN_POINT('',(-39.,-69.,42.));
#16414=CARTESIAN_POINT('',(-38.9999999999999,3.25735931288045,42.));
#16415=CARTESIAN_POINT('',(-38.9999999999999,3.25735931288045,42.));
#16416=CARTESIAN_POINT('',(-39.,-69.,42.));
#16417=CARTESIAN_POINT('',(38.9999999999997,86.,40.));
#16418=CARTESIAN_POINT('',(39.,-46.2426406871193,40.));
#16419=CARTESIAN_POINT('',(39.,-62.,40.));
#16420=CARTESIAN_POINT('',(39.,-46.2426406871193,42.));
#16421=CARTESIAN_POINT('',(39.,-46.2426406871193,42.));
#16422=CARTESIAN_POINT('',(38.9999999999997,86.,42.));
#16423=CARTESIAN_POINT('',(39.,-62.,42.));
#16424=CARTESIAN_POINT('',(39.,-62.,42.));
#16425=CARTESIAN_POINT('',(38.9999999999997,86.,42.));
#16426=CARTESIAN_POINT('',(38.9999999999997,86.,40.));
#16427=CARTESIAN_POINT('',(38.9999999999999,3.25735931288045,40.));
#16428=CARTESIAN_POINT('',(38.9999999999999,-9.75735931288073,40.));
#16429=CARTESIAN_POINT('',(38.9999999999999,3.25735931288045,42.));
#16430=CARTESIAN_POINT('',(38.9999999999999,3.25735931288045,42.));
#16431=CARTESIAN_POINT('',(38.9999999999997,86.,42.));
#16432=CARTESIAN_POINT('',(38.9999999999999,-9.75735931288073,42.));
#16433=CARTESIAN_POINT('',(38.9999999999999,-9.75735931288073,40.));
#16434=CARTESIAN_POINT('',(38.9999999999997,86.,42.));
#16435=CARTESIAN_POINT('',(0.,68.,42.));
#16436=CARTESIAN_POINT('',(-3.2,68.,42.));
#16437=CARTESIAN_POINT('',(34.,44.3546835485732,42.));
#16438=CARTESIAN_POINT('',(30.8,44.3546835485732,42.));
#16439=CARTESIAN_POINT('',(-34.,44.3546835485732,42.));
#16440=CARTESIAN_POINT('',(-37.2,44.3546835485732,42.));
#16441=CARTESIAN_POINT('',(-35.,-10.9999999999999,42.));
#16442=CARTESIAN_POINT('',(-38.2,-10.9999999999999,42.));
#16443=CARTESIAN_POINT('',(35.,-11.,42.));
#16444=CARTESIAN_POINT('',(31.8,-11.,42.));
#16445=CARTESIAN_POINT('',(34.,-63.4806594612574,42.));
#16446=CARTESIAN_POINT('',(30.8,-63.4806594612574,42.));
#16447=CARTESIAN_POINT('',(-34.,-63.4806594612574,42.));
#16448=CARTESIAN_POINT('',(-37.2,-63.4806594612574,42.));
#16449=CARTESIAN_POINT('',(14.,78.,42.));
#16450=CARTESIAN_POINT('',(10.8,78.,42.));
#16451=CARTESIAN_POINT('',(-14.,78.,42.));
#16452=CARTESIAN_POINT('',(-17.2,78.,42.));
#16453=CARTESIAN_POINT('',(7.5,40.,42.));
#16454=CARTESIAN_POINT('',(4.3,40.,42.));
#16455=CARTESIAN_POINT('',(-7.5,40.,42.));
#16456=CARTESIAN_POINT('',(-10.7,40.,42.));
#16457=CARTESIAN_POINT('',(-34.,81.,42.));
#16458=CARTESIAN_POINT('',(-35.6,81.,42.));
#16459=CARTESIAN_POINT('',(34.,81.,42.));
#16460=CARTESIAN_POINT('',(32.4,81.,42.));
#16461=CARTESIAN_POINT('',(29.9999999999998,57.3693791742266,42.));
#16462=CARTESIAN_POINT('',(28.9467550009877,56.6834091903128,42.));
#16463=CARTESIAN_POINT('',(15.4976306192682,47.9241028138891,42.));
#16464=CARTESIAN_POINT('',(14.4061322813924,49.6,42.));
#16465=CARTESIAN_POINT('',(14.4061322813924,47.6,42.));
#16466=CARTESIAN_POINT('',(15.,47.6,42.));
#16467=CARTESIAN_POINT('',(14.3272626598702,47.6,42.));
#16468=CARTESIAN_POINT('',(14.3272626598702,49.6,42.));
#16469=CARTESIAN_POINT('',(12.4712475269332,50.3451226921179,42.));
#16470=CARTESIAN_POINT('',(11.3691804293939,47.6,42.));
#16471=CARTESIAN_POINT('',(22.6684253645122,75.7451226921179,42.));
#16472=CARTESIAN_POINT('',(24.5244404974492,75.,42.));
#16473=CARTESIAN_POINT('',(24.5244404974492,77.,42.));
#16474=CARTESIAN_POINT('',(23.1722130445443,77.,42.));
#16475=CARTESIAN_POINT('',(25.702325894141,77.,42.));
#16476=CARTESIAN_POINT('',(25.702325894141,75.,42.));
#16477=CARTESIAN_POINT('',(27.685794610443,75.2566161558655,42.));
#16478=CARTESIAN_POINT('',(27.4602400268981,77.,42.));
#16479=CARTESIAN_POINT('',(29.8387253794139,58.6159225322892,42.));
#16480=CARTESIAN_POINT('',(27.8552566631119,58.3593063764237,42.));
#16481=CARTESIAN_POINT('',(29.9999999999999,1.11814348144019,42.));
#16482=CARTESIAN_POINT('',(29.9999999999999,-0.135007563772833,42.));
#16483=CARTESIAN_POINT('',(29.9999999999999,-4.75183594328616,42.));
#16484=CARTESIAN_POINT('',(27.9999999999999,-4.75183594328617,42.));
#16485=CARTESIAN_POINT('',(28.1309667432532,-6.7475432645539,42.));
#16486=CARTESIAN_POINT('',(29.9999999999999,-6.62488940842001,42.));
#16487=CARTESIAN_POINT('',(6.13096674325324,-8.19127618113262,42.));
#16488=CARTESIAN_POINT('',(5.99999999999999,-6.19556885986489,42.));
#16489=CARTESIAN_POINT('',(3.99999999999999,-6.19556885986489,42.));
#16490=CARTESIAN_POINT('',(3.99999999999999,-8.33111921892213,42.));
#16491=CARTESIAN_POINT('',(3.99999999999999,-0.241459419141474,42.));
#16492=CARTESIAN_POINT('',(5.99999999999999,-0.241459419141474,42.));
#16493=CARTESIAN_POINT('',(5.26426516953312,1.61829708622096,42.));
#16494=CARTESIAN_POINT('',(3.99999999999999,1.11814348144013,42.));
#16495=CARTESIAN_POINT('',(18.3156773981109,6.78154213236455,42.));
#16496=CARTESIAN_POINT('',(18.3156773981109,6.78154213236455,42.));
#16497=CARTESIAN_POINT('',(28.8723315710121,1.66472509143332,42.));
#16498=CARTESIAN_POINT('',(27.9999999999999,-0.135007563772837,42.));
#16499=CARTESIAN_POINT('',(30.,-53.5232509727942,42.));
#16500=CARTESIAN_POINT('',(30.,-55.0231919832446,42.));
#16501=CARTESIAN_POINT('',(30.,-58.,42.));
#16502=CARTESIAN_POINT('',(28.,-58.,42.));
#16503=CARTESIAN_POINT('',(28.,-60.,42.));
#16504=CARTESIAN_POINT('',(30.,-60.,42.));
#16505=CARTESIAN_POINT('',(5.99999999999998,-60.,42.));
#16506=CARTESIAN_POINT('',(5.99999999999998,-58.,42.));
#16507=CARTESIAN_POINT('',(3.99999999999998,-58.,42.));
#16508=CARTESIAN_POINT('',(3.99999999999998,-60.,42.));
#16509=CARTESIAN_POINT('',(3.99999999999998,-55.0244461146498,42.));
#16510=CARTESIAN_POINT('',(5.99999999999998,-55.0244461146498,42.));
#16511=CARTESIAN_POINT('',(5.44146833269879,-53.1040184600318,42.));
#16512=CARTESIAN_POINT('',(3.99999999999998,-53.5232509727943,42.));
#16513=CARTESIAN_POINT('',(16.4600585976815,-49.8994032915247,42.));
#16514=CARTESIAN_POINT('',(17.0185902649827,-51.8198309461427,42.));
#16515=CARTESIAN_POINT('',(17.5786627519684,-49.899852089665,42.));
#16516=CARTESIAN_POINT('',(17.0194260360651,-49.7367184711707,42.));
#16517=CARTESIAN_POINT('',(28.5600724869857,-53.1032131267668,42.));
#16518=CARTESIAN_POINT('',(28.,-55.0231919832446,42.));
#16519=CARTESIAN_POINT('',(-18.3156773981109,18.7815421323646,42.));
#16520=CARTESIAN_POINT('',(-18.3156773981109,18.7815421323646,42.));
#16521=CARTESIAN_POINT('',(-28.876742293578,23.9325176518429,42.));
#16522=CARTESIAN_POINT('',(-27.9999999999999,25.7301057444412,42.));
#16523=CARTESIAN_POINT('',(-29.9999999999999,25.7301057444412,42.));
#16524=CARTESIAN_POINT('',(-29.9999999999999,24.4803670406226,42.));
#16525=CARTESIAN_POINT('',(-29.9999999999999,31.3102623990017,42.));
#16526=CARTESIAN_POINT('',(-27.9999999999999,31.3102623990017,42.));
#16527=CARTESIAN_POINT('',(-28.7555822539445,33.1620440971302,42.));
#16528=CARTESIAN_POINT('',(-29.9999999999999,32.6542844803441,42.));
#16529=CARTESIAN_POINT('',(-15.9475419061993,38.3881071931979,42.));
#16530=CARTESIAN_POINT('',(-15.1919596522546,36.5363254950693,42.));
#16531=CARTESIAN_POINT('',(-14.1321211237882,38.2324216873822,42.));
#16532=CARTESIAN_POINT('',(-15.,38.7747325982964,42.));
#16533=CARTESIAN_POINT('',(-4.94016147153359,32.4886478167011,42.));
#16534=CARTESIAN_POINT('',(-6.,30.7925516243883,42.));
#16535=CARTESIAN_POINT('',(-4.,30.7925516243883,42.));
#16536=CARTESIAN_POINT('',(-4.,31.9011697272938,42.));
#16537=CARTESIAN_POINT('',(-4.,25.8368462500642,42.));
#16538=CARTESIAN_POINT('',(-6.,25.8368462500642,42.));
#16539=CARTESIAN_POINT('',(-5.26029078880988,23.9786669576167,42.));
#16540=CARTESIAN_POINT('',(-4.,24.4803670406226,42.));
#16541=CARTESIAN_POINT('',(-3.99999999999999,-34.4922261633479,42.));
#16542=CARTESIAN_POINT('',(-5.25271004712017,-34.9968435088326,42.));
#16543=CARTESIAN_POINT('',(-16.2710179627322,-39.4352443222463,42.));
#16544=CARTESIAN_POINT('',(-17.018307915612,-37.5801007358022,42.));
#16545=CARTESIAN_POINT('',(-17.7675211024439,-39.4344684449358,42.));
#16546=CARTESIAN_POINT('',(-17.019426036065,-39.7367184711707,42.));
#16547=CARTESIAN_POINT('',(-28.7492131868318,-34.9975768387966,42.));
#16548=CARTESIAN_POINT('',(-28.,-33.143209129663,42.));
#16549=CARTESIAN_POINT('',(-30.,-33.143209129663,42.));
#16550=CARTESIAN_POINT('',(-30.,-34.4922261633479,42.));
#16551=CARTESIAN_POINT('',(-30.,-20.9581729152749,42.));
#16552=CARTESIAN_POINT('',(-28.,-20.9581729152749,42.));
#16553=CARTESIAN_POINT('',(-28.2841517387379,-18.9784613733143,42.));
#16554=CARTESIAN_POINT('',(-30.,-19.2247403167431,42.));
#16555=CARTESIAN_POINT('',(-6.2841517387379,-15.8207597992542,42.));
#16556=CARTESIAN_POINT('',(-5.99999999999999,-17.8004713412149,42.));
#16557=CARTESIAN_POINT('',(-3.99999999999999,-17.8004713412149,42.));
#16558=CARTESIAN_POINT('',(-3.99999999999999,-15.4929111837631,42.));
#16559=CARTESIAN_POINT('',(-3.99999999999999,-33.1416999223885,42.));
#16560=CARTESIAN_POINT('',(-5.99999999999999,-33.1416999223885,42.));
#16561=CARTESIAN_POINT('',(-3.99999999999998,-53.5232509727943,42.));
#16562=CARTESIAN_POINT('',(-3.99999999999998,-55.0244461146498,42.));
#16563=CARTESIAN_POINT('',(-3.99999999999998,-58.,42.));
#16564=CARTESIAN_POINT('',(-5.99999999999998,-58.,42.));
#16565=CARTESIAN_POINT('',(-5.99999999999998,-60.,42.));
#16566=CARTESIAN_POINT('',(-3.99999999999998,-60.,42.));
#16567=CARTESIAN_POINT('',(-28.,-60.,42.));
#16568=CARTESIAN_POINT('',(-28.,-58.,42.));
#16569=CARTESIAN_POINT('',(-30.,-58.,42.));
#16570=CARTESIAN_POINT('',(-30.,-60.,42.));
#16571=CARTESIAN_POINT('',(-30.,-55.0231919832446,42.));
#16572=CARTESIAN_POINT('',(-28.,-55.0231919832446,42.));
#16573=CARTESIAN_POINT('',(-28.5600724869857,-53.1032131267668,42.));
#16574=CARTESIAN_POINT('',(-30.,-53.5232509727942,42.));
#16575=CARTESIAN_POINT('',(-17.5786627519684,-49.899852089665,42.));
#16576=CARTESIAN_POINT('',(-17.0185902649827,-51.8198309461427,42.));
#16577=CARTESIAN_POINT('',(-16.4600585976815,-49.8994032915247,42.));
#16578=CARTESIAN_POINT('',(-17.0194260360651,-49.7367184711707,42.));
#16579=CARTESIAN_POINT('',(-5.44146833269879,-53.1040184600318,42.));
#16580=CARTESIAN_POINT('',(-5.99999999999998,-55.0244461146498,42.));
#16581=CARTESIAN_POINT('',(-3.99999999999999,1.11814348144013,42.));
#16582=CARTESIAN_POINT('',(-3.99999999999999,-0.241459419141471,42.));
#16583=CARTESIAN_POINT('',(-3.99999999999999,-6.19556885986489,42.));
#16584=CARTESIAN_POINT('',(-5.99999999999999,-6.19556885986489,42.));
#16585=CARTESIAN_POINT('',(-6.13096674325324,-8.19127618113262,42.));
#16586=CARTESIAN_POINT('',(-4.,-8.33111921892213,42.));
#16587=CARTESIAN_POINT('',(-28.1309667432532,-6.7475432645539,42.));
#16588=CARTESIAN_POINT('',(-27.9999999999999,-4.75183594328617,42.));
#16589=CARTESIAN_POINT('',(-29.9999999999999,-4.75183594328616,42.));
#16590=CARTESIAN_POINT('',(-29.9999999999999,-6.62488940842001,42.));
#16591=CARTESIAN_POINT('',(-29.9999999999999,-0.135007563772837,42.));
#16592=CARTESIAN_POINT('',(-27.9999999999999,-0.13500756377284,42.));
#16593=CARTESIAN_POINT('',(-28.8723315710121,1.66472509143332,42.));
#16594=CARTESIAN_POINT('',(-29.9999999999999,1.11814348144019,42.));
#16595=CARTESIAN_POINT('',(-18.3156773981109,6.78154213236456,42.));
#16596=CARTESIAN_POINT('',(-18.3156773981109,6.78154213236455,42.));
#16597=CARTESIAN_POINT('',(-5.26426516953313,1.61829708622097,42.));
#16598=CARTESIAN_POINT('',(-5.99999999999999,-0.241459419141471,42.));
#16599=CARTESIAN_POINT('',(-11.3691804293939,47.6,42.));
#16600=CARTESIAN_POINT('',(-14.3272626598702,47.6,42.));
#16601=CARTESIAN_POINT('',(-14.4061322813924,47.6,42.));
#16602=CARTESIAN_POINT('',(-14.4061322813924,49.6,42.));
#16603=CARTESIAN_POINT('',(-15.4976306192682,47.9241028138891,42.));
#16604=CARTESIAN_POINT('',(-15.,47.6,42.));
#16605=CARTESIAN_POINT('',(-28.9467550009877,56.6834091903128,42.));
#16606=CARTESIAN_POINT('',(-27.8552566631119,58.3593063764237,42.));
#16607=CARTESIAN_POINT('',(-29.8387253794139,58.6159225322892,42.));
#16608=CARTESIAN_POINT('',(-29.9999999999998,57.3693791742268,42.));
#16609=CARTESIAN_POINT('',(-27.685794610443,75.2566161558655,42.));
#16610=CARTESIAN_POINT('',(-25.702325894141,75.,42.));
#16611=CARTESIAN_POINT('',(-25.702325894141,77.,42.));
#16612=CARTESIAN_POINT('',(-27.4602400268981,77.,42.));
#16613=CARTESIAN_POINT('',(-24.5244404974492,77.,42.));
#16614=CARTESIAN_POINT('',(-24.5244404974492,75.,42.));
#16615=CARTESIAN_POINT('',(-22.6684253645122,75.7451226921179,42.));
#16616=CARTESIAN_POINT('',(-23.1722130445443,77.,42.));
#16617=CARTESIAN_POINT('',(-12.4712475269332,50.345122692118,42.));
#16618=CARTESIAN_POINT('',(-14.3272626598702,49.6,42.));
#16619=CARTESIAN_POINT('',(30.,-34.4922261633479,42.));
#16620=CARTESIAN_POINT('',(28.7492131868318,-34.9975768387966,42.));
#16621=CARTESIAN_POINT('',(17.7675211024439,-39.4344684449357,42.));
#16622=CARTESIAN_POINT('',(17.018307915612,-37.5801007358022,42.));
#16623=CARTESIAN_POINT('',(16.2710179627322,-39.4352443222463,42.));
#16624=CARTESIAN_POINT('',(17.019426036065,-39.7367184711707,42.));
#16625=CARTESIAN_POINT('',(5.25271004712017,-34.9968435088326,42.));
#16626=CARTESIAN_POINT('',(5.99999999999999,-33.1416999223885,42.));
#16627=CARTESIAN_POINT('',(3.99999999999999,-33.1416999223885,42.));
#16628=CARTESIAN_POINT('',(3.99999999999999,-34.4922261633479,42.));
#16629=CARTESIAN_POINT('',(3.99999999999999,-17.8004713412149,42.));
#16630=CARTESIAN_POINT('',(5.99999999999999,-17.8004713412149,42.));
#16631=CARTESIAN_POINT('',(6.2841517387379,-15.8207597992542,42.));
#16632=CARTESIAN_POINT('',(3.99999999999999,-15.4929111837631,42.));
#16633=CARTESIAN_POINT('',(28.2841517387379,-18.9784613733143,42.));
#16634=CARTESIAN_POINT('',(28.,-20.9581729152749,42.));
#16635=CARTESIAN_POINT('',(30.,-20.9581729152749,42.));
#16636=CARTESIAN_POINT('',(30.,-19.2247403167431,42.));
#16637=CARTESIAN_POINT('',(30.,-33.143209129663,42.));
#16638=CARTESIAN_POINT('',(28.,-33.143209129663,42.));
#16639=CARTESIAN_POINT('',(18.3156773981109,18.7815421323646,42.));
#16640=CARTESIAN_POINT('',(18.3156773981109,18.7815421323646,42.));
#16641=CARTESIAN_POINT('',(5.26029078880987,23.9786669576167,42.));
#16642=CARTESIAN_POINT('',(6.,25.8368462500642,42.));
#16643=CARTESIAN_POINT('',(4.,25.8368462500642,42.));
#16644=CARTESIAN_POINT('',(4.,24.4803670406226,42.));
#16645=CARTESIAN_POINT('',(4.,30.7925516243883,42.));
#16646=CARTESIAN_POINT('',(6.,30.7925516243883,42.));
#16647=CARTESIAN_POINT('',(4.94016147153359,32.4886478167011,42.));
#16648=CARTESIAN_POINT('',(4.,31.9011697272938,42.));
#16649=CARTESIAN_POINT('',(14.1321211237882,38.2324216873822,42.));
#16650=CARTESIAN_POINT('',(15.1919596522546,36.5363254950693,42.));
#16651=CARTESIAN_POINT('',(15.9475419061992,38.3881071931979,42.));
#16652=CARTESIAN_POINT('',(15.,38.7747325982964,42.));
#16653=CARTESIAN_POINT('',(28.7555822539445,33.1620440971302,42.));
#16654=CARTESIAN_POINT('',(27.9999999999998,31.3102623990017,42.));
#16655=CARTESIAN_POINT('',(29.9999999999999,31.3102623990017,42.));
#16656=CARTESIAN_POINT('',(29.9999999999998,32.6542844803441,42.));
#16657=CARTESIAN_POINT('',(29.9999999999999,25.7301057444412,42.));
#16658=CARTESIAN_POINT('',(27.9999999999999,25.7301057444412,42.));
#16659=CARTESIAN_POINT('',(28.876742293578,23.9325176518429,42.));
#16660=CARTESIAN_POINT('',(29.9999999999999,24.4803670406226,42.));
#16661=CARTESIAN_POINT('',(-24.5,14.,42.));
#16662=CARTESIAN_POINT('',(-27.15,14.,42.));
#16663=CARTESIAN_POINT('',(24.5,14.,42.));
#16664=CARTESIAN_POINT('',(21.85,14.,42.));
#16665=CARTESIAN_POINT('',(-24.5,-44.,42.));
#16666=CARTESIAN_POINT('',(-27.15,-44.,42.));
#16667=CARTESIAN_POINT('',(24.5,-44.,42.));
#16668=CARTESIAN_POINT('',(21.85,-44.,42.));
#16669=CARTESIAN_POINT('',(37.,11.9999999999998,42.));
#16670=CARTESIAN_POINT('',(39.,11.9999999999998,42.));
#16671=CARTESIAN_POINT('',(35.,11.9999999999998,42.));
#16672=CARTESIAN_POINT('',(35.,9.99999999999984,42.));
#16673=CARTESIAN_POINT('',(35.,32.9999999999998,42.));
#16674=CARTESIAN_POINT('',(37.,32.9999999999998,42.));
#16675=CARTESIAN_POINT('',(39.,32.9999999999998,42.));
#16676=CARTESIAN_POINT('',(39.,34.9999999999998,42.));
#16677=CARTESIAN_POINT('',(-35.,34.9999999999998,42.));
#16678=CARTESIAN_POINT('',(-35.,32.9999999999998,42.));
#16679=CARTESIAN_POINT('',(-35.,11.9999999999998,42.));
#16680=CARTESIAN_POINT('',(-37.,11.9999999999998,42.));
#16681=CARTESIAN_POINT('',(-39.,11.9999999999998,42.));
#16682=CARTESIAN_POINT('',(-39.,9.99999999999985,42.));
#16683=CARTESIAN_POINT('',(-39.,32.9999999999998,42.));
#16684=CARTESIAN_POINT('',(-37.,32.9999999999998,42.));
#16685=CARTESIAN_POINT('',(-35.,-15.5000000000001,42.));
#16686=CARTESIAN_POINT('',(-35.,-17.5000000000001,42.));
#16687=CARTESIAN_POINT('',(-35.,-38.5000000000001,42.));
#16688=CARTESIAN_POINT('',(-37.,-38.5000000000001,42.));
#16689=CARTESIAN_POINT('',(-39.,-38.5000000000001,42.));
#16690=CARTESIAN_POINT('',(-39.,-40.5000000000001,42.));
#16691=CARTESIAN_POINT('',(-39.,-17.5000000000001,42.));
#16692=CARTESIAN_POINT('',(-37.,-17.5000000000001,42.));
#16693=CARTESIAN_POINT('',(37.,-38.5000000000001,42.));
#16694=CARTESIAN_POINT('',(39.,-38.5000000000001,42.));
#16695=CARTESIAN_POINT('',(35.,-38.5000000000001,42.));
#16696=CARTESIAN_POINT('',(35.,-40.5000000000001,42.));
#16697=CARTESIAN_POINT('',(35.,-17.5000000000001,42.));
#16698=CARTESIAN_POINT('',(37.,-17.5000000000001,42.));
#16699=CARTESIAN_POINT('',(39.,-17.5000000000001,42.));
#16700=CARTESIAN_POINT('',(39.,-15.5000000000001,42.));
#16701=CARTESIAN_POINT('',(-27.55,80.,42.));
#16702=CARTESIAN_POINT('',(-28.65,80.,42.));
#16703=CARTESIAN_POINT('',(27.55,80.,42.));
#16704=CARTESIAN_POINT('',(26.45,80.,42.));
#16705=CARTESIAN_POINT('',(-42.,37.4999999999998,42.));
#16706=CARTESIAN_POINT('',(-40.8284271247462,38.6715728752537,42.));
#16707=CARTESIAN_POINT('',(-39.8786796564401,39.6213203435597,42.));
#16708=CARTESIAN_POINT('',(-38.,35.8431457505075,42.));
#16709=CARTESIAN_POINT('',(-42.,35.8431457505075,42.));
#16710=CARTESIAN_POINT('',(-42.,7.49999999999984,42.));
#16711=CARTESIAN_POINT('',(-42.,9.15685424949223,42.));
#16712=CARTESIAN_POINT('',(-38.,9.15685424949223,42.));
#16713=CARTESIAN_POINT('',(-40.8284271247462,6.32842712474604,42.));
#16714=CARTESIAN_POINT('',(-39.,4.49999999999988,42.));
#16715=CARTESIAN_POINT('',(-39.8786796564402,5.3786796564401,42.));
#16716=CARTESIAN_POINT('',(-41.9999999999999,3.25735931288045,42.));
#16717=CARTESIAN_POINT('',(-41.9999999999999,-9.75735931288072,42.));
#16718=CARTESIAN_POINT('',(-39.8786796564403,-11.8786796564404,42.));
#16719=CARTESIAN_POINT('',(-42.,-14.0000000000001,42.));
#16720=CARTESIAN_POINT('',(-40.8284271247461,-12.8284271247463,42.));
#16721=CARTESIAN_POINT('',(-38.,-15.6568542494924,42.));
#16722=CARTESIAN_POINT('',(-42.,-15.6568542494924,42.));
#16723=CARTESIAN_POINT('',(-42.,-42.0000000000001,42.));
#16724=CARTESIAN_POINT('',(-42.,-40.3431457505077,42.));
#16725=CARTESIAN_POINT('',(-38.,-40.3431457505077,42.));
#16726=CARTESIAN_POINT('',(-40.8284271247461,-43.1715728752539,42.));
#16727=CARTESIAN_POINT('',(-39.,-45.,42.));
#16728=CARTESIAN_POINT('',(-39.8786796564403,-44.1213203435597,42.));
#16729=CARTESIAN_POINT('',(-42.,-46.2426406871193,42.));
#16730=CARTESIAN_POINT('',(-39.,-46.2426406871193,42.));
#16731=CARTESIAN_POINT('',(-39.,-69.,42.));
#16732=CARTESIAN_POINT('',(-39.,-62.,42.));
#16733=CARTESIAN_POINT('',(-32.,-62.,42.));
#16734=CARTESIAN_POINT('',(-32.,-69.,42.));
#16735=CARTESIAN_POINT('',(39.,-69.,42.));
#16736=CARTESIAN_POINT('',(32.,-69.,42.));
#16737=CARTESIAN_POINT('',(32.,-62.,42.));
#16738=CARTESIAN_POINT('',(42.,-46.2426406871193,42.));
#16739=CARTESIAN_POINT('',(39.8786796564403,-44.1213203435597,42.));
#16740=CARTESIAN_POINT('',(39.,-45.,42.));
#16741=CARTESIAN_POINT('',(40.8284271247461,-43.1715728752539,42.));
#16742=CARTESIAN_POINT('',(38.,-40.3431457505077,42.));
#16743=CARTESIAN_POINT('',(42.,-40.3431457505077,42.));
#16744=CARTESIAN_POINT('',(42.,-42.0000000000001,42.));
#16745=CARTESIAN_POINT('',(42.,-15.6568542494924,42.));
#16746=CARTESIAN_POINT('',(38.,-15.6568542494924,42.));
#16747=CARTESIAN_POINT('',(40.8284271247461,-12.8284271247463,42.));
#16748=CARTESIAN_POINT('',(42.,-14.0000000000001,42.));
#16749=CARTESIAN_POINT('',(39.8786796564403,-11.8786796564404,42.));
#16750=CARTESIAN_POINT('',(41.9999999999999,-9.75735931288073,42.));
#16751=CARTESIAN_POINT('',(41.9999999999999,3.25735931288046,42.));
#16752=CARTESIAN_POINT('',(39.8786796564402,5.3786796564401,42.));
#16753=CARTESIAN_POINT('',(39.,4.49999999999988,42.));
#16754=CARTESIAN_POINT('',(40.8284271247462,6.32842712474604,42.));
#16755=CARTESIAN_POINT('',(38.,9.15685424949223,42.));
#16756=CARTESIAN_POINT('',(42.,9.15685424949223,42.));
#16757=CARTESIAN_POINT('',(42.,7.49999999999984,42.));
#16758=CARTESIAN_POINT('',(42.,35.8431457505075,42.));
#16759=CARTESIAN_POINT('',(38.,35.8431457505075,42.));
#16760=CARTESIAN_POINT('',(40.8284271247462,38.6715728752537,42.));
#16761=CARTESIAN_POINT('',(42.,37.4999999999998,42.));
#16762=CARTESIAN_POINT('',(39.8786796564401,39.6213203435597,42.));
#16763=CARTESIAN_POINT('',(41.9999999999998,41.7426406871193,42.));
#16764=CARTESIAN_POINT('',(38.9999999999998,41.7426406871193,42.));
#16765=CARTESIAN_POINT('',(38.9999999999997,86.,42.));
#16766=CARTESIAN_POINT('',(38.9999999999997,79.,42.));
#16767=CARTESIAN_POINT('',(31.9999999999997,79.,42.));
#16768=CARTESIAN_POINT('',(31.9999999999997,86.,42.));
#16769=CARTESIAN_POINT('',(-38.9999999999997,86.,42.));
#16770=CARTESIAN_POINT('',(-31.9999999999997,86.,42.));
#16771=CARTESIAN_POINT('',(-31.9999999999997,79.,42.));
#16772=CARTESIAN_POINT('',(-41.9999999999998,41.7426406871193,42.));
#16773=CARTESIAN_POINT('',(0.,18.,42.));
#16774=CARTESIAN_POINT('',(0.,68.,40.));
#16775=CARTESIAN_POINT('',(1.6,68.,40.));
#16776=CARTESIAN_POINT('',(-34.,81.,40.));
#16777=CARTESIAN_POINT('',(-32.4,81.,40.));
#16778=CARTESIAN_POINT('',(34.,81.,40.));
#16779=CARTESIAN_POINT('',(35.6,81.,40.));
#16780=CARTESIAN_POINT('',(14.,78.,40.));
#16781=CARTESIAN_POINT('',(12.4,78.,40.));
#16782=CARTESIAN_POINT('',(-14.,78.,40.));
#16783=CARTESIAN_POINT('',(-12.4,78.,40.));
#16784=CARTESIAN_POINT('',(11.3691804293939,47.6,40.));
#16785=CARTESIAN_POINT('',(12.4712475269332,50.3451226921179,40.));
#16786=CARTESIAN_POINT('',(22.6684253645122,75.7451226921179,40.));
#16787=CARTESIAN_POINT('',(14.3272626598702,49.6,40.));
#16788=CARTESIAN_POINT('',(14.3272626598702,47.6,40.));
#16789=CARTESIAN_POINT('',(15.,47.6,40.));
#16790=CARTESIAN_POINT('',(14.4061322813924,47.6,40.));
#16791=CARTESIAN_POINT('',(14.4061322813924,49.6,40.));
#16792=CARTESIAN_POINT('',(15.4976306192682,47.9241028138891,40.));
#16793=CARTESIAN_POINT('',(29.9999999999998,57.3693791742266,40.));
#16794=CARTESIAN_POINT('',(28.9467550009877,56.6834091903128,40.));
#16795=CARTESIAN_POINT('',(27.8552566631119,58.3593063764237,40.));
#16796=CARTESIAN_POINT('',(29.8387253794139,58.6159225322892,40.));
#16797=CARTESIAN_POINT('',(27.4602400268981,77.,40.));
#16798=CARTESIAN_POINT('',(27.685794610443,75.2566161558655,40.));
#16799=CARTESIAN_POINT('',(25.702325894141,75.,40.));
#16800=CARTESIAN_POINT('',(25.702325894141,77.,40.));
#16801=CARTESIAN_POINT('',(23.1722130445443,77.,40.));
#16802=CARTESIAN_POINT('',(24.5244404974492,77.,40.));
#16803=CARTESIAN_POINT('',(24.5244404974492,75.,40.));
#16804=CARTESIAN_POINT('',(3.99999999999999,-8.33111921892213,40.));
#16805=CARTESIAN_POINT('',(3.99999999999999,-6.19556885986489,40.));
#16806=CARTESIAN_POINT('',(3.99999999999999,-0.241459419141474,40.));
#16807=CARTESIAN_POINT('',(5.99999999999999,-6.19556885986489,40.));
#16808=CARTESIAN_POINT('',(6.13096674325324,-8.19127618113262,40.));
#16809=CARTESIAN_POINT('',(29.9999999999999,-6.62488940842001,40.));
#16810=CARTESIAN_POINT('',(28.1309667432532,-6.7475432645539,40.));
#16811=CARTESIAN_POINT('',(27.9999999999999,-4.75183594328617,40.));
#16812=CARTESIAN_POINT('',(29.9999999999999,-4.75183594328616,40.));
#16813=CARTESIAN_POINT('',(29.9999999999999,1.11814348144019,40.));
#16814=CARTESIAN_POINT('',(29.9999999999999,-0.135007563772833,40.));
#16815=CARTESIAN_POINT('',(27.9999999999999,-0.135007563772837,40.));
#16816=CARTESIAN_POINT('',(28.8723315710121,1.66472509143332,40.));
#16817=CARTESIAN_POINT('',(18.3156773981109,6.78154213236455,40.));
#16818=CARTESIAN_POINT('',(18.3156773981109,6.78154213236455,40.));
#16819=CARTESIAN_POINT('',(3.99999999999999,1.11814348144013,40.));
#16820=CARTESIAN_POINT('',(5.26426516953312,1.61829708622096,40.));
#16821=CARTESIAN_POINT('',(5.99999999999999,-0.241459419141474,40.));
#16822=CARTESIAN_POINT('',(3.99999999999998,-60.,40.));
#16823=CARTESIAN_POINT('',(3.99999999999998,-58.,40.));
#16824=CARTESIAN_POINT('',(3.99999999999998,-55.0244461146498,40.));
#16825=CARTESIAN_POINT('',(5.99999999999998,-58.,40.));
#16826=CARTESIAN_POINT('',(5.99999999999998,-60.,40.));
#16827=CARTESIAN_POINT('',(30.,-60.,40.));
#16828=CARTESIAN_POINT('',(28.,-60.,40.));
#16829=CARTESIAN_POINT('',(28.,-58.,40.));
#16830=CARTESIAN_POINT('',(30.,-58.,40.));
#16831=CARTESIAN_POINT('',(30.,-53.5232509727942,40.));
#16832=CARTESIAN_POINT('',(30.,-55.0231919832446,40.));
#16833=CARTESIAN_POINT('',(28.,-55.0231919832446,40.));
#16834=CARTESIAN_POINT('',(28.5600724869857,-53.1032131267668,40.));
#16835=CARTESIAN_POINT('',(17.0194260360651,-49.7367184711707,40.));
#16836=CARTESIAN_POINT('',(17.5786627519684,-49.899852089665,40.));
#16837=CARTESIAN_POINT('',(17.0185902649827,-51.8198309461427,40.));
#16838=CARTESIAN_POINT('',(16.4600585976815,-49.8994032915247,40.));
#16839=CARTESIAN_POINT('',(3.99999999999998,-53.5232509727943,40.));
#16840=CARTESIAN_POINT('',(5.44146833269879,-53.1040184600318,40.));
#16841=CARTESIAN_POINT('',(5.99999999999998,-55.0244461146498,40.));
#16842=CARTESIAN_POINT('',(-29.9999999999999,24.4803670406226,40.));
#16843=CARTESIAN_POINT('',(-29.9999999999999,25.7301057444412,40.));
#16844=CARTESIAN_POINT('',(-29.9999999999999,31.3102623990017,40.));
#16845=CARTESIAN_POINT('',(-27.9999999999999,25.7301057444412,40.));
#16846=CARTESIAN_POINT('',(-28.876742293578,23.9325176518429,40.));
#16847=CARTESIAN_POINT('',(-18.3156773981109,18.7815421323646,40.));
#16848=CARTESIAN_POINT('',(-18.3156773981109,18.7815421323646,40.));
#16849=CARTESIAN_POINT('',(-4.,24.4803670406226,40.));
#16850=CARTESIAN_POINT('',(-5.26029078880988,23.9786669576167,40.));
#16851=CARTESIAN_POINT('',(-6.,25.8368462500642,40.));
#16852=CARTESIAN_POINT('',(-4.,25.8368462500642,40.));
#16853=CARTESIAN_POINT('',(-4.,31.9011697272938,40.));
#16854=CARTESIAN_POINT('',(-4.,30.7925516243883,40.));
#16855=CARTESIAN_POINT('',(-6.,30.7925516243883,40.));
#16856=CARTESIAN_POINT('',(-4.94016147153359,32.4886478167011,40.));
#16857=CARTESIAN_POINT('',(-15.,38.7747325982964,40.));
#16858=CARTESIAN_POINT('',(-14.1321211237882,38.2324216873822,40.));
#16859=CARTESIAN_POINT('',(-15.1919596522546,36.5363254950693,40.));
#16860=CARTESIAN_POINT('',(-15.9475419061993,38.3881071931979,40.));
#16861=CARTESIAN_POINT('',(-29.9999999999999,32.6542844803441,40.));
#16862=CARTESIAN_POINT('',(-28.7555822539445,33.1620440971302,40.));
#16863=CARTESIAN_POINT('',(-27.9999999999999,31.3102623990017,40.));
#16864=CARTESIAN_POINT('',(-30.,-34.4922261633479,40.));
#16865=CARTESIAN_POINT('',(-30.,-33.143209129663,40.));
#16866=CARTESIAN_POINT('',(-30.,-20.9581729152749,40.));
#16867=CARTESIAN_POINT('',(-28.,-33.143209129663,40.));
#16868=CARTESIAN_POINT('',(-28.7492131868318,-34.9975768387966,40.));
#16869=CARTESIAN_POINT('',(-17.019426036065,-39.7367184711707,40.));
#16870=CARTESIAN_POINT('',(-17.7675211024439,-39.4344684449358,40.));
#16871=CARTESIAN_POINT('',(-17.018307915612,-37.5801007358022,40.));
#16872=CARTESIAN_POINT('',(-16.2710179627322,-39.4352443222463,40.));
#16873=CARTESIAN_POINT('',(-3.99999999999999,-34.4922261633479,40.));
#16874=CARTESIAN_POINT('',(-5.25271004712017,-34.9968435088326,40.));
#16875=CARTESIAN_POINT('',(-5.99999999999999,-33.1416999223885,40.));
#16876=CARTESIAN_POINT('',(-3.99999999999999,-33.1416999223885,40.));
#16877=CARTESIAN_POINT('',(-3.99999999999999,-15.4929111837631,40.));
#16878=CARTESIAN_POINT('',(-3.99999999999999,-17.8004713412149,40.));
#16879=CARTESIAN_POINT('',(-5.99999999999999,-17.8004713412149,40.));
#16880=CARTESIAN_POINT('',(-6.2841517387379,-15.8207597992542,40.));
#16881=CARTESIAN_POINT('',(-30.,-19.2247403167431,40.));
#16882=CARTESIAN_POINT('',(-28.2841517387379,-18.9784613733143,40.));
#16883=CARTESIAN_POINT('',(-28.,-20.9581729152749,40.));
#16884=CARTESIAN_POINT('',(-30.,-60.,40.));
#16885=CARTESIAN_POINT('',(-30.,-58.,40.));
#16886=CARTESIAN_POINT('',(-30.,-55.0231919832446,40.));
#16887=CARTESIAN_POINT('',(-28.,-58.,40.));
#16888=CARTESIAN_POINT('',(-28.,-60.,40.));
#16889=CARTESIAN_POINT('',(-3.99999999999998,-60.,40.));
#16890=CARTESIAN_POINT('',(-5.99999999999998,-60.,40.));
#16891=CARTESIAN_POINT('',(-5.99999999999998,-58.,40.));
#16892=CARTESIAN_POINT('',(-3.99999999999998,-58.,40.));
#16893=CARTESIAN_POINT('',(-3.99999999999998,-53.5232509727943,40.));
#16894=CARTESIAN_POINT('',(-3.99999999999998,-55.0244461146498,40.));
#16895=CARTESIAN_POINT('',(-5.99999999999998,-55.0244461146498,40.));
#16896=CARTESIAN_POINT('',(-5.44146833269879,-53.1040184600318,40.));
#16897=CARTESIAN_POINT('',(-17.0194260360651,-49.7367184711707,40.));
#16898=CARTESIAN_POINT('',(-16.4600585976815,-49.8994032915247,40.));
#16899=CARTESIAN_POINT('',(-17.0185902649827,-51.8198309461427,40.));
#16900=CARTESIAN_POINT('',(-17.5786627519684,-49.899852089665,40.));
#16901=CARTESIAN_POINT('',(-30.,-53.5232509727942,40.));
#16902=CARTESIAN_POINT('',(-28.5600724869857,-53.1032131267668,40.));
#16903=CARTESIAN_POINT('',(-28.,-55.0231919832446,40.));
#16904=CARTESIAN_POINT('',(-29.9999999999999,-6.62488940842001,40.));
#16905=CARTESIAN_POINT('',(-29.9999999999999,-4.75183594328616,40.));
#16906=CARTESIAN_POINT('',(-29.9999999999999,-0.135007563772837,40.));
#16907=CARTESIAN_POINT('',(-27.9999999999999,-4.75183594328617,40.));
#16908=CARTESIAN_POINT('',(-28.1309667432532,-6.7475432645539,40.));
#16909=CARTESIAN_POINT('',(-4.,-8.33111921892213,40.));
#16910=CARTESIAN_POINT('',(-6.13096674325324,-8.19127618113262,40.));
#16911=CARTESIAN_POINT('',(-5.99999999999999,-6.19556885986489,40.));
#16912=CARTESIAN_POINT('',(-3.99999999999999,-6.19556885986489,40.));
#16913=CARTESIAN_POINT('',(-3.99999999999999,1.11814348144013,40.));
#16914=CARTESIAN_POINT('',(-3.99999999999999,-0.241459419141471,40.));
#16915=CARTESIAN_POINT('',(-5.99999999999999,-0.241459419141471,40.));
#16916=CARTESIAN_POINT('',(-5.26426516953313,1.61829708622097,40.));
#16917=CARTESIAN_POINT('',(-18.3156773981109,6.78154213236455,40.));
#16918=CARTESIAN_POINT('',(-18.3156773981109,6.78154213236456,40.));
#16919=CARTESIAN_POINT('',(-29.9999999999999,1.11814348144019,40.));
#16920=CARTESIAN_POINT('',(-28.8723315710121,1.66472509143332,40.));
#16921=CARTESIAN_POINT('',(-27.9999999999999,-0.13500756377284,40.));
#16922=CARTESIAN_POINT('',(-29.9999999999998,57.3693791742268,40.));
#16923=CARTESIAN_POINT('',(-29.8387253794139,58.6159225322892,40.));
#16924=CARTESIAN_POINT('',(-27.685794610443,75.2566161558655,40.));
#16925=CARTESIAN_POINT('',(-27.8552566631119,58.3593063764237,40.));
#16926=CARTESIAN_POINT('',(-28.9467550009877,56.6834091903128,40.));
#16927=CARTESIAN_POINT('',(-15.,47.6,40.));
#16928=CARTESIAN_POINT('',(-15.4976306192682,47.9241028138891,40.));
#16929=CARTESIAN_POINT('',(-14.4061322813924,49.6,40.));
#16930=CARTESIAN_POINT('',(-14.4061322813924,47.6,40.));
#16931=CARTESIAN_POINT('',(-11.3691804293939,47.6,40.));
#16932=CARTESIAN_POINT('',(-14.3272626598702,47.6,40.));
#16933=CARTESIAN_POINT('',(-14.3272626598702,49.6,40.));
#16934=CARTESIAN_POINT('',(-12.4712475269332,50.345122692118,40.));
#16935=CARTESIAN_POINT('',(-23.1722130445443,77.,40.));
#16936=CARTESIAN_POINT('',(-22.6684253645122,75.7451226921179,40.));
#16937=CARTESIAN_POINT('',(-24.5244404974492,75.,40.));
#16938=CARTESIAN_POINT('',(-24.5244404974492,77.,40.));
#16939=CARTESIAN_POINT('',(-27.4602400268981,77.,40.));
#16940=CARTESIAN_POINT('',(-25.702325894141,77.,40.));
#16941=CARTESIAN_POINT('',(-25.702325894141,75.,40.));
#16942=CARTESIAN_POINT('',(3.99999999999999,-34.4922261633479,40.));
#16943=CARTESIAN_POINT('',(3.99999999999999,-33.1416999223885,40.));
#16944=CARTESIAN_POINT('',(3.99999999999999,-17.8004713412149,40.));
#16945=CARTESIAN_POINT('',(5.99999999999999,-33.1416999223885,40.));
#16946=CARTESIAN_POINT('',(5.25271004712017,-34.9968435088326,40.));
#16947=CARTESIAN_POINT('',(17.019426036065,-39.7367184711707,40.));
#16948=CARTESIAN_POINT('',(16.2710179627322,-39.4352443222463,40.));
#16949=CARTESIAN_POINT('',(17.018307915612,-37.5801007358022,40.));
#16950=CARTESIAN_POINT('',(17.7675211024439,-39.4344684449357,40.));
#16951=CARTESIAN_POINT('',(30.,-34.4922261633479,40.));
#16952=CARTESIAN_POINT('',(28.7492131868318,-34.9975768387966,40.));
#16953=CARTESIAN_POINT('',(28.,-33.143209129663,40.));
#16954=CARTESIAN_POINT('',(30.,-33.143209129663,40.));
#16955=CARTESIAN_POINT('',(30.,-19.2247403167431,40.));
#16956=CARTESIAN_POINT('',(30.,-20.9581729152749,40.));
#16957=CARTESIAN_POINT('',(28.,-20.9581729152749,40.));
#16958=CARTESIAN_POINT('',(28.2841517387379,-18.9784613733143,40.));
#16959=CARTESIAN_POINT('',(3.99999999999999,-15.4929111837631,40.));
#16960=CARTESIAN_POINT('',(6.2841517387379,-15.8207597992542,40.));
#16961=CARTESIAN_POINT('',(5.99999999999999,-17.8004713412149,40.));
#16962=CARTESIAN_POINT('',(4.,24.4803670406226,40.));
#16963=CARTESIAN_POINT('',(4.,25.8368462500642,40.));
#16964=CARTESIAN_POINT('',(4.,30.7925516243883,40.));
#16965=CARTESIAN_POINT('',(6.,25.8368462500642,40.));
#16966=CARTESIAN_POINT('',(5.26029078880987,23.9786669576167,40.));
#16967=CARTESIAN_POINT('',(18.3156773981109,18.7815421323646,40.));
#16968=CARTESIAN_POINT('',(18.3156773981109,18.7815421323646,40.));
#16969=CARTESIAN_POINT('',(29.9999999999999,24.4803670406226,40.));
#16970=CARTESIAN_POINT('',(28.876742293578,23.9325176518429,40.));
#16971=CARTESIAN_POINT('',(27.9999999999999,25.7301057444412,40.));
#16972=CARTESIAN_POINT('',(29.9999999999999,25.7301057444412,40.));
#16973=CARTESIAN_POINT('',(29.9999999999998,32.6542844803441,40.));
#16974=CARTESIAN_POINT('',(29.9999999999999,31.3102623990017,40.));
#16975=CARTESIAN_POINT('',(27.9999999999998,31.3102623990017,40.));
#16976=CARTESIAN_POINT('',(28.7555822539445,33.1620440971302,40.));
#16977=CARTESIAN_POINT('',(15.,38.7747325982964,40.));
#16978=CARTESIAN_POINT('',(15.9475419061992,38.3881071931979,40.));
#16979=CARTESIAN_POINT('',(15.1919596522546,36.5363254950693,40.));
#16980=CARTESIAN_POINT('',(14.1321211237882,38.2324216873822,40.));
#16981=CARTESIAN_POINT('',(4.,31.9011697272938,40.));
#16982=CARTESIAN_POINT('',(4.94016147153359,32.4886478167011,40.));
#16983=CARTESIAN_POINT('',(6.,30.7925516243883,40.));
#16984=CARTESIAN_POINT('',(35.,9.99999999999984,40.));
#16985=CARTESIAN_POINT('',(35.,11.9999999999998,40.));
#16986=CARTESIAN_POINT('',(35.,32.9999999999998,40.));
#16987=CARTESIAN_POINT('',(37.,11.9999999999998,40.));
#16988=CARTESIAN_POINT('',(39.,11.9999999999998,40.));
#16989=CARTESIAN_POINT('',(39.,34.9999999999998,40.));
#16990=CARTESIAN_POINT('',(39.,32.9999999999998,40.));
#16991=CARTESIAN_POINT('',(37.,32.9999999999998,40.));
#16992=CARTESIAN_POINT('',(-37.,11.9999999999998,40.));
#16993=CARTESIAN_POINT('',(-39.,11.9999999999998,40.));
#16994=CARTESIAN_POINT('',(-35.,11.9999999999998,40.));
#16995=CARTESIAN_POINT('',(-35.,34.9999999999998,40.));
#16996=CARTESIAN_POINT('',(-35.,32.9999999999998,40.));
#16997=CARTESIAN_POINT('',(-37.,32.9999999999998,40.));
#16998=CARTESIAN_POINT('',(-39.,32.9999999999998,40.));
#16999=CARTESIAN_POINT('',(-39.,9.99999999999985,40.));
#17000=CARTESIAN_POINT('',(-37.,-38.5000000000001,40.));
#17001=CARTESIAN_POINT('',(-39.,-38.5000000000001,40.));
#17002=CARTESIAN_POINT('',(-35.,-38.5000000000001,40.));
#17003=CARTESIAN_POINT('',(-35.,-15.5000000000001,40.));
#17004=CARTESIAN_POINT('',(-35.,-17.5000000000001,40.));
#17005=CARTESIAN_POINT('',(-37.,-17.5000000000001,40.));
#17006=CARTESIAN_POINT('',(-39.,-17.5000000000001,40.));
#17007=CARTESIAN_POINT('',(-39.,-40.5000000000001,40.));
#17008=CARTESIAN_POINT('',(35.,-40.5000000000001,40.));
#17009=CARTESIAN_POINT('',(35.,-38.5000000000001,40.));
#17010=CARTESIAN_POINT('',(35.,-17.5000000000001,40.));
#17011=CARTESIAN_POINT('',(37.,-38.5000000000001,40.));
#17012=CARTESIAN_POINT('',(39.,-38.5000000000001,40.));
#17013=CARTESIAN_POINT('',(39.,-15.5000000000001,40.));
#17014=CARTESIAN_POINT('',(39.,-17.5000000000001,40.));
#17015=CARTESIAN_POINT('',(37.,-17.5000000000001,40.));
#17016=CARTESIAN_POINT('',(-7.5,40.,40.));
#17017=CARTESIAN_POINT('',(-5.9,40.,40.));
#17018=CARTESIAN_POINT('',(7.5,40.,40.));
#17019=CARTESIAN_POINT('',(9.1,40.,40.));
#17020=CARTESIAN_POINT('',(-27.55,80.,40.));
#17021=CARTESIAN_POINT('',(-26.45,80.,40.));
#17022=CARTESIAN_POINT('',(27.55,80.,40.));
#17023=CARTESIAN_POINT('',(28.65,80.,40.));
#17024=CARTESIAN_POINT('',(34.,-63.4806594612574,40.));
#17025=CARTESIAN_POINT('',(35.6,-63.4806594612574,40.));
#17026=CARTESIAN_POINT('',(35.,-11.,40.));
#17027=CARTESIAN_POINT('',(36.6,-11.,40.));
#17028=CARTESIAN_POINT('',(34.,44.3546835485732,40.));
#17029=CARTESIAN_POINT('',(35.6,44.3546835485732,40.));
#17030=CARTESIAN_POINT('',(-34.,44.3546835485732,40.));
#17031=CARTESIAN_POINT('',(-32.4,44.3546835485732,40.));
#17032=CARTESIAN_POINT('',(-35.,-10.9999999999999,40.));
#17033=CARTESIAN_POINT('',(-33.4,-10.9999999999999,40.));
#17034=CARTESIAN_POINT('',(-34.,-63.4806594612574,40.));
#17035=CARTESIAN_POINT('',(-32.4,-63.4806594612574,40.));
#17036=CARTESIAN_POINT('',(-24.5,14.,40.));
#17037=CARTESIAN_POINT('',(-25.85,14.,40.));
#17038=CARTESIAN_POINT('',(24.5,14.,40.));
#17039=CARTESIAN_POINT('',(23.15,14.,40.));
#17040=CARTESIAN_POINT('',(-42.,7.49999999999984,40.));
#17041=CARTESIAN_POINT('',(-42.,9.15685424949223,40.));
#17042=CARTESIAN_POINT('',(-42.,35.8431457505075,40.));
#17043=CARTESIAN_POINT('',(-38.,35.8431457505075,40.));
#17044=CARTESIAN_POINT('',(-40.8284271247462,38.6715728752537,40.));
#17045=CARTESIAN_POINT('',(-42.,37.4999999999998,40.));
#17046=CARTESIAN_POINT('',(-39.8786796564401,39.6213203435597,40.));
#17047=CARTESIAN_POINT('',(-41.9999999999998,41.7426406871193,40.));
#17048=CARTESIAN_POINT('',(-31.9999999999997,79.,40.));
#17049=CARTESIAN_POINT('',(-31.9999999999997,86.,40.));
#17050=CARTESIAN_POINT('',(-38.9999999999997,86.,40.));
#17051=CARTESIAN_POINT('',(31.9999999999997,86.,40.));
#17052=CARTESIAN_POINT('',(31.9999999999997,79.,40.));
#17053=CARTESIAN_POINT('',(38.9999999999997,79.,40.));
#17054=CARTESIAN_POINT('',(38.9999999999997,86.,40.));
#17055=CARTESIAN_POINT('',(38.9999999999998,41.7426406871193,40.));
#17056=CARTESIAN_POINT('',(41.9999999999998,41.7426406871193,40.));
#17057=CARTESIAN_POINT('',(39.8786796564401,39.6213203435597,40.));
#17058=CARTESIAN_POINT('',(42.,37.4999999999998,40.));
#17059=CARTESIAN_POINT('',(40.8284271247462,38.6715728752537,40.));
#17060=CARTESIAN_POINT('',(38.,35.8431457505075,40.));
#17061=CARTESIAN_POINT('',(42.,35.8431457505075,40.));
#17062=CARTESIAN_POINT('',(42.,7.49999999999984,40.));
#17063=CARTESIAN_POINT('',(42.,9.15685424949223,40.));
#17064=CARTESIAN_POINT('',(38.,9.15685424949223,40.));
#17065=CARTESIAN_POINT('',(40.8284271247462,6.32842712474604,40.));
#17066=CARTESIAN_POINT('',(39.,4.49999999999988,40.));
#17067=CARTESIAN_POINT('',(39.8786796564402,5.3786796564401,40.));
#17068=CARTESIAN_POINT('',(41.9999999999999,3.25735931288046,40.));
#17069=CARTESIAN_POINT('',(41.9999999999999,-9.75735931288073,40.));
#17070=CARTESIAN_POINT('',(39.8786796564403,-11.8786796564404,40.));
#17071=CARTESIAN_POINT('',(42.,-14.0000000000001,40.));
#17072=CARTESIAN_POINT('',(40.8284271247461,-12.8284271247463,40.));
#17073=CARTESIAN_POINT('',(38.,-15.6568542494924,40.));
#17074=CARTESIAN_POINT('',(42.,-15.6568542494924,40.));
#17075=CARTESIAN_POINT('',(42.,-42.0000000000001,40.));
#17076=CARTESIAN_POINT('',(42.,-40.3431457505077,40.));
#17077=CARTESIAN_POINT('',(38.,-40.3431457505077,40.));
#17078=CARTESIAN_POINT('',(40.8284271247461,-43.1715728752539,40.));
#17079=CARTESIAN_POINT('',(39.,-45.,40.));
#17080=CARTESIAN_POINT('',(39.8786796564403,-44.1213203435597,40.));
#17081=CARTESIAN_POINT('',(42.,-46.2426406871193,40.));
#17082=CARTESIAN_POINT('',(32.,-62.,40.));
#17083=CARTESIAN_POINT('',(32.,-69.,40.));
#17084=CARTESIAN_POINT('',(39.,-69.,40.));
#17085=CARTESIAN_POINT('',(-32.,-69.,40.));
#17086=CARTESIAN_POINT('',(-32.,-62.,40.));
#17087=CARTESIAN_POINT('',(-39.,-62.,40.));
#17088=CARTESIAN_POINT('',(-39.,-69.,40.));
#17089=CARTESIAN_POINT('',(-39.,-46.2426406871193,40.));
#17090=CARTESIAN_POINT('',(-42.,-46.2426406871193,40.));
#17091=CARTESIAN_POINT('',(-39.8786796564403,-44.1213203435597,40.));
#17092=CARTESIAN_POINT('',(-39.,-45.,40.));
#17093=CARTESIAN_POINT('',(-40.8284271247461,-43.1715728752539,40.));
#17094=CARTESIAN_POINT('',(-38.,-40.3431457505077,40.));
#17095=CARTESIAN_POINT('',(-42.,-40.3431457505077,40.));
#17096=CARTESIAN_POINT('',(-42.,-42.0000000000001,40.));
#17097=CARTESIAN_POINT('',(-42.,-15.6568542494924,40.));
#17098=CARTESIAN_POINT('',(-38.,-15.6568542494924,40.));
#17099=CARTESIAN_POINT('',(-40.8284271247461,-12.8284271247463,40.));
#17100=CARTESIAN_POINT('',(-42.,-14.0000000000001,40.));
#17101=CARTESIAN_POINT('',(-39.8786796564403,-11.8786796564404,40.));
#17102=CARTESIAN_POINT('',(-41.9999999999999,-9.75735931288072,40.));
#17103=CARTESIAN_POINT('',(-41.9999999999999,3.25735931288045,40.));
#17104=CARTESIAN_POINT('',(-39.8786796564402,5.3786796564401,40.));
#17105=CARTESIAN_POINT('',(-39.,4.49999999999988,40.));
#17106=CARTESIAN_POINT('',(-40.8284271247462,6.32842712474604,40.));
#17107=CARTESIAN_POINT('',(-38.,9.15685424949223,40.));
#17108=CARTESIAN_POINT('',(24.5,-44.,40.));
#17109=CARTESIAN_POINT('',(23.15,-44.,40.));
#17110=CARTESIAN_POINT('',(-24.5,-44.,40.));
#17111=CARTESIAN_POINT('',(-25.85,-44.,40.));
#17112=CARTESIAN_POINT('',(0.,18.,40.));
#17113=CARTESIAN_POINT('',(31.9999999999997,86.,42.));
#17114=CARTESIAN_POINT('',(-31.9999999999997,86.,42.));
#17115=CARTESIAN_POINT('',(-38.9999999999997,86.,42.));
#17116=CARTESIAN_POINT('',(38.9999999999998,41.7426406871193,40.));
#17117=CARTESIAN_POINT('',(38.9999999999997,79.,42.));
#17118=CARTESIAN_POINT('',(38.9999999999997,86.,42.));
#17119=CARTESIAN_POINT('',(32.,-69.,42.));
#17120=CARTESIAN_POINT('',(-32.,-69.,42.));
#17121=CARTESIAN_POINT('',(39.,-69.,42.));
#17122=CARTESIAN_POINT('',(-39.,-46.2426406871193,42.));
#17123=CARTESIAN_POINT('',(-39.,-62.,42.));
#17124=CARTESIAN_POINT('',(-39.,-69.,42.));
#17125=CARTESIAN_POINT('',(24.5,14.,40.7));
#17126=CARTESIAN_POINT('',(23.15,14.,40.7));
#17127=CARTESIAN_POINT('',(24.5,14.,45.));
#17128=CARTESIAN_POINT('',(24.5,-44.,40.7));
#17129=CARTESIAN_POINT('',(23.15,-44.,40.7));
#17130=CARTESIAN_POINT('',(24.5,-44.,45.));
#17131=CARTESIAN_POINT('',(-24.5,14.,40.7));
#17132=CARTESIAN_POINT('',(-25.85,14.,40.7));
#17133=CARTESIAN_POINT('',(-24.5,14.,45.));
#17134=CARTESIAN_POINT('',(-24.5,-44.,40.7));
#17135=CARTESIAN_POINT('',(-25.85,-44.,40.7));
#17136=CARTESIAN_POINT('',(-24.5,-44.,45.));
#17137=CARTESIAN_POINT('',(-34.,-63.4806594612574,40.4));
#17138=CARTESIAN_POINT('',(-35.6,-63.4806594612574,40.4));
#17139=CARTESIAN_POINT('',(-34.,-63.4806594612574,40.));
#17140=CARTESIAN_POINT('',(-35.,-10.9999999999999,40.4));
#17141=CARTESIAN_POINT('',(-36.6,-10.9999999999999,40.4));
#17142=CARTESIAN_POINT('',(-35.,-10.9999999999999,40.));
#17143=CARTESIAN_POINT('',(-34.,44.3546835485732,40.4));
#17144=CARTESIAN_POINT('',(-35.6,44.3546835485732,40.4));
#17145=CARTESIAN_POINT('',(-34.,44.3546835485732,40.));
#17146=CARTESIAN_POINT('',(34.,44.3546835485732,40.4));
#17147=CARTESIAN_POINT('',(32.4,44.3546835485732,40.4));
#17148=CARTESIAN_POINT('',(34.,44.3546835485732,40.));
#17149=CARTESIAN_POINT('',(35.,-11.,40.4));
#17150=CARTESIAN_POINT('',(33.4,-11.,40.4));
#17151=CARTESIAN_POINT('',(35.,-11.,40.));
#17152=CARTESIAN_POINT('',(34.,-63.4806594612574,40.4));
#17153=CARTESIAN_POINT('',(32.4,-63.4806594612574,40.4));
#17154=CARTESIAN_POINT('',(34.,-63.4806594612574,40.));
#17155=CARTESIAN_POINT('',(27.55,80.,40.));
#17156=CARTESIAN_POINT('',(-27.55,80.,40.));
#17157=CARTESIAN_POINT('',(7.5,40.,40.4));
#17158=CARTESIAN_POINT('',(5.9,40.,40.4));
#17159=CARTESIAN_POINT('',(7.5,40.,40.));
#17160=CARTESIAN_POINT('',(-7.5,40.,40.4));
#17161=CARTESIAN_POINT('',(-9.1,40.,40.4));
#17162=CARTESIAN_POINT('',(-7.5,40.,40.));
#17163=CARTESIAN_POINT('',(31.9999999999997,79.,42.));
#17164=CARTESIAN_POINT('',(-31.9999999999997,79.,42.));
#17165=CARTESIAN_POINT('',(32.,-62.,42.));
#17166=CARTESIAN_POINT('',(-32.,-62.,42.));
#17167=CARTESIAN_POINT('',(40.8284271247462,6.32842712474604,40.));
#17168=CARTESIAN_POINT('',(39.8786796564402,5.3786796564401,40.));
#17169=CARTESIAN_POINT('',(39.,4.49999999999988,40.));
#17170=CARTESIAN_POINT('',(42.,9.15685424949223,40.));
#17171=CARTESIAN_POINT('',(42.,35.8431457505075,40.));
#17172=CARTESIAN_POINT('',(42.,7.49999999999984,40.));
#17173=CARTESIAN_POINT('',(40.8284271247462,38.6715728752537,40.));
#17174=CARTESIAN_POINT('',(39.8786796564401,39.6213203435597,42.));
#17175=CARTESIAN_POINT('',(42.,37.4999999999998,40.));
#17176=CARTESIAN_POINT('',(40.8284271247461,-43.1715728752539,40.));
#17177=CARTESIAN_POINT('',(39.8786796564403,-44.1213203435597,40.));
#17178=CARTESIAN_POINT('',(39.,-45.,40.));
#17179=CARTESIAN_POINT('',(42.,-40.3431457505077,40.));
#17180=CARTESIAN_POINT('',(42.,-15.6568542494924,40.));
#17181=CARTESIAN_POINT('',(42.,-42.0000000000001,40.));
#17182=CARTESIAN_POINT('',(40.8284271247461,-12.8284271247463,40.));
#17183=CARTESIAN_POINT('',(39.8786796564403,-11.8786796564404,42.));
#17184=CARTESIAN_POINT('',(42.,-14.0000000000001,40.));
#17185=CARTESIAN_POINT('',(-40.8284271247461,-43.1715728752539,40.));
#17186=CARTESIAN_POINT('',(-39.8786796564403,-44.1213203435597,40.));
#17187=CARTESIAN_POINT('',(-39.,-45.,40.));
#17188=CARTESIAN_POINT('',(-42.,-15.6568542494924,40.));
#17189=CARTESIAN_POINT('',(-42.,-40.3431457505077,40.));
#17190=CARTESIAN_POINT('',(-42.,-42.0000000000001,40.));
#17191=CARTESIAN_POINT('',(-40.8284271247461,-12.8284271247463,40.));
#17192=CARTESIAN_POINT('',(-39.8786796564403,-11.8786796564404,40.));
#17193=CARTESIAN_POINT('',(-42.,-14.0000000000001,40.));
#17194=CARTESIAN_POINT('',(-40.8284271247462,6.32842712474604,40.));
#17195=CARTESIAN_POINT('',(-39.8786796564402,5.3786796564401,40.));
#17196=CARTESIAN_POINT('',(-39.,4.49999999999988,40.));
#17197=CARTESIAN_POINT('',(-42.,35.8431457505075,40.));
#17198=CARTESIAN_POINT('',(-42.,9.15685424949223,40.));
#17199=CARTESIAN_POINT('',(-42.,7.49999999999984,40.));
#17200=CARTESIAN_POINT('',(-40.8284271247462,38.6715728752537,40.));
#17201=CARTESIAN_POINT('',(-39.8786796564401,39.6213203435597,40.));
#17202=CARTESIAN_POINT('',(-42.,37.4999999999998,40.));
#17203=CARTESIAN_POINT('',(35.,-38.5000000000001,40.));
#17204=CARTESIAN_POINT('',(35.,-17.5000000000001,42.));
#17205=CARTESIAN_POINT('',(35.,-40.5000000000001,40.));
#17206=CARTESIAN_POINT('',(39.,-38.5000000000001,42.));
#17207=CARTESIAN_POINT('',(39.,-17.5000000000001,40.));
#17208=CARTESIAN_POINT('',(39.,-15.5000000000001,40.));
#17209=CARTESIAN_POINT('',(-39.,-17.5000000000001,42.));
#17210=CARTESIAN_POINT('',(-39.,-38.5000000000001,40.));
#17211=CARTESIAN_POINT('',(-39.,-40.5000000000001,40.));
#17212=CARTESIAN_POINT('',(-35.,-17.5000000000001,40.));
#17213=CARTESIAN_POINT('',(-35.,-38.5000000000001,42.));
#17214=CARTESIAN_POINT('',(-35.,-15.5000000000001,40.));
#17215=CARTESIAN_POINT('',(-39.,32.9999999999998,42.));
#17216=CARTESIAN_POINT('',(-39.,11.9999999999998,40.));
#17217=CARTESIAN_POINT('',(-39.,9.99999999999985,40.));
#17218=CARTESIAN_POINT('',(-35.,11.9999999999998,42.));
#17219=CARTESIAN_POINT('',(-35.,32.9999999999998,40.));
#17220=CARTESIAN_POINT('',(-35.,34.9999999999998,40.));
#17221=CARTESIAN_POINT('',(35.,11.9999999999998,40.));
#17222=CARTESIAN_POINT('',(35.,32.9999999999998,42.));
#17223=CARTESIAN_POINT('',(35.,9.99999999999984,40.));
#17224=CARTESIAN_POINT('',(39.,11.9999999999998,42.));
#17225=CARTESIAN_POINT('',(39.,32.9999999999998,40.));
#17226=CARTESIAN_POINT('',(39.,34.9999999999998,40.));
#17227=CARTESIAN_POINT('',(37.,-38.5000000000001,40.));
#17228=CARTESIAN_POINT('',(37.,-17.5000000000001,40.));
#17229=CARTESIAN_POINT('',(37.,11.9999999999998,40.));
#17230=CARTESIAN_POINT('',(37.,32.9999999999998,40.));
#17231=CARTESIAN_POINT('',(-37.,32.9999999999998,40.));
#17232=CARTESIAN_POINT('',(-37.,11.9999999999998,40.));
#17233=CARTESIAN_POINT('',(-37.,-17.5000000000001,40.));
#17234=CARTESIAN_POINT('',(-37.,-38.5000000000001,40.));
#17235=CARTESIAN_POINT('',(-42.,-46.2426406871193,40.));
#17236=CARTESIAN_POINT('',(-41.9999999999999,-9.75735931288072,42.));
#17237=CARTESIAN_POINT('',(-41.9999999999999,3.25735931288045,40.));
#17238=CARTESIAN_POINT('',(-41.9999999999998,41.7426406871193,42.));
#17239=CARTESIAN_POINT('',(41.9999999999999,3.25735931288046,42.));
#17240=CARTESIAN_POINT('',(42.,-46.2426406871193,42.));
#17241=CARTESIAN_POINT('',(41.9999999999999,-9.75735931288073,40.));
#17242=CARTESIAN_POINT('',(41.9999999999998,41.7426406871193,40.));
#17243=CARTESIAN_POINT('',(-38.,35.8431457505075,40.));
#17244=CARTESIAN_POINT('',(-38.,9.15685424949223,40.));
#17245=CARTESIAN_POINT('',(-38.,-15.6568542494924,40.));
#17246=CARTESIAN_POINT('',(-38.,-40.3431457505077,40.));
#17247=CARTESIAN_POINT('',(38.,-40.3431457505077,40.));
#17248=CARTESIAN_POINT('',(38.,-15.6568542494924,40.));
#17249=CARTESIAN_POINT('',(38.,9.15685424949223,40.));
#17250=CARTESIAN_POINT('',(38.,35.8431457505075,40.));
#17251=CARTESIAN_POINT('',(-24.5,14.,40.7));
#17252=CARTESIAN_POINT('',(24.5,14.,40.7));
#17253=CARTESIAN_POINT('',(-24.5,-44.,40.7));
#17254=CARTESIAN_POINT('',(24.5,-44.,40.7));
#17255=CARTESIAN_POINT('',(4.,25.8368462500642,40.));
#17256=CARTESIAN_POINT('',(4.,30.7925516243883,42.));
#17257=CARTESIAN_POINT('',(4.,24.4803670406226,40.));
#17258=CARTESIAN_POINT('',(14.1321211237882,38.2324216873822,42.));
#17259=CARTESIAN_POINT('',(4.94016147153359,32.4886478167011,40.));
#17260=CARTESIAN_POINT('',(4.,31.9011697272938,40.));
#17261=CARTESIAN_POINT('',(15.9475419061992,38.3881071931979,40.));
#17262=CARTESIAN_POINT('',(28.7555822539445,33.1620440971302,42.));
#17263=CARTESIAN_POINT('',(15.,38.7747325982964,40.));
#17264=CARTESIAN_POINT('',(29.9999999999999,25.7301057444412,42.));
#17265=CARTESIAN_POINT('',(29.9999999999999,31.3102623990017,40.));
#17266=CARTESIAN_POINT('',(29.9999999999998,32.6542844803441,40.));
#17267=CARTESIAN_POINT('',(28.876742293578,23.9325176518429,40.));
#17268=CARTESIAN_POINT('',(18.3156773981109,18.7815421323646,40.));
#17269=CARTESIAN_POINT('',(29.9999999999999,24.4803670406226,40.));
#17270=CARTESIAN_POINT('',(5.26029078880988,23.9786669576167,42.));
#17271=CARTESIAN_POINT('',(18.3156773981109,18.7815421323646,40.));
#17272=CARTESIAN_POINT('',(3.99999999999999,-33.1416999223885,40.));
#17273=CARTESIAN_POINT('',(3.99999999999999,-17.8004713412149,42.));
#17274=CARTESIAN_POINT('',(3.99999999999999,-34.4922261633479,40.));
#17275=CARTESIAN_POINT('',(28.2841517387379,-18.9784613733143,42.));
#17276=CARTESIAN_POINT('',(6.2841517387379,-15.8207597992542,40.));
#17277=CARTESIAN_POINT('',(3.99999999999999,-15.4929111837631,40.));
#17278=CARTESIAN_POINT('',(30.,-33.143209129663,42.));
#17279=CARTESIAN_POINT('',(30.,-20.9581729152749,40.));
#17280=CARTESIAN_POINT('',(30.,-19.2247403167431,40.));
#17281=CARTESIAN_POINT('',(17.7675211024439,-39.4344684449358,42.));
#17282=CARTESIAN_POINT('',(28.7492131868318,-34.9975768387966,40.));
#17283=CARTESIAN_POINT('',(30.,-34.4922261633479,40.));
#17284=CARTESIAN_POINT('',(5.25271004712017,-34.9968435088326,42.));
#17285=CARTESIAN_POINT('',(16.2710179627322,-39.4352443222463,40.));
#17286=CARTESIAN_POINT('',(17.019426036065,-39.7367184711707,40.));
#17287=CARTESIAN_POINT('',(-29.8387253794139,58.6159225322892,40.));
#17288=CARTESIAN_POINT('',(-27.685794610443,75.2566161558655,42.));
#17289=CARTESIAN_POINT('',(-29.9999999999998,57.3693791742268,40.));
#17290=CARTESIAN_POINT('',(-24.5244404974492,77.,42.));
#17291=CARTESIAN_POINT('',(-25.702325894141,77.,40.));
#17292=CARTESIAN_POINT('',(-27.4602400268981,77.,40.));
#17293=CARTESIAN_POINT('',(-12.4712475269332,50.3451226921179,42.));
#17294=CARTESIAN_POINT('',(-22.6684253645122,75.7451226921179,40.));
#17295=CARTESIAN_POINT('',(-23.1722130445443,77.,40.));
#17296=CARTESIAN_POINT('',(-14.4061322813924,47.6,42.));
#17297=CARTESIAN_POINT('',(-14.3272626598702,47.6,40.));
#17298=CARTESIAN_POINT('',(-11.3691804293939,47.6,40.));
#17299=CARTESIAN_POINT('',(-28.9467550009877,56.6834091903128,42.));
#17300=CARTESIAN_POINT('',(-15.4976306192682,47.9241028138891,40.));
#17301=CARTESIAN_POINT('',(-15.,47.6,40.));
#17302=CARTESIAN_POINT('',(-29.9999999999999,-4.75183594328616,40.));
#17303=CARTESIAN_POINT('',(-29.9999999999999,-0.135007563772837,42.));
#17304=CARTESIAN_POINT('',(-29.9999999999999,-6.62488940842001,40.));
#17305=CARTESIAN_POINT('',(-28.8723315710121,1.66472509143332,40.));
#17306=CARTESIAN_POINT('',(-18.3156773981109,6.78154213236456,40.));
#17307=CARTESIAN_POINT('',(-29.9999999999999,1.11814348144019,40.));
#17308=CARTESIAN_POINT('',(-5.26426516953312,1.61829708622096,42.));
#17309=CARTESIAN_POINT('',(-18.3156773981109,6.78154213236455,40.));
#17310=CARTESIAN_POINT('',(-3.99999999999999,-6.19556885986489,42.));
#17311=CARTESIAN_POINT('',(-3.99999999999999,-0.241459419141471,40.));
#17312=CARTESIAN_POINT('',(-3.99999999999999,1.11814348144013,40.));
#17313=CARTESIAN_POINT('',(-28.1309667432532,-6.7475432645539,42.));
#17314=CARTESIAN_POINT('',(-6.13096674325324,-8.19127618113262,40.));
#17315=CARTESIAN_POINT('',(-4.,-8.33111921892213,40.));
#17316=CARTESIAN_POINT('',(-30.,-58.,40.));
#17317=CARTESIAN_POINT('',(-30.,-55.0231919832446,42.));
#17318=CARTESIAN_POINT('',(-30.,-60.,40.));
#17319=CARTESIAN_POINT('',(-17.5786627519684,-49.899852089665,42.));
#17320=CARTESIAN_POINT('',(-28.5600724869857,-53.1032131267668,40.));
#17321=CARTESIAN_POINT('',(-30.,-53.5232509727942,40.));
#17322=CARTESIAN_POINT('',(-5.44146833269879,-53.1040184600318,42.));
#17323=CARTESIAN_POINT('',(-16.4600585976815,-49.8994032915247,40.));
#17324=CARTESIAN_POINT('',(-17.0194260360651,-49.7367184711707,40.));
#17325=CARTESIAN_POINT('',(-3.99999999999998,-58.,42.));
#17326=CARTESIAN_POINT('',(-3.99999999999998,-55.0244461146498,40.));
#17327=CARTESIAN_POINT('',(-3.99999999999998,-53.5232509727943,40.));
#17328=CARTESIAN_POINT('',(-28.,-60.,42.));
#17329=CARTESIAN_POINT('',(-5.99999999999998,-60.,40.));
#17330=CARTESIAN_POINT('',(-3.99999999999998,-60.,40.));
#17331=CARTESIAN_POINT('',(-30.,-33.143209129663,40.));
#17332=CARTESIAN_POINT('',(-30.,-20.9581729152749,42.));
#17333=CARTESIAN_POINT('',(-30.,-34.4922261633479,40.));
#17334=CARTESIAN_POINT('',(-6.2841517387379,-15.8207597992542,42.));
#17335=CARTESIAN_POINT('',(-28.2841517387379,-18.9784613733143,40.));
#17336=CARTESIAN_POINT('',(-30.,-19.2247403167431,40.));
#17337=CARTESIAN_POINT('',(-3.99999999999999,-33.1416999223885,42.));
#17338=CARTESIAN_POINT('',(-3.99999999999999,-17.8004713412149,40.));
#17339=CARTESIAN_POINT('',(-3.99999999999999,-15.4929111837631,40.));
#17340=CARTESIAN_POINT('',(-16.2710179627322,-39.4352443222463,42.));
#17341=CARTESIAN_POINT('',(-5.25271004712017,-34.9968435088326,40.));
#17342=CARTESIAN_POINT('',(-3.99999999999999,-34.4922261633479,40.));
#17343=CARTESIAN_POINT('',(-28.7492131868318,-34.9975768387966,42.));
#17344=CARTESIAN_POINT('',(-17.7675211024439,-39.4344684449358,40.));
#17345=CARTESIAN_POINT('',(-17.019426036065,-39.7367184711707,40.));
#17346=CARTESIAN_POINT('',(-29.9999999999999,25.7301057444412,40.));
#17347=CARTESIAN_POINT('',(-29.9999999999999,31.3102623990017,42.));
#17348=CARTESIAN_POINT('',(-29.9999999999999,24.4803670406226,40.));
#17349=CARTESIAN_POINT('',(-15.9475419061993,38.3881071931979,42.));
#17350=CARTESIAN_POINT('',(-28.7555822539445,33.1620440971302,40.));
#17351=CARTESIAN_POINT('',(-29.9999999999999,32.6542844803441,40.));
#17352=CARTESIAN_POINT('',(-14.1321211237882,38.2324216873822,40.));
#17353=CARTESIAN_POINT('',(-4.94016147153359,32.4886478167011,42.));
#17354=CARTESIAN_POINT('',(-15.,38.7747325982964,40.));
#17355=CARTESIAN_POINT('',(-4.,25.8368462500642,42.));
#17356=CARTESIAN_POINT('',(-4.,30.7925516243883,40.));
#17357=CARTESIAN_POINT('',(-4.,31.9011697272938,40.));
#17358=CARTESIAN_POINT('',(-5.26029078880988,23.9786669576167,40.));
#17359=CARTESIAN_POINT('',(-18.3156773981109,18.7815421323646,40.));
#17360=CARTESIAN_POINT('',(-4.,24.4803670406226,40.));
#17361=CARTESIAN_POINT('',(-28.876742293578,23.9325176518429,42.));
#17362=CARTESIAN_POINT('',(-18.3156773981109,18.7815421323646,40.));
#17363=CARTESIAN_POINT('',(3.99999999999998,-58.,40.));
#17364=CARTESIAN_POINT('',(3.99999999999998,-55.0244461146498,42.));
#17365=CARTESIAN_POINT('',(3.99999999999998,-60.,40.));
#17366=CARTESIAN_POINT('',(16.4600585976815,-49.8994032915247,42.));
#17367=CARTESIAN_POINT('',(5.44146833269879,-53.1040184600318,40.));
#17368=CARTESIAN_POINT('',(3.99999999999998,-53.5232509727943,40.));
#17369=CARTESIAN_POINT('',(28.5600724869857,-53.1032131267668,42.));
#17370=CARTESIAN_POINT('',(17.5786627519684,-49.899852089665,40.));
#17371=CARTESIAN_POINT('',(17.0194260360651,-49.7367184711707,40.));
#17372=CARTESIAN_POINT('',(30.,-58.,42.));
#17373=CARTESIAN_POINT('',(30.,-55.0231919832446,40.));
#17374=CARTESIAN_POINT('',(30.,-53.5232509727942,40.));
#17375=CARTESIAN_POINT('',(5.99999999999998,-60.,42.));
#17376=CARTESIAN_POINT('',(28.,-60.,40.));
#17377=CARTESIAN_POINT('',(30.,-60.,40.));
#17378=CARTESIAN_POINT('',(3.99999999999999,-6.19556885986489,40.));
#17379=CARTESIAN_POINT('',(3.99999999999999,-0.241459419141474,42.));
#17380=CARTESIAN_POINT('',(3.99999999999999,-8.33111921892213,40.));
#17381=CARTESIAN_POINT('',(5.26426516953312,1.61829708622096,40.));
#17382=CARTESIAN_POINT('',(18.3156773981109,6.78154213236455,40.));
#17383=CARTESIAN_POINT('',(3.99999999999999,1.11814348144013,40.));
#17384=CARTESIAN_POINT('',(28.8723315710121,1.66472509143332,42.));
#17385=CARTESIAN_POINT('',(18.3156773981109,6.78154213236455,40.));
#17386=CARTESIAN_POINT('',(29.9999999999999,-4.75183594328616,42.));
#17387=CARTESIAN_POINT('',(29.9999999999999,-0.135007563772833,40.));
#17388=CARTESIAN_POINT('',(29.9999999999999,1.11814348144019,40.));
#17389=CARTESIAN_POINT('',(6.13096674325324,-8.19127618113262,42.));
#17390=CARTESIAN_POINT('',(28.1309667432532,-6.7475432645539,40.));
#17391=CARTESIAN_POINT('',(29.9999999999999,-6.62488940842001,40.));
#17392=CARTESIAN_POINT('',(12.4712475269332,50.3451226921179,40.));
#17393=CARTESIAN_POINT('',(22.6684253645122,75.7451226921179,42.));
#17394=CARTESIAN_POINT('',(11.3691804293939,47.6,40.));
#17395=CARTESIAN_POINT('',(25.702325894141,77.,42.));
#17396=CARTESIAN_POINT('',(24.5244404974492,77.,40.));
#17397=CARTESIAN_POINT('',(23.1722130445443,77.,40.));
#17398=CARTESIAN_POINT('',(29.8387253794139,58.6159225322892,42.));
#17399=CARTESIAN_POINT('',(27.685794610443,75.2566161558655,40.));
#17400=CARTESIAN_POINT('',(27.4602400268981,77.,40.));
#17401=CARTESIAN_POINT('',(15.4976306192682,47.9241028138891,42.));
#17402=CARTESIAN_POINT('',(28.9467550009877,56.6834091903128,40.));
#17403=CARTESIAN_POINT('',(29.9999999999998,57.3693791742266,40.));
#17404=CARTESIAN_POINT('',(14.3272626598702,47.6,42.));
#17405=CARTESIAN_POINT('',(14.4061322813924,47.6,40.));
#17406=CARTESIAN_POINT('',(15.,47.6,40.));
#17407=CARTESIAN_POINT('',(15.1919596522546,36.5363254950693,40.));
#17408=CARTESIAN_POINT('',(-15.1919596522546,36.5363254950693,40.));
#17409=CARTESIAN_POINT('',(14.3272626598702,49.6,40.));
#17410=CARTESIAN_POINT('',(14.4061322813924,49.6,40.));
#17411=CARTESIAN_POINT('',(27.8552566631119,58.3593063764237,40.));
#17412=CARTESIAN_POINT('',(25.702325894141,75.,40.));
#17413=CARTESIAN_POINT('',(24.5244404974492,75.,40.));
#17414=CARTESIAN_POINT('',(5.99999999999999,-6.19556885986489,40.));
#17415=CARTESIAN_POINT('',(27.9999999999999,-4.75183594328617,40.));
#17416=CARTESIAN_POINT('',(27.9999999999999,-0.135007563772837,40.));
#17417=CARTESIAN_POINT('',(5.99999999999999,-0.241459419141474,40.));
#17418=CARTESIAN_POINT('',(5.99999999999998,-58.,40.));
#17419=CARTESIAN_POINT('',(28.,-58.,40.));
#17420=CARTESIAN_POINT('',(28.,-55.0231919832446,40.));
#17421=CARTESIAN_POINT('',(17.0185902649827,-51.8198309461427,40.));
#17422=CARTESIAN_POINT('',(5.99999999999998,-55.0244461146498,40.));
#17423=CARTESIAN_POINT('',(-27.9999999999999,25.7301057444412,40.));
#17424=CARTESIAN_POINT('',(-6.,25.8368462500642,40.));
#17425=CARTESIAN_POINT('',(-6.,30.7925516243883,40.));
#17426=CARTESIAN_POINT('',(-27.9999999999999,31.3102623990017,40.));
#17427=CARTESIAN_POINT('',(-28.,-33.143209129663,40.));
#17428=CARTESIAN_POINT('',(-17.018307915612,-37.5801007358022,40.));
#17429=CARTESIAN_POINT('',(-5.99999999999999,-33.1416999223885,40.));
#17430=CARTESIAN_POINT('',(-5.99999999999999,-17.8004713412149,40.));
#17431=CARTESIAN_POINT('',(-28.,-20.9581729152749,40.));
#17432=CARTESIAN_POINT('',(-28.,-58.,40.));
#17433=CARTESIAN_POINT('',(-5.99999999999998,-58.,40.));
#17434=CARTESIAN_POINT('',(-5.99999999999998,-55.0244461146498,40.));
#17435=CARTESIAN_POINT('',(-17.0185902649827,-51.8198309461427,40.));
#17436=CARTESIAN_POINT('',(-28.,-55.0231919832446,40.));
#17437=CARTESIAN_POINT('',(-27.9999999999999,-4.75183594328617,40.));
#17438=CARTESIAN_POINT('',(-5.99999999999999,-6.19556885986489,40.));
#17439=CARTESIAN_POINT('',(-5.99999999999999,-0.241459419141471,40.));
#17440=CARTESIAN_POINT('',(-27.9999999999999,-0.13500756377284,40.));
#17441=CARTESIAN_POINT('',(-27.8552566631119,58.3593063764237,40.));
#17442=CARTESIAN_POINT('',(-14.4061322813924,49.6,40.));
#17443=CARTESIAN_POINT('',(-14.3272626598702,49.6,40.));
#17444=CARTESIAN_POINT('',(-24.5244404974492,75.,40.));
#17445=CARTESIAN_POINT('',(-25.702325894141,75.,40.));
#17446=CARTESIAN_POINT('',(5.99999999999999,-33.1416999223885,40.));
#17447=CARTESIAN_POINT('',(17.018307915612,-37.5801007358022,40.));
#17448=CARTESIAN_POINT('',(28.,-33.143209129663,40.));
#17449=CARTESIAN_POINT('',(28.,-20.9581729152749,40.));
#17450=CARTESIAN_POINT('',(5.99999999999999,-17.8004713412149,40.));
#17451=CARTESIAN_POINT('',(6.,25.8368462500642,40.));
#17452=CARTESIAN_POINT('',(27.9999999999999,25.7301057444412,40.));
#17453=CARTESIAN_POINT('',(27.9999999999998,31.3102623990017,40.));
#17454=CARTESIAN_POINT('',(6.,30.7925516243883,40.));
#17455=CARTESIAN_POINT('',(-14.,78.,40.4));
#17456=CARTESIAN_POINT('',(-15.6,78.,40.4));
#17457=CARTESIAN_POINT('',(-14.,78.,40.));
#17458=CARTESIAN_POINT('',(14.,78.,40.4));
#17459=CARTESIAN_POINT('',(12.4,78.,40.4));
#17460=CARTESIAN_POINT('',(14.,78.,40.));
#17461=CARTESIAN_POINT('',(34.,81.,40.));
#17462=CARTESIAN_POINT('',(-34.,81.,40.));
#17463=CARTESIAN_POINT('',(0.,68.,40.4));
#17464=CARTESIAN_POINT('',(-1.6,68.,40.4));
#17465=CARTESIAN_POINT('',(0.,68.,40.));
#17466=CARTESIAN_POINT('',(0.,68.,42.));
#17467=CARTESIAN_POINT('',(34.,44.3546835485732,42.));
#17468=CARTESIAN_POINT('',(-34.,44.3546835485732,42.));
#17469=CARTESIAN_POINT('',(-35.,-10.9999999999999,42.));
#17470=CARTESIAN_POINT('',(35.,-11.,42.));
#17471=CARTESIAN_POINT('',(34.,-63.4806594612574,42.));
#17472=CARTESIAN_POINT('',(-34.,-63.4806594612574,42.));
#17473=CARTESIAN_POINT('',(14.,78.,42.));
#17474=CARTESIAN_POINT('',(-14.,78.,42.));
#17475=CARTESIAN_POINT('',(7.5,40.,42.));
#17476=CARTESIAN_POINT('',(-7.5,40.,42.));
#17477=MECHANICAL_DESIGN_GEOMETRIC_PRESENTATION_REPRESENTATION('',(#32,#33,
#34,#35,#36),#17478);
#17478=(
GEOMETRIC_REPRESENTATION_CONTEXT(3)
GLOBAL_UNCERTAINTY_ASSIGNED_CONTEXT((#17479))
GLOBAL_UNIT_ASSIGNED_CONTEXT((#17485,#17481,#17480))
REPRESENTATION_CONTEXT('CENTER_RACK_other','TOP_LEVEL_ASSEMBLY_PART')
);
#17479=UNCERTAINTY_MEASURE_WITH_UNIT(LENGTH_MEASURE(2.E-005),#17485,
'DISTANCE_ACCURACY_VALUE','Maximum Tolerance applied to model');
#17480=(
NAMED_UNIT(*)
SI_UNIT($,.STERADIAN.)
SOLID_ANGLE_UNIT()
);
#17481=(
CONVERSION_BASED_UNIT('DEGREE',#17483)
NAMED_UNIT(#17482)
PLANE_ANGLE_UNIT()
);
#17482=DIMENSIONAL_EXPONENTS(0.,0.,0.,0.,0.,0.,0.);
#17483=PLANE_ANGLE_MEASURE_WITH_UNIT(PLANE_ANGLE_MEASURE(0.0174532925),#17484);
#17484=(
NAMED_UNIT(*)
PLANE_ANGLE_UNIT()
SI_UNIT($,.RADIAN.)
);
#17485=(
LENGTH_UNIT()
NAMED_UNIT(*)
SI_UNIT(.MILLI.,.METRE.)
);
ENDSEC;
END-ISO-10303-21;
